case_key,majority_opinion_label,dissent_opinion_label,cosine_similarity
a4,majority,dissent1,0.995211660861969
a6,majority,dissent1,0.9975275993347168
a7,majority,dissent1,0.996094822883606
a8,majority,dissent1,0.9968129396438599
a9,majority,dissent1,0.9933426976203918
a11,majority,dissent1,0.9937616586685181
a12,majority,dissent1,0.9824563264846802
a13,majority,dissent1,0.9632728695869446
a18,majority,dissent1,0.9932227730751038
a20,majority,dissent1,0.9845399856567383
a21,majority,dissent1,0.995947003364563
a21,majority,dissent2,0.9907553195953369
a22,majority,dissent1,0.9900330901145935
a22,majority,dissent2,0.9813005328178406
a23,majority,dissent1,0.993742823600769
a26,majority,dissent1,0.9869678616523743
a28,majority,dissent1,0.9958859086036682
a29,majority,dissent1,0.9712393879890442
a30,majority,dissent1,0.9950878620147705
a31,majority,dissent1,0.9965419769287109
a33,majority,dissent1,0.9933544397354126
a34,majority,dissent1,0.992621898651123
a35,majority,dissent1,0.9905341863632202
a36,majority,dissent1,0.988405168056488
a37,majority,dissent1,0.9674313068389893
a38,majority,dissent1,0.9930798411369324
a39,majority,dissent1,0.9946420192718506
a41,majority,dissent1,0.9900485277175903
a42,majority,dissent1,0.9954468607902527
a44,majority,dissent1,0.9949955940246582
a48,majority,dissent1,0.9953987002372742
a49,majority,dissent1,0.996901273727417
a51,majority,dissent1,0.9919098615646362
a52,majority,dissent1,0.9895540475845337
a54,majority,dissent1,0.9950873851776123
a55,majority,dissent1,0.9867675304412842
a56,majority,dissent1,0.9962091445922852
a59,majority,dissent1,0.9966707229614258
a61,majority,dissent1,0.9961631894111633
a63,majority,dissent1,0.9947150349617004
a66,majority,dissent1,0.9928004145622253
a67,majority,dissent1,0.9360795021057129
a73,majority,dissent1,0.9927441477775574
a74,majority,dissent1,0.9709203243255615
a75,majority,dissent1,0.981203556060791
a79,majority,dissent1,0.9941728711128235
a81,majority,dissent1,0.9940036535263062
a82,majority,dissent1,0.986375093460083
a83,majority,dissent1,0.994130551815033
a85,majority,dissent1,0.9941872358322144
a85,majority,dissent2,0.9900964498519897
a86,majority,dissent1,0.9955050945281982
a87,majority,dissent1,0.8814957141876221
a91,majority,dissent1,0.9952078461647034
a94,majority,dissent1,0.9868019819259644
a95,majority,dissent1,0.9937294125556946
a96,majority,dissent1,0.9899026155471802
a97,majority,dissent1,0.9947550296783447
a98,majority,dissent1,0.9836698174476624
a98,majority,dissent2,0.9922972917556763
a99,majority,dissent1,0.9786520004272461
a101,majority,dissent1,0.9918708801269531
a103,majority,dissent1,0.9962589740753174
a105,majority,dissent1,0.9916378855705261
a105,majority,dissent2,0.9979283809661865
a110,majority,dissent1,0.9578555822372437
a115,majority,dissent1,0.9920841455459595
a116,majority,dissent1,0.9940540790557861
a117,majority,dissent1,0.9889395236968994
a119,majority,dissent1,0.998123049736023
a123,majority,dissent1,0.9947820901870728
a124,majority,dissent1,0.995328426361084
a126,majority,dissent1,0.9893300533294678
a126,majority,dissent2,0.9842723608016968
a128,majority,dissent1,0.9964553117752075
a128,majority,dissent2,0.9916973114013672
a128,majority,dissent3,0.9927048683166504
a129,majority,dissent1,0.997069239616394
a130,majority,dissent1,0.9969120025634766
a131,majority,dissent1,0.9928997755050659
a131,majority,dissent2,0.996357798576355
a132,majority,dissent1,0.9752770662307739
a133,majority,dissent1,0.9884554743766785
a136,majority,dissent1,0.9946897029876709
a137,majority,dissent1,0.8421468734741211
a138,majority,dissent1,0.9825658202171326
a139,majority,dissent1,0.9955021739006042
a140,majority,dissent1,0.9825770258903503
a141,majority,dissent1,0.9928536415100098
a142,majority,dissent1,0.9743863344192505
a143,majority,dissent1,0.9930649399757385
a144,majority,dissent1,0.9831774234771729
a144,majority,dissent2,0.9839631915092468
a145,majority,dissent1,0.9878641963005066
a147,majority,dissent1,0.9768881797790527
a148,majority,dissent1,0.9945679306983948
a149,majority,dissent1,0.9828484654426575
a149,majority,dissent2,0.9768581986427307
a151,majority,dissent1,0.9854934811592102
a151,majority,dissent2,0.9886285066604614
a152,majority,dissent1,0.9751756191253662
a152,majority,dissent2,0.9683784246444702
a153,majority,dissent1,0.9933890700340271
a154,majority,dissent1,0.9897384643554688
a154,majority,dissent2,0.9820879101753235
a155,majority,dissent1,0.981586217880249
a156,majority,dissent1,0.9796203374862671
a157,majority,dissent1,0.96225905418396
a157,majority,dissent2,0.9912633895874023
a158,majority,dissent1,0.9794662594795227
a160,majority,dissent1,0.9871143698692322
a161,majority,dissent1,0.9906635284423828
a162,majority,dissent1,0.9492032527923584
a162,majority,dissent2,0.9730700254440308
a163,majority,dissent1,0.9768347144126892
a163,majority,dissent2,0.8856741786003113
a164,majority,dissent1,0.956256628036499
a165,majority,dissent1,0.9893437623977661
a166,majority,dissent1,0.9882371425628662
a168,majority,dissent1,0.978440523147583
a169,majority,dissent1,0.9937689304351807
a170,majority,dissent1,0.9433324337005615
a171,majority,dissent1,0.981303334236145
a173,majority,dissent1,0.9934003353118896
a175,majority,dissent1,0.9732423424720764
a177,majority,dissent1,0.9887770414352417
a178,majority,dissent1,0.952906608581543
a178,majority,dissent2,0.9252482652664185
a180,majority,dissent1,0.9836438894271851
a181,majority,dissent1,0.9828506112098694
a182,majority,dissent1,0.9695404767990112
a183,majority,dissent1,0.9915696978569031
a184,majority,dissent1,0.9575788378715515
a184,majority,dissent2,0.9852381944656372
a184,majority,dissent3,0.9646580219268799
a185,majority,dissent1,0.9880813956260681
a185,majority,dissent2,0.9942182302474976
a185,majority,dissent3,0.9741337299346924
a185,majority,dissent4,0.9573764204978943
a186,majority,dissent1,0.9813334345817566
a187,majority,dissent1,0.9872458577156067
a191,majority,dissent1,0.9928667545318604
a191,majority,dissent2,0.9765182137489319
a191,majority,dissent3,0.9629276990890503
a192,majority,dissent1,0.9947646260261536
a193,majority,dissent1,0.9639191627502441
a194,majority,dissent1,0.9808872938156128
a195,majority,dissent1,0.9817767143249512
a196,majority,dissent1,0.9880414009094238
a197,majority,dissent1,0.9711519479751587
a197,majority,dissent2,0.9896757006645203
a198,majority,dissent1,0.976209819316864
a198,majority,dissent2,0.9779878854751587
a199,majority,dissent1,0.9836845397949219
a200,majority,dissent1,0.9875689744949341
a201,majority,dissent1,0.9900785684585571
a201,majority,dissent2,0.9919493198394775
a201,majority,dissent3,0.9833042025566101
a201,majority,dissent4,0.9953737258911133
a202,majority,dissent1,0.9927297830581665
a202,majority,dissent2,0.9883467555046082
a202,majority,dissent3,0.9839964509010315
a203,majority,dissent1,0.9752622842788696
a204,majority,dissent1,0.9863953590393066
a204,majority,dissent2,0.9750195145606995
a205,majority,dissent1,0.9870807528495789
a206,majority,dissent1,0.9847300052642822
a207,majority,dissent1,0.9936289191246033
a208,majority,dissent1,0.9518665671348572
a209,majority,dissent1,0.9767913818359375
a212,majority,dissent1,0.9942636489868164
a213,majority,dissent1,0.9798811674118042
a214,majority,dissent1,0.9774708151817322
a214,majority,dissent2,0.9808790683746338
a214,majority,dissent3,0.9834480285644531
a215,majority,dissent1,0.9908172488212585
a216,majority,dissent1,0.9828779101371765
a223,majority,dissent1,0.9632778763771057
a223,majority,dissent2,0.9760541915893555
a224,majority,dissent1,0.9824844002723694
a225,majority,dissent1,0.9841437339782715
a225,majority,dissent2,0.9618240594863892
a226,majority,dissent1,0.9896851778030396
a226,majority,dissent2,0.9684993624687195
a227,majority,dissent1,0.9676435589790344
a228,majority,dissent1,0.9352239966392517
a229,majority,dissent1,0.9788746237754822
a230,majority,dissent1,0.9885904788970947
a232,majority,dissent1,0.9708483815193176
a234,majority,dissent1,0.9911272525787354
a237,majority,dissent1,0.9638910889625549
a238,majority,dissent1,0.9830738306045532
a238,majority,dissent2,0.9224950075149536
a239,majority,dissent1,0.9732216596603394
a241,majority,dissent1,0.9900091290473938
a242,majority,dissent1,0.9896407127380371
a243,majority,dissent1,0.9855247735977173
a245,majority,dissent1,0.9728189706802368
a246,majority,dissent1,0.9731040000915527
a246,majority,dissent2,0.9919872283935547
a248,majority,dissent1,0.9783024787902832
a249,majority,dissent1,0.9878325462341309
a250,majority,dissent1,0.9566786289215088
a251,majority,dissent1,0.9895876049995422
a251,majority,dissent2,0.9590003490447998
a252,majority,dissent1,0.9932945966720581
a253,majority,dissent1,0.9845083951950073
a254,majority,dissent1,0.9872615337371826
a255,majority,dissent1,0.9822918176651001
a256,majority,dissent1,0.9855921268463135
a259,majority,dissent1,0.9819530248641968
a263,majority,dissent1,0.9905492067337036
a264,majority,dissent1,0.9735658168792725
a264,majority,dissent2,0.9758126735687256
a265,majority,dissent1,0.9764217734336853
a265,majority,dissent2,0.9653276801109314
a270,majority,dissent1,0.9909546971321106
a271,majority,dissent1,0.9791812896728516
a272,majority,dissent1,0.9862687587738037
a273,majority,dissent1,0.9632223844528198
a274,majority,dissent1,0.9851937890052795
a277,majority,dissent1,0.9936478734016418
a278,majority,dissent1,0.9740765690803528
a279,majority,dissent1,0.9771594405174255
a280,majority,dissent1,0.9922620058059692
a281,majority,dissent1,0.986356258392334
a283,majority,dissent1,0.9919317960739136
a284,majority,dissent1,0.9893366694450378
a285,majority,dissent1,0.9890294075012207
a285,majority,dissent2,0.9866825342178345
a286,majority,dissent1,0.992044985294342
a288,majority,dissent1,0.8451732397079468
a289,majority,dissent1,0.9795807003974915
a293,majority,dissent1,0.9780066609382629
a293,majority,dissent2,0.9560151100158691
a294,majority,dissent1,0.994145929813385
a295,majority,dissent1,0.9922476410865784
a296,majority,dissent1,0.9814122915267944
a297,majority,dissent1,0.9862154722213745
a298,majority,dissent1,0.9772023558616638
a298,majority,dissent2,0.9846071600914001
a298,majority,dissent3,0.9873049259185791
a299,majority,dissent1,0.9949545860290527
a300,majority,dissent1,0.9907625913619995
a301,majority,dissent1,0.9925600290298462
a301,majority,dissent2,0.9888715744018555
a301,majority,dissent3,0.9849672913551331
a302,majority,dissent1,0.9907760620117188
a303,majority,dissent1,0.9743245840072632
a305,majority,dissent1,0.9829130172729492
a306,majority,dissent1,0.9901191592216492
a307,majority,dissent1,0.9860137701034546
a309,majority,dissent1,0.9861242771148682
a310,majority,dissent1,0.9766297340393066
a311,majority,dissent1,0.9912612438201904
a312,majority,dissent1,0.9810564517974854
a313,majority,dissent1,0.9924383759498596
a314,majority,dissent1,0.9450017809867859
a315,majority,dissent1,0.9892441034317017
a316,majority,dissent1,0.985802948474884
a317,majority,dissent1,0.9716252684593201
a317,majority,dissent2,0.9848142862319946
a321,majority,dissent1,0.9827612638473511
a322,majority,dissent1,0.99118572473526
a323,majority,dissent1,0.9775082468986511
a323,majority,dissent2,0.9875186085700989
a324,majority,dissent1,0.9894527196884155
a324,majority,dissent2,0.9779841303825378
a324,majority,dissent3,0.9875974655151367
a326,majority,dissent1,0.9866647720336914
a328,majority,dissent1,0.9752594232559204
a329,majority,dissent1,0.9827144742012024
a330,majority,dissent1,0.9700374603271484
a331,majority,dissent1,0.9601470232009888
a331,majority,dissent2,0.9373505115509033
a332,majority,dissent1,0.9918815493583679
a333,majority,dissent1,0.9839426279067993
a334,majority,dissent1,0.9703778028488159
a335,majority,dissent1,0.9768845438957214
a336,majority,dissent1,0.980232834815979
a337,majority,dissent1,0.9746794700622559
a338,majority,dissent1,0.9796709418296814
a341,majority,dissent1,0.9945800304412842
a343,majority,dissent1,0.9894315004348755
a343,majority,dissent2,0.9877756834030151
a343,majority,dissent3,0.9752166271209717
a344,majority,dissent1,0.9773857593536377
a344,majority,dissent2,0.9765267372131348
a345,majority,dissent1,0.9320857524871826
a346,majority,dissent1,0.8540366291999817
a346,majority,dissent2,0.9844769835472107
a347,majority,dissent1,0.9274505376815796
a348,majority,dissent1,0.9866747856140137
a348,majority,dissent2,0.9776599407196045
a349,majority,dissent1,0.9704886674880981
a350,majority,dissent1,0.9823275804519653
a351,majority,dissent1,0.9858370423316956
a351,majority,dissent2,0.9907930493354797
a352,majority,dissent1,0.956503689289093
a353,majority,dissent1,0.9823956489562988
a356,majority,dissent1,0.9846922159194946
a357,majority,dissent1,0.9686672687530518
a358,majority,dissent1,0.9950875043869019
a359,majority,dissent1,0.9714875221252441
a359,majority,dissent2,0.9746638536453247
a360,majority,dissent1,0.9887176156044006
a361,majority,dissent1,0.9926528334617615
a362,majority,dissent1,0.97599196434021
a363,majority,dissent1,0.9942730069160461
a366,majority,dissent1,0.9774066805839539
a366,majority,dissent2,0.9885769486427307
a367,majority,dissent1,0.9358687996864319
a368,majority,dissent1,0.9633573889732361
a368,majority,dissent2,0.9472388029098511
a369,majority,dissent1,0.987269937992096
a369,majority,dissent2,0.9345793724060059
a370,majority,dissent1,0.9802964329719543
a371,majority,dissent1,0.9831551909446716
a371,majority,dissent2,0.9905185699462891
a372,majority,dissent1,0.9934185743331909
a373,majority,dissent1,0.9885959029197693
a374,majority,dissent1,0.937288224697113
a375,majority,dissent1,0.9835125207901001
a376,majority,dissent1,0.9781914949417114
a377,majority,dissent1,0.9576658606529236
a378,majority,dissent1,0.9649231433868408
a379,majority,dissent1,0.9956140518188477
a380,majority,dissent1,0.9564066529273987
a381,majority,dissent1,0.9656863212585449
a382,majority,dissent1,0.990548849105835
a383,majority,dissent1,0.9932472109794617
a384,majority,dissent1,0.9895827174186707
a385,majority,dissent1,0.9835184216499329
a385,majority,dissent2,0.9624150991439819
a386,majority,dissent1,0.984943151473999
a388,majority,dissent1,0.9898437261581421
a389,majority,dissent1,0.9880056977272034
a389,majority,dissent2,0.9740302562713623
a390,majority,dissent1,0.9958841800689697
a391,majority,dissent1,0.993229329586029
a391,majority,dissent2,0.9944331645965576
a392,majority,dissent1,0.9944086670875549
a393,majority,dissent1,0.9852648377418518
a394,majority,dissent1,0.9896947145462036
a395,majority,dissent1,0.9961848258972168
a395,majority,dissent2,0.9732027053833008
a396,majority,dissent1,0.992710292339325
a397,majority,dissent1,0.983436107635498
a397,majority,dissent2,0.9859209060668945
a398,majority,dissent1,0.9877743721008301
a399,majority,dissent1,0.9897975325584412
a401,majority,dissent1,0.9697123169898987
a402,majority,dissent1,0.9812824130058289
a403,majority,dissent1,0.9932128190994263
a404,majority,dissent1,0.995329737663269
a405,majority,dissent1,0.9956989884376526
a409,majority,dissent1,0.9650251865386963
a410,majority,dissent1,0.9727567434310913
a411,majority,dissent1,0.9901633858680725
a412,majority,dissent1,0.9889164566993713
a413,majority,dissent1,0.9914470911026001
a414,majority,dissent1,0.9864674210548401
a415,majority,dissent1,0.9937934875488281
a415,majority,dissent2,0.9846744537353516
a418,majority,dissent1,0.9377926588058472
a420,majority,dissent1,0.982329249382019
a421,majority,dissent1,0.9689359068870544
a422,majority,dissent1,0.9734137654304504
a423,majority,dissent1,0.9855831861495972
a424,majority,dissent1,0.9946670532226562
a425,majority,dissent1,0.9859232306480408
a426,majority,dissent1,0.9882522821426392
a428,majority,dissent1,0.9896971583366394
a429,majority,dissent1,0.9831472039222717
a430,majority,dissent1,0.9683211445808411
a431,majority,dissent1,0.9763550758361816
a434,majority,dissent1,0.9856346249580383
a435,majority,dissent1,0.9744187593460083
a436,majority,dissent1,0.9923224449157715
a437,majority,dissent1,0.9842326641082764
a438,majority,dissent1,0.9908592700958252
a439,majority,dissent1,0.9944626688957214
a439,majority,dissent2,0.9477590918540955
a440,majority,dissent1,0.9735352993011475
a440,majority,dissent2,0.977957546710968
a440,majority,dissent3,0.9776336550712585
a440,majority,dissent4,0.9484646916389465
a441,majority,dissent1,0.9858859181404114
a443,majority,dissent1,0.9825973510742188
a444,majority,dissent1,0.9559510350227356
a445,majority,dissent1,0.9879114627838135
a446,majority,dissent1,0.9890071153640747
a448,majority,dissent1,0.9885382056236267
a450,majority,dissent1,0.9937768578529358
a451,majority,dissent1,0.9779151082038879
a452,majority,dissent1,0.9969973564147949
a453,majority,dissent1,0.9168360829353333
a454,majority,dissent1,0.9263517260551453
a455,majority,dissent1,0.9923187494277954
a456,majority,dissent1,0.9891635775566101
a456,majority,dissent2,0.9849565029144287
a457,majority,dissent1,0.9918041229248047
a459,majority,dissent1,0.9870010018348694
a460,majority,dissent1,0.9856504201889038
a461,majority,dissent1,0.9829720854759216
a462,majority,dissent1,0.9709196090698242
a463,majority,dissent1,0.9901927709579468
a467,majority,dissent1,0.9542009830474854
a468,majority,dissent1,0.9852097034454346
a469,majority,dissent1,0.9902661442756653
a470,majority,dissent1,0.9888425469398499
a471,majority,dissent1,0.9867579340934753
a472,majority,dissent1,0.9633388519287109
a473,majority,dissent1,0.9704563021659851
a473,majority,dissent2,0.961120069026947
a474,majority,dissent1,0.9756641387939453
a474,majority,dissent2,0.9742090106010437
a475,majority,dissent1,0.9766480922698975
a477,majority,dissent1,0.9775035381317139
a478,majority,dissent1,0.9870702028274536
a482,majority,dissent1,0.9514355659484863
a483,majority,dissent1,0.9969571828842163
a485,majority,dissent1,0.9875068664550781
a486,majority,dissent1,0.974296510219574
a487,majority,dissent1,0.9074134826660156
a488,majority,dissent1,0.9718571901321411
a489,majority,dissent1,0.9940832853317261
a490,majority,dissent1,0.9895119071006775
a491,majority,dissent1,0.9926334619522095
a492,majority,dissent1,0.9895232915878296
a493,majority,dissent1,0.99278324842453
a495,majority,dissent1,0.9751256704330444
a495,majority,dissent2,0.9797497987747192
a497,majority,dissent1,0.9947817325592041
a498,majority,dissent1,0.9551710486412048
a499,majority,dissent1,0.9427757859230042
a499,majority,dissent2,0.9810711741447449
a500,majority,dissent1,0.9763209819793701
a502,majority,dissent1,0.9797307252883911
a503,majority,dissent1,0.9942152500152588
a504,majority,dissent1,0.9922517538070679
a505,majority,dissent1,0.9873456358909607
a506,majority,dissent1,0.9970364570617676
a507,majority,dissent1,0.9867498874664307
a508,majority,dissent1,0.9925910234451294
a509,majority,dissent1,0.9949035048484802
a510,majority,dissent1,0.991771399974823
a511,majority,dissent1,0.9715853929519653
a512,majority,dissent1,0.930763840675354
a512,majority,dissent2,0.9899224042892456
a513,majority,dissent1,0.9977736473083496
a514,majority,dissent1,0.9893978834152222
a515,majority,dissent1,0.9048852324485779
a516,majority,dissent1,0.9862712621688843
a517,majority,dissent1,0.9853586554527283
a518,majority,dissent1,0.9906331896781921
a520,majority,dissent1,0.9794591665267944
a520,majority,dissent2,0.9786128997802734
a521,majority,dissent1,0.980507493019104
a521,majority,dissent2,0.9737828373908997
a522,majority,dissent1,0.9653985500335693
a522,majority,dissent2,0.9846418499946594
a523,majority,dissent1,0.9796154499053955
a525,majority,dissent1,0.9649208784103394
a525,majority,dissent2,0.9290972352027893
a526,majority,dissent1,0.9000205993652344
a527,majority,dissent1,0.9900628328323364
a528,majority,dissent1,0.946331262588501
a529,majority,dissent1,0.987763524055481
a530,majority,dissent1,0.9930565357208252
a531,majority,dissent1,0.9844874143600464
a532,majority,dissent1,0.9735602736473083
a533,majority,dissent1,0.9919888377189636
a534,majority,dissent1,0.9851799607276917
a535,majority,dissent1,0.9896697998046875
a536,majority,dissent1,0.9773441553115845
a537,majority,dissent1,0.9924510717391968
a539,majority,dissent1,0.9905697107315063
a540,majority,dissent1,0.9856042265892029
a543,majority,dissent1,0.9949139356613159
a544,majority,dissent1,0.9916280508041382
a545,majority,dissent1,0.9807498455047607
a546,majority,dissent1,0.9895839095115662
a547,majority,dissent1,0.9890536665916443
a548,majority,dissent1,0.9860415458679199
a551,majority,dissent1,0.9921910166740417
a553,majority,dissent1,0.9954246282577515
a553,majority,dissent2,0.9864602088928223
a554,majority,dissent1,0.9970897436141968
a555,majority,dissent1,0.992178738117218
a556,majority,dissent1,0.98785799741745
a556,majority,dissent2,0.9910882711410522
a557,majority,dissent1,0.9888468384742737
a557,majority,dissent2,0.9918085932731628
a558,majority,dissent1,0.9922329187393188
a558,majority,dissent2,0.9698984026908875
a559,majority,dissent1,0.9512248039245605
a560,majority,dissent1,0.9437748193740845
a561,majority,dissent1,0.9614217281341553
a562,majority,dissent1,0.9822319746017456
a562,majority,dissent2,0.990678608417511
a563,majority,dissent1,0.9757521748542786
a564,majority,dissent1,0.9884542226791382
a565,majority,dissent1,0.9221644997596741
a567,majority,dissent1,0.95221346616745
a568,majority,dissent1,0.9908972978591919
a569,majority,dissent1,0.994583249092102
a570,majority,dissent1,0.9906434416770935
a570,majority,dissent2,0.9885309338569641
a571,majority,dissent1,0.9970749616622925
a571,majority,dissent2,0.9371868968009949
a572,majority,dissent1,0.9936167597770691
a572,majority,dissent2,0.9689477682113647
a573,majority,dissent1,0.9712046384811401
a577,majority,dissent1,0.9906024932861328
a578,majority,dissent1,0.992699146270752
a579,majority,dissent1,0.9912257194519043
a580,majority,dissent1,0.9532071352005005
a581,majority,dissent1,0.9906909465789795
a582,majority,dissent1,0.9869358539581299
a585,majority,dissent1,0.9854653477668762
a587,majority,dissent1,0.9886298179626465
a588,majority,dissent1,0.9863376021385193
a589,majority,dissent1,0.9940849542617798
a590,majority,dissent1,0.922512412071228
a591,majority,dissent1,0.991460382938385
a591,majority,dissent2,0.9882749915122986
a592,majority,dissent1,0.9835668802261353
a593,majority,dissent1,0.985063910484314
a594,majority,dissent1,0.9945241808891296
a594,majority,dissent2,0.9904043674468994
a595,majority,dissent1,0.9934831261634827
a598,majority,dissent1,0.9739815592765808
a598,majority,dissent2,0.9817338585853577
a599,majority,dissent1,0.9795691967010498
a599,majority,dissent2,0.9907361268997192
a599,majority,dissent3,0.9790645241737366
a600,majority,dissent1,0.9783459305763245
a600,majority,dissent2,0.9722444415092468
a600,majority,dissent3,0.9878396987915039
a601,majority,dissent1,0.9692727327346802
a602,majority,dissent1,0.9850131273269653
a603,majority,dissent1,0.9864335060119629
a604,majority,dissent1,0.9900851845741272
a605,majority,dissent1,0.9810312986373901
a606,majority,dissent1,0.9948663711547852
a607,majority,dissent1,0.9655681848526001
a611,majority,dissent1,0.9003989696502686
a614,majority,dissent1,0.9635251760482788
a616,majority,dissent1,0.9780505299568176
a616,majority,dissent2,0.9939432144165039
a617,majority,dissent1,0.9896575808525085
a618,majority,dissent1,0.9781050682067871
a619,majority,dissent1,0.9869376420974731
a620,majority,dissent1,0.9892736673355103
a621,majority,dissent1,0.9825946688652039
a621,majority,dissent2,0.9289493560791016
a622,majority,dissent1,0.9903020858764648
a623,majority,dissent1,0.9772050380706787
a623,majority,dissent2,0.9905482530593872
a624,majority,dissent1,0.9859730005264282
a625,majority,dissent1,0.97810959815979
a626,majority,dissent1,0.973660945892334
a628,majority,dissent1,0.9854955673217773
a629,majority,dissent1,0.9824073314666748
a630,majority,dissent1,0.991048276424408
a630,majority,dissent2,0.9960246682167053
a633,majority,dissent1,0.9935076832771301
a635,majority,dissent1,0.9953129291534424
a636,majority,dissent1,0.9909459352493286
a637,majority,dissent1,0.9945960640907288
a638,majority,dissent1,0.9903234243392944
a639,majority,dissent1,0.9866519570350647
a640,majority,dissent1,0.993976354598999
a640,majority,dissent2,0.978938102722168
a641,majority,dissent1,0.9773818254470825
a642,majority,dissent1,0.9925370216369629
a644,majority,dissent1,0.9938483238220215
a645,majority,dissent1,0.9956839680671692
a647,majority,dissent1,0.9843276143074036
a648,majority,dissent1,0.9948283433914185
a649,majority,dissent1,0.9744136333465576
a649,majority,dissent2,0.9867383241653442
a650,majority,dissent1,0.9891025424003601
a651,majority,dissent1,0.9698675870895386
a652,majority,dissent1,0.9942101240158081
a653,majority,dissent1,0.9946942329406738
a656,majority,dissent1,0.9192928671836853
a658,majority,dissent1,0.9947138428688049
a659,majority,dissent1,0.9914801716804504
a660,majority,dissent1,0.9928151369094849
a660,majority,dissent2,0.9649233818054199
a662,majority,dissent1,0.9706848859786987
a663,majority,dissent1,0.9852051734924316
a665,majority,dissent1,0.9834154844284058
a666,majority,dissent1,0.9848319292068481
a666,majority,dissent2,0.9767796397209167
a667,majority,dissent1,0.9772995710372925
a670,majority,dissent1,0.9830297231674194
a672,majority,dissent1,0.9946939945220947
a674,majority,dissent1,0.9940072894096375
a675,majority,dissent1,0.9930623173713684
a676,majority,dissent1,0.9922305345535278
a677,majority,dissent1,0.9933087825775146
a677,majority,dissent2,0.988789975643158
a677,majority,dissent3,0.9671527743339539
a678,majority,dissent1,0.983574628829956
a679,majority,dissent1,0.990774393081665
a680,majority,dissent1,0.9862788915634155
a683,majority,dissent1,0.9432530999183655
a684,majority,dissent1,0.9914918541908264
a685,majority,dissent1,0.9866465926170349
a686,majority,dissent1,0.9860751628875732
a687,majority,dissent1,0.9660599231719971
a691,majority,dissent1,0.9957766532897949
a692,majority,dissent1,0.9927999973297119
a693,majority,dissent1,0.9067860841751099
a694,majority,dissent1,0.9882569909095764
a695,majority,dissent1,0.9846797585487366
a695,majority,dissent2,0.9824254512786865
a695,majority,dissent3,0.9874779582023621
a696,majority,dissent1,0.9825738668441772
a697,majority,dissent1,0.962122917175293
a698,majority,dissent1,0.9791980385780334
a701,majority,dissent1,0.9869894981384277
a701,majority,dissent2,0.9848572015762329
a702,majority,dissent1,0.9875435829162598
a706,majority,dissent1,0.9653217196464539
a707,majority,dissent1,0.9764893054962158
a707,majority,dissent2,0.9847056865692139
a709,majority,dissent1,0.9918521642684937
a710,majority,dissent1,0.9887354969978333
a711,majority,dissent1,0.9910491704940796
a712,majority,dissent1,0.992315411567688
a713,majority,dissent1,0.9962552785873413
a714,majority,dissent1,0.9905607104301453
a714,majority,dissent2,0.9854888916015625
a715,majority,dissent1,0.9936405420303345
a716,majority,dissent1,0.9895214438438416
a717,majority,dissent1,0.9776687622070312
a717,majority,dissent2,0.9956071376800537
a718,majority,dissent1,0.945854902267456
a719,majority,dissent1,0.9863011837005615
a720,majority,dissent1,0.9371306300163269
a721,majority,dissent1,0.9520928859710693
a722,majority,dissent1,0.9159214496612549
a723,majority,dissent1,0.9888171553611755
a723,majority,dissent2,0.9940129518508911
a724,majority,dissent1,0.9874435663223267
a725,majority,dissent1,0.975997269153595
a726,majority,dissent1,0.9631158113479614
a726,majority,dissent2,0.9946045875549316
a727,majority,dissent1,0.9925974607467651
a728,majority,dissent1,0.9933768510818481
a729,majority,dissent1,0.9956457614898682
a729,majority,dissent2,0.9890267252922058
a730,majority,dissent1,0.9850988388061523
a730,majority,dissent2,0.9736220836639404
a731,majority,dissent1,0.991310179233551
a731,majority,dissent2,0.9821676015853882
a733,majority,dissent1,0.9948274493217468
a734,majority,dissent1,0.9956339597702026
a736,majority,dissent1,0.9945378303527832
a737,majority,dissent1,0.9887356162071228
a737,majority,dissent2,0.9667615294456482
a738,majority,dissent1,0.9927043318748474
a740,majority,dissent1,0.9911104440689087
a741,majority,dissent1,0.9818348288536072
a741,majority,dissent2,0.9905850887298584
a742,majority,dissent1,0.986029863357544
a743,majority,dissent1,0.975848913192749
a745,majority,dissent1,0.9934261441230774
a747,majority,dissent1,0.9851722717285156
a748,majority,dissent1,0.9787225127220154
a749,majority,dissent1,0.9834623336791992
a749,majority,dissent2,0.9814937710762024
a749,majority,dissent3,0.9912682175636292
a750,majority,dissent1,0.9932056665420532
a751,majority,dissent1,0.9885845184326172
a752,majority,dissent1,0.9899076819419861
a753,majority,dissent1,0.9857202172279358
a754,majority,dissent1,0.973488986492157
a754,majority,dissent2,0.9882221221923828
a755,majority,dissent1,0.9925052523612976
a756,majority,dissent1,0.9836457967758179
a757,majority,dissent1,0.9924375414848328
a758,majority,dissent1,0.9895219802856445
a761,majority,dissent1,0.9958640336990356
a762,majority,dissent1,0.9932135343551636
a763,majority,dissent1,0.979109525680542
a764,majority,dissent1,0.9817430973052979
a765,majority,dissent1,0.9871572256088257
a767,majority,dissent1,0.9891602396965027
a768,majority,dissent1,0.9746503829956055
a769,majority,dissent1,0.9870313405990601
a770,majority,dissent1,0.967679500579834
a770,majority,dissent2,0.9777871370315552
a771,majority,dissent1,0.9942861199378967
a772,majority,dissent1,0.9844768047332764
a773,majority,dissent1,0.9948679804801941
a775,majority,dissent1,0.9899951219558716
a775,majority,dissent2,0.9851620197296143
a776,majority,dissent1,0.9820237159729004
a777,majority,dissent1,0.9854764342308044
a778,majority,dissent1,0.9944350719451904
a779,majority,dissent1,0.9904489517211914
a780,majority,dissent1,0.9935047030448914
a781,majority,dissent1,0.9885456562042236
a783,majority,dissent1,0.9942132234573364
a783,majority,dissent2,0.9720916748046875
a786,majority,dissent1,0.9678142070770264
a787,majority,dissent1,0.9548268914222717
a787,majority,dissent2,0.9885595440864563
a788,majority,dissent1,0.992965042591095
a789,majority,dissent1,0.978503942489624
a790,majority,dissent1,0.9870767593383789
a791,majority,dissent1,0.9776855707168579
a792,majority,dissent1,0.9921740293502808
a793,majority,dissent1,0.9941803812980652
a794,majority,dissent1,0.9900129437446594
a794,majority,dissent2,0.9916290640830994
a794,majority,dissent3,0.9826323986053467
a795,majority,dissent1,0.9769165515899658
a795,majority,dissent2,0.9852392673492432
a797,majority,dissent1,0.9969546794891357
a799,majority,dissent1,0.9802827835083008
a800,majority,dissent1,0.9920675754547119
a800,majority,dissent2,0.9822087287902832
a802,majority,dissent1,0.9680904746055603
a803,majority,dissent1,0.9903832077980042
a804,majority,dissent1,0.9901087284088135
a805,majority,dissent1,0.987694263458252
a806,majority,dissent1,0.9907115697860718
a807,majority,dissent1,0.930432140827179
a808,majority,dissent1,0.9537700414657593
a809,majority,dissent1,0.9612496495246887
a809,majority,dissent2,0.9845880270004272
a810,majority,dissent1,0.9714282155036926
a810,majority,dissent2,0.9444704651832581
a811,majority,dissent1,0.6534302234649658
a813,majority,dissent1,0.9881091117858887
a813,majority,dissent2,0.9873110055923462
a814,majority,dissent1,0.9825724363327026
a815,majority,dissent1,0.991757869720459
a815,majority,dissent2,0.9845120906829834
a816,majority,dissent1,0.9927743077278137
a816,majority,dissent2,0.8800478577613831
a817,majority,dissent1,0.9940582513809204
a817,majority,dissent2,0.9880619049072266
a817,majority,dissent3,0.987598717212677
a819,majority,dissent1,0.9879608154296875
a820,majority,dissent1,0.9847776293754578
a822,majority,dissent1,0.9902526140213013
a825,majority,dissent1,0.9936285018920898
a827,majority,dissent1,0.9921488761901855
a828,majority,dissent1,0.9590958952903748
a829,majority,dissent1,0.9892459511756897
a833,majority,dissent1,0.9943496584892273
a834,majority,dissent1,0.9892916679382324
a834,majority,dissent2,0.9869983792304993
a834,majority,dissent3,0.9899125695228577
a835,majority,dissent1,0.9831840991973877
a835,majority,dissent2,0.9840648174285889
a835,majority,dissent3,0.9925674796104431
a837,majority,dissent1,0.9899881482124329
a838,majority,dissent1,0.9922242164611816
a839,majority,dissent1,0.9776107668876648
a840,majority,dissent1,0.9927859306335449
a841,majority,dissent1,0.9877618551254272
a842,majority,dissent1,0.9909176826477051
a843,majority,dissent1,0.9865555167198181
a843,majority,dissent2,0.9951143264770508
a845,majority,dissent1,0.9852199554443359
a845,majority,dissent2,0.991786539554596
a845,majority,dissent3,0.9008269906044006
a846,majority,dissent1,0.9814704060554504
a847,majority,dissent1,0.9673303365707397
a848,majority,dissent1,0.9917980432510376
a849,majority,dissent1,0.990816593170166
a851,majority,dissent1,0.9933724403381348
a851,majority,dissent2,0.9950909614562988
a852,majority,dissent1,0.9902064800262451
a852,majority,dissent2,0.9894145131111145
a853,majority,dissent1,0.9798984527587891
a854,majority,dissent1,0.9445029497146606
a855,majority,dissent1,0.9575619697570801
a856,majority,dissent1,0.9881634712219238
a858,majority,dissent1,0.9959762096405029
a859,majority,dissent1,0.9732397198677063
a861,majority,dissent1,0.9884144067764282
a862,majority,dissent1,0.9750533103942871
a862,majority,dissent2,0.9798222780227661
a862,majority,dissent3,0.9860399961471558
a863,majority,dissent1,0.9899085760116577
a864,majority,dissent1,0.9937654137611389
a865,majority,dissent1,0.9730905294418335
a866,majority,dissent1,0.9941922426223755
a867,majority,dissent1,0.9895280599594116
a868,majority,dissent1,0.9913129806518555
a871,majority,dissent1,0.9900612831115723
a872,majority,dissent1,0.9958966374397278
a873,majority,dissent1,0.9876437187194824
a874,majority,dissent1,0.9650497436523438
a877,majority,dissent1,0.9866542220115662
a878,majority,dissent1,0.9833308458328247
a879,majority,dissent1,0.9896008968353271
a880,majority,dissent1,0.9731390476226807
a881,majority,dissent1,0.9710367321968079
a881,majority,dissent2,0.9771938323974609
a882,majority,dissent1,0.9748750329017639
a883,majority,dissent1,0.977756142616272
a884,majority,dissent1,0.9855546951293945
a884,majority,dissent2,0.9789468050003052
a885,majority,dissent1,0.9956375956535339
a885,majority,dissent2,0.988190770149231
a885,majority,dissent3,0.9765396118164062
a886,majority,dissent1,0.9882041215896606
a887,majority,dissent1,0.9931868314743042
a888,majority,dissent1,0.9945879578590393
a890,majority,dissent1,0.9850549101829529
a891,majority,dissent1,0.9835443496704102
a893,majority,dissent1,0.9814038872718811
a895,majority,dissent1,0.9907213449478149
a896,majority,dissent1,0.9951449632644653
a896,majority,dissent2,0.9940899610519409
a897,majority,dissent1,0.9902191162109375
a897,majority,dissent2,0.9831671714782715
a898,majority,dissent1,0.9825643301010132
a900,majority,dissent1,0.9652867913246155
a901,majority,dissent1,0.99156653881073
a902,majority,dissent1,0.9743571281433105
a902,majority,dissent2,0.9965794086456299
a905,majority,dissent1,0.9620408415794373
a906,majority,dissent1,0.9905019402503967
a907,majority,dissent1,0.994463324546814
a908,majority,dissent1,0.996167778968811
a910,majority,dissent1,0.977358341217041
a911,majority,dissent1,0.9897902011871338
a912,majority,dissent1,0.9836580753326416
a913,majority,dissent1,0.9926133155822754
a914,majority,dissent1,0.9817067384719849
a915,majority,dissent1,0.9824224710464478
a916,majority,dissent1,0.9822689294815063
a918,majority,dissent1,0.9950498938560486
a920,majority,dissent1,0.9882284998893738
a921,majority,dissent1,0.9706771969795227
a922,majority,dissent1,0.9734319448471069
a923,majority,dissent1,0.9936661124229431
a924,majority,dissent1,0.9929966926574707
a925,majority,dissent1,0.9929395914077759
a926,majority,dissent1,0.985486626625061
a927,majority,dissent1,0.988624095916748
a927,majority,dissent2,0.9920815825462341
a933,majority,dissent1,0.9818441867828369
a934,majority,dissent1,0.9919223785400391
a935,majority,dissent1,0.9844178557395935
a938,majority,dissent1,0.9863371849060059
a939,majority,dissent1,0.9301614761352539
a941,majority,dissent1,0.9947763085365295
a942,majority,dissent1,0.990404486656189
a947,majority,dissent1,0.9754765033721924
a950,majority,dissent1,0.9838027954101562
a951,majority,dissent1,0.9919013977050781
a952,majority,dissent1,0.9962472319602966
a953,majority,dissent1,0.9685777425765991
a953,majority,dissent2,0.9822379946708679
a954,majority,dissent1,0.9914212226867676
a955,majority,dissent1,0.9864288568496704
a955,majority,dissent2,0.997744083404541
a956,majority,dissent1,0.9938881397247314
a957,majority,dissent1,0.9933561086654663
a958,majority,dissent1,0.9958747625350952
a960,majority,dissent1,0.9869734644889832
a960,majority,dissent2,0.9910874366760254
a961,majority,dissent1,0.9892879724502563
a962,majority,dissent1,0.9835484027862549
a962,majority,dissent2,0.9958067536354065
a964,majority,dissent1,0.9875122904777527
a965,majority,dissent1,0.9952685236930847
a965,majority,dissent2,0.9844112992286682
a968,majority,dissent1,0.9953397512435913
a970,majority,dissent1,0.9531521797180176
a971,majority,dissent1,0.9886506795883179
a972,majority,dissent1,0.9942933320999146
a973,majority,dissent1,0.9870002865791321
a974,majority,dissent1,0.9932942986488342
a975,majority,dissent1,0.9838880300521851
a976,majority,dissent1,0.9839381575584412
a978,majority,dissent1,0.9978666305541992
a979,majority,dissent1,0.9740657806396484
a980,majority,dissent1,0.9903182983398438
a984,majority,dissent1,0.9946625232696533
a985,majority,dissent1,0.9942779541015625
a986,majority,dissent1,0.9890052676200867
a987,majority,dissent1,0.9842078685760498
a988,majority,dissent1,0.9852117300033569
a989,majority,dissent1,0.9834616780281067
a990,majority,dissent1,0.9901304244995117
a991,majority,dissent1,0.9952322840690613
a991,majority,dissent2,0.9949773550033569
a992,majority,dissent1,0.9923111796379089
a993,majority,dissent1,0.9853756427764893
a994,majority,dissent1,0.983643651008606
a995,majority,dissent1,0.9910572171211243
a996,majority,dissent1,0.9877978563308716
a998,majority,dissent1,0.9915826916694641
a999,majority,dissent1,0.9640532732009888
a1001,majority,dissent1,0.9967470765113831
a1003,majority,dissent1,0.968663215637207
a1004,majority,dissent1,0.9944255948066711
a1005,majority,dissent1,0.9957080483436584
a1006,majority,dissent1,0.9917494058609009
a1008,majority,dissent1,0.9957319498062134
a1009,majority,dissent1,0.9931334257125854
a1012,majority,dissent1,0.9720802307128906
a1013,majority,dissent1,0.977338433265686
a1014,majority,dissent1,0.9736326336860657
a1015,majority,dissent1,0.9814605712890625
a1019,majority,dissent1,0.9901390075683594
a1020,majority,dissent1,0.9928668141365051
a1021,majority,dissent1,0.976797878742218
a1021,majority,dissent2,0.9445836544036865
a1023,majority,dissent1,0.9959236979484558
a1025,majority,dissent1,0.9853500127792358
a1026,majority,dissent1,0.9833999872207642
a1027,majority,dissent1,0.9869200587272644
a1027,majority,dissent2,0.9761785864830017
a1029,majority,dissent1,0.9816238284111023
a1036,majority,dissent1,0.9945864677429199
a1037,majority,dissent1,0.9807661771774292
a1037,majority,dissent2,0.993664026260376
a1038,majority,dissent1,0.9965343475341797
a1039,majority,dissent1,0.9973303079605103
a1040,majority,dissent1,0.9826761484146118
a1045,majority,dissent1,0.9806540012359619
a1046,majority,dissent1,0.9887595772743225
a1048,majority,dissent1,0.9980818033218384
a1050,majority,dissent1,0.91314297914505
a1051,majority,dissent1,0.9886451959609985
a1052,majority,dissent1,0.9884031414985657
a1053,majority,dissent1,0.9953571557998657
a1053,majority,dissent2,0.9685503244400024
a1055,majority,dissent1,0.9848942756652832
a1056,majority,dissent1,0.9850634336471558
a1056,majority,dissent2,0.9950610399246216
a1057,majority,dissent1,0.9900195002555847
a1058,majority,dissent1,0.9901480674743652
a1059,majority,dissent1,0.949253499507904
a1060,majority,dissent1,0.994242787361145
a1061,majority,dissent1,0.9946092367172241
a1061,majority,dissent2,0.9782124757766724
a1062,majority,dissent1,0.9892690181732178
a1063,majority,dissent1,0.9802556037902832
a1065,majority,dissent1,0.9933700561523438
a1066,majority,dissent1,0.9929412007331848
a1067,majority,dissent1,0.9658666253089905
a1069,majority,dissent1,0.9906021356582642
a1070,majority,dissent1,0.9677302837371826
a1070,majority,dissent2,0.9630414843559265
a1071,majority,dissent1,0.9908891916275024
a1072,majority,dissent1,0.9917649030685425
a1073,majority,dissent1,0.9914877414703369
a1074,majority,dissent1,0.9844569563865662
a1078,majority,dissent1,0.9901559352874756
a1079,majority,dissent1,0.984820544719696
a1079,majority,dissent2,0.9925795793533325
a1080,majority,dissent1,0.9917988777160645
a1081,majority,dissent1,0.9951674938201904
a1082,majority,dissent1,0.9916706681251526
a1083,majority,dissent1,0.9804847836494446
a1083,majority,dissent2,0.9900622963905334
a1088,majority,dissent1,0.9932284355163574
a1091,majority,dissent1,0.9943593740463257
a1092,majority,dissent1,0.9531424045562744
a1094,majority,dissent1,0.9960211515426636
a1095,majority,dissent1,0.9875218868255615
a1096,majority,dissent1,0.9880849719047546
a1098,majority,dissent1,0.9936577677726746
a1100,majority,dissent1,0.9903568625450134
a1101,majority,dissent1,0.9930505752563477
a1101,majority,dissent2,0.8004360795021057
a1106,majority,dissent1,0.9840537309646606
a1107,majority,dissent1,0.9829738736152649
a1109,majority,dissent1,0.9776326417922974
a1109,majority,dissent2,0.9861521124839783
a1110,majority,dissent1,0.9810188412666321
a1110,majority,dissent2,0.9765958189964294
a1112,majority,dissent1,0.9894402027130127
a1112,majority,dissent2,0.9823964238166809
a1115,majority,dissent1,0.9574095606803894
a1117,majority,dissent1,0.9900690317153931
a1117,majority,dissent2,0.9907638430595398
a1117,majority,dissent3,0.977929949760437
a1117,majority,dissent4,0.9815664887428284
a1119,majority,dissent1,0.9745973348617554
a1120,majority,dissent1,0.9853353500366211
a1121,majority,dissent1,0.9958089590072632
a1122,majority,dissent1,0.9957045316696167
a1122,majority,dissent2,0.974155604839325
a1123,majority,dissent1,0.9867032766342163
a1124,majority,dissent1,0.9850014448165894
a1124,majority,dissent2,0.9926406145095825
a1125,majority,dissent1,0.9606735706329346
a1126,majority,dissent1,0.9710001945495605
a1127,majority,dissent1,0.9923649430274963
a1129,majority,dissent1,0.9747702479362488
a1130,majority,dissent1,0.9922353029251099
a1132,majority,dissent1,0.9813017845153809
a1137,majority,dissent1,0.9863531589508057
a1139,majority,dissent1,0.9902252554893494
a1139,majority,dissent2,0.9922300577163696
a1140,majority,dissent1,0.9849373698234558
a1141,majority,dissent1,0.9904036521911621
a1143,majority,dissent1,0.9943959712982178
a1144,majority,dissent1,0.9937077760696411
a1146,majority,dissent1,0.9885759353637695
a1147,majority,dissent1,0.9876464009284973
a1151,majority,dissent1,0.9259344935417175
a1153,majority,dissent1,0.9909100532531738
a1154,majority,dissent1,0.9869353771209717
a1154,majority,dissent2,0.9745036363601685
a1155,majority,dissent1,0.9570383429527283
a1156,majority,dissent1,0.9939281940460205
a1158,majority,dissent1,0.9928776025772095
a1159,majority,dissent1,0.9961786270141602
a1160,majority,dissent1,0.9936472773551941
a1162,majority,dissent1,0.9859474897384644
a1162,majority,dissent2,0.9841138124465942
a1162,majority,dissent3,0.9941120147705078
a1163,majority,dissent1,0.9751213788986206
a1163,majority,dissent2,0.9753549098968506
a1164,majority,dissent1,0.991578996181488
a1165,majority,dissent1,0.9508842825889587
a1166,majority,dissent1,0.9959691166877747
a1169,majority,dissent1,0.985615611076355
a1169,majority,dissent2,0.9570390582084656
a1172,majority,dissent1,0.9895986318588257
a1172,majority,dissent2,0.9931058883666992
a1173,majority,dissent1,0.958976149559021
a1178,majority,dissent1,0.9938063621520996
a1179,majority,dissent1,0.988688051700592
a1179,majority,dissent2,0.9880295991897583
a1180,majority,dissent1,0.9939349889755249
a1180,majority,dissent2,0.9710751175880432
a1180,majority,dissent3,0.9522844552993774
a1181,majority,dissent1,0.9935057163238525
a1183,majority,dissent1,0.991913378238678
a1183,majority,dissent2,0.9929216504096985
a1183,majority,dissent3,0.9900803565979004
a1184,majority,dissent1,0.9621344208717346
a1184,majority,dissent2,0.9633904695510864
a1187,majority,dissent1,0.9909957051277161
a1188,majority,dissent1,0.9810160994529724
a1195,majority,dissent1,0.9942348003387451
a1196,majority,dissent1,0.9716658592224121
a1199,majority,dissent1,0.9833171367645264
a1199,majority,dissent2,0.9887953996658325
a1200,majority,dissent1,0.987233579158783
a1201,majority,dissent1,0.9460972547531128
a1203,majority,dissent1,0.8812685012817383
a1204,majority,dissent1,0.9933252334594727
a1206,majority,dissent1,0.953276515007019
a1207,majority,dissent1,0.9819281697273254
a1207,majority,dissent2,0.9959872961044312
a1208,majority,dissent1,0.9582334756851196
a1209,majority,dissent1,0.9890786409378052
a1210,majority,dissent1,0.9937008619308472
a1214,majority,dissent1,0.99629145860672
a1217,majority,dissent1,0.9882940649986267
a1218,majority,dissent1,0.9936330914497375
a1219,majority,dissent1,0.9824256300926208
a1219,majority,dissent2,0.9749744534492493
a1219,majority,dissent3,0.9808241724967957
a1220,majority,dissent1,0.9842148423194885
a1220,majority,dissent2,0.9901401400566101
a1220,majority,dissent3,0.990781843662262
a1220,majority,dissent4,0.9891109466552734
a1221,majority,dissent1,0.9718421697616577
a1221,majority,dissent2,0.9708088636398315
a1223,majority,dissent1,0.9416096210479736
a1224,majority,dissent1,0.9858925342559814
a1225,majority,dissent1,0.9951134324073792
a1226,majority,dissent1,0.9914330244064331
a1226,majority,dissent2,0.9908966422080994
a1227,majority,dissent1,0.9896317720413208
a1230,majority,dissent1,0.974899411201477
a1231,majority,dissent1,0.9928793907165527
a1236,majority,dissent1,0.9949960112571716
a1237,majority,dissent1,0.9881163239479065
a1239,majority,dissent1,0.9947496652603149
a1240,majority,dissent1,0.9890745282173157
a1242,majority,dissent1,0.9758896827697754
a1243,majority,dissent1,0.9898396730422974
a1244,majority,dissent1,0.9958055019378662
a1246,majority,dissent1,0.9862425923347473
a1246,majority,dissent2,0.9904793500900269
a1247,majority,dissent1,0.9961255788803101
a1248,majority,dissent1,0.9942416548728943
a1249,majority,dissent1,0.975832998752594
a1251,majority,dissent1,0.9948681592941284
a1252,majority,dissent1,0.9136243462562561
a1252,majority,dissent2,0.9917407631874084
a1252,majority,dissent3,0.9695934653282166
a1252,majority,dissent4,0.9596201777458191
a1254,majority,dissent1,0.9942691326141357
a1259,majority,dissent1,0.9832088351249695
a1260,majority,dissent1,0.9678000807762146
a1261,majority,dissent1,0.9876607656478882
a1262,majority,dissent1,0.942337155342102
a1263,majority,dissent1,0.9791316390037537
a1264,majority,dissent1,0.9863636493682861
a1265,majority,dissent1,0.9853623509407043
a1266,majority,dissent1,0.9947330951690674
a1267,majority,dissent1,0.9786431193351746
a1268,majority,dissent1,0.9863103628158569
a1270,majority,dissent1,0.992027759552002
a1271,majority,dissent1,0.9908517003059387
a1271,majority,dissent2,0.9804553985595703
a1272,majority,dissent1,0.9906104803085327
a1273,majority,dissent1,0.9945423007011414
a1274,majority,dissent1,0.9952085018157959
a1275,majority,dissent1,0.9735662937164307
a1276,majority,dissent1,0.9878976941108704
a1277,majority,dissent1,0.99155592918396
a1278,majority,dissent1,0.9774424433708191
a1279,majority,dissent1,0.9903087019920349
a1280,majority,dissent1,0.9864907264709473
a1280,majority,dissent2,0.9802480936050415
a1281,majority,dissent1,0.9948748350143433
a1281,majority,dissent2,0.9218422174453735
a1282,majority,dissent1,0.9915635585784912
a1283,majority,dissent1,0.9743449091911316
a1292,majority,dissent1,0.9592355489730835
a1293,majority,dissent1,0.9927123785018921
a1294,majority,dissent1,0.9881877303123474
a1296,majority,dissent1,0.9875006675720215
a1297,majority,dissent1,0.9869004487991333
a1300,majority,dissent1,0.9921061992645264
a1301,majority,dissent1,0.984196662902832
a1302,majority,dissent1,0.9864679574966431
a1303,majority,dissent1,0.9907246232032776
a1305,majority,dissent1,0.9917612075805664
a1305,majority,dissent2,0.9916388988494873
a1306,majority,dissent1,0.9855760335922241
a1307,majority,dissent1,0.9822317957878113
a1309,majority,dissent1,0.9970633387565613
a1310,majority,dissent1,0.9519043564796448
a1311,majority,dissent1,0.9785740375518799
a1312,majority,dissent1,0.980663537979126
a1313,majority,dissent1,0.9791547060012817
a1314,majority,dissent1,0.977840781211853
a1315,majority,dissent1,0.9883980751037598
a1316,majority,dissent1,0.9932982325553894
a1317,majority,dissent1,0.9758100509643555
a1325,majority,dissent1,0.9891923666000366
a1326,majority,dissent1,0.9767130613327026
a1327,majority,dissent1,0.9784514904022217
a1328,majority,dissent1,0.9574294090270996
a1329,majority,dissent1,0.990454375743866
a1330,majority,dissent1,0.9922345280647278
a1331,majority,dissent1,0.9912402033805847
a1332,majority,dissent1,0.9893923997879028
a1333,majority,dissent1,0.9824455976486206
a1334,majority,dissent1,0.9895147681236267
a1334,majority,dissent2,0.988286554813385
a1334,majority,dissent3,0.975768506526947
a1335,majority,dissent1,0.9966987371444702
a1336,majority,dissent1,0.9843549132347107
a1337,majority,dissent1,0.9971349239349365
a1340,majority,dissent1,0.9910356402397156
a1341,majority,dissent1,0.9900428056716919
a1341,majority,dissent2,0.9928433895111084
a1341,majority,dissent3,0.989159345626831
a1343,majority,dissent1,0.9951062798500061
a1346,majority,dissent1,0.9834846258163452
a1347,majority,dissent1,0.9921175837516785
a1347,majority,dissent2,0.9897423982620239
a1347,majority,dissent3,0.9924845099449158
a1348,majority,dissent1,0.9930548071861267
a1350,majority,dissent1,0.9933086633682251
a1357,majority,dissent1,0.9754698276519775
a1360,majority,dissent1,0.9830563068389893
a1364,majority,dissent1,0.9535554647445679
a1367,majority,dissent1,0.9921520948410034
a1370,majority,dissent1,0.9952310919761658
a1372,majority,dissent1,0.9922813177108765
a1374,majority,dissent1,0.9760584831237793
a1375,majority,dissent1,0.9609944224357605
a1377,majority,dissent1,0.9868074655532837
a1380,majority,dissent1,0.9788100719451904
a1382,majority,dissent1,0.9307219982147217
a1383,majority,dissent1,0.9955399632453918
a1383,majority,dissent2,0.9933640360832214
a1384,majority,dissent1,0.9531819224357605
a1398,majority,dissent1,0.9878759384155273
a1401,majority,dissent1,0.9892303943634033
a1402,majority,dissent1,0.8876550793647766
a1403,majority,dissent1,0.9694037437438965
a1404,majority,dissent1,0.9860639572143555
a1404,majority,dissent2,0.9899048805236816
a1409,majority,dissent1,0.9919441938400269
a1410,majority,dissent1,0.9858765006065369
a1412,majority,dissent1,0.9806815385818481
a1412,majority,dissent2,0.9750862717628479
a1415,majority,dissent1,0.9584267735481262
a1416,majority,dissent1,0.9907822608947754
a1416,majority,dissent2,0.9946298003196716
a1416,majority,dissent3,0.9452582597732544
a1417,majority,dissent1,0.9817833304405212
a1418,majority,dissent1,0.9767242074012756
a1419,majority,dissent1,0.9781516790390015
a1422,majority,dissent1,0.9891837239265442
a1423,majority,dissent1,0.9746510982513428
a1424,majority,dissent1,0.9893141984939575
a1425,majority,dissent1,0.969791829586029
a1425,majority,dissent2,0.982240617275238
a1428,majority,dissent1,0.9825129508972168
a1430,majority,dissent1,0.995489239692688
a1431,majority,dissent1,0.982731819152832
a1432,majority,dissent1,0.9804129004478455
a1433,majority,dissent1,0.9932680726051331
a1434,majority,dissent1,0.990510106086731
a1435,majority,dissent1,0.9944707155227661
a1436,majority,dissent1,0.9739698171615601
a1437,majority,dissent1,0.9668450355529785
a1438,majority,dissent1,0.9823211431503296
a1440,majority,dissent1,0.9939831495285034
a1441,majority,dissent1,0.9924531579017639
a1441,majority,dissent2,0.9750310182571411
a1441,majority,dissent3,0.9853864908218384
a1442,majority,dissent1,0.9779723882675171
a1446,majority,dissent1,0.9736191034317017
a1447,majority,dissent1,0.9905679225921631
a1448,majority,dissent1,0.8471404314041138
a1450,majority,dissent1,0.9875128865242004
a1451,majority,dissent1,0.9903384447097778
a1451,majority,dissent2,0.9791300892829895
a1452,majority,dissent1,0.9899511337280273
a1452,majority,dissent2,0.9769476056098938
a1455,majority,dissent1,0.9622102975845337
a1457,majority,dissent1,0.961929976940155
a1460,majority,dissent1,0.987671434879303
a1462,majority,dissent1,0.9935697317123413
a1465,majority,dissent1,0.9910203218460083
a1466,majority,dissent1,0.9795608520507812
a1467,majority,dissent1,0.9363858103752136
a1467,majority,dissent2,0.9759534001350403
a1467,majority,dissent3,0.987512469291687
a1468,majority,dissent1,0.9838134050369263
a1468,majority,dissent2,0.9861573576927185
a1468,majority,dissent3,0.9838384389877319
a1470,majority,dissent1,0.9856075048446655
a1472,majority,dissent1,0.990827739238739
a1473,majority,dissent1,0.9914617538452148
a1473,majority,dissent2,0.9143667221069336
a1474,majority,dissent1,0.9821853637695312
a1474,majority,dissent2,0.9805951118469238
a1475,majority,dissent1,0.9849274158477783
a1476,majority,dissent1,0.9975535869598389
a1477,majority,dissent1,0.9932010173797607
a1478,majority,dissent1,0.9959279298782349
a1479,majority,dissent1,0.8623210787773132
a1482,majority,dissent1,0.9178885817527771
a1483,majority,dissent1,0.9736001491546631
a1485,majority,dissent1,0.9947556257247925
a1485,majority,dissent2,0.976856529712677
a1485,majority,dissent3,0.9901866912841797
a1486,majority,dissent1,0.9246407151222229
a1486,majority,dissent2,0.9324014782905579
a1488,majority,dissent1,0.9737584590911865
a1489,majority,dissent1,0.9869210720062256
a1490,majority,dissent1,0.9617613554000854
a1490,majority,dissent2,0.9824692010879517
a1491,majority,dissent1,0.9874787330627441
a1492,majority,dissent1,0.8740787506103516
a1494,majority,dissent1,0.994335412979126
a1495,majority,dissent1,0.9689530730247498
a1496,majority,dissent1,0.990349531173706
a1501,majority,dissent1,0.9880905151367188
a1502,majority,dissent1,0.9713259935379028
a1503,majority,dissent1,0.9893941879272461
a1505,majority,dissent1,0.9773734211921692
a1509,majority,dissent1,0.9861096143722534
a1509,majority,dissent2,0.9833717346191406
a1509,majority,dissent3,0.8906955122947693
a1512,majority,dissent1,0.9795558452606201
a1513,majority,dissent1,0.9925504326820374
a1513,majority,dissent2,0.9661805629730225
a1515,majority,dissent1,0.9795081615447998
a1527,majority,dissent1,0.9824056625366211
a1528,majority,dissent1,0.9901398420333862
a1530,majority,dissent1,0.9857028126716614
a1533,majority,dissent1,0.9904726147651672
a1533,majority,dissent2,0.972954273223877
a1534,majority,dissent1,0.9802849292755127
a1534,majority,dissent2,0.9913202524185181
a1534,majority,dissent3,0.9940900802612305
a1535,majority,dissent1,0.8058335781097412
a1535,majority,dissent2,0.9808589220046997
a1536,majority,dissent1,0.9754957556724548
a1536,majority,dissent2,0.9900945425033569
a1536,majority,dissent3,0.9739907383918762
a1538,majority,dissent1,0.9748532176017761
a1539,majority,dissent1,0.9915517568588257
a1540,majority,dissent1,0.9832485914230347
a1541,majority,dissent1,0.9925223588943481
a1542,majority,dissent1,0.9631807804107666
a1543,majority,dissent1,0.9677221775054932
a1544,majority,dissent1,0.9779484868049622
a1547,majority,dissent1,0.9949332475662231
a1547,majority,dissent2,0.9915918111801147
a1549,majority,dissent1,0.971377968788147
a1549,majority,dissent2,0.9639219045639038
a1551,majority,dissent1,0.9928202629089355
a1551,majority,dissent2,0.9831485748291016
a1551,majority,dissent3,0.9896512031555176
a1551,majority,dissent4,0.9797360897064209
a1552,majority,dissent1,0.9912788271903992
a1552,majority,dissent2,0.9935205578804016
a1553,majority,dissent1,0.9840338826179504
a1553,majority,dissent2,0.9934748411178589
a1554,majority,dissent1,0.9372193813323975
a1555,majority,dissent1,0.9494879245758057
a1555,majority,dissent2,0.9811393618583679
a1556,majority,dissent1,0.9811183214187622
a1556,majority,dissent2,0.9847990274429321
a1557,majority,dissent1,0.9909279346466064
a1558,majority,dissent1,0.95521479845047
a1569,majority,dissent1,0.9920868277549744
a1570,majority,dissent1,0.9828470945358276
a1572,majority,dissent1,0.9845622181892395
a1572,majority,dissent2,0.9758691191673279
a1573,majority,dissent1,0.9804601669311523
a1575,majority,dissent1,0.9805097579956055
a1576,majority,dissent1,0.9847099184989929
a1577,majority,dissent1,0.9821650981903076
a1578,majority,dissent1,0.9951081275939941
a1579,majority,dissent1,0.9892458915710449
a1580,majority,dissent1,0.9833194017410278
a1582,majority,dissent1,0.9889191389083862
a1584,majority,dissent1,0.9904519319534302
a1586,majority,dissent1,0.9913394451141357
a1587,majority,dissent1,0.9919297099113464
a1588,majority,dissent1,0.9932471513748169
a1591,majority,dissent1,0.976762056350708
a1592,majority,dissent1,0.9892605543136597
a1593,majority,dissent1,0.9949753880500793
a1594,majority,dissent1,0.996310293674469
a1596,majority,dissent1,0.966221809387207
a1598,majority,dissent1,0.9812005758285522
a1598,majority,dissent2,0.9764856696128845
a1599,majority,dissent1,0.9660711884498596
a1599,majority,dissent2,0.9881154894828796
a1603,majority,dissent1,0.9778684377670288
a1603,majority,dissent2,0.9502930641174316
a1605,majority,dissent1,0.9937520027160645
a1606,majority,dissent1,0.9793842434883118
a1607,majority,dissent1,0.9912488460540771
a1608,majority,dissent1,0.9781601428985596
a1609,majority,dissent1,0.9838042259216309
a1612,majority,dissent1,0.9862719178199768
a1616,majority,dissent1,0.9774503111839294
a1617,majority,dissent1,0.9844509363174438
a1617,majority,dissent2,0.9919967651367188
a1619,majority,dissent1,0.9813485145568848
a1620,majority,dissent1,0.9701496362686157
a1620,majority,dissent2,0.9809228181838989
a1622,majority,dissent1,0.9894329309463501
a1625,majority,dissent1,0.9110068678855896
a1629,majority,dissent1,0.9883124828338623
a1630,majority,dissent1,0.9654263854026794
a1632,majority,dissent1,0.9870016574859619
a1632,majority,dissent2,0.966668426990509
a1633,majority,dissent1,0.9813399314880371
a1633,majority,dissent2,0.9737813472747803
a1634,majority,dissent1,0.9794244766235352
a1635,majority,dissent1,0.994950532913208
a1638,majority,dissent1,0.9903010129928589
a1642,majority,dissent1,0.9811829328536987
a1643,majority,dissent1,0.9576823115348816
a1643,majority,dissent2,0.8990076780319214
a1644,majority,dissent1,0.989651620388031
a1645,majority,dissent1,0.9831746816635132
a1649,majority,dissent1,0.9598143100738525
a1649,majority,dissent2,0.9805141687393188
a1651,majority,dissent1,0.9938113689422607
a1652,majority,dissent1,0.9925729036331177
a1653,majority,dissent1,0.9936316609382629
a1653,majority,dissent2,0.9952442049980164
a1654,majority,dissent1,0.9902503490447998
a1655,majority,dissent1,0.9773996472358704
a1655,majority,dissent2,0.917684018611908
a1658,majority,dissent1,0.9958115816116333
a1659,majority,dissent1,0.9896619319915771
a1661,majority,dissent1,0.992827296257019
a1662,majority,dissent1,0.9848343133926392
a1663,majority,dissent1,0.8717096447944641
a1667,majority,dissent1,0.933293342590332
a1668,majority,dissent1,0.9911263585090637
a1668,majority,dissent2,0.9730559587478638
a1669,majority,dissent1,0.9883211851119995
a1670,majority,dissent1,0.9877661466598511
a1671,majority,dissent1,0.877475917339325
a1673,majority,dissent1,0.9713255763053894
a1675,majority,dissent1,0.9946437478065491
a1676,majority,dissent1,0.9907893538475037
a1677,majority,dissent1,0.9705610275268555
a1678,majority,dissent1,0.9814227223396301
a1679,majority,dissent1,0.9800660014152527
a1685,majority,dissent1,0.9858151078224182
a1686,majority,dissent1,0.9885039329528809
a1688,majority,dissent1,0.9835669994354248
a1689,majority,dissent1,0.9717621207237244
a1690,majority,dissent1,0.9930729866027832
a1691,majority,dissent1,0.9772127866744995
a1692,majority,dissent1,0.9910979866981506
a1694,majority,dissent1,0.9963440299034119
a1697,majority,dissent1,0.9851570725440979
a1699,majority,dissent1,0.9808329343795776
a1703,majority,dissent1,0.9873263239860535
a1704,majority,dissent1,0.9841630458831787
a1705,majority,dissent1,0.9702069759368896
a1706,majority,dissent1,0.9945958256721497
a1707,majority,dissent1,0.9953581690788269
a1708,majority,dissent1,0.9907786250114441
a1709,majority,dissent1,0.9902538657188416
a1709,majority,dissent2,0.9881930947303772
a1710,majority,dissent1,0.9891006350517273
a1711,majority,dissent1,0.9902964234352112
a1712,majority,dissent1,0.9871023893356323
a1713,majority,dissent1,0.9828653335571289
a1713,majority,dissent2,0.980995774269104
a1715,majority,dissent1,0.9934026002883911
a1716,majority,dissent1,0.9848666191101074
a1717,majority,dissent1,0.9916030764579773
a1720,majority,dissent1,0.9641579985618591
a1720,majority,dissent2,0.9646453857421875
a1724,majority,dissent1,0.9122362732887268
a1726,majority,dissent1,0.915067732334137
a1732,majority,dissent1,0.960547924041748
a1732,majority,dissent2,0.9883122444152832
a1733,majority,dissent1,0.9831582903862
a1734,majority,dissent1,0.9940575957298279
a1736,majority,dissent1,0.9886612892150879
a1737,majority,dissent1,0.9868859052658081
a1737,majority,dissent2,0.9875726103782654
a1738,majority,dissent1,0.974906325340271
a1739,majority,dissent1,0.9676558971405029
a1740,majority,dissent1,0.9876343011856079
a1741,majority,dissent1,0.9921520352363586
a1742,majority,dissent1,0.9856616258621216
a1744,majority,dissent1,0.9764350652694702
a1746,majority,dissent1,0.992994487285614
a1748,majority,dissent1,0.989094614982605
a1751,majority,dissent1,0.9904004335403442
a1751,majority,dissent2,0.9753003716468811
a1752,majority,dissent1,0.9859654307365417
a1753,majority,dissent1,0.9839125871658325
a1754,majority,dissent1,0.9510320425033569
a1756,majority,dissent1,0.9953952431678772
a1757,majority,dissent1,0.9910318851470947
a1760,majority,dissent1,0.9767640829086304
a1760,majority,dissent2,0.9872229695320129
a1762,majority,dissent1,0.9795977473258972
a1763,majority,dissent1,0.9894145131111145
a1764,majority,dissent1,0.9840518236160278
a1764,majority,dissent2,0.9912815690040588
a1764,majority,dissent3,0.9611750841140747
a1766,majority,dissent1,0.9899606108665466
a1766,majority,dissent2,0.9815866351127625
a1772,majority,dissent1,0.989263117313385
a1773,majority,dissent1,0.9796807765960693
a1773,majority,dissent2,0.9910516738891602
a1773,majority,dissent3,0.9836992621421814
a1774,majority,dissent1,0.9701105356216431
a1774,majority,dissent2,0.9904818534851074
a1776,majority,dissent1,0.9859579801559448
a1777,majority,dissent1,0.974785566329956
a1778,majority,dissent1,0.9973072409629822
a1779,majority,dissent1,0.9949345588684082
a1779,majority,dissent2,0.9939727187156677
a1781,majority,dissent1,0.990382194519043
a1782,majority,dissent1,0.9871180057525635
a1783,majority,dissent1,0.9761454463005066
a1784,majority,dissent1,0.9944992661476135
a1784,majority,dissent2,0.9937337636947632
a1785,majority,dissent1,0.9842133522033691
a1788,majority,dissent1,0.9941579103469849
a1789,majority,dissent1,0.9925721287727356
a1790,majority,dissent1,0.9802373647689819
a1791,majority,dissent1,0.9906560182571411
a1792,majority,dissent1,0.9844050407409668
a1792,majority,dissent2,0.9730879068374634
a1794,majority,dissent1,0.9927071332931519
a1795,majority,dissent1,0.983336329460144
a1803,majority,dissent1,0.9673759937286377
a1804,majority,dissent1,0.9876718521118164
a1804,majority,dissent2,0.9930601119995117
a1808,majority,dissent1,0.9810563325881958
a1810,majority,dissent1,0.9919149875640869
a1810,majority,dissent2,0.9961866140365601
a1810,majority,dissent3,0.9915422201156616
a1811,majority,dissent1,0.9907636046409607
a1811,majority,dissent2,0.9957758784294128
a1812,majority,dissent1,0.9844329953193665
a1812,majority,dissent2,0.9776768684387207
a1813,majority,dissent1,0.9883773326873779
a1814,majority,dissent1,0.9723814129829407
a1814,majority,dissent2,0.95330411195755
a1814,majority,dissent3,0.9464896321296692
a1816,majority,dissent1,0.9902083277702332
a1817,majority,dissent1,0.9936112761497498
a1821,majority,dissent1,0.9556078910827637
a1821,majority,dissent2,0.9400425553321838
a1823,majority,dissent1,0.9686863422393799
a1825,majority,dissent1,0.9887920618057251
a1826,majority,dissent1,0.9546113610267639
a1826,majority,dissent2,0.9639260172843933
a1829,majority,dissent1,0.9890742301940918
a1829,majority,dissent2,0.9891808032989502
a1830,majority,dissent1,0.9962500333786011
a1832,majority,dissent1,0.993350088596344
a1833,majority,dissent1,0.9880179762840271
a1834,majority,dissent1,0.9676737189292908
a1836,majority,dissent1,0.9910497665405273
a1838,majority,dissent1,0.9950897097587585
a1840,majority,dissent1,0.9892572164535522
a1841,majority,dissent1,0.9958979487419128
a1841,majority,dissent2,0.994401216506958
a1842,majority,dissent1,0.9838057160377502
a1843,majority,dissent1,0.9818729162216187
a1844,majority,dissent1,0.9955698251724243
a1845,majority,dissent1,0.9758249521255493
a1846,majority,dissent1,0.9931989312171936
a1847,majority,dissent1,0.9856727123260498
a1849,majority,dissent1,0.9833840131759644
a1850,majority,dissent1,0.9895741939544678
a1854,majority,dissent1,0.9751478433609009
a1854,majority,dissent2,0.9755545854568481
a1855,majority,dissent1,0.9857878684997559
a1856,majority,dissent1,0.9905779361724854
a1858,majority,dissent1,0.9946901202201843
a1858,majority,dissent2,0.977239727973938
a1859,majority,dissent1,0.9791910648345947
a1862,majority,dissent1,0.9882357120513916
a1863,majority,dissent1,0.9741406440734863
a1863,majority,dissent2,0.9750151634216309
a1864,majority,dissent1,0.980330228805542
a1865,majority,dissent1,0.9882643818855286
a1865,majority,dissent2,0.9931254386901855
a1866,majority,dissent1,0.9884551763534546
a1868,majority,dissent1,0.9827533960342407
a1869,majority,dissent1,0.9748488664627075
a1870,majority,dissent1,0.9898662567138672
a1870,majority,dissent2,0.9850481748580933
a1871,majority,dissent1,0.9948205947875977
a1871,majority,dissent2,0.9935394525527954
a1872,majority,dissent1,0.9875501990318298
a1873,majority,dissent1,0.9903025031089783
a1874,majority,dissent1,0.9866435527801514
a1874,majority,dissent2,0.9813560843467712
a1874,majority,dissent3,0.9888657927513123
a1875,majority,dissent1,0.985142707824707
a1875,majority,dissent2,0.982305645942688
a1876,majority,dissent1,0.988903284072876
a1878,majority,dissent1,0.9936167001724243
a1880,majority,dissent1,0.9938316345214844
a1881,majority,dissent1,0.9920709133148193
a1881,majority,dissent2,0.9942700266838074
a1882,majority,dissent1,0.9806418418884277
a1883,majority,dissent1,0.9805097579956055
a1883,majority,dissent2,0.8856689929962158
a1883,majority,dissent3,0.9810974597930908
a1899,majority,dissent1,0.9912464618682861
a1899,majority,dissent2,0.9889113903045654
a1901,majority,dissent1,0.9782900214195251
a1902,majority,dissent1,0.9833441972732544
a1903,majority,dissent1,0.9930827021598816
a1904,majority,dissent1,0.9911484122276306
a1906,majority,dissent1,0.9854834079742432
a1907,majority,dissent1,0.990170419216156
a1909,majority,dissent1,0.9922680258750916
a1910,majority,dissent1,0.9868320822715759
a1910,majority,dissent2,0.9841731190681458
a1910,majority,dissent3,0.9808390736579895
a1910,majority,dissent4,0.9823296070098877
a1911,majority,dissent1,0.9712553024291992
a1912,majority,dissent1,0.9888522624969482
a1913,majority,dissent1,0.989991307258606
a1913,majority,dissent2,0.979763388633728
a1914,majority,dissent1,0.9888187646865845
a1915,majority,dissent1,0.9879928231239319
a1916,majority,dissent1,0.9843000769615173
a1917,majority,dissent1,0.9296201467514038
a1919,majority,dissent1,0.9874347448348999
a1920,majority,dissent1,0.9884122014045715
a1920,majority,dissent2,0.8830569386482239
a1921,majority,dissent1,0.993416428565979
a1922,majority,dissent1,0.9925274848937988
a1928,majority,dissent1,0.9919789433479309
a1930,majority,dissent1,0.9943775534629822
a1931,majority,dissent1,0.9772419333457947
a1931,majority,dissent2,0.9888225197792053
a1932,majority,dissent1,0.9647040963172913
a1932,majority,dissent2,0.9828060865402222
a1932,majority,dissent3,0.9892903566360474
a1933,majority,dissent1,0.9933587312698364
a1934,majority,dissent1,0.9750782251358032
a1935,majority,dissent1,0.9811334609985352
a1936,majority,dissent1,0.9847315549850464
a1939,majority,dissent1,0.9942048192024231
a1941,majority,dissent1,0.9641901850700378
a1943,majority,dissent1,0.9759354591369629
a1944,majority,dissent1,0.9913684129714966
a1945,majority,dissent1,0.9944297671318054
a1947,majority,dissent1,0.9960313439369202
a1949,majority,dissent1,0.9862231016159058
a1950,majority,dissent1,0.9954272508621216
a1953,majority,dissent1,0.9851975440979004
a1953,majority,dissent2,0.9838660359382629
a1954,majority,dissent1,0.9960018992424011
a1956,majority,dissent1,0.9823551177978516
a1957,majority,dissent1,0.9929749965667725
a1959,majority,dissent1,0.9927340745925903
a1961,majority,dissent1,0.9547003507614136
a1961,majority,dissent2,0.9514086246490479
a1961,majority,dissent3,0.956762433052063
a1961,majority,dissent4,0.9265397787094116
a1962,majority,dissent1,0.9949473738670349
a1963,majority,dissent1,0.9970741271972656
a1963,majority,dissent2,0.9929057955741882
a1964,majority,dissent1,0.9940310120582581
a1964,majority,dissent2,0.9931341409683228
a1965,majority,dissent1,0.9147765040397644
a1965,majority,dissent2,0.9687817692756653
a1966,majority,dissent1,0.9905204176902771
a1966,majority,dissent2,0.9938408136367798
a1966,majority,dissent3,0.990952730178833
a1967,majority,dissent1,0.9943114519119263
a1967,majority,dissent2,0.9965897798538208
a1968,majority,dissent1,0.9937616586685181
a1968,majority,dissent2,0.990161120891571
a1970,majority,dissent1,0.9809173345565796
a1970,majority,dissent2,0.9727414846420288
a1973,majority,dissent1,0.9533949494361877
a1973,majority,dissent2,0.988095760345459
a1974,majority,dissent1,0.8192790746688843
a1976,majority,dissent1,0.9655734896659851
a1978,majority,dissent1,0.9887971878051758
a1979,majority,dissent1,0.9765666723251343
a1980,majority,dissent1,0.9843006134033203
a1981,majority,dissent1,0.9851499795913696
a1981,majority,dissent2,0.975766658782959
a1981,majority,dissent3,0.9898879528045654
a1982,majority,dissent1,0.9955291748046875
a1983,majority,dissent1,0.9816218614578247
a1983,majority,dissent2,0.994985044002533
a1986,majority,dissent1,0.9913869500160217
a1987,majority,dissent1,0.970217764377594
a1987,majority,dissent2,0.9856905937194824
a1988,majority,dissent1,0.987860918045044
a1988,majority,dissent2,0.990553617477417
a1989,majority,dissent1,0.9961187839508057
a1990,majority,dissent1,0.9942107796669006
a1990,majority,dissent2,0.9517884254455566
a1990,majority,dissent3,0.9830251336097717
a1991,majority,dissent1,0.9940523505210876
a1992,majority,dissent1,0.9940531253814697
a1994,majority,dissent1,0.9802824258804321
a1995,majority,dissent1,0.9836335182189941
a2024,majority,dissent1,0.9875388145446777
a2024,majority,dissent2,0.9825364947319031
a2025,majority,dissent1,0.9883950352668762
a2026,majority,dissent1,0.9908042550086975
a2027,majority,dissent1,0.9839226603507996
a2028,majority,dissent1,0.9831234812736511
a2028,majority,dissent2,0.9323554039001465
a2029,majority,dissent1,0.9943777918815613
a2030,majority,dissent1,0.9940006732940674
a2031,majority,dissent1,0.9812010526657104
a2031,majority,dissent2,0.9794420599937439
a2033,majority,dissent1,0.9769083261489868
a2035,majority,dissent1,0.9932517409324646
a2037,majority,dissent1,0.9721628427505493
a2038,majority,dissent1,0.9936999082565308
a2038,majority,dissent2,0.988836944103241
a2039,majority,dissent1,0.9935853481292725
a2040,majority,dissent1,0.9888623952865601
a2041,majority,dissent1,0.9825472235679626
a2042,majority,dissent1,0.993523120880127
a2043,majority,dissent1,0.9621250033378601
a2044,majority,dissent1,0.9785170555114746
a2044,majority,dissent2,0.9808201193809509
a2045,majority,dissent1,0.9911485910415649
a2045,majority,dissent2,0.9870702028274536
a2046,majority,dissent1,0.9948594570159912
a2047,majority,dissent1,0.9250596165657043
a2047,majority,dissent2,0.9838469624519348
a2047,majority,dissent3,0.9196144342422485
a2047,majority,dissent4,0.9775307178497314
a2048,majority,dissent1,0.9688237905502319
a2048,majority,dissent2,0.990058183670044
a2049,majority,dissent1,0.9800576567649841
a2050,majority,dissent1,0.9747262001037598
a2051,majority,dissent1,0.9882614612579346
a2052,majority,dissent1,0.9942924380302429
a2053,majority,dissent1,0.9940263032913208
a2054,majority,dissent1,0.9895917177200317
a2055,majority,dissent1,0.9914023876190186
a2059,majority,dissent1,0.9636276960372925
a2059,majority,dissent2,0.9907402396202087
a2059,majority,dissent3,0.99825519323349
a2061,majority,dissent1,0.9733280539512634
a2062,majority,dissent1,0.986846923828125
a2063,majority,dissent1,0.9916852712631226
a2064,majority,dissent1,0.9925532937049866
a2065,majority,dissent1,0.9937789440155029
a2066,majority,dissent1,0.9764339923858643
a2067,majority,dissent1,0.9892019033432007
a2068,majority,dissent1,0.9854069352149963
a2069,majority,dissent1,0.9898611903190613
a2069,majority,dissent2,0.9948357939720154
a2070,majority,dissent1,0.9940311908721924
a2071,majority,dissent1,0.9862638711929321
a2071,majority,dissent2,0.9777897000312805
a2072,majority,dissent1,0.9951621294021606
a2074,majority,dissent1,0.9944139719009399
a2075,majority,dissent1,0.9759091138839722
a2076,majority,dissent1,0.9947022199630737
a2077,majority,dissent1,0.9536758661270142
a2079,majority,dissent1,0.988560140132904
a2080,majority,dissent1,0.9962774515151978
a2081,majority,dissent1,0.8943470120429993
a2087,majority,dissent1,0.9175601005554199
a2088,majority,dissent1,0.9402323961257935
a2088,majority,dissent2,0.9855234622955322
a2088,majority,dissent3,0.9918317794799805
a2089,majority,dissent1,0.9749138355255127
a2089,majority,dissent2,0.992829442024231
a2090,majority,dissent1,0.9643465876579285
a2090,majority,dissent2,0.9869182109832764
a2092,majority,dissent1,0.9951047897338867
a2093,majority,dissent1,0.9925202131271362
a2094,majority,dissent1,0.9710364937782288
a2094,majority,dissent2,0.964907169342041
a2094,majority,dissent3,0.9924794435501099
a2095,majority,dissent1,0.987663984298706
a2095,majority,dissent2,0.969778299331665
a2096,majority,dissent1,0.9914454817771912
a2097,majority,dissent1,0.9945094585418701
a2098,majority,dissent1,0.9854802489280701
a2098,majority,dissent2,0.9970113039016724
a2099,majority,dissent1,0.9729750752449036
a2099,majority,dissent2,0.9875472187995911
a2101,majority,dissent1,0.9599789977073669
a2101,majority,dissent2,0.969427227973938
a2102,majority,dissent1,0.9924764633178711
a2105,majority,dissent1,0.9869466423988342
a2105,majority,dissent2,0.9818618297576904
a2109,majority,dissent1,0.988550066947937
a2109,majority,dissent2,0.979041576385498
a2114,majority,dissent1,0.990741491317749
a2114,majority,dissent2,0.97617506980896
a2115,majority,dissent1,0.973134458065033
a2115,majority,dissent2,0.9955337047576904
a2116,majority,dissent1,0.8999895453453064
a2117,majority,dissent1,0.978468120098114
a2117,majority,dissent2,0.9841272830963135
a2118,majority,dissent1,0.9630595445632935
a2118,majority,dissent2,0.9852689504623413
a2119,majority,dissent1,0.9795909523963928
a2119,majority,dissent2,0.9935095310211182
a2119,majority,dissent3,0.9297897815704346
a2120,majority,dissent1,0.9927531480789185
a2121,majority,dissent1,0.9962605237960815
a2122,majority,dissent1,0.9931856393814087
a2123,majority,dissent1,0.984466552734375
a2123,majority,dissent2,0.9851075410842896
a2124,majority,dissent1,0.9886474013328552
a2124,majority,dissent2,0.9782905578613281
a2124,majority,dissent3,0.9875280857086182
a2124,majority,dissent4,0.8723263740539551
a2125,majority,dissent1,0.9947009682655334
a2126,majority,dissent1,0.9908119440078735
a2127,majority,dissent1,0.927075982093811
a2127,majority,dissent2,0.9739396572113037
a2129,majority,dissent1,0.9754993915557861
a2129,majority,dissent2,0.9805885553359985
a2130,majority,dissent1,0.9775492548942566
a2131,majority,dissent1,0.9885396957397461
a2132,majority,dissent1,0.9742353558540344
a2132,majority,dissent2,0.9936233758926392
a2133,majority,dissent1,0.99285888671875
a2134,majority,dissent1,0.9630974531173706
a2134,majority,dissent2,0.9968094825744629
a2135,majority,dissent1,0.9831206798553467
a2136,majority,dissent1,0.9929338693618774
a2137,majority,dissent1,0.9957473278045654
a2137,majority,dissent2,0.9915037155151367
a2138,majority,dissent1,0.9310880899429321
a2141,majority,dissent1,0.94805908203125
a2142,majority,dissent1,0.861268162727356
a2142,majority,dissent2,0.9676082134246826
a2143,majority,dissent1,0.990680456161499
a2144,majority,dissent1,0.9882290363311768
a2146,majority,dissent1,0.9845479726791382
a2146,majority,dissent2,0.9764794111251831
a2147,majority,dissent1,0.9840165376663208
a2148,majority,dissent1,0.9723310470581055
a2149,majority,dissent1,0.9785215258598328
a2150,majority,dissent1,0.8715766668319702
a2151,majority,dissent1,0.9935646057128906
a2153,majority,dissent1,0.9963221549987793
a2154,majority,dissent1,0.9875651001930237
a2155,majority,dissent1,0.9953030347824097
a2156,majority,dissent1,0.9906601905822754
a2157,majority,dissent1,0.9910727143287659
a2158,majority,dissent1,0.9905937910079956
a2159,majority,dissent1,0.9919865727424622
a2160,majority,dissent1,0.9750330448150635
a2160,majority,dissent2,0.9929909706115723
a2161,majority,dissent1,0.9948059320449829
a2163,majority,dissent1,0.991866946220398
a2164,majority,dissent1,0.9867481589317322
a2165,majority,dissent1,0.9939166307449341
a2166,majority,dissent1,0.9753175377845764
a2169,majority,dissent1,0.9940254092216492
a2170,majority,dissent1,0.9863100647926331
a2198,majority,dissent1,0.9396716356277466
a2199,majority,dissent1,0.9170849323272705
a2200,majority,dissent1,0.9504014253616333
a2201,majority,dissent1,0.9153227806091309
a2202,majority,dissent1,0.9330223798751831
a2203,majority,dissent1,0.9514813423156738
a2206,majority,dissent1,0.9431967735290527
a2207,majority,dissent1,0.9338386654853821
a2210,majority,dissent1,0.9277822971343994
a2220,majority,dissent1,0.9432913064956665
a2221,majority,dissent1,0.9375098347663879
a2222,majority,dissent1,0.9297357797622681
a2224,majority,dissent1,0.9447511434555054
a2226,majority,dissent1,0.9677201509475708
a2227,majority,dissent1,0.9932781457901001
a2228,majority,dissent1,0.9894866943359375
a2228,majority,dissent2,0.992669403553009
a2229,majority,dissent1,0.9940095543861389
a2230,majority,dissent1,0.9912243485450745
a2231,majority,dissent1,0.9870636463165283
a2232,majority,dissent1,0.9816615581512451
a2232,majority,dissent2,0.9562544822692871
a2233,majority,dissent1,0.9797687530517578
a2233,majority,dissent2,0.9876724481582642
a2234,majority,dissent1,0.9961550235748291
a2235,majority,dissent1,0.9895728230476379
a2239,majority,dissent1,0.9844931364059448
a2240,majority,dissent1,0.9923610091209412
a2242,majority,dissent1,0.9637200236320496
a2244,majority,dissent1,0.9953623414039612
a2245,majority,dissent1,0.978023886680603
a2245,majority,dissent2,0.9908559322357178
a2246,majority,dissent1,0.9789892435073853
a2246,majority,dissent2,0.9893210530281067
a2247,majority,dissent1,0.9942209124565125
a2248,majority,dissent1,0.9944585561752319
a2248,majority,dissent2,0.9829667210578918
a2248,majority,dissent3,0.9926540851593018
a2249,majority,dissent1,0.9851951003074646
a2251,majority,dissent1,0.9890533685684204
a2252,majority,dissent1,0.990311861038208
a2253,majority,dissent1,0.9788669943809509
a2254,majority,dissent1,0.9708117246627808
a2259,majority,dissent1,0.9696230888366699
a2259,majority,dissent2,0.9864751696586609
a2260,majority,dissent1,0.9947694540023804
a2260,majority,dissent2,0.9886906147003174
a2260,majority,dissent3,0.9886149168014526
a2261,majority,dissent1,0.9904334545135498
a2262,majority,dissent1,0.978742778301239
a2262,majority,dissent2,0.9890584945678711
a2263,majority,dissent1,0.9963549375534058
a2264,majority,dissent1,0.9748849272727966
a2265,majority,dissent1,0.9848079681396484
a2265,majority,dissent2,0.9669615030288696
a2268,majority,dissent1,0.982448160648346
a2269,majority,dissent1,0.9915229082107544
a2273,majority,dissent1,0.98752760887146
a2274,majority,dissent1,0.991291880607605
a2276,majority,dissent1,0.9920341968536377
a2277,majority,dissent1,0.9918184876441956
a2285,majority,dissent1,0.9942786693572998
a2286,majority,dissent1,0.9876828193664551
a2287,majority,dissent1,0.994072437286377
a2288,majority,dissent1,0.985465943813324
a2289,majority,dissent1,0.9896019697189331
a2290,majority,dissent1,0.989973783493042
a2291,majority,dissent1,0.994008481502533
a2292,majority,dissent1,0.9893674850463867
a2294,majority,dissent1,0.9770967364311218
a2295,majority,dissent1,0.9931039810180664
a2296,majority,dissent1,0.9925289750099182
a2297,majority,dissent1,0.9937494397163391
a2298,majority,dissent1,0.9952853322029114
a2300,majority,dissent1,0.9877620339393616
a2301,majority,dissent1,0.9875039458274841
a2302,majority,dissent1,0.9791973829269409
a2303,majority,dissent1,0.9890538454055786
a2304,majority,dissent1,0.9935426115989685
a2305,majority,dissent1,0.9942428469657898
a2306,majority,dissent1,0.9963253736495972
a2307,majority,dissent1,0.982689619064331
a2308,majority,dissent1,0.9911845922470093
a2309,majority,dissent1,0.9905475378036499
a2316,majority,dissent1,0.9895250797271729
a2317,majority,dissent1,0.990850031375885
a2317,majority,dissent2,0.8988668322563171
a2318,majority,dissent1,0.9709562063217163
a2318,majority,dissent2,0.9930394291877747
a2320,majority,dissent1,0.9821193218231201
a2320,majority,dissent2,0.9933626651763916
a2321,majority,dissent1,0.9885278344154358
a2321,majority,dissent2,0.9907066822052002
a2321,majority,dissent3,0.9832423329353333
a2323,majority,dissent1,0.991776168346405
a2324,majority,dissent1,0.9942036867141724
a2325,majority,dissent1,0.9873917102813721
a2325,majority,dissent2,0.9801685810089111
a2325,majority,dissent3,0.9822534918785095
a2325,majority,dissent4,0.985470175743103
a2325,majority,dissent5,0.987443208694458
a2326,majority,dissent1,0.9380297660827637
a2326,majority,dissent2,0.9918559193611145
a2328,majority,dissent1,0.9922946691513062
a2329,majority,dissent1,0.9773332476615906
a2330,majority,dissent1,0.9731952548027039
a2330,majority,dissent2,0.9952139258384705
a2332,majority,dissent1,0.9921054840087891
a2334,majority,dissent1,0.9362108707427979
a2334,majority,dissent2,0.978670060634613
a2335,majority,dissent1,0.9867063760757446
a2335,majority,dissent2,0.9955860376358032
a2335,majority,dissent3,0.9953715205192566
a2351,majority,dissent1,0.9856469631195068
a2352,majority,dissent1,0.9835754632949829
a2353,majority,dissent1,0.9923258423805237
a2354,majority,dissent1,0.9917379021644592
a2355,majority,dissent1,0.9969476461410522
a2356,majority,dissent1,0.9956251382827759
a2357,majority,dissent1,0.9645369648933411
a2357,majority,dissent2,0.9945549964904785
a2358,majority,dissent1,0.9590949416160583
a2359,majority,dissent1,0.993495523929596
a2360,majority,dissent1,0.9909810423851013
a2361,majority,dissent1,0.9897065162658691
a2362,majority,dissent1,0.9925404191017151
a2362,majority,dissent2,0.9791289567947388
a2362,majority,dissent3,0.9914270043373108
a2364,majority,dissent1,0.9909486770629883
a2364,majority,dissent2,0.9897304773330688
a2367,majority,dissent1,0.9930968284606934
a2367,majority,dissent2,0.7348219752311707
a2368,majority,dissent1,0.9884661436080933
a2369,majority,dissent1,0.9914741516113281
a2370,majority,dissent1,0.9677451252937317
a2405,majority,dissent1,0.929099440574646
a2414,majority,dissent1,0.9399222135543823
a2415,majority,dissent1,0.992476224899292
a2416,majority,dissent1,0.9851333498954773
a2418,majority,dissent1,0.9845505356788635
a2419,majority,dissent1,0.9935314655303955
a2421,majority,dissent1,0.9893239736557007
a2422,majority,dissent1,0.9855747222900391
a2423,majority,dissent1,0.9754936695098877
a2423,majority,dissent2,0.9940718412399292
a2424,majority,dissent1,0.9915817975997925
a2424,majority,dissent2,0.9758144617080688
a2426,majority,dissent1,0.988713264465332
a2428,majority,dissent1,0.9775949716567993
a2429,majority,dissent1,0.9918557405471802
a2430,majority,dissent1,0.9902048110961914
a2431,majority,dissent1,0.9901041388511658
a2432,majority,dissent1,0.9699996709823608
a2432,majority,dissent2,0.9816933870315552
a2432,majority,dissent3,0.992167592048645
a2433,majority,dissent1,0.9905117154121399
a2434,majority,dissent1,0.9873653650283813
a2435,majority,dissent1,0.990263819694519
a2437,majority,dissent1,0.9814982414245605
a2438,majority,dissent1,0.9957832098007202
a2439,majority,dissent1,0.9789091348648071
a2439,majority,dissent2,0.9808984398841858
a2441,majority,dissent1,0.9953270554542542
a2441,majority,dissent2,0.9601194858551025
a2442,majority,dissent1,0.9728561639785767
a2449,majority,dissent1,0.984923243522644
a2451,majority,dissent1,0.9816181659698486
a2452,majority,dissent1,0.9931938648223877
a2453,majority,dissent1,0.9615262150764465
a2453,majority,dissent2,0.9889756441116333
a2454,majority,dissent1,0.9942528605461121
a2455,majority,dissent1,0.9944987297058105
a2456,majority,dissent1,0.9457445740699768
a2458,majority,dissent1,0.9936658143997192
a2460,majority,dissent1,0.9717678427696228
a2461,majority,dissent1,0.9829015731811523
a2463,majority,dissent1,0.9809373617172241
a2463,majority,dissent2,0.9938636422157288
a2465,majority,dissent1,0.9862643480300903
a2467,majority,dissent1,0.9933784604072571
a2468,majority,dissent1,0.9837029576301575
a2469,majority,dissent1,0.9926254749298096
a2470,majority,dissent1,0.9952020049095154
a2482,majority,dissent1,0.9677481651306152
a2483,majority,dissent1,0.993808388710022
a2484,majority,dissent1,0.9811602830886841
a2486,majority,dissent1,0.9949990510940552
a2486,majority,dissent2,0.9723117351531982
a2489,majority,dissent1,0.9651888608932495
a2489,majority,dissent2,0.9796410799026489
a2490,majority,dissent1,0.9886441230773926
a2491,majority,dissent1,0.982870876789093
a2492,majority,dissent1,0.9936866760253906
a2495,majority,dissent1,0.9880959987640381
a2495,majority,dissent2,0.9951318502426147
a2496,majority,dissent1,0.970140814781189
a2496,majority,dissent2,0.9936957359313965
a2497,majority,dissent1,0.9687710404396057
a2497,majority,dissent2,0.9929587244987488
a2500,majority,dissent1,0.9927151203155518
a2502,majority,dissent1,0.9875882863998413
a2503,majority,dissent1,0.9614517092704773
a2503,majority,dissent2,0.9940312504768372
a2504,majority,dissent1,0.9884740710258484
a2504,majority,dissent2,0.9894499778747559
a2505,majority,dissent1,0.9851449728012085
a2518,majority,dissent1,0.929998517036438
a2520,majority,dissent1,0.9900394678115845
a2521,majority,dissent1,0.9927812218666077
a2521,majority,dissent2,0.9808565378189087
a2523,majority,dissent1,0.9722908735275269
a2525,majority,dissent1,0.989243745803833
a2526,majority,dissent1,0.9968295693397522
a2527,majority,dissent1,0.9941508769989014
a2530,majority,dissent1,0.9811710119247437
a2531,majority,dissent1,0.9922612309455872
a2532,majority,dissent1,0.9920886158943176
a2534,majority,dissent1,0.9468094110488892
a2535,majority,dissent1,0.944159984588623
a2549,majority,dissent1,0.9926917552947998
a2552,majority,dissent1,0.9894689917564392
a2552,majority,dissent2,0.9820466041564941
a2552,majority,dissent3,0.9914067387580872
a2554,majority,dissent1,0.9929014444351196
a2556,majority,dissent1,0.9924014806747437
a2557,majority,dissent1,0.9502160549163818
a2559,majority,dissent1,0.9572008848190308
a2561,majority,dissent1,0.9454902410507202
a2566,majority,dissent1,0.9753484129905701
a2567,majority,dissent1,0.9585274457931519
a2573,majority,dissent1,0.9837971329689026
a2574,majority,dissent1,0.9048435688018799
a2574,majority,dissent2,0.995311439037323
a2577,majority,dissent1,0.9816716313362122
a2577,majority,dissent2,0.9901262521743774
a2578,majority,dissent1,0.98631352186203
a2579,majority,dissent1,0.9900991916656494
a2580,majority,dissent1,0.9904717206954956
a2581,majority,dissent1,0.9761788845062256
a2585,majority,dissent1,0.986703634262085
a2586,majority,dissent1,0.9828593730926514
a2586,majority,dissent2,0.9821629524230957
a2586,majority,dissent3,0.975201427936554
a2588,majority,dissent1,0.9934952259063721
a2588,majority,dissent2,0.976708173751831
a2590,majority,dissent1,0.9843172430992126
a2591,majority,dissent1,0.9881100654602051
a2592,majority,dissent1,0.9920945167541504
a2594,majority,dissent1,0.985759437084198
a2598,majority,dissent1,0.9525444507598877
a2599,majority,dissent1,0.996543824672699
a2600,majority,dissent1,0.9918356537818909
a2602,majority,dissent1,0.989713191986084
a2609,majority,dissent1,0.9931008815765381
a2610,majority,dissent1,0.9921315312385559
a2611,majority,dissent1,0.9936375617980957
a2613,majority,dissent1,0.9869766235351562
a2613,majority,dissent2,0.9913736581802368
a2614,majority,dissent1,0.9838588833808899
a2614,majority,dissent2,0.9902593493461609
a2614,majority,dissent3,0.980750560760498
a2615,majority,dissent1,0.9776407480239868
a2616,majority,dissent1,0.9967639446258545
a2618,majority,dissent1,0.9885133504867554
a2619,majority,dissent1,0.9907741546630859
a2621,majority,dissent1,0.9927050471305847
a2622,majority,dissent1,0.990193247795105
a2624,majority,dissent1,0.9624245166778564
a2624,majority,dissent2,0.994189441204071
a2625,majority,dissent1,0.9873303174972534
a2626,majority,dissent1,0.9892174005508423
a2626,majority,dissent2,0.9873099327087402
a2626,majority,dissent3,0.9438180327415466
a2627,majority,dissent1,0.9897779822349548
a2628,majority,dissent1,0.9931511878967285
a2628,majority,dissent2,0.9812106490135193
a2631,majority,dissent1,0.9900497198104858
a2632,majority,dissent1,0.9804118871688843
a2633,majority,dissent1,0.98921138048172
a2633,majority,dissent2,0.9921787977218628
a2634,majority,dissent1,0.9916169047355652
a2635,majority,dissent1,0.9053239226341248
a2636,majority,dissent1,0.9886618852615356
a2637,majority,dissent1,0.983941376209259
a2638,majority,dissent1,0.9831063151359558
a2639,majority,dissent1,0.9769357442855835
a2641,majority,dissent1,0.990904688835144
a2642,majority,dissent1,0.9891130328178406
a2643,majority,dissent1,0.9807237982749939
a2643,majority,dissent2,0.9929481744766235
a2645,majority,dissent1,0.9919425845146179
a2647,majority,dissent1,0.9906474351882935
a2647,majority,dissent2,0.953205943107605
a2648,majority,dissent1,0.9810924530029297
a2649,majority,dissent1,0.9878736734390259
a2651,majority,dissent1,0.9825966358184814
a2656,majority,dissent1,0.9868197441101074
a2656,majority,dissent2,0.9896901249885559
a2659,majority,dissent1,0.9793531894683838
a2659,majority,dissent2,0.8684061765670776
a2659,majority,dissent3,0.9897511601448059
a2660,majority,dissent1,0.8374778628349304
a2660,majority,dissent2,0.9930142760276794
a2660,majority,dissent3,0.8346364498138428
a2661,majority,dissent1,0.9927021265029907
a2662,majority,dissent1,0.9923630356788635
a2663,majority,dissent1,0.9453572630882263
a2663,majority,dissent2,0.9871994256973267
a2664,majority,dissent1,0.9914332628250122
a2664,majority,dissent2,0.9796065092086792
a2665,majority,dissent1,0.9911925792694092
a2666,majority,dissent1,0.9948947429656982
a2672,majority,dissent1,0.9921034574508667
a2674,majority,dissent1,0.9881095886230469
a2675,majority,dissent1,0.984748899936676
a2677,majority,dissent1,0.9747784733772278
a2678,majority,dissent1,0.9915595650672913
a2678,majority,dissent2,0.9889982342720032
a2681,majority,dissent1,0.9862595200538635
a2681,majority,dissent2,0.9937649965286255
a2682,majority,dissent1,0.9739891886711121
a2683,majority,dissent1,0.9907819628715515
a2685,majority,dissent1,0.8682637810707092
a2685,majority,dissent2,0.9947616457939148
a2686,majority,dissent1,0.9806046485900879
a2687,majority,dissent1,0.989977240562439
a2688,majority,dissent1,0.995099663734436
a2689,majority,dissent1,0.9768173098564148
a2689,majority,dissent2,0.9727303981781006
a2690,majority,dissent1,0.9867684841156006
a2691,majority,dissent1,0.9950708150863647
a2691,majority,dissent2,0.9168409109115601
a2692,majority,dissent1,0.9903601408004761
a2693,majority,dissent1,0.9891357421875
a2696,majority,dissent1,0.9852580428123474
a2696,majority,dissent2,0.8423680663108826
a2696,majority,dissent3,0.9918026328086853
a2697,majority,dissent1,0.9905544519424438
a2715,majority,dissent1,0.9656887650489807
a2715,majority,dissent2,0.9572193622589111
a2715,majority,dissent3,0.8905435800552368
a2722,majority,dissent1,0.9859909415245056
a2723,majority,dissent1,0.9931627511978149
a2725,majority,dissent1,0.9670145511627197
a2726,majority,dissent1,0.9940807223320007
a2728,majority,dissent1,0.9930150508880615
a2729,majority,dissent1,0.9864035844802856
a2731,majority,dissent1,0.9836829900741577
a2731,majority,dissent2,0.9754897952079773
a2732,majority,dissent1,0.992923378944397
a2732,majority,dissent2,0.953431248664856
a2734,majority,dissent1,0.9837205410003662
a2734,majority,dissent2,0.9928668737411499
a2734,majority,dissent3,0.983993649482727
a2736,majority,dissent1,0.9912096261978149
a2736,majority,dissent2,0.9383317232131958
a2736,majority,dissent3,0.9946479797363281
a2739,majority,dissent1,0.9881258606910706
a2740,majority,dissent1,0.9947779178619385
a2741,majority,dissent1,0.9930136203765869
a2741,majority,dissent2,0.9732090830802917
a2743,majority,dissent1,0.9785070419311523
a2743,majority,dissent2,0.9876088500022888
a2744,majority,dissent1,0.9939820766448975
a2745,majority,dissent1,0.9865744709968567
a2746,majority,dissent1,0.9966651797294617
a2747,majority,dissent1,0.9883639812469482
a2747,majority,dissent2,0.9795482754707336
a2747,majority,dissent3,0.9856922626495361
a2751,majority,dissent1,0.9929036498069763
a2753,majority,dissent1,0.947839617729187
a2755,majority,dissent1,0.98741215467453
a2758,majority,dissent1,0.9890872240066528
a2759,majority,dissent1,0.9881399273872375
a2762,majority,dissent1,0.9327260255813599
a2762,majority,dissent2,0.9901995062828064
a2764,majority,dissent1,0.9930039048194885
a2765,majority,dissent1,0.9924911856651306
a2765,majority,dissent2,0.9934220314025879
a2766,majority,dissent1,0.9850783944129944
a2766,majority,dissent2,0.9928597211837769
a2766,majority,dissent3,0.9927623867988586
a2767,majority,dissent1,0.9857407212257385
a2768,majority,dissent1,0.9909594058990479
a2769,majority,dissent1,0.8943803906440735
a2769,majority,dissent2,0.9030420184135437
a2769,majority,dissent3,0.9858297109603882
a2770,majority,dissent1,0.9871271252632141
a2771,majority,dissent1,0.8914101123809814
a2771,majority,dissent2,0.9849179983139038
a2771,majority,dissent3,0.9844812154769897
a2772,majority,dissent1,0.9885163307189941
a2773,majority,dissent1,0.9793453216552734
a2774,majority,dissent1,0.997471809387207
a2774,majority,dissent2,0.9653940200805664
a2775,majority,dissent1,0.9428343772888184
a2775,majority,dissent2,0.9951159954071045
a2776,majority,dissent1,0.9911700487136841
a2777,majority,dissent1,0.9884692430496216
a2779,majority,dissent1,0.9732951521873474
a2782,majority,dissent1,0.9824948310852051
a2782,majority,dissent2,0.9910688400268555
a2782,majority,dissent3,0.9911186695098877
a2783,majority,dissent1,0.9855685234069824
a2784,majority,dissent1,0.9702534675598145
a2785,majority,dissent1,0.9877882599830627
a2786,majority,dissent1,0.9936255812644958
a2787,majority,dissent1,0.9950917959213257
a2789,majority,dissent1,0.9759771227836609
a2790,majority,dissent1,0.9856255054473877
a2791,majority,dissent1,0.9921038746833801
a2792,majority,dissent1,0.9921034574508667
a2794,majority,dissent1,0.8832838535308838
a2794,majority,dissent2,0.9881813526153564
a2795,majority,dissent1,0.9950857162475586
a2796,majority,dissent1,0.9875011444091797
a2797,majority,dissent1,0.9905428290367126
a2798,majority,dissent1,0.9879521131515503
a2799,majority,dissent1,0.9926979541778564
a2799,majority,dissent2,0.9823352098464966
a2799,majority,dissent3,0.9592356085777283
a2800,majority,dissent1,0.9965510964393616
a2801,majority,dissent1,0.9919201135635376
a2801,majority,dissent2,0.957464337348938
a2802,majority,dissent1,0.9734372496604919
a2805,majority,dissent1,0.9940651655197144
a2807,majority,dissent1,0.8725664615631104
a2808,majority,dissent1,0.9908756613731384
a2809,majority,dissent1,0.9860677123069763
a2811,majority,dissent1,0.9952515959739685
a2815,majority,dissent1,0.9899686574935913
a2817,majority,dissent1,0.9631671905517578
a2819,majority,dissent1,0.9951614737510681
a2819,majority,dissent2,0.991983950138092
a2820,majority,dissent1,0.9876794815063477
a2820,majority,dissent2,0.9857822060585022
a2821,majority,dissent1,0.985988974571228
a2822,majority,dissent1,0.9957056045532227
a2823,majority,dissent1,0.9882319569587708
a2823,majority,dissent2,0.8390800356864929
a2824,majority,dissent1,0.9847697019577026
a2825,majority,dissent1,0.9831359386444092
a2828,majority,dissent1,0.956556499004364
a2829,majority,dissent1,0.97931969165802
a2830,majority,dissent1,0.9920752048492432
a2832,majority,dissent1,0.9829689264297485
a2833,majority,dissent1,0.9506358504295349
a2833,majority,dissent2,0.9455564618110657
a2834,majority,dissent1,0.989492654800415
a2834,majority,dissent2,0.9907979965209961
a2835,majority,dissent1,0.9254576563835144
a2837,majority,dissent1,0.992936372756958
a2838,majority,dissent1,0.9939671754837036
a2840,majority,dissent1,0.9740806818008423
a2842,majority,dissent1,0.988469123840332
a2842,majority,dissent2,0.9935553073883057
a2843,majority,dissent1,0.9916439056396484
a2843,majority,dissent2,0.9830857515335083
a2845,majority,dissent1,0.9926767349243164
a2846,majority,dissent1,0.992405354976654
a2846,majority,dissent2,0.9917039275169373
a2847,majority,dissent1,0.9910425543785095
a2849,majority,dissent1,0.9935950040817261
a2850,majority,dissent1,0.9761918187141418
a2850,majority,dissent2,0.9933962821960449
a2851,majority,dissent1,0.9815760850906372
a2852,majority,dissent1,0.9770494103431702
a2852,majority,dissent2,0.990169882774353
a2853,majority,dissent1,0.9866922497749329
a2866,majority,dissent1,0.9632883071899414
a2866,majority,dissent2,0.8992542624473572
a2869,majority,dissent1,0.9569523334503174
a2880,majority,dissent1,0.9836981296539307
a2882,majority,dissent1,0.9962015151977539
a2884,majority,dissent1,0.9956368207931519
a2886,majority,dissent1,0.9603837728500366
a2889,majority,dissent1,0.9876738786697388
a2889,majority,dissent2,0.9833970069885254
a2890,majority,dissent1,0.9914081692695618
a2891,majority,dissent1,0.9913182258605957
a2891,majority,dissent2,0.9665721654891968
a2892,majority,dissent1,0.9869145154953003
a2893,majority,dissent1,0.9907204508781433
a2894,majority,dissent1,0.9937858581542969
a2895,majority,dissent1,0.9695138335227966
a2895,majority,dissent2,0.984806478023529
a2896,majority,dissent1,0.98993319272995
a2897,majority,dissent1,0.9794036149978638
a2897,majority,dissent2,0.992793619632721
a2899,majority,dissent1,0.99289870262146
a2903,majority,dissent1,0.9931554198265076
a2903,majority,dissent2,0.9930911064147949
a2921,majority,dissent1,0.9899778962135315
a2922,majority,dissent1,0.9928990006446838
a2923,majority,dissent1,0.9942752122879028
a2924,majority,dissent1,0.9686019420623779
a2926,majority,dissent1,0.9906612634658813
a2927,majority,dissent1,0.9870713949203491
a2927,majority,dissent2,0.9947486519813538
a2928,majority,dissent1,0.9952570199966431
a2929,majority,dissent1,0.9846194982528687
a2930,majority,dissent1,0.9937266111373901
a2931,majority,dissent1,0.9148715138435364
a2932,majority,dissent1,0.9921385049819946
a2934,majority,dissent1,0.9944024085998535
a2935,majority,dissent1,0.9757468700408936
a2936,majority,dissent1,0.9926809668540955
a2938,majority,dissent1,0.9914114475250244
a2939,majority,dissent1,0.9838773012161255
a2940,majority,dissent1,0.9978199005126953
a2941,majority,dissent1,0.9909476637840271
a2941,majority,dissent2,0.9932012557983398
a2942,majority,dissent1,0.9935301542282104
a2943,majority,dissent1,0.9911654591560364
a2944,majority,dissent1,0.9913755059242249
a2945,majority,dissent1,0.995281994342804
a2946,majority,dissent1,0.9933435320854187
a2955,majority,dissent1,0.9647819399833679
a2955,majority,dissent2,0.9950729012489319
a2956,majority,dissent1,0.961076021194458
a2957,majority,dissent1,0.9941908121109009
a2959,majority,dissent1,0.9970883727073669
a2959,majority,dissent2,0.9803829193115234
a2962,majority,dissent1,0.9810596704483032
a2962,majority,dissent2,0.97430020570755
a2962,majority,dissent3,0.9921370148658752
a2963,majority,dissent1,0.98372483253479
a2965,majority,dissent1,0.9890350103378296
a2967,majority,dissent1,0.9899136424064636
a2969,majority,dissent1,0.9961774349212646
a2970,majority,dissent1,0.9895128011703491
a2971,majority,dissent1,0.9831423163414001
a2973,majority,dissent1,0.9864747524261475
a2974,majority,dissent1,0.9552351236343384
a2974,majority,dissent2,0.9951296448707581
a2975,majority,dissent1,0.9934521913528442
a2977,majority,dissent1,0.9973514080047607
a2978,majority,dissent1,0.989636242389679
a2980,majority,dissent1,0.9945962429046631
a2981,majority,dissent1,0.9780259132385254
a2982,majority,dissent1,0.9594992399215698
a2983,majority,dissent1,0.9940330982208252
a2984,majority,dissent1,0.9946504831314087
a2985,majority,dissent1,0.9951236844062805
a2988,majority,dissent1,0.993462085723877
a2991,majority,dissent1,0.8781530857086182
a2992,majority,dissent1,0.9955228567123413
a2993,majority,dissent1,0.9958670735359192
a2994,majority,dissent1,0.9887000918388367
a2994,majority,dissent2,0.9815372228622437
a2995,majority,dissent1,0.9536025524139404
a2998,majority,dissent1,0.9838988780975342
a2999,majority,dissent1,0.9922807812690735
a3000,majority,dissent1,0.9899212121963501
a3001,majority,dissent1,0.9951564073562622
a3002,majority,dissent1,0.9962953329086304
a3003,majority,dissent1,0.9960992932319641
a3004,majority,dissent1,0.9954116344451904
a3006,majority,dissent1,0.9955189824104309
a3007,majority,dissent1,0.9924323558807373
a3008,majority,dissent1,0.9871148467063904
a3009,majority,dissent1,0.9875892400741577
a3011,majority,dissent1,0.9470398426055908
a3012,majority,dissent1,0.9875177145004272
a3013,majority,dissent1,0.9858647584915161
a3014,majority,dissent1,0.9930529594421387
a3016,majority,dissent1,0.994465708732605
a3018,majority,dissent1,0.9859554767608643
a3020,majority,dissent1,0.9939619898796082
a3051,majority,dissent1,0.9873697757720947
a3052,majority,dissent1,0.9954355359077454
a3053,majority,dissent1,0.9910087585449219
a3055,majority,dissent1,0.9966632127761841
a3057,majority,dissent1,0.9928392171859741
a3057,majority,dissent2,0.994394838809967
a3058,majority,dissent1,0.9930531978607178
a3060,majority,dissent1,0.9925429224967957
a3060,majority,dissent2,0.9750469923019409
a3061,majority,dissent1,0.8871468305587769
a3061,majority,dissent2,0.9780862927436829
a3061,majority,dissent3,0.9786554574966431
a3062,majority,dissent1,0.988987922668457
a3062,majority,dissent2,0.9925007820129395
a3063,majority,dissent1,0.9888507723808289
a3064,majority,dissent1,0.9359473586082458
a3065,majority,dissent1,0.9971504211425781
a3066,majority,dissent1,0.8063786625862122
a3066,majority,dissent2,0.9955348968505859
a3067,majority,dissent1,0.9856033325195312
a3068,majority,dissent1,0.9860622882843018
a3068,majority,dissent2,0.9944912791252136
a3069,majority,dissent1,0.9845193028450012
a3070,majority,dissent1,0.9943201541900635
a3071,majority,dissent1,0.9895197749137878
a3080,majority,dissent1,0.9975898265838623
a3081,majority,dissent1,0.9953294396400452
a3082,majority,dissent1,0.9916585683822632
a3085,majority,dissent1,0.9902971982955933
a3085,majority,dissent2,0.9922069311141968
a3085,majority,dissent3,0.9898408055305481
a3086,majority,dissent1,0.9873117208480835
a3087,majority,dissent1,0.9952467679977417
a3089,majority,dissent1,0.9956164360046387
a3090,majority,dissent1,0.9941264390945435
a3091,majority,dissent1,0.9687830209732056
a3092,majority,dissent1,0.9906619787216187
a3092,majority,dissent2,0.991720974445343
a3093,majority,dissent1,0.9846222400665283
a3097,majority,dissent1,0.9968911409378052
a3097,majority,dissent2,0.9933832883834839
a3098,majority,dissent1,0.9891117811203003
a3099,majority,dissent1,0.9972960352897644
a3099,majority,dissent2,0.9915282726287842
a3101,majority,dissent1,0.9768337607383728
a3110,majority,dissent1,0.993787944316864
a3112,majority,dissent1,0.9920048117637634
a3113,majority,dissent1,0.9010241031646729
a3114,majority,dissent1,0.9608021974563599
a3115,majority,dissent1,0.9929256439208984
a3116,majority,dissent1,0.9923601150512695
a3117,majority,dissent1,0.9634745717048645
a3117,majority,dissent2,0.9728294610977173
a3117,majority,dissent3,0.986416220664978
a3118,majority,dissent1,0.9902260899543762
a3121,majority,dissent1,0.9930263757705688
a3122,majority,dissent1,0.9952507019042969
a3124,majority,dissent1,0.9607850313186646
a3125,majority,dissent1,0.9630382657051086
a3127,majority,dissent1,0.990585207939148
a3131,majority,dissent1,0.988006055355072
a3131,majority,dissent2,0.9914975762367249
a3132,majority,dissent1,0.9854268431663513
a3132,majority,dissent2,0.9880870580673218
a3133,majority,dissent1,0.990303635597229
a3140,majority,dissent1,0.9933220148086548
a3141,majority,dissent1,0.9899134039878845
a3145,majority,dissent1,0.9484277963638306
a3146,majority,dissent1,0.9563139081001282
a3146,majority,dissent2,0.9896929860115051
a3147,majority,dissent1,0.9714469313621521
a3148,majority,dissent1,0.9932959079742432
a3149,majority,dissent1,0.9716659784317017
a3149,majority,dissent2,0.9942958354949951
a3150,majority,dissent1,0.9941306114196777
a3151,majority,dissent1,0.9941485524177551
a3153,majority,dissent1,0.9892233610153198
a3155,majority,dissent1,0.9870758056640625
a3155,majority,dissent2,0.9955697059631348
a3156,majority,dissent1,0.9765949845314026
a3157,majority,dissent1,0.9953922033309937
a3157,majority,dissent2,0.9505228400230408
a3158,majority,dissent1,0.9957595467567444
a3159,majority,dissent1,0.9750159978866577
a3160,majority,dissent1,0.9959260821342468
a3161,majority,dissent1,0.9515632390975952
a3165,majority,dissent1,0.9908074140548706
a3166,majority,dissent1,0.9933899641036987
a3167,majority,dissent1,0.9840887784957886
a3167,majority,dissent2,0.9913238286972046
a3168,majority,dissent1,0.9889504313468933
a3169,majority,dissent1,0.990336537361145
a3170,majority,dissent1,0.9960892796516418
a3171,majority,dissent1,0.9810541868209839
a3172,majority,dissent1,0.9895669221878052
a3173,majority,dissent1,0.9871113300323486
a3174,majority,dissent1,0.9941931962966919
a3174,majority,dissent2,0.9921044111251831
a3174,majority,dissent3,0.9787576198577881
a3175,majority,dissent1,0.9829405546188354
a3176,majority,dissent1,0.9929802417755127
a3177,majority,dissent1,0.9898757934570312
a3177,majority,dissent2,0.9871346950531006
a3177,majority,dissent3,0.9665926694869995
a3178,majority,dissent1,0.9826418161392212
a3180,majority,dissent1,0.9870471954345703
a3181,majority,dissent1,0.989067554473877
a3182,majority,dissent1,0.9928133487701416
a3183,majority,dissent1,0.9952880144119263
a3184,majority,dissent1,0.9946007132530212
a3186,majority,dissent1,0.9923990964889526
a3187,majority,dissent1,0.9888608455657959
a3188,majority,dissent1,0.9938321709632874
a3188,majority,dissent2,0.9658851623535156
a3189,majority,dissent1,0.9959531426429749
a3190,majority,dissent1,0.9701260328292847
a3190,majority,dissent2,0.9635030031204224
a3209,majority,dissent1,0.9082667827606201
a3209,majority,dissent2,0.8890891075134277
a3218,majority,dissent1,0.9693278074264526
a3220,majority,dissent1,0.9917768239974976
a3223,majority,dissent1,0.9951871633529663
a3225,majority,dissent1,0.987820565700531
a3225,majority,dissent2,0.9904037117958069
a3227,majority,dissent1,0.8279935121536255
a3228,majority,dissent1,0.9947940111160278
a3229,majority,dissent1,0.9948803186416626
a3231,majority,dissent1,0.9833005666732788
a3232,majority,dissent1,0.981243908405304
a3232,majority,dissent2,0.9885562658309937
a3233,majority,dissent1,0.9885870814323425
a3234,majority,dissent1,0.9937475919723511
a3235,majority,dissent1,0.9970056414604187
a3235,majority,dissent2,0.9756252765655518
a3236,majority,dissent1,0.9963196516036987
a3237,majority,dissent1,0.9940406084060669
a3238,majority,dissent1,0.9802107810974121
a3246,majority,dissent1,0.9707565307617188
a3246,majority,dissent2,0.9935078620910645
a3247,majority,dissent1,0.9189168214797974
a3247,majority,dissent2,0.9932740926742554
a3247,majority,dissent3,0.9972680807113647
a3249,majority,dissent1,0.9949119091033936
a3249,majority,dissent2,0.9887735247612
a3250,majority,dissent1,0.9781266450881958
a3254,majority,dissent1,0.9864985346794128
a3254,majority,dissent2,0.9944522976875305
a3256,majority,dissent1,0.9964093565940857
a3256,majority,dissent2,0.9805219769477844
a3257,majority,dissent1,0.991820216178894
a3257,majority,dissent2,0.9712904691696167
a3258,majority,dissent1,0.9649522304534912
a3258,majority,dissent2,0.9949014782905579
a3259,majority,dissent1,0.9933565258979797
a3260,majority,dissent1,0.9891926050186157
a3261,majority,dissent1,0.9914699792861938
a3263,majority,dissent1,0.9943302869796753
a3264,majority,dissent1,0.993260383605957
a3264,majority,dissent2,0.9939271211624146
a3265,majority,dissent1,0.9812296628952026
a3266,majority,dissent1,0.9811182618141174
a3267,majority,dissent1,0.9952943325042725
a3269,majority,dissent1,0.9770327806472778
a3283,majority,dissent1,0.991612434387207
a3284,majority,dissent1,0.9849858283996582
a3284,majority,dissent2,0.9856510162353516
a3285,majority,dissent1,0.9904557466506958
a3286,majority,dissent1,0.9916479587554932
a3287,majority,dissent1,0.9872527122497559
a3288,majority,dissent1,0.9857590794563293
a3289,majority,dissent1,0.9924293756484985
a3290,majority,dissent1,0.9949585199356079
a3291,majority,dissent1,0.9939249753952026
a3292,majority,dissent1,0.9895490407943726
a3293,majority,dissent1,0.9878361225128174
a3294,majority,dissent1,0.9948341250419617
a3295,majority,dissent1,0.9850165843963623
a3296,majority,dissent1,0.9733407497406006
a3297,majority,dissent1,0.9917504191398621
a3298,majority,dissent1,0.9943649768829346
a3300,majority,dissent1,0.9840114712715149
a3301,majority,dissent1,0.9871326684951782
a3302,majority,dissent1,0.9929395914077759
a3306,majority,dissent1,0.993658185005188
a3306,majority,dissent2,0.937861979007721
a3307,majority,dissent1,0.9917938709259033
a3308,majority,dissent1,0.9924061298370361
a3309,majority,dissent1,0.9907506704330444
a3310,majority,dissent1,0.9823334813117981
a3312,majority,dissent1,0.985025942325592
a3313,majority,dissent1,0.9864901304244995
a3313,majority,dissent2,0.9937561750411987
a3314,majority,dissent1,0.997372567653656
a3314,majority,dissent2,0.9817644953727722
a3315,majority,dissent1,0.9896003603935242
a3316,majority,dissent1,0.990277886390686
a3317,majority,dissent1,0.9898936748504639
a3317,majority,dissent2,0.9915227293968201
a3317,majority,dissent3,0.9553227424621582
a3317,majority,dissent4,0.9921568036079407
a3318,majority,dissent1,0.9944099187850952
a3319,majority,dissent1,0.9121906161308289
a3321,majority,dissent1,0.9861870408058167
a3321,majority,dissent2,0.9902119636535645
a3322,majority,dissent1,0.9880308508872986
a3323,majority,dissent1,0.9948933124542236
a3324,majority,dissent1,0.9750156998634338
a3324,majority,dissent2,0.9063238501548767
a3326,majority,dissent1,0.9913498759269714
a3327,majority,dissent1,0.9699168801307678
a3328,majority,dissent1,0.9857308864593506
a3329,majority,dissent1,0.986664891242981
a3330,majority,dissent1,0.9250643253326416
a3331,majority,dissent1,0.9926818609237671
a3332,majority,dissent1,0.9936357736587524
a3332,majority,dissent2,0.9782808423042297
a3333,majority,dissent1,0.9945690035820007
a3335,majority,dissent1,0.9922865629196167
a3335,majority,dissent2,0.9891961812973022
a3336,majority,dissent1,0.9955552220344543
a3337,majority,dissent1,0.9931840896606445
a3338,majority,dissent1,0.9913478493690491
a3341,majority,dissent1,0.938341498374939
a3344,majority,dissent1,0.9875736236572266
a3345,majority,dissent1,0.9878008365631104
a3346,majority,dissent1,0.9916545152664185
a3346,majority,dissent2,0.9935692548751831
a3347,majority,dissent1,0.9932255744934082
a3349,majority,dissent1,0.9789444208145142
a3377,majority,dissent1,0.9592618942260742
a3386,majority,dissent1,0.994947075843811
a3388,majority,dissent1,0.9864077568054199
a3389,majority,dissent1,0.9943609833717346
a3390,majority,dissent1,0.9340858459472656
a3391,majority,dissent1,0.9900038838386536
a3392,majority,dissent1,0.99338698387146
a3393,majority,dissent1,0.9961041212081909
a3394,majority,dissent1,0.9868961572647095
a3396,majority,dissent1,0.9952483773231506
a3398,majority,dissent1,0.995843231678009
a3400,majority,dissent1,0.9944730997085571
a3400,majority,dissent2,0.9837706089019775
a3401,majority,dissent1,0.9958615899085999
a3402,majority,dissent1,0.9951133728027344
a3403,majority,dissent1,0.9966536164283752
a3404,majority,dissent1,0.9915644526481628
a3405,majority,dissent1,0.9951254725456238
a3406,majority,dissent1,0.9860323667526245
a3407,majority,dissent1,0.9851722717285156
a3408,majority,dissent1,0.9859098196029663
a3426,majority,dissent1,0.9963723421096802
a3428,majority,dissent1,0.9947694540023804
a3430,majority,dissent1,0.9878271818161011
a3431,majority,dissent1,0.9922859072685242
a3432,majority,dissent1,0.9937161207199097
a3433,majority,dissent1,0.9940896034240723
a3435,majority,dissent1,0.9968842267990112
a3436,majority,dissent1,0.9958377480506897
a3438,majority,dissent1,0.9863484501838684
a3439,majority,dissent1,0.9922833442687988
a3442,majority,dissent1,0.9814704656600952
a3444,majority,dissent1,0.9876381158828735
a3445,majority,dissent1,0.9929441213607788
a3446,majority,dissent1,0.9779043197631836
a3448,majority,dissent1,0.9831435680389404
a3449,majority,dissent1,0.9862568378448486
a3449,majority,dissent2,0.9895114898681641
a3451,majority,dissent1,0.9861645698547363
a3472,majority,dissent1,0.9936623573303223
a3472,majority,dissent2,0.9750648140907288
a3473,majority,dissent1,0.9810804128646851
a3474,majority,dissent1,0.9651845097541809
a3475,majority,dissent1,0.9561362862586975
a3476,majority,dissent1,0.9966150522232056
a3477,majority,dissent1,0.9886218309402466
a3478,majority,dissent1,0.8793302178382874
a3480,majority,dissent1,0.9948934316635132
a3481,majority,dissent1,0.9914833307266235
a3483,majority,dissent1,0.9897765517234802
a3484,majority,dissent1,0.9430028200149536
a3485,majority,dissent1,0.9807915687561035
a3485,majority,dissent2,0.9803446531295776
a3486,majority,dissent1,0.9964783191680908
a3487,majority,dissent1,0.9893797636032104
a3488,majority,dissent1,0.9848784804344177
a3488,majority,dissent2,0.9859527349472046
a3490,majority,dissent1,0.9908214807510376
a3491,majority,dissent1,0.9936438202857971
a3492,majority,dissent1,0.9919752478599548
a3503,majority,dissent1,0.9914150238037109
a3504,majority,dissent1,0.9774489402770996
a3504,majority,dissent2,0.9941169023513794
a3505,majority,dissent1,0.9917429685592651
a3505,majority,dissent2,0.9888855814933777
a3506,majority,dissent1,0.9977309107780457
a3507,majority,dissent1,0.9886314272880554
a3508,majority,dissent1,0.988432765007019
a3509,majority,dissent1,0.9868818521499634
a3510,majority,dissent1,0.9942824244499207
a3511,majority,dissent1,0.9941378831863403
a3512,majority,dissent1,0.991913914680481
a3513,majority,dissent1,0.9968611001968384
a3513,majority,dissent2,0.9901349544525146
a3514,majority,dissent1,0.9678856134414673
a3514,majority,dissent2,0.9883342981338501
a3514,majority,dissent3,0.9934446215629578
a3515,majority,dissent1,0.9945801496505737
a3515,majority,dissent2,0.9801257848739624
a3517,majority,dissent1,0.995699942111969
a3517,majority,dissent2,0.9933083653450012
a3517,majority,dissent3,0.975026547908783
a3518,majority,dissent1,0.9787403345108032
a3518,majority,dissent2,0.9948182106018066
a3519,majority,dissent1,0.9970153570175171
a3525,majority,dissent1,0.9282320737838745
a3526,majority,dissent1,0.967444896697998
a3526,majority,dissent2,0.9840267896652222
a3527,majority,dissent1,0.9897751212120056
a3529,majority,dissent1,0.9929269552230835
a3529,majority,dissent2,0.9949366450309753
a3530,majority,dissent1,0.9807730913162231
a3531,majority,dissent1,0.9550564289093018
a3531,majority,dissent2,0.9826688766479492
a3535,majority,dissent1,0.9934014081954956
a3536,majority,dissent1,0.9747443199157715
a3537,majority,dissent1,0.9948246479034424
a3538,majority,dissent1,0.9943962693214417
a3539,majority,dissent1,0.9947860240936279
a3540,majority,dissent1,0.9597057104110718
a3541,majority,dissent1,0.9904170632362366
a3542,majority,dissent1,0.9860405921936035
a3543,majority,dissent1,0.9919809103012085
a3546,majority,dissent1,0.9966319799423218
a3546,majority,dissent2,0.9899380207061768
a3547,majority,dissent1,0.9959960579872131
a3548,majority,dissent1,0.9965468645095825
a3548,majority,dissent2,0.9867209196090698
a3549,majority,dissent1,0.9957737922668457
a3553,majority,dissent1,0.9939035773277283
a3564,majority,dissent1,0.9471776485443115
a3564,majority,dissent2,0.9561194181442261
a3578,majority,dissent1,0.9818273782730103
a3592,majority,dissent1,0.9933803677558899
a3593,majority,dissent1,0.9903929233551025
a3594,majority,dissent1,0.9914775490760803
a3595,majority,dissent1,0.9900829195976257
a3596,majority,dissent1,0.9929783940315247
a3597,majority,dissent1,0.993188738822937
a3598,majority,dissent1,0.995671272277832
a3599,majority,dissent1,0.9894592761993408
a3601,majority,dissent1,0.9874060153961182
a3603,majority,dissent1,0.9921262264251709
a3607,majority,dissent1,0.9788146615028381
a3611,majority,dissent1,0.990628719329834
a3613,majority,dissent1,0.9919115900993347
a3614,majority,dissent1,0.9758429527282715
a3615,majority,dissent1,0.979145884513855
a3615,majority,dissent2,0.9812727570533752
a3616,majority,dissent1,0.9919646978378296
a3617,majority,dissent1,0.9907779693603516
a3618,majority,dissent1,0.994872510433197
a3620,majority,dissent1,0.9933791160583496
a3630,majority,dissent1,0.9859453439712524
a3633,majority,dissent1,0.9949623346328735
a3635,majority,dissent1,0.9975781440734863
a3635,majority,dissent2,0.9871107339859009
a3637,majority,dissent1,0.9912877678871155
a3638,majority,dissent1,0.9896281361579895
a3639,majority,dissent1,0.9858970642089844
a3639,majority,dissent2,0.9928411245346069
a3640,majority,dissent1,0.9949355125427246
a3641,majority,dissent1,0.9927637577056885
a3642,majority,dissent1,0.9914812445640564
a3643,majority,dissent1,0.9893989562988281
a3643,majority,dissent2,0.9575513601303101
a3645,majority,dissent1,0.9891164302825928
a3646,majority,dissent1,0.9955188632011414
a3646,majority,dissent2,0.9883301258087158
a3647,majority,dissent1,0.9958010315895081
a3648,majority,dissent1,0.9943491816520691
a3650,majority,dissent1,0.9746608734130859
a3650,majority,dissent2,0.9852375984191895
a3654,majority,dissent1,0.8633546829223633
a3654,majority,dissent2,0.9918116331100464
a3671,majority,dissent1,0.9876452684402466
a3672,majority,dissent1,0.9708149433135986
a3673,majority,dissent1,0.9927327632904053
a3674,majority,dissent1,0.9892724752426147
a3675,majority,dissent1,0.9909106492996216
a3677,majority,dissent1,0.9851457476615906
a3678,majority,dissent1,0.988556444644928
a3679,majority,dissent1,0.9947587251663208
a3680,majority,dissent1,0.9806058406829834
a3683,majority,dissent1,0.995501697063446
a3684,majority,dissent1,0.9880706667900085
a3685,majority,dissent1,0.9862217903137207
a3687,majority,dissent1,0.9939790964126587
a3688,majority,dissent1,0.9890866279602051
a3688,majority,dissent2,0.9749301075935364
a3689,majority,dissent1,0.9925566911697388
a3690,majority,dissent1,0.9875149726867676
a3691,majority,dissent1,0.9949158430099487
a3692,majority,dissent1,0.9821922183036804
a3693,majority,dissent1,0.9894480109214783
a3694,majority,dissent1,0.993757963180542
a3695,majority,dissent1,0.9947494864463806
a3696,majority,dissent1,0.9933820962905884
a3697,majority,dissent1,0.9866713285446167
a3698,majority,dissent1,0.9908924698829651
a3699,majority,dissent1,0.9909555912017822
a3700,majority,dissent1,0.9967387318611145
a3701,majority,dissent1,0.9961575269699097
a3702,majority,dissent1,0.9939594864845276
a3703,majority,dissent1,0.9950019121170044
a3704,majority,dissent1,0.9730056524276733
a3704,majority,dissent2,0.99479079246521
a3705,majority,dissent1,0.9912887811660767
a3706,majority,dissent1,0.992987871170044
a3707,majority,dissent1,0.9956722259521484
a3708,majority,dissent1,0.9948668479919434
a3709,majority,dissent1,0.9925910234451294
a3710,majority,dissent1,0.9740084409713745
a3710,majority,dissent2,0.9938866496086121
a3711,majority,dissent1,0.9924719333648682
a3712,majority,dissent1,0.9784774780273438
a3713,majority,dissent1,0.99359130859375
a3714,majority,dissent1,0.9945862293243408
a3715,majority,dissent1,0.9951827526092529
a3716,majority,dissent1,0.992286741733551
a3717,majority,dissent1,0.9952936768531799
a3718,majority,dissent1,0.9959820508956909
a3720,majority,dissent1,0.9807266592979431
a3720,majority,dissent2,0.9887679815292358
a3723,majority,dissent1,0.9455952048301697
a3723,majority,dissent2,0.9732729196548462
a3723,majority,dissent3,0.9926570653915405
a3725,majority,dissent1,0.9976742267608643
a3726,majority,dissent1,0.9944695234298706
a3727,majority,dissent1,0.9938123822212219
a3728,majority,dissent1,0.9964578747749329
a3729,majority,dissent1,0.9559080600738525
a3733,majority,dissent1,0.9867783784866333
a3734,majority,dissent1,0.9570776224136353
a3736,majority,dissent1,0.9881906509399414
a3737,majority,dissent1,0.9931796789169312
a3740,majority,dissent1,0.9846179485321045
a3741,majority,dissent1,0.9891119003295898
a3742,majority,dissent1,0.990681529045105
a3744,majority,dissent1,0.9689059257507324
a3745,majority,dissent1,0.9933056831359863
a3746,majority,dissent1,0.996862530708313
a3747,majority,dissent1,0.9905989170074463
a3748,majority,dissent1,0.9884198904037476
a3750,majority,dissent1,0.9923514127731323
a3750,majority,dissent2,0.9914618730545044
a3751,majority,dissent1,0.9960875511169434
a3752,majority,dissent1,0.9884411096572876
a3753,majority,dissent1,0.9943692088127136
a3754,majority,dissent1,0.9816483855247498
a3766,majority,dissent1,0.9876682758331299
a3784,majority,dissent1,0.9756264686584473
a3787,majority,dissent1,0.9009515047073364
a3788,majority,dissent1,0.95831298828125
a3808,majority,dissent1,0.9911614656448364
a3809,majority,dissent1,0.9933642148971558
a3810,majority,dissent1,0.9303845167160034
a3810,majority,dissent2,0.9957926869392395
a3811,majority,dissent1,0.9900679588317871
a3813,majority,dissent1,0.986717700958252
a3813,majority,dissent2,0.9973142743110657
a3814,majority,dissent1,0.9929291605949402
a3816,majority,dissent1,0.9928117990493774
a3819,majority,dissent1,0.9590792655944824
a3819,majority,dissent2,0.9959893822669983
a3819,majority,dissent3,0.9614543318748474
a3820,majority,dissent1,0.9913794994354248
a3821,majority,dissent1,0.9862062931060791
a3822,majority,dissent1,0.9915488362312317
a3822,majority,dissent2,0.995166003704071
a3823,majority,dissent1,0.9966205954551697
a3825,majority,dissent1,0.9963953495025635
a3827,majority,dissent1,0.9921513795852661
a3830,majority,dissent1,0.9870721101760864
a3832,majority,dissent1,0.9959617853164673
a3846,majority,dissent1,0.9948077201843262
a3846,majority,dissent2,0.9784820079803467
a3847,majority,dissent1,0.9963891506195068
a3848,majority,dissent1,0.994952917098999
a3849,majority,dissent1,0.9826834797859192
a3851,majority,dissent1,0.980156421661377
a3852,majority,dissent1,0.9952696561813354
a3853,majority,dissent1,0.9923920631408691
a3855,majority,dissent1,0.9970166087150574
a3856,majority,dissent1,0.9900537133216858
a3857,majority,dissent1,0.9919063448905945
a3862,majority,dissent1,0.9755438566207886
a3863,majority,dissent1,0.9938877820968628
a3864,majority,dissent1,0.9938256740570068
a3878,majority,dissent1,0.9952362775802612
a3878,majority,dissent2,0.9551459550857544
a3879,majority,dissent1,0.9183575510978699
a3879,majority,dissent2,0.9649903178215027
a3880,majority,dissent1,0.9941927790641785
a3881,majority,dissent1,0.9861226677894592
a3881,majority,dissent2,0.9814454317092896
a3882,majority,dissent1,0.9962325096130371
a3882,majority,dissent2,0.9923511147499084
a3884,majority,dissent1,0.9891628623008728
a3887,majority,dissent1,0.9952499866485596
a3889,majority,dissent1,0.9886550307273865
a3890,majority,dissent1,0.9917410016059875
a3894,majority,dissent1,0.9948334693908691
a3895,majority,dissent1,0.9925518035888672
a3897,majority,dissent1,0.9968996047973633
a3897,majority,dissent2,0.9948710203170776
a3898,majority,dissent1,0.9879409074783325
a3899,majority,dissent1,0.9942418336868286
a3900,majority,dissent1,0.9945145845413208
a3901,majority,dissent1,0.9939323663711548
a3901,majority,dissent2,0.988175630569458
a3902,majority,dissent1,0.9928075671195984
a3903,majority,dissent1,0.9905296564102173
a3914,majority,dissent1,0.9920631051063538
a3915,majority,dissent1,0.9897507429122925
a3917,majority,dissent1,0.9959204196929932
a3918,majority,dissent1,0.9934841990470886
a3919,majority,dissent1,0.9963947534561157
a3920,majority,dissent1,0.9930431246757507
a3920,majority,dissent2,0.9747130870819092
a3921,majority,dissent1,0.9953606128692627
a3922,majority,dissent1,0.9977993965148926
a3923,majority,dissent1,0.9914672374725342
a3924,majority,dissent1,0.9941811561584473
a3925,majority,dissent1,0.9785250425338745
a3925,majority,dissent2,0.9939192533493042
a3926,majority,dissent1,0.9939551949501038
a3926,majority,dissent2,0.9954193830490112
a3927,majority,dissent1,0.9962354898452759
a3928,majority,dissent1,0.9975152015686035
a3929,majority,dissent1,0.9961044788360596
a3930,majority,dissent1,0.9843947291374207
a3931,majority,dissent1,0.9815605878829956
a3931,majority,dissent2,0.9651468992233276
a3932,majority,dissent1,0.989018440246582
a3932,majority,dissent2,0.9695668816566467
a3933,majority,dissent1,0.992946207523346
a3934,majority,dissent1,0.9921420216560364
a3935,majority,dissent1,0.9915226101875305
a3935,majority,dissent2,0.987356960773468
a3936,majority,dissent1,0.9972219467163086
a3936,majority,dissent2,0.9695177674293518
a3937,majority,dissent1,0.9935019612312317
a3937,majority,dissent2,0.9673974514007568
a3937,majority,dissent3,0.9823326468467712
a3940,majority,dissent1,0.9567853808403015
a3941,majority,dissent1,0.9716192483901978
a3943,majority,dissent1,0.9042637348175049
a3949,majority,dissent1,0.8740928173065186
a3949,majority,dissent2,0.9861723184585571
a3950,majority,dissent1,0.9507499933242798
a3951,majority,dissent1,0.9881627559661865
a3951,majority,dissent2,0.9625818729400635
a3952,majority,dissent1,0.9335449934005737
a3952,majority,dissent2,0.99067223072052
a3953,majority,dissent1,0.9548178315162659
a3954,majority,dissent1,0.976448655128479
a3955,majority,dissent1,0.9935624599456787
a3955,majority,dissent2,0.9896615743637085
a3957,majority,dissent1,0.9927740097045898
a3957,majority,dissent2,0.9943855404853821
a3958,majority,dissent1,0.9946845173835754
a3959,majority,dissent1,0.9972653388977051
a3960,majority,dissent1,0.9526777267456055
a3960,majority,dissent2,0.9242933988571167
a3960,majority,dissent3,0.943820595741272
a3961,majority,dissent1,0.9939242005348206
a3962,majority,dissent1,0.9970768690109253
a4010,majority,dissent1,0.9916359186172485
a4011,majority,dissent1,0.9923912286758423
a4013,majority,dissent1,0.9700936079025269
a4013,majority,dissent2,0.996694028377533
a4014,majority,dissent1,0.9929788112640381
a4015,majority,dissent1,0.8980093598365784
a4016,majority,dissent1,0.992599606513977
a4017,majority,dissent1,0.991275429725647
a4017,majority,dissent2,0.9957219362258911
a4019,majority,dissent1,0.9927307367324829
a4021,majority,dissent1,0.9964277744293213
a4022,majority,dissent1,0.993954062461853
a4026,majority,dissent1,0.994574785232544
a4027,majority,dissent1,0.996936559677124
a4027,majority,dissent2,0.9703114628791809
a4030,majority,dissent1,0.9927176833152771
a4031,majority,dissent1,0.9876824021339417
a4038,majority,dissent1,0.9829928874969482
a4042,majority,dissent1,0.9506111145019531
a4055,majority,dissent1,0.9810477495193481
a4057,majority,dissent1,0.9890644550323486
a4058,majority,dissent1,0.9925107955932617
a4059,majority,dissent1,0.9960002303123474
a4061,majority,dissent1,0.9885739684104919
a4063,majority,dissent1,0.9803580641746521
a4064,majority,dissent1,0.9911271929740906
a4066,majority,dissent1,0.9545107483863831
a4066,majority,dissent2,0.9939870834350586
a4067,majority,dissent1,0.997192919254303
a4068,majority,dissent1,0.9937342405319214
a4070,majority,dissent1,0.9917787909507751
a4072,majority,dissent1,0.9961138367652893
a4073,majority,dissent1,0.9907172322273254
a4101,majority,dissent1,0.9845280647277832
a4102,majority,dissent1,0.9963897466659546
a4103,majority,dissent1,0.9913415908813477
a4104,majority,dissent1,0.9886165261268616
a4105,majority,dissent1,0.9876465797424316
a4106,majority,dissent1,0.8307663202285767
a4107,majority,dissent1,0.9158145189285278
a4108,majority,dissent1,0.9952022433280945
a4109,majority,dissent1,0.9928501844406128
a4110,majority,dissent1,0.9931636452674866
a4111,majority,dissent1,0.9954259395599365
a4112,majority,dissent1,0.9847931265830994
a4114,majority,dissent1,0.9761630296707153
a4115,majority,dissent1,0.9936650991439819
a4116,majority,dissent1,0.9963018894195557
a4117,majority,dissent1,0.9913142919540405
a4118,majority,dissent1,0.9948961734771729
a4119,majority,dissent1,0.9976669549942017
a4122,majority,dissent1,0.9883248209953308
a4123,majority,dissent1,0.9951488375663757
a4125,majority,dissent1,0.9964259266853333
a4142,majority,dissent1,0.9921035766601562
a4143,majority,dissent1,0.9902575016021729
a4143,majority,dissent2,0.989570677280426
a4145,majority,dissent1,0.9880158305168152
a4146,majority,dissent1,0.9964667558670044
a4147,majority,dissent1,0.9960869550704956
a4149,majority,dissent1,0.9930108189582825
a4149,majority,dissent2,0.9657778739929199
a4150,majority,dissent1,0.9953126907348633
a4151,majority,dissent1,0.9930903315544128
a4152,majority,dissent1,0.9929837584495544
a4153,majority,dissent1,0.9931106567382812
a4153,majority,dissent2,0.96141117811203
a4154,majority,dissent1,0.9184783697128296
a4154,majority,dissent2,0.9939677715301514
a4154,majority,dissent3,0.990942656993866
a4157,majority,dissent1,0.9884328842163086
a4160,majority,dissent1,0.9945930242538452
a4164,majority,dissent1,0.9964824318885803
a4164,majority,dissent2,0.995038628578186
a4165,majority,dissent1,0.9950549602508545
a4166,majority,dissent1,0.9507657885551453
a4166,majority,dissent2,0.9963810443878174
a4168,majority,dissent1,0.9946955442428589
a4169,majority,dissent1,0.9931876063346863
a4170,majority,dissent1,0.9740233421325684
a4170,majority,dissent2,0.9929219484329224
a4170,majority,dissent3,0.9477201700210571
a4170,majority,dissent4,0.8741078972816467
a4181,majority,dissent1,0.9811863899230957
a4182,majority,dissent1,0.9442861676216125
a4185,majority,dissent1,0.988472044467926
a4186,majority,dissent1,0.9870840311050415
a4187,majority,dissent1,0.9933303594589233
a4188,majority,dissent1,0.9964041709899902
a4189,majority,dissent1,0.9959099292755127
a4192,majority,dissent1,0.9884194135665894
a4195,majority,dissent1,0.8986803293228149
a4195,majority,dissent2,0.9931346774101257
a4196,majority,dissent1,0.9916861057281494
a4197,majority,dissent1,0.9800407886505127
a4198,majority,dissent1,0.9795495271682739
a4199,majority,dissent1,0.9912046194076538
a4200,majority,dissent1,0.9956035017967224
a4200,majority,dissent2,0.9613062739372253
a4200,majority,dissent3,0.9928575754165649
a4203,majority,dissent1,0.8046391606330872
a4273,majority,dissent1,0.9836793541908264
a4274,majority,dissent1,0.982177734375
a4274,majority,dissent2,0.9751266837120056
a4275,majority,dissent1,0.9882135391235352
a4276,majority,dissent1,0.9965566396713257
a4276,majority,dissent2,0.9370254874229431
a4278,majority,dissent1,0.9935691952705383
a4279,majority,dissent1,0.9887538552284241
a4280,majority,dissent1,0.9954192638397217
a4280,majority,dissent2,0.9930537939071655
a4282,majority,dissent1,0.8705430626869202
a4283,majority,dissent1,0.9953472018241882
a4284,majority,dissent1,0.9941164255142212
a4284,majority,dissent2,0.9816242456436157
a4285,majority,dissent1,0.9496454000473022
a4286,majority,dissent1,0.9881572127342224
a4288,majority,dissent1,0.9927549362182617
a4289,majority,dissent1,0.9924909472465515
a4290,majority,dissent1,0.9928710460662842
a4290,majority,dissent2,0.9705402851104736
a4291,majority,dissent1,0.9950039386749268
a4293,majority,dissent1,0.989559531211853
a4297,majority,dissent1,0.9940149188041687
a4320,majority,dissent1,0.9898845553398132
a4321,majority,dissent1,0.9959514141082764
a4322,majority,dissent1,0.9960757493972778
a4322,majority,dissent2,0.9953427910804749
a4323,majority,dissent1,0.9664050340652466
a4326,majority,dissent1,0.993261456489563
a4327,majority,dissent1,0.9942460060119629
a4328,majority,dissent1,0.991795539855957
a4328,majority,dissent2,0.9945606589317322
a4329,majority,dissent1,0.9927540421485901
a4330,majority,dissent1,0.9775324463844299
a4331,majority,dissent1,0.99165278673172
a4332,majority,dissent1,0.9094250202178955
a4333,majority,dissent1,0.9775949120521545
a4334,majority,dissent1,0.9930496215820312
a4335,majority,dissent1,0.9960095882415771
a4338,majority,dissent1,0.991898775100708
a4339,majority,dissent1,0.992760181427002
a4340,majority,dissent1,0.9929354190826416
a4341,majority,dissent1,0.9864560961723328
a4368,majority,dissent1,0.9662272930145264
a4371,majority,dissent1,0.9959002137184143
a4372,majority,dissent1,0.9908240437507629
a4372,majority,dissent2,0.9722537994384766
a4372,majority,dissent3,0.9919723272323608
a4373,majority,dissent1,0.9943463206291199
a4373,majority,dissent2,0.9627383947372437
a4376,majority,dissent1,0.9930136799812317
a4377,majority,dissent1,0.9851881265640259
a4378,majority,dissent1,0.9366586208343506
a4378,majority,dissent2,0.9892740845680237
a4379,majority,dissent1,0.990962564945221
a4381,majority,dissent1,0.9868316650390625
a4383,majority,dissent1,0.961638331413269
a4386,majority,dissent1,0.9952069520950317
a4387,majority,dissent1,0.9900952577590942
a4388,majority,dissent1,0.9925622344017029
a4390,majority,dissent1,0.9962984323501587
a4391,majority,dissent1,0.9950045347213745
a4393,majority,dissent1,0.993025004863739
a4400,majority,dissent1,0.9943152666091919
a4400,majority,dissent2,0.9270356893539429
a4402,majority,dissent1,0.9917778372764587
a4403,majority,dissent1,0.9919270277023315
a4403,majority,dissent2,0.944001317024231
a4406,majority,dissent1,0.9930055737495422
a4407,majority,dissent1,0.9838742017745972
a4407,majority,dissent2,0.9863783121109009
a4407,majority,dissent3,0.9690039157867432
a4408,majority,dissent1,0.9885558485984802
a4408,majority,dissent2,0.9933247566223145
a4409,majority,dissent1,0.9575258493423462
a4409,majority,dissent2,0.9734479188919067
a4410,majority,dissent1,0.9809035658836365
a4410,majority,dissent2,0.9553775787353516
a4410,majority,dissent3,0.9918878078460693
a4412,majority,dissent1,0.9959366321563721
a4412,majority,dissent2,0.9927569627761841
a4413,majority,dissent1,0.993378758430481
a4415,majority,dissent1,0.9973181486129761
a4416,majority,dissent1,0.9913668036460876
a4416,majority,dissent2,0.9893893003463745
a4417,majority,dissent1,0.9895878434181213
a4418,majority,dissent1,0.9951950907707214
a4419,majority,dissent1,0.9936206340789795
a4431,majority,dissent1,0.9842770099639893
a4434,majority,dissent1,0.9739967584609985
a4435,majority,dissent1,0.9851808547973633
a4437,majority,dissent1,0.9894221425056458
a4437,majority,dissent2,0.9856687784194946
a4437,majority,dissent3,0.9479473829269409
a4438,majority,dissent1,0.9738208055496216
a4438,majority,dissent2,0.9913513660430908
a4439,majority,dissent1,0.9809595346450806
a4440,majority,dissent1,0.9833222031593323
a4440,majority,dissent2,0.9796388745307922
a4441,majority,dissent1,0.9923577904701233
a4442,majority,dissent1,0.9889495968818665
a4446,majority,dissent1,0.9947161674499512
a4448,majority,dissent1,0.9912487268447876
a4450,majority,dissent1,0.9630203247070312
a4450,majority,dissent2,0.993391215801239
a4451,majority,dissent1,0.9108623266220093
a4451,majority,dissent2,0.9901307821273804
a4451,majority,dissent3,0.9785272479057312
a4452,majority,dissent1,0.9969222545623779
a4455,majority,dissent1,0.9896495938301086
a4496,majority,dissent1,0.9288005232810974
a4524,majority,dissent1,0.9950631856918335
a4524,majority,dissent2,0.9906418919563293
a4525,majority,dissent1,0.9946427345275879
a4526,majority,dissent1,0.9908655881881714
a4527,majority,dissent1,0.9688047766685486
a4528,majority,dissent1,0.9954339265823364
a4532,majority,dissent1,0.9537168145179749
a4532,majority,dissent2,0.9702448844909668
a4533,majority,dissent1,0.9946625828742981
a4535,majority,dissent1,0.9930524826049805
a4537,majority,dissent1,0.994898796081543
a4538,majority,dissent1,0.9932085871696472
a4539,majority,dissent1,0.995211124420166
a4540,majority,dissent1,0.9930111169815063
a4541,majority,dissent1,0.9874938726425171
a4541,majority,dissent2,0.9844000935554504
a4541,majority,dissent3,0.9890771508216858
a4542,majority,dissent1,0.9841009378433228
a4542,majority,dissent2,0.9697497487068176
a4544,majority,dissent1,0.9935476779937744
a4545,majority,dissent1,0.9881890416145325
a4546,majority,dissent1,0.9901074767112732
a4548,majority,dissent1,0.9884011745452881
a4548,majority,dissent2,0.9743314385414124
a4549,majority,dissent1,0.9899003505706787
a4550,majority,dissent1,0.995091438293457
a4551,majority,dissent1,0.9941701889038086
a4553,majority,dissent1,0.9027954936027527
a4553,majority,dissent2,0.9853586554527283
a4554,majority,dissent1,0.8682864904403687
a4557,majority,dissent1,0.976280927658081
a4558,majority,dissent1,0.9892133474349976
a4604,majority,dissent1,0.8219200968742371
a4604,majority,dissent2,0.9912431836128235
a4605,majority,dissent1,0.9970025420188904
a4607,majority,dissent1,0.9888396263122559
a4607,majority,dissent2,0.9884100556373596
a4608,majority,dissent1,0.9923072457313538
a4609,majority,dissent1,0.9963157176971436
a4610,majority,dissent1,0.9924824237823486
a4612,majority,dissent1,0.9968650341033936
a4612,majority,dissent2,0.9947080016136169
a4613,majority,dissent1,0.9924566149711609
a4614,majority,dissent1,0.9899813532829285
a4614,majority,dissent2,0.9624035358428955
a4616,majority,dissent1,0.9220012426376343
a4617,majority,dissent1,0.9879114627838135
a4619,majority,dissent1,0.9960533380508423
a4620,majority,dissent1,0.9893772006034851
a4621,majority,dissent1,0.9935694932937622
a4622,majority,dissent1,0.9896352291107178
a4623,majority,dissent1,0.9932965040206909
a4623,majority,dissent2,0.9584680795669556
a4624,majority,dissent1,0.8934025764465332
a4625,majority,dissent1,0.9874361753463745
a4625,majority,dissent2,0.9876956939697266
a4625,majority,dissent3,0.988648533821106
a4626,majority,dissent1,0.9914184808731079
a4627,majority,dissent1,0.9871407151222229
a4627,majority,dissent2,0.9928935766220093
a4628,majority,dissent1,0.996607780456543
a4629,majority,dissent1,0.9903607964515686
a4658,majority,dissent1,0.9855579733848572
a4659,majority,dissent1,0.9933204650878906
a4661,majority,dissent1,0.9847466349601746
a4661,majority,dissent2,0.9949905872344971
a4662,majority,dissent1,0.9932506680488586
a4663,majority,dissent1,0.981400728225708
a4664,majority,dissent1,0.8738214373588562
a4664,majority,dissent2,0.9912940263748169
a4666,majority,dissent1,0.9934183359146118
a4666,majority,dissent2,0.9878028035163879
a4667,majority,dissent1,0.9893786311149597
a4667,majority,dissent2,0.9859899282455444
a4669,majority,dissent1,0.9921675324440002
a4669,majority,dissent2,0.9707121849060059
a4670,majority,dissent1,0.9957270622253418
a4670,majority,dissent2,0.9607344269752502
a4672,majority,dissent1,0.9951456189155579
a4673,majority,dissent1,0.9974092245101929
a4673,majority,dissent2,0.9733425378799438
a4674,majority,dissent1,0.9939447045326233
a4675,majority,dissent1,0.9924464225769043
a4676,majority,dissent1,0.9719796180725098
a4676,majority,dissent2,0.9934855699539185
a4677,majority,dissent1,0.994161069393158
a4679,majority,dissent1,0.883388102054596
a4679,majority,dissent2,0.8516958951950073
a4679,majority,dissent3,0.9902526140213013
a4683,majority,dissent1,0.9921095371246338
a4686,majority,dissent1,0.9875543713569641
a4686,majority,dissent2,0.9862787127494812
a4687,majority,dissent1,0.9913495182991028
a4688,majority,dissent1,0.8708333373069763
a4689,majority,dissent1,0.9821258783340454
a4691,majority,dissent1,0.9930174946784973
a4692,majority,dissent1,0.9884840250015259
a4692,majority,dissent2,0.9839558601379395
a4693,majority,dissent1,0.9938678741455078
a4694,majority,dissent1,0.9838973879814148
a4695,majority,dissent1,0.9786588549613953
a4695,majority,dissent2,0.9692676067352295
a4696,majority,dissent1,0.9863098859786987
a4696,majority,dissent2,0.9953796863555908
a4698,majority,dissent1,0.9947363138198853
a4699,majority,dissent1,0.9924740791320801
a4700,majority,dissent1,0.9915891289710999
a4701,majority,dissent1,0.9907093048095703
a4702,majority,dissent1,0.9668888449668884
a4702,majority,dissent2,0.9937481880187988
a4703,majority,dissent1,0.9877933859825134
a4704,majority,dissent1,0.9931048154830933
a4704,majority,dissent2,0.9947422742843628
a4706,majority,dissent1,0.9958882927894592
a4707,majority,dissent1,0.987937331199646
a4722,majority,dissent1,0.8730412721633911
a4723,majority,dissent1,0.9922947883605957
a4724,majority,dissent1,0.9947015643119812
a4726,majority,dissent1,0.8849241733551025
a4727,majority,dissent1,0.8785274028778076
a4727,majority,dissent2,0.9871976375579834
a4728,majority,dissent1,0.9948957562446594
a4729,majority,dissent1,0.9968410730361938
a4730,majority,dissent1,0.9929376840591431
a4731,majority,dissent1,0.9807388782501221
a4731,majority,dissent2,0.9869486093521118
a4732,majority,dissent1,0.8807379603385925
a4733,majority,dissent1,0.9933140873908997
a4734,majority,dissent1,0.9671605229377747
a4734,majority,dissent2,0.9890341758728027
a4735,majority,dissent1,0.985296368598938
a4736,majority,dissent1,0.9818745255470276
a4737,majority,dissent1,0.9941942691802979
a4738,majority,dissent1,0.9937610030174255
a4739,majority,dissent1,0.9952679872512817
a4740,majority,dissent1,0.9930170774459839
a4742,majority,dissent1,0.9864659309387207
a4743,majority,dissent1,0.9883917570114136
a4743,majority,dissent2,0.9813782572746277
a4744,majority,dissent1,0.9907436966896057
a4747,majority,dissent1,0.7843075394630432
a4808,majority,dissent1,0.9862847924232483
a4809,majority,dissent1,0.9887325763702393
a4809,majority,dissent2,0.9929450154304504
a4810,majority,dissent1,0.9944359064102173
a4813,majority,dissent1,0.8920276165008545
a4814,majority,dissent1,0.9087943434715271
a4814,majority,dissent2,0.9911041259765625
a4815,majority,dissent1,0.9951298236846924
a4816,majority,dissent1,0.9916810989379883
a4818,majority,dissent1,0.9801523685455322
a4820,majority,dissent1,0.9927183985710144
a4821,majority,dissent1,0.9753459095954895
a4821,majority,dissent2,0.9806011915206909
a4821,majority,dissent3,0.9850895404815674
a4821,majority,dissent4,0.9921122193336487
a4822,majority,dissent1,0.8672859072685242
a4822,majority,dissent2,0.9916362762451172
a4824,majority,dissent1,0.9925297498703003
a4825,majority,dissent1,0.9945982694625854
a4826,majority,dissent1,0.9970380663871765
a4829,majority,dissent1,0.9945737719535828
a4830,majority,dissent1,0.9564196467399597
a4830,majority,dissent2,0.9921921491622925
a4831,majority,dissent1,0.992756187915802
a4842,majority,dissent1,0.9924225807189941
a4843,majority,dissent1,0.9963836669921875
a4844,majority,dissent1,0.994227409362793
a4845,majority,dissent1,0.9907428026199341
a4846,majority,dissent1,0.993121862411499
a4847,majority,dissent1,0.9867062568664551
a4848,majority,dissent1,0.9881279468536377
a4849,majority,dissent1,0.9903284907341003
a4850,majority,dissent1,0.9944716095924377
a4850,majority,dissent2,0.9976551532745361
a4850,majority,dissent3,0.989761233329773
a4851,majority,dissent1,0.9965928196907043
a4852,majority,dissent1,0.9595413208007812
a4852,majority,dissent2,0.9665846824645996
a4854,majority,dissent1,0.9952183961868286
a4855,majority,dissent1,0.9552611112594604
a4855,majority,dissent2,0.9932578802108765
a4856,majority,dissent1,0.9948464632034302
a4857,majority,dissent1,0.9930323362350464
a4857,majority,dissent2,0.9794533848762512
a4858,majority,dissent1,0.9944910407066345
a4860,majority,dissent1,0.9936593770980835
a4861,majority,dissent1,0.9916204214096069
a4862,majority,dissent1,0.9915059208869934
a4864,majority,dissent1,0.9926443099975586
a4864,majority,dissent2,0.9847314357757568
a4865,majority,dissent1,0.9910253882408142
a4866,majority,dissent1,0.9649332165718079
a4867,majority,dissent1,0.9881604909896851
a4867,majority,dissent2,0.9891873002052307
a4885,majority,dissent1,0.9946702122688293
a4886,majority,dissent1,0.9954776763916016
a4890,majority,dissent1,0.9937331080436707
a4891,majority,dissent1,0.9920957684516907
a4894,majority,dissent1,0.9950944185256958
a4895,majority,dissent1,0.9946939945220947
a4896,majority,dissent1,0.9875243902206421
a4897,majority,dissent1,0.993471622467041
a4898,majority,dissent1,0.9938920140266418
a4899,majority,dissent1,0.888870120048523
a4900,majority,dissent1,0.9861885905265808
a4901,majority,dissent1,0.9854295253753662
a4904,majority,dissent1,0.9920189380645752
a4905,majority,dissent1,0.9807977676391602
a4907,majority,dissent1,0.9936017990112305
a4908,majority,dissent1,0.9915862083435059
a4909,majority,dissent1,0.9913420677185059
a4922,majority,dissent1,0.9908069372177124
a4923,majority,dissent1,0.9871264696121216
a4924,majority,dissent1,0.9829944968223572
a4925,majority,dissent1,0.9892632365226746
a4926,majority,dissent1,0.975960373878479
a4929,majority,dissent1,0.9915870428085327
a4930,majority,dissent1,0.952072024345398
a4930,majority,dissent2,0.9955781698226929
a4933,majority,dissent1,0.985092043876648
a4933,majority,dissent2,0.9873002767562866
a4934,majority,dissent1,0.9902762770652771
a4936,majority,dissent1,0.9909899234771729
a4937,majority,dissent1,0.9932341575622559
a4938,majority,dissent1,0.9927433729171753
a4939,majority,dissent1,0.9942045211791992
a4940,majority,dissent1,0.995014488697052
a4941,majority,dissent1,0.9974108934402466
a4942,majority,dissent1,0.9899629354476929
a4943,majority,dissent1,0.9899678826332092
a4943,majority,dissent2,0.8387490510940552
a4944,majority,dissent1,0.9958316087722778
a4946,majority,dissent1,0.9970375299453735
a4947,majority,dissent1,0.9932870268821716
a4948,majority,dissent1,0.9964538812637329
a4948,majority,dissent2,0.991274893283844
a4949,majority,dissent1,0.9941540956497192
a4949,majority,dissent2,0.9869191646575928
a4949,majority,dissent3,0.9704281091690063
a4950,majority,dissent1,0.9949854612350464
a4950,majority,dissent2,0.9332960844039917
a4975,majority,dissent1,0.9354559183120728
a4980,majority,dissent1,0.9943289756774902
a4983,majority,dissent1,0.99147629737854
a4984,majority,dissent1,0.98956298828125
a4985,majority,dissent1,0.979892373085022
a4986,majority,dissent1,0.9934029579162598
a4988,majority,dissent1,0.9943921566009521
a4988,majority,dissent2,0.9479852914810181
a4989,majority,dissent1,0.9961923360824585
a4990,majority,dissent1,0.9955495595932007
a4991,majority,dissent1,0.992836058139801
a4992,majority,dissent1,0.9925204515457153
a4997,majority,dissent1,0.7355417609214783
a5046,majority,dissent1,0.9907631278038025
a5048,majority,dissent1,0.988357663154602
a5049,majority,dissent1,0.9814537763595581
a5050,majority,dissent1,0.9877278208732605
a5052,majority,dissent1,0.9737611413002014
a5055,majority,dissent1,0.9944304823875427
a5057,majority,dissent1,0.9965651035308838
a5058,majority,dissent1,0.9861261248588562
a5059,majority,dissent1,0.9929202198982239
a5061,majority,dissent1,0.9951696395874023
a5062,majority,dissent1,0.9764407873153687
a5062,majority,dissent2,0.9660556316375732
a5063,majority,dissent1,0.9936055541038513
a5064,majority,dissent1,0.983846127986908
a5065,majority,dissent1,0.9899377822875977
a5066,majority,dissent1,0.9960063099861145
a5067,majority,dissent1,0.9944138526916504
a5109,majority,dissent1,0.9927983283996582
a5110,majority,dissent1,0.9895304441452026
a5112,majority,dissent1,0.9861034750938416
a5113,majority,dissent1,0.9871265292167664
a5115,majority,dissent1,0.9918228387832642
a5115,majority,dissent2,0.9793972373008728
a5116,majority,dissent1,0.9924793839454651
a5121,majority,dissent1,0.9932987689971924
a5122,majority,dissent1,0.9888702034950256
a5123,majority,dissent1,0.9870597720146179
a5124,majority,dissent1,0.9923309683799744
a5125,majority,dissent1,0.8908044099807739
a5128,majority,dissent1,0.9849417805671692
a5129,majority,dissent1,0.991126537322998
a5130,majority,dissent1,0.9895159006118774
a5133,majority,dissent1,0.995776891708374
a5135,majority,dissent1,0.9937642812728882
a5136,majority,dissent1,0.9912339448928833
a5136,majority,dissent2,0.959740936756134
a5137,majority,dissent1,0.9805678129196167
a5154,majority,dissent1,0.9946657419204712
a5156,majority,dissent1,0.9750635027885437
a5157,majority,dissent1,0.8684706091880798
a5158,majority,dissent1,0.9889243841171265
a5159,majority,dissent1,0.9922033548355103
a5160,majority,dissent1,0.9912634491920471
a5161,majority,dissent1,0.9942586421966553
a5162,majority,dissent1,0.9901060461997986
a5163,majority,dissent1,0.9906401038169861
a5164,majority,dissent1,0.9739339351654053
a5165,majority,dissent1,0.9928445816040039
a5166,majority,dissent1,0.9765894412994385
a5166,majority,dissent2,0.993026852607727
a5167,majority,dissent1,0.9929988384246826
a5168,majority,dissent1,0.9942945837974548
a5169,majority,dissent1,0.9904511570930481
a5170,majority,dissent1,0.989060640335083
a5171,majority,dissent1,0.9964732527732849
a5172,majority,dissent1,0.9918462038040161
a5172,majority,dissent2,0.978484034538269
a5173,majority,dissent1,0.9937301874160767
a5173,majority,dissent2,0.9896628856658936
a5174,majority,dissent1,0.9967841506004333
a5174,majority,dissent2,0.9776031970977783
a5175,majority,dissent1,0.9907476902008057
a5175,majority,dissent2,0.959316074848175
a5177,majority,dissent1,0.9959380626678467
a5178,majority,dissent1,0.9911888241767883
a5180,majority,dissent1,0.997136652469635
a5181,majority,dissent1,0.9789594411849976
a5182,majority,dissent1,0.9943626523017883
a5185,majority,dissent1,0.9949108958244324
a5200,majority,dissent1,0.9602211713790894
a5200,majority,dissent2,0.9822918176651001
a5201,majority,dissent1,0.9215492010116577
a5201,majority,dissent2,0.9724148511886597
a5202,majority,dissent1,0.9908317923545837
a5203,majority,dissent1,0.9915953278541565
a5204,majority,dissent1,0.9936100840568542
a5205,majority,dissent1,0.9948825240135193
a5207,majority,dissent1,0.9932629466056824
a5209,majority,dissent1,0.905587911605835
a5211,majority,dissent1,0.9920276403427124
a5212,majority,dissent1,0.9704138040542603
a5213,majority,dissent1,0.9812011122703552
a5215,majority,dissent1,0.9946249723434448
a5217,majority,dissent1,0.9826003313064575
a5217,majority,dissent2,0.9696184992790222
a5218,majority,dissent1,0.9957653284072876
a5218,majority,dissent2,0.9485723972320557
a5219,majority,dissent1,0.9884211421012878
a5225,majority,dissent1,0.7317056655883789
a5277,majority,dissent1,0.9916555285453796
a5282,majority,dissent1,0.9634880423545837
a5283,majority,dissent1,0.9900274276733398
a5283,majority,dissent2,0.9611386656761169
a5285,majority,dissent1,0.9920094013214111
a5286,majority,dissent1,0.9944300651550293
a5287,majority,dissent1,0.9964169263839722
a5290,majority,dissent1,0.994410514831543
a5291,majority,dissent1,0.9916045665740967
a5291,majority,dissent2,0.9938291311264038
a5292,majority,dissent1,0.9915752410888672
a5293,majority,dissent1,0.9751440286636353
a5296,majority,dissent1,0.9917762279510498
a5297,majority,dissent1,0.9367524981498718
a5297,majority,dissent2,0.991175651550293
a5299,majority,dissent1,0.9867119789123535
a5300,majority,dissent1,0.9917205572128296
a5302,majority,dissent1,0.9949687719345093
a5327,majority,dissent1,0.9912638664245605
a5329,majority,dissent1,0.9971819519996643
a5331,majority,dissent1,0.8918554782867432
a5333,majority,dissent1,0.9973377585411072
a5334,majority,dissent1,0.9445309638977051
a5335,majority,dissent1,0.9940314292907715
a5336,majority,dissent1,0.9932499527931213
a5341,majority,dissent1,0.9923505783081055
a5342,majority,dissent1,0.9772166013717651
a5345,majority,dissent1,0.9973803162574768
a5346,majority,dissent1,0.9951754808425903
a5348,majority,dissent1,0.8947737216949463
a5348,majority,dissent2,0.9425064325332642
a5350,majority,dissent1,0.9944553375244141
a5351,majority,dissent1,0.9925757646560669
a5352,majority,dissent1,0.995588481426239
a5353,majority,dissent1,0.9716875553131104
a5354,majority,dissent1,0.9843016266822815
a5354,majority,dissent2,0.9598626494407654
a5355,majority,dissent1,0.9885867834091187
a5356,majority,dissent1,0.9809547066688538
a5357,majority,dissent1,0.9880304336547852
a5358,majority,dissent1,0.9926325678825378
a5383,majority,dissent1,0.957812488079071
a5384,majority,dissent1,0.9890928864479065
a5384,majority,dissent2,0.9904084205627441
a5385,majority,dissent1,0.9932013154029846
a5387,majority,dissent1,0.9951682686805725
a5387,majority,dissent2,0.9691133499145508
a5387,majority,dissent3,0.9429416060447693
a5388,majority,dissent1,0.9856249094009399
a5390,majority,dissent1,0.9875053763389587
a5391,majority,dissent1,0.9876987934112549
a5392,majority,dissent1,0.9901944994926453
a5394,majority,dissent1,0.9340667724609375
a5394,majority,dissent2,0.9951324462890625
a5395,majority,dissent1,0.9872534275054932
a5395,majority,dissent2,0.9881827235221863
a5398,majority,dissent1,0.9924353361129761
a5399,majority,dissent1,0.989288866519928
a5400,majority,dissent1,0.9955964088439941
a5402,majority,dissent1,0.9907013773918152
a5402,majority,dissent2,0.8917515277862549
a5403,majority,dissent1,0.9962127804756165
a5404,majority,dissent1,0.9953355193138123
a5410,majority,dissent1,0.9964630603790283
a5411,majority,dissent1,0.9946017265319824
a5411,majority,dissent2,0.9914500713348389
a5412,majority,dissent1,0.9887416362762451
a5412,majority,dissent2,0.9903609752655029
a5414,majority,dissent1,0.9669530987739563
a5415,majority,dissent1,0.9945725202560425
a5416,majority,dissent1,0.9852080345153809
a5420,majority,dissent1,0.9939716458320618
a5422,majority,dissent1,0.9897511601448059
a5438,majority,dissent1,0.9580434560775757
a5439,majority,dissent1,0.9908164739608765
a5440,majority,dissent1,0.9895011186599731
a5443,majority,dissent1,0.9933677315711975
a5444,majority,dissent1,0.9868248105049133
a5445,majority,dissent1,0.9900346398353577
a5446,majority,dissent1,0.985390841960907
a5448,majority,dissent1,0.9945763945579529
a5449,majority,dissent1,0.9934777021408081
a5450,majority,dissent1,0.992647111415863
a5453,majority,dissent1,0.9948590993881226
a5453,majority,dissent2,0.996751070022583
a5454,majority,dissent1,0.9934760332107544
a5455,majority,dissent1,0.9921780824661255
a5469,majority,dissent1,0.9075102210044861
a5498,majority,dissent1,0.9965667724609375
a5500,majority,dissent1,0.9901727437973022
a5502,majority,dissent1,0.9888829588890076
a5504,majority,dissent1,0.9940142631530762
a5506,majority,dissent1,0.9944654703140259
a5506,majority,dissent2,0.971983790397644
a5507,majority,dissent1,0.9953036308288574
a5508,majority,dissent1,0.991784930229187
a5509,majority,dissent1,0.9934052228927612
a5510,majority,dissent1,0.992239236831665
a5511,majority,dissent1,0.989590048789978
a5512,majority,dissent1,0.991800844669342
a5513,majority,dissent1,0.9297795295715332
a5514,majority,dissent1,0.992591381072998
a5516,majority,dissent1,0.991384744644165
a5519,majority,dissent1,0.993964433670044
a5521,majority,dissent1,0.9806302785873413
a5533,majority,dissent1,0.9921393394470215
a5536,majority,dissent1,0.9946987628936768
a5537,majority,dissent1,0.9922164678573608
a5538,majority,dissent1,0.9948202967643738
a5539,majority,dissent1,0.9965689778327942
a5540,majority,dissent1,0.9905620813369751
a5543,majority,dissent1,0.9787151217460632
a5543,majority,dissent2,0.9277998208999634
a5544,majority,dissent1,0.9963651895523071
a5545,majority,dissent1,0.9934682846069336
a5548,majority,dissent1,0.9822710752487183
a5548,majority,dissent2,0.9900898933410645
a5549,majority,dissent1,0.9921773672103882
a5553,majority,dissent1,0.9714334607124329
a5554,majority,dissent1,0.9944489002227783
a5555,majority,dissent1,0.9924113154411316
a5556,majority,dissent1,0.9889565706253052
a5580,majority,dissent1,0.9742840528488159
a5580,majority,dissent2,0.9947947263717651
a5581,majority,dissent1,0.986790657043457
a5582,majority,dissent1,0.9970511198043823
a5583,majority,dissent1,0.9913637042045593
a5584,majority,dissent1,0.9935085773468018
a5585,majority,dissent1,0.9778590202331543
a5586,majority,dissent1,0.9731680154800415
a5588,majority,dissent1,0.9936785697937012
a5589,majority,dissent1,0.9850355982780457
a5589,majority,dissent2,0.9931147694587708
a5590,majority,dissent1,0.9925358295440674
a5590,majority,dissent2,0.9707317352294922
a5591,majority,dissent1,0.9898602962493896
a5595,majority,dissent1,0.9825593829154968
a5596,majority,dissent1,0.9915834665298462
a5605,majority,dissent1,0.9947829246520996
a5607,majority,dissent1,0.9910343885421753
a5608,majority,dissent1,0.9953731894493103
a5610,majority,dissent1,0.9957264065742493
a5611,majority,dissent1,0.9945685863494873
a5612,majority,dissent1,0.9938987493515015
a5613,majority,dissent1,0.9955639243125916
a5613,majority,dissent2,0.9939440488815308
a5615,majority,dissent1,0.9863420724868774
a5615,majority,dissent2,0.9702721238136292
a5615,majority,dissent3,0.9247630834579468
a5615,majority,dissent4,0.9918283820152283
a5616,majority,dissent1,0.9882283210754395
a5617,majority,dissent1,0.9926900267601013
a5618,majority,dissent1,0.9774554967880249
a5619,majority,dissent1,0.9877780079841614
a5619,majority,dissent2,0.981421709060669
a5620,majority,dissent1,0.9686487913131714
a5620,majority,dissent2,0.9953981637954712
a5620,majority,dissent3,0.9874063730239868
a5621,majority,dissent1,0.9966379404067993
a5622,majority,dissent1,0.9948816299438477
a5623,majority,dissent1,0.9935770630836487
a5624,majority,dissent1,0.985149621963501
a5625,majority,dissent1,0.9933792352676392
a5632,majority,dissent1,0.8062018156051636
a5648,majority,dissent1,0.9080522656440735
a5649,majority,dissent1,0.9905967116355896
a5652,majority,dissent1,0.9882587194442749
a5653,majority,dissent1,0.9913966059684753
a5654,majority,dissent1,0.9513143301010132
a5654,majority,dissent2,0.9604290723800659
a5655,majority,dissent1,0.9749659299850464
a5656,majority,dissent1,0.9937293529510498
a5659,majority,dissent1,0.9912161827087402
a5660,majority,dissent1,0.9929298162460327
a5661,majority,dissent1,0.9952005743980408
a5664,majority,dissent1,0.9950859546661377
a5666,majority,dissent1,0.7836472988128662
a5708,majority,dissent1,0.9934207797050476
a5709,majority,dissent1,0.9933410882949829
a5710,majority,dissent1,0.992669403553009
a5712,majority,dissent1,0.9905737638473511
a5713,majority,dissent1,0.9935551285743713
a5714,majority,dissent1,0.9965693354606628
a5716,majority,dissent1,0.9949454069137573
a5717,majority,dissent1,0.994674801826477
a5718,majority,dissent1,0.9936391115188599
a5720,majority,dissent1,0.9908063411712646
a5721,majority,dissent1,0.9928268194198608
a5731,majority,dissent1,0.9392556548118591
a5731,majority,dissent2,0.9375354647636414
a5732,majority,dissent1,0.9501811265945435
a5733,majority,dissent1,0.9901132583618164
a5734,majority,dissent1,0.9621239900588989
a5734,majority,dissent2,0.9895755052566528
a5735,majority,dissent1,0.9913496375083923
a5736,majority,dissent1,0.9900699853897095
a5738,majority,dissent1,0.9917393922805786
a5738,majority,dissent2,0.9898236393928528
a5738,majority,dissent3,0.9799389839172363
a5739,majority,dissent1,0.9914147853851318
a5740,majority,dissent1,0.9853899478912354
a5741,majority,dissent1,0.996967077255249
a5743,majority,dissent1,0.9913291335105896
a5744,majority,dissent1,0.9928827881813049
a5745,majority,dissent1,0.8152177333831787
a5745,majority,dissent2,0.990334689617157
a5747,majority,dissent1,0.9939942359924316
a5747,majority,dissent2,0.991541862487793
a5748,majority,dissent1,0.9924564361572266
a5749,majority,dissent1,0.9946984052658081
a5751,majority,dissent1,0.8115418553352356
a5751,majority,dissent2,0.9952094554901123
a5752,majority,dissent1,0.9937223196029663
a5752,majority,dissent2,0.9738439321517944
a5766,majority,dissent1,0.923970103263855
a5768,majority,dissent1,0.9816747903823853
a5768,majority,dissent2,0.9941010475158691
a5769,majority,dissent1,0.992130696773529
a5770,majority,dissent1,0.9899972677230835
a5771,majority,dissent1,0.9945935010910034
a5772,majority,dissent1,0.9897480010986328
a5772,majority,dissent2,0.9849632382392883
a5774,majority,dissent1,0.9942460656166077
a5776,majority,dissent1,0.9940629005432129
a5776,majority,dissent2,0.994362473487854
a5777,majority,dissent1,0.9841599464416504
a5777,majority,dissent2,0.9806204438209534
a5777,majority,dissent3,0.993166983127594
a5778,majority,dissent1,0.9894101619720459
a5778,majority,dissent2,0.9175585508346558
a5779,majority,dissent1,0.8757216334342957
a5780,majority,dissent1,0.9935280084609985
a5781,majority,dissent1,0.9890192747116089
a5783,majority,dissent1,0.9940454959869385
a5784,majority,dissent1,0.9923814535140991
a5786,majority,dissent1,0.9950392842292786
a5787,majority,dissent1,0.9883825182914734
a5787,majority,dissent2,0.9831753969192505
a5788,majority,dissent1,0.9918224811553955
a5789,majority,dissent1,0.9906312227249146
a5790,majority,dissent1,0.9937905073165894
a5791,majority,dissent1,0.7923601865768433
a5792,majority,dissent1,0.9862555861473083
a5792,majority,dissent2,0.9892237186431885
a5794,majority,dissent1,0.993411123752594
a5794,majority,dissent2,0.9899883270263672
a5795,majority,dissent1,0.9909359812736511
a5795,majority,dissent2,0.9504736661911011
a5795,majority,dissent3,0.9733153581619263
a5797,majority,dissent1,0.9894425868988037
a5811,majority,dissent1,0.7469427585601807
a5823,majority,dissent1,0.9741330146789551
a5823,majority,dissent2,0.9454315304756165
a5824,majority,dissent1,0.9840055704116821
a5828,majority,dissent1,0.9904921054840088
a5831,majority,dissent1,0.9925298690795898
a5832,majority,dissent1,0.9867108464241028
a5832,majority,dissent2,0.953956663608551
a5836,majority,dissent1,0.9890174865722656
a5839,majority,dissent1,0.9977254271507263
a5840,majority,dissent1,0.9924858808517456
a5841,majority,dissent1,0.9877270460128784
a5841,majority,dissent2,0.9821879863739014
a5842,majority,dissent1,0.992603063583374
a5843,majority,dissent1,0.9916558861732483
a5844,majority,dissent1,0.9862685203552246
a5844,majority,dissent2,0.9547578692436218
a5858,majority,dissent1,0.9344177842140198
a5863,majority,dissent1,0.956789493560791
a5864,majority,dissent1,0.9920285940170288
a5865,majority,dissent1,0.9912770986557007
a5868,majority,dissent1,0.9930089712142944
a5869,majority,dissent1,0.9950992465019226
a5870,majority,dissent1,0.9920930862426758
a5873,majority,dissent1,0.9926725625991821
a5874,majority,dissent1,0.9935117959976196
a5875,majority,dissent1,0.990352988243103
a5877,majority,dissent1,0.9935159683227539
a5878,majority,dissent1,0.9906936883926392
a5881,majority,dissent1,0.993943989276886
a5884,majority,dissent1,0.9907191395759583
a5885,majority,dissent1,0.9646822810173035
a5893,majority,dissent1,0.9964129328727722
a5893,majority,dissent2,0.9788174629211426
a5894,majority,dissent1,0.942022442817688
a5895,majority,dissent1,0.9973790645599365
a5896,majority,dissent1,0.9917792081832886
a5896,majority,dissent2,0.996013879776001
a5897,majority,dissent1,0.9932490587234497
a5898,majority,dissent1,0.9875550270080566
a5899,majority,dissent1,0.9766678810119629
a5900,majority,dissent1,0.9953346252441406
a5901,majority,dissent1,0.9914062023162842
a5902,majority,dissent1,0.9948618412017822
a5904,majority,dissent1,0.9852068424224854
a5905,majority,dissent1,0.990809440612793
a5906,majority,dissent1,0.9804635047912598
a5907,majority,dissent1,0.9903392195701599
a5908,majority,dissent1,0.994189441204071
a5909,majority,dissent1,0.9903523921966553
a5909,majority,dissent2,0.9775173664093018
a5911,majority,dissent1,0.9966195821762085
a5912,majority,dissent1,0.992557168006897
a5912,majority,dissent2,0.9789087772369385
a5913,majority,dissent1,0.9960857629776001
a5915,majority,dissent1,0.9885241985321045
a5915,majority,dissent2,0.9937605261802673
a5917,majority,dissent1,0.9947767853736877
a5926,majority,dissent1,0.9555819034576416
a5928,majority,dissent1,0.9956801533699036
a5929,majority,dissent1,0.9935415387153625
a5929,majority,dissent2,0.9617182612419128
a5930,majority,dissent1,0.9902657866477966
a5931,majority,dissent1,0.9898517727851868
a5932,majority,dissent1,0.9911801815032959
a5935,majority,dissent1,0.9946994781494141
a5937,majority,dissent1,0.991459846496582
a5940,majority,dissent1,0.9931800365447998
a5941,majority,dissent1,0.9960380792617798
a5943,majority,dissent1,0.9951818585395813
a5943,majority,dissent2,0.9904457330703735
a5944,majority,dissent1,0.9924344420433044
a5945,majority,dissent1,0.9720991849899292
a5945,majority,dissent2,0.9915405511856079
a5952,majority,dissent1,0.9966380596160889
a5952,majority,dissent2,0.9969561100006104
a5953,majority,dissent1,0.9392259120941162
a5954,majority,dissent1,0.9632654190063477
a5956,majority,dissent1,0.9177814722061157
a5957,majority,dissent1,0.9300731420516968
a5958,majority,dissent1,0.9628653526306152
a5961,majority,dissent1,0.9819916486740112
a5964,majority,dissent1,0.9833352565765381
a5965,majority,dissent1,0.9886707067489624
a5966,majority,dissent1,0.9951155185699463
a5967,majority,dissent1,0.994398295879364
a5969,majority,dissent1,0.9957480430603027
a5969,majority,dissent2,0.9947276711463928
a5971,majority,dissent1,0.992466926574707
a5972,majority,dissent1,0.987252950668335
a5973,majority,dissent1,0.9975152015686035
a5991,majority,dissent1,0.9908736348152161
a5992,majority,dissent1,0.9934898018836975
a5993,majority,dissent1,0.9900937080383301
a5994,majority,dissent1,0.9880644083023071
a5995,majority,dissent1,0.9942603707313538
a5996,majority,dissent1,0.9921894669532776
a5997,majority,dissent1,0.9929580688476562
a5998,majority,dissent1,0.9364833235740662
a5999,majority,dissent1,0.996641218662262
a6000,majority,dissent1,0.9937292337417603
a6000,majority,dissent2,0.9912353754043579
a6001,majority,dissent1,0.9879459142684937
a6002,majority,dissent1,0.994704008102417
a6003,majority,dissent1,0.9960150122642517
a6004,majority,dissent1,0.9927504062652588
a6005,majority,dissent1,0.8864666819572449
a6007,majority,dissent1,0.9884888529777527
a6008,majority,dissent1,0.993436336517334
a6010,majority,dissent1,0.9889556765556335
a6010,majority,dissent2,0.8765523433685303
a6010,majority,dissent3,0.984652042388916
a6010,majority,dissent4,0.8643622398376465
a6013,majority,dissent1,0.9912002086639404
a6014,majority,dissent1,0.9929079413414001
a6025,majority,dissent1,0.9924703240394592
a6026,majority,dissent1,0.9910881519317627
a6027,majority,dissent1,0.9936386346817017
a6028,majority,dissent1,0.9909813404083252
a6029,majority,dissent1,0.9949050545692444
a6031,majority,dissent1,0.9927318692207336
a6037,majority,dissent1,0.9895910024642944
a6038,majority,dissent1,0.9952662587165833
a6042,majority,dissent1,0.9922945499420166
a6043,majority,dissent1,0.9925600290298462
a6044,majority,dissent1,0.9934363961219788
a6044,majority,dissent2,0.9549285769462585
a6045,majority,dissent1,0.979732871055603
a6046,majority,dissent1,0.988396167755127
a6047,majority,dissent1,0.9898067712783813
a6048,majority,dissent1,0.9957967400550842
a6049,majority,dissent1,0.9969507455825806
a6052,majority,dissent1,0.8903175592422485
a6052,majority,dissent2,0.9889907836914062
a6053,majority,dissent1,0.9925166964530945
a6054,majority,dissent1,0.9919204711914062
a6055,majority,dissent1,0.9918211698532104
a6056,majority,dissent1,0.9918502569198608
a6057,majority,dissent1,0.9957987666130066
a6058,majority,dissent1,0.9932750463485718
a6061,majority,dissent1,0.9967879056930542
a6061,majority,dissent2,0.9675172567367554
a6061,majority,dissent3,0.9932418465614319
a6061,majority,dissent4,0.9938008785247803
a6062,majority,dissent1,0.996023416519165
a6063,majority,dissent1,0.9948407411575317
a6064,majority,dissent1,0.9755505323410034
a6067,majority,dissent1,0.941128671169281
a6069,majority,dissent1,0.9899111986160278
a6071,majority,dissent1,0.9954030513763428
a6072,majority,dissent1,0.9960594177246094
a6075,majority,dissent1,0.9847052693367004
a6075,majority,dissent2,0.9938549995422363
a6077,majority,dissent1,0.9947853088378906
a6079,majority,dissent1,0.9925007820129395
a6080,majority,dissent1,0.99012291431427
a6081,majority,dissent1,0.9856555461883545
a6082,majority,dissent1,0.9928402900695801
a6083,majority,dissent1,0.9925267100334167
a6105,majority,dissent1,0.9934016466140747
a6106,majority,dissent1,0.9912874698638916
a6107,majority,dissent1,0.9931646585464478
a6108,majority,dissent1,0.9885915517807007
a6109,majority,dissent1,0.9924665093421936
a6110,majority,dissent1,0.9939134120941162
a6112,majority,dissent1,0.9940614700317383
a6113,majority,dissent1,0.9922670125961304
a6115,majority,dissent1,0.9940075278282166
a6117,majority,dissent1,0.9615684747695923
a6118,majority,dissent1,0.9875977039337158
a6119,majority,dissent1,0.9905405044555664
a6119,majority,dissent2,0.9941823482513428
a6121,majority,dissent1,0.9871509671211243
a6123,majority,dissent1,0.9953759908676147
a6124,majority,dissent1,0.9933149814605713
a6125,majority,dissent1,0.9976490139961243
a6126,majority,dissent1,0.9940289855003357
a6127,majority,dissent1,0.9922438859939575
a6128,majority,dissent1,0.9910599589347839
a6128,majority,dissent2,0.9771076440811157
a6129,majority,dissent1,0.9946345090866089
a6129,majority,dissent2,0.9931970834732056
a6129,majority,dissent3,0.9883854389190674
a6130,majority,dissent1,0.9873014092445374
a6166,majority,dissent1,0.9626010060310364
a6166,majority,dissent2,0.9937705993652344
a6171,majority,dissent1,0.9962477087974548
a6173,majority,dissent1,0.9936657547950745
a6177,majority,dissent1,0.9928889274597168
a6178,majority,dissent1,0.9935271143913269
a6181,majority,dissent1,0.9936292171478271
a6184,majority,dissent1,0.9917352795600891
a6185,majority,dissent1,0.9945157170295715
a6185,majority,dissent2,0.9835190773010254
a6186,majority,dissent1,0.9928604960441589
a6203,majority,dissent1,0.9307541251182556
a6206,majority,dissent1,0.994296133518219
a6208,majority,dissent1,0.9780412316322327
a6210,majority,dissent1,0.993924617767334
a6212,majority,dissent1,0.9930006861686707
a6213,majority,dissent1,0.9905503988265991
a6215,majority,dissent1,0.9902170896530151
a6219,majority,dissent1,0.9914591312408447
a6219,majority,dissent2,0.9904417991638184
a6220,majority,dissent1,0.9930236339569092
a6221,majority,dissent1,0.9962764382362366
a6223,majority,dissent1,0.9947859048843384
a6224,majority,dissent1,0.9033108949661255
a6225,majority,dissent1,0.9958512783050537
a6227,majority,dissent1,0.9939868450164795
a6228,majority,dissent1,0.9905492663383484
a6229,majority,dissent1,0.9954848289489746
a6230,majority,dissent1,0.9961398839950562
a6232,majority,dissent1,0.9956827163696289
a6233,majority,dissent1,0.9947518706321716
a6234,majority,dissent1,0.9827871322631836
a6234,majority,dissent2,0.990944504737854
a6234,majority,dissent3,0.9801039695739746
a6235,majority,dissent1,0.9905041456222534
a6236,majority,dissent1,0.991681694984436
a6238,majority,dissent1,0.9944274425506592
a6239,majority,dissent1,0.9966580867767334
a6242,majority,dissent1,0.9856972098350525
a6243,majority,dissent1,0.9892411828041077
a6244,majority,dissent1,0.9958919286727905
a6244,majority,dissent2,0.9864780902862549
a6245,majority,dissent1,0.995933473110199
a6245,majority,dissent2,0.9942448139190674
a6245,majority,dissent3,0.9899856448173523
a6246,majority,dissent1,0.9834041595458984
a6247,majority,dissent1,0.9942724704742432
a6250,majority,dissent1,0.9933112263679504
a6252,majority,dissent1,0.9886044263839722
a6252,majority,dissent2,0.9921176433563232
a6254,majority,dissent1,0.9951001405715942
a6257,majority,dissent1,0.9932923316955566
a6258,majority,dissent1,0.9949381351470947
a6259,majority,dissent1,0.9928146600723267
a6261,majority,dissent1,0.9954167604446411
a6261,majority,dissent2,0.987874448299408
a6262,majority,dissent1,0.9959266185760498
a6263,majority,dissent1,0.9899123907089233
a6263,majority,dissent2,0.9950701594352722
a6264,majority,dissent1,0.9740246534347534
a6268,majority,dissent1,0.9842633008956909
a6269,majority,dissent1,0.9889740943908691
a6270,majority,dissent1,0.9932280778884888
a6272,majority,dissent1,0.9942231178283691
a6273,majority,dissent1,0.9640476703643799
a6273,majority,dissent2,0.9951156973838806
a6275,majority,dissent1,0.9302555322647095
a6276,majority,dissent1,0.9893265962600708
a6278,majority,dissent1,0.988265335559845
a6279,majority,dissent1,0.8729363679885864
a6281,majority,dissent1,0.9930669665336609
a6282,majority,dissent1,0.9935511946678162
a6282,majority,dissent2,0.985369861125946
a6283,majority,dissent1,0.9951610565185547
a6286,majority,dissent1,0.992437481880188
a6286,majority,dissent2,0.988693118095398
a6287,majority,dissent1,0.988152265548706
a6287,majority,dissent2,0.9917768239974976
a6287,majority,dissent3,0.997153639793396
a6289,majority,dissent1,0.8457053899765015
a6290,majority,dissent1,0.9488956928253174
a6292,majority,dissent1,0.9962306022644043
a6293,majority,dissent1,0.989397406578064
a6295,majority,dissent1,0.9857005476951599
a6295,majority,dissent2,0.9929466247558594
a6296,majority,dissent1,0.9925463199615479
a6297,majority,dissent1,0.9896743297576904
a6298,majority,dissent1,0.9352323412895203
a6299,majority,dissent1,0.9870015382766724
a6302,majority,dissent1,0.9956430792808533
a6304,majority,dissent1,0.996335506439209
a6304,majority,dissent2,0.8057258725166321
a6305,majority,dissent1,0.997913122177124
a6305,majority,dissent2,0.9922705292701721
a6306,majority,dissent1,0.9917420148849487
a6307,majority,dissent1,0.893877387046814
a6309,majority,dissent1,0.9907390475273132
a6310,majority,dissent1,0.9937198162078857
a6310,majority,dissent2,0.9947589635848999
a6310,majority,dissent3,0.9756425023078918
a6313,majority,dissent1,0.9771477580070496
a6314,majority,dissent1,0.9619017243385315
a6314,majority,dissent2,0.9940906763076782
a6315,majority,dissent1,0.9902596473693848
a6317,majority,dissent1,0.9934573769569397
a6319,majority,dissent1,0.9896345138549805
a6320,majority,dissent1,0.9948990345001221
a6321,majority,dissent1,0.9934017658233643
a6321,majority,dissent2,0.992901086807251
a6323,majority,dissent1,0.9943645000457764
a6324,majority,dissent1,0.9888731837272644
a6326,majority,dissent1,0.9902037382125854
a6328,majority,dissent1,0.9934878349304199
a6329,majority,dissent1,0.9866445064544678
a6332,majority,dissent1,0.9958308935165405
a6333,majority,dissent1,0.8248419761657715
a6334,majority,dissent1,0.9921810030937195
a6335,majority,dissent1,0.9069717526435852
a6335,majority,dissent2,0.9927853345870972
a6336,majority,dissent1,0.9923940896987915
a6336,majority,dissent2,0.9633209109306335
a6337,majority,dissent1,0.9905701875686646
a6339,majority,dissent1,0.9821664690971375
a6341,majority,dissent1,0.980339765548706
a6344,majority,dissent1,0.9912236928939819
a6344,majority,dissent2,0.9760518670082092
a6347,majority,dissent1,0.9891371726989746
a6353,majority,dissent1,0.9875874519348145
a6353,majority,dissent2,0.9884965419769287
a6355,majority,dissent1,0.9954113364219666
a6355,majority,dissent2,0.9916585683822632
a6356,majority,dissent1,0.9961789846420288
a6358,majority,dissent1,0.8126699924468994
a6359,majority,dissent1,0.988969624042511
a6361,majority,dissent1,0.9952187538146973
a6361,majority,dissent2,0.985215961933136
a6362,majority,dissent1,0.9922261238098145
a6362,majority,dissent2,0.9803140163421631
a6364,majority,dissent1,0.9965658187866211
a6364,majority,dissent2,0.9660553932189941
a6365,majority,dissent1,0.9933532476425171
a6366,majority,dissent1,0.9953845739364624
a6366,majority,dissent2,0.9875162243843079
a6371,majority,dissent1,0.9917517900466919
a6372,majority,dissent1,0.9966208934783936
a6373,majority,dissent1,0.9884433150291443
a6374,majority,dissent1,0.9930524826049805
a6375,majority,dissent1,0.8401138186454773
a6375,majority,dissent2,0.9930292367935181
a6376,majority,dissent1,0.9767582416534424
a6377,majority,dissent1,0.846861720085144
a6378,majority,dissent1,0.9917781352996826
a6379,majority,dissent1,0.99074387550354
a6383,majority,dissent1,0.9917271137237549
a6384,majority,dissent1,0.9939775466918945
a6385,majority,dissent1,0.9948197603225708
a6387,majority,dissent1,0.9931046962738037
a6387,majority,dissent2,0.9837871789932251
a6388,majority,dissent1,0.9933962821960449
a6389,majority,dissent1,0.9919314384460449
a6390,majority,dissent1,0.9924608469009399
a6391,majority,dissent1,0.9923148155212402
a6393,majority,dissent1,0.9950817823410034
a6393,majority,dissent2,0.9745985865592957
a6394,majority,dissent1,0.9893249869346619
a6394,majority,dissent2,0.9644457101821899
a6394,majority,dissent3,0.9231857061386108
a6395,majority,dissent1,0.9934293627738953
a6400,majority,dissent1,0.9923630356788635
a6400,majority,dissent2,0.9874544143676758
a6402,majority,dissent1,0.9976322054862976
a6402,majority,dissent2,0.9917697906494141
a6402,majority,dissent3,0.9855095744132996
a6403,majority,dissent1,0.9890943765640259
a6404,majority,dissent1,0.8446396589279175
a6405,majority,dissent1,0.992939829826355
a6405,majority,dissent2,0.9928430318832397
a6406,majority,dissent1,0.985569179058075
a6410,majority,dissent1,0.9938110113143921
a6412,majority,dissent1,0.9776394367218018
a6413,majority,dissent1,0.9941994547843933
a6414,majority,dissent1,0.9965499639511108
a6416,majority,dissent1,0.9886307120323181
a6417,majority,dissent1,0.9777072072029114
a6417,majority,dissent2,0.9822911024093628
a6418,majority,dissent1,0.8239307403564453
a6419,majority,dissent1,0.9950491189956665
a6420,majority,dissent1,0.9958261251449585
a6421,majority,dissent1,0.992699384689331
a6425,majority,dissent1,0.9870122075080872
a6426,majority,dissent1,0.9933104515075684
a6427,majority,dissent1,0.8271484375
a6428,majority,dissent1,0.9960494041442871
a6430,majority,dissent1,0.995871901512146
a6432,majority,dissent1,0.9684438705444336
a6432,majority,dissent2,0.9229163527488708
a6432,majority,dissent3,0.9771764278411865
a6434,majority,dissent1,0.9910411834716797
a6434,majority,dissent2,0.9928775429725647
a6437,majority,dissent1,0.9839758276939392
a6438,majority,dissent1,0.9935824871063232
a6438,majority,dissent2,0.9851995706558228
a6439,majority,dissent1,0.9882203340530396
a6440,majority,dissent1,0.9565165042877197
a6440,majority,dissent2,0.990734338760376
a6442,majority,dissent1,0.9958810210227966
a6445,majority,dissent1,0.9954574108123779
a6446,majority,dissent1,0.9935089945793152
a6446,majority,dissent2,0.9930131435394287
a6448,majority,dissent1,0.9928280115127563
a6450,majority,dissent1,0.9908327460289001
a6452,majority,dissent1,0.9857499599456787
a6453,majority,dissent1,0.9963351488113403
a6454,majority,dissent1,0.982396125793457
a6454,majority,dissent2,0.9834901094436646
a6455,majority,dissent1,0.9891319870948792
a6456,majority,dissent1,0.9908325672149658
a6457,majority,dissent1,0.9898962378501892
a6458,majority,dissent1,0.9964410066604614
a6458,majority,dissent2,0.9848697781562805
a6459,majority,dissent1,0.9878367185592651
a6460,majority,dissent1,0.9910591840744019
a6461,majority,dissent1,0.9538201093673706
a6461,majority,dissent2,0.9929509162902832
a6463,majority,dissent1,0.9934191107749939
a6464,majority,dissent1,0.9929116368293762
a6465,majority,dissent1,0.9870076179504395
a6465,majority,dissent2,0.9950515627861023
a6466,majority,dissent1,0.9938737154006958
a6468,majority,dissent1,0.9830400943756104
a6468,majority,dissent2,0.9962593913078308
a6469,majority,dissent1,0.9899481534957886
a6469,majority,dissent2,0.9911916255950928
a6470,majority,dissent1,0.9959359765052795
a6471,majority,dissent1,0.98075270652771
a6473,majority,dissent1,0.9865055680274963
a6474,majority,dissent1,0.9924912452697754
a6475,majority,dissent1,0.8254761099815369
a6476,majority,dissent1,0.9929168224334717
a6477,majority,dissent1,0.9918407797813416
a6479,majority,dissent1,0.9924749135971069
a6480,majority,dissent1,0.9932036399841309
a6480,majority,dissent2,0.9390957951545715
a6482,majority,dissent1,0.9955175518989563
a6488,majority,dissent1,0.9316659569740295
a6491,majority,dissent1,0.9899581670761108
a6491,majority,dissent2,0.9712559580802917
a6494,majority,dissent1,0.991692066192627
a6495,majority,dissent1,0.9963537454605103
a6496,majority,dissent1,0.9767118096351624
a6497,majority,dissent1,0.9023219347000122
a6498,majority,dissent1,0.8372790813446045
a6499,majority,dissent1,0.9889816045761108
a6500,majority,dissent1,0.8292638063430786
a6503,majority,dissent1,0.9930078983306885
a6503,majority,dissent2,0.9920586347579956
a6504,majority,dissent1,0.9955217838287354
a6505,majority,dissent1,0.8365412354469299
a6506,majority,dissent1,0.9903444647789001
a6508,majority,dissent1,0.9932733178138733
a6509,majority,dissent1,0.9905184507369995
a6509,majority,dissent2,0.9743753671646118
a6510,majority,dissent1,0.9581629037857056
a6512,majority,dissent1,0.9955238103866577
a6513,majority,dissent1,0.9943716526031494
a6513,majority,dissent2,0.9813143610954285
a6515,majority,dissent1,0.9906526803970337
a6517,majority,dissent1,0.9928204417228699
a6521,majority,dissent1,0.921424150466919
a6522,majority,dissent1,0.9935247898101807
a6523,majority,dissent1,0.9929283857345581
a6523,majority,dissent2,0.977980375289917
a6524,majority,dissent1,0.9645940065383911
a6528,majority,dissent1,0.9930262565612793
a6528,majority,dissent2,0.993242621421814
a6530,majority,dissent1,0.9557995200157166
a6533,majority,dissent1,0.9930796027183533
a6534,majority,dissent1,0.9963740110397339
a6537,majority,dissent1,0.9966534376144409
a6539,majority,dissent1,0.9352839589118958
a6540,majority,dissent1,0.8623067140579224
a6541,majority,dissent1,0.9925234317779541
a6541,majority,dissent2,0.9747031927108765
a6542,majority,dissent1,0.9697710275650024
a6545,majority,dissent1,0.9906986951828003
a6546,majority,dissent1,0.9959872364997864
a6547,majority,dissent1,0.9891594648361206
a6547,majority,dissent2,0.995225191116333
a6548,majority,dissent1,0.9934542179107666
a6549,majority,dissent1,0.9938726425170898
a6550,majority,dissent1,0.8488579392433167
a6553,majority,dissent1,0.828600287437439
a6554,majority,dissent1,0.8316225409507751
a6555,majority,dissent1,0.8308228254318237
a6556,majority,dissent1,0.8286536931991577
a6557,majority,dissent1,0.8310660123825073
a6558,majority,dissent1,0.8279833793640137
a6559,majority,dissent1,0.985496461391449
a6563,majority,dissent1,0.994378387928009
a6564,majority,dissent1,0.9948257207870483
a6565,majority,dissent1,0.9920411109924316
a6565,majority,dissent2,0.9926069378852844
a6567,majority,dissent1,0.9774834513664246
a6567,majority,dissent2,0.9843014478683472
a6568,majority,dissent1,0.9781894087791443
a6568,majority,dissent2,0.9944887161254883
a6570,majority,dissent1,0.9966430068016052
a6570,majority,dissent2,0.9591400027275085
a6575,majority,dissent1,0.9781894087791443
a6575,majority,dissent2,0.9686391949653625
a6575,majority,dissent3,0.9938056468963623
a6576,majority,dissent1,0.9955004453659058
a6577,majority,dissent1,0.9933868646621704
a6579,majority,dissent1,0.9893446564674377
a6581,majority,dissent1,0.9947636723518372
a6582,majority,dissent1,0.9854167699813843
a6583,majority,dissent1,0.985842227935791
a6588,majority,dissent1,0.9914219379425049
a6588,majority,dissent2,0.9505313634872437
a6589,majority,dissent1,0.9915025234222412
a6589,majority,dissent2,0.9934853911399841
a6590,majority,dissent1,0.9953417181968689
a6591,majority,dissent1,0.9923674464225769
a6593,majority,dissent1,0.9834178686141968
a6594,majority,dissent1,0.9938976168632507
a6595,majority,dissent1,0.9893061518669128
a6595,majority,dissent2,0.9942813515663147
a6597,majority,dissent1,0.9971005320549011
a6602,majority,dissent1,0.9889854192733765
a6602,majority,dissent2,0.9692816734313965
a6602,majority,dissent3,0.9917342662811279
a6603,majority,dissent1,0.9930293560028076
a6605,majority,dissent1,0.9908411502838135
a6606,majority,dissent1,0.9961879253387451
a6607,majority,dissent1,0.9912840127944946
a6608,majority,dissent1,0.9897710680961609
a6611,majority,dissent1,0.9906868934631348
a6612,majority,dissent1,0.9964401125907898
a6612,majority,dissent2,0.990321159362793
a6613,majority,dissent1,0.9967705011367798
a6614,majority,dissent1,0.9954901337623596
a6615,majority,dissent1,0.996171236038208
a6615,majority,dissent2,0.9832106828689575
a6616,majority,dissent1,0.9949148893356323
a6616,majority,dissent2,0.9950043559074402
a6617,majority,dissent1,0.9967200756072998
a6618,majority,dissent1,0.9023299217224121
a6618,majority,dissent2,0.9679298996925354
a6618,majority,dissent3,0.9940521717071533
a6618,majority,dissent4,0.9970297813415527
a6622,majority,dissent1,0.9961416721343994
a6622,majority,dissent2,0.9641953110694885
a6625,majority,dissent1,0.9865630865097046
a6625,majority,dissent2,0.9941872358322144
a6625,majority,dissent3,0.9775072336196899
a6625,majority,dissent4,0.9930539131164551
a6626,majority,dissent1,0.9957249164581299
a6627,majority,dissent1,0.9881690740585327
a6628,majority,dissent1,0.9900137186050415
a6629,majority,dissent1,0.988444447517395
a6630,majority,dissent1,0.9935920834541321
a6631,majority,dissent1,0.9806934595108032
a6633,majority,dissent1,0.9712454080581665
a6636,majority,dissent1,0.9925426244735718
a6637,majority,dissent1,0.9218639135360718
a6641,majority,dissent1,0.9573791027069092
a6641,majority,dissent2,0.9896242618560791
a6642,majority,dissent1,0.9934506416320801
a6643,majority,dissent1,0.9928934574127197
a6643,majority,dissent2,0.9925364255905151
a6644,majority,dissent1,0.9935868978500366
a6645,majority,dissent1,0.9939770698547363
a6648,majority,dissent1,0.9917497038841248
a6649,majority,dissent1,0.9934217929840088
a6650,majority,dissent1,0.9844809770584106
a6651,majority,dissent1,0.9913612604141235
a6651,majority,dissent2,0.9711647629737854
a6652,majority,dissent1,0.9881165623664856
a6652,majority,dissent2,0.9772087335586548
a6653,majority,dissent1,0.9914480447769165
a6654,majority,dissent1,0.9513546228408813
a6654,majority,dissent2,0.9885334372520447
a6654,majority,dissent3,0.9830746650695801
a6656,majority,dissent1,0.9784005880355835
a6657,majority,dissent1,0.9951438307762146
a6659,majority,dissent1,0.996156632900238
a6661,majority,dissent1,0.9926915168762207
a6666,majority,dissent1,0.9831581115722656
a6668,majority,dissent1,0.9746110439300537
a6670,majority,dissent1,0.9970651268959045
a6671,majority,dissent1,0.9906257390975952
a6672,majority,dissent1,0.9942632913589478
a6672,majority,dissent2,0.9954670667648315
a6673,majority,dissent1,0.9877169132232666
a6675,majority,dissent1,0.992901086807251
a6676,majority,dissent1,0.9920952916145325
a6677,majority,dissent1,0.9240796566009521
a6677,majority,dissent2,0.9932340383529663
a6678,majority,dissent1,0.8525795936584473
a6678,majority,dissent2,0.8928840160369873
a6680,majority,dissent1,0.9917213916778564
a6681,majority,dissent1,0.9956252574920654
a6682,majority,dissent1,0.9938307404518127
a6684,majority,dissent1,0.9894970059394836
a6684,majority,dissent2,0.9757172465324402
a6685,majority,dissent1,0.9902852773666382
a6686,majority,dissent1,0.986510157585144
a6686,majority,dissent2,0.993940532207489
a6690,majority,dissent1,0.9960770606994629
a6691,majority,dissent1,0.9941331744194031
a6693,majority,dissent1,0.9924981594085693
a6694,majority,dissent1,0.991751492023468
a6695,majority,dissent1,0.9832949638366699
a6695,majority,dissent2,0.9902008771896362
a6696,majority,dissent1,0.9836114645004272
a6696,majority,dissent2,0.9900020360946655
a6698,majority,dissent1,0.9967021942138672
a6700,majority,dissent1,0.9948880672454834
a6701,majority,dissent1,0.9922759532928467
a6703,majority,dissent1,0.9972198605537415
a6704,majority,dissent1,0.9945902824401855
a6705,majority,dissent1,0.9933294057846069
a6708,majority,dissent1,0.9938678741455078
a6710,majority,dissent1,0.9937455654144287
a6711,majority,dissent1,0.9940890073776245
a6711,majority,dissent2,0.9928205013275146
a6711,majority,dissent3,0.9875808954238892
a6713,majority,dissent1,0.9924070835113525
a6714,majority,dissent1,0.9585060477256775
a6714,majority,dissent2,0.9961077570915222
a6715,majority,dissent1,0.9969817399978638
a6715,majority,dissent2,0.9861374497413635
a6716,majority,dissent1,0.994379460811615
a6717,majority,dissent1,0.9961822032928467
a6717,majority,dissent2,0.9888463020324707
a6718,majority,dissent1,0.9913654327392578
a6720,majority,dissent1,0.995610237121582
a6722,majority,dissent1,0.9955910444259644
a6723,majority,dissent1,0.9882110357284546
a6724,majority,dissent1,0.9716739654541016
a6724,majority,dissent2,0.9919369220733643
a6725,majority,dissent1,0.9785186648368835
a6728,majority,dissent1,0.9224587678909302
a6729,majority,dissent1,0.9924266934394836
a6730,majority,dissent1,0.9962044954299927
a6732,majority,dissent1,0.9907089471817017
a6734,majority,dissent1,0.9911043643951416
a6735,majority,dissent1,0.9929459691047668
a6736,majority,dissent1,0.9933738112449646
a6737,majority,dissent1,0.9959408640861511
a6738,majority,dissent1,0.9873334169387817
a6738,majority,dissent2,0.9932087659835815
a6739,majority,dissent1,0.9962711930274963
a6741,majority,dissent1,0.9953840970993042
a6742,majority,dissent1,0.9864912629127502
a6744,majority,dissent1,0.9956991672515869
a6745,majority,dissent1,0.9773073196411133
a6747,majority,dissent1,0.9835388660430908
a6747,majority,dissent2,0.9921000599861145
a6747,majority,dissent3,0.9848389029502869
a6748,majority,dissent1,0.9951744079589844
a6749,majority,dissent1,0.9919776916503906
a6749,majority,dissent2,0.9961311221122742
a6750,majority,dissent1,0.8788528442382812
a6750,majority,dissent2,0.994536280632019
a6757,majority,dissent1,0.9935676455497742
a6758,majority,dissent1,0.9955684542655945
a6758,majority,dissent2,0.97538822889328
a6759,majority,dissent1,0.9938633441925049
a6759,majority,dissent2,0.992918848991394
a6761,majority,dissent1,0.9933652877807617
a6762,majority,dissent1,0.9928557276725769
a6763,majority,dissent1,0.9905820488929749
a6765,majority,dissent1,0.9957020282745361
a6766,majority,dissent1,0.9949597716331482
a6767,majority,dissent1,0.9913414120674133
a6773,majority,dissent1,0.9722011089324951
a6773,majority,dissent2,0.9875279068946838
a6774,majority,dissent1,0.9779836535453796
a6775,majority,dissent1,0.9925509691238403
a6775,majority,dissent2,0.985026478767395
a6778,majority,dissent1,0.9803146123886108
a6779,majority,dissent1,0.992558479309082
a6779,majority,dissent2,0.9763582348823547
a6781,majority,dissent1,0.9885957837104797
a6782,majority,dissent1,0.9939379692077637
a6783,majority,dissent1,0.9428519010543823
a6783,majority,dissent2,0.8855789303779602
a6783,majority,dissent3,0.9933218955993652
a6784,majority,dissent1,0.9924073815345764
a6788,majority,dissent1,0.9934594631195068
a6792,majority,dissent1,0.9790747165679932
a6792,majority,dissent2,0.9959574341773987
a6794,majority,dissent1,0.9887599945068359
a6795,majority,dissent1,0.9863249659538269
a6796,majority,dissent1,0.9852327108383179
a6798,majority,dissent1,0.9770597219467163
a6802,majority,dissent1,0.9507637023925781
a6803,majority,dissent1,0.9872782230377197
a6804,majority,dissent1,0.9959241151809692
a6804,majority,dissent2,0.9894065260887146
a6805,majority,dissent1,0.9922662973403931
a6805,majority,dissent2,0.9895504713058472
a6805,majority,dissent3,0.9848899841308594
a6806,majority,dissent1,0.9915341138839722
a6806,majority,dissent2,0.9902791976928711
a6807,majority,dissent1,0.9969017505645752
a6808,majority,dissent1,0.990963339805603
a6808,majority,dissent2,0.9453527927398682
a6809,majority,dissent1,0.9938884973526001
a6810,majority,dissent1,0.993260383605957
a6811,majority,dissent1,0.9902811050415039
a6811,majority,dissent2,0.9608049392700195
a6812,majority,dissent1,0.9964012503623962
a6814,majority,dissent1,0.9902634024620056
a6814,majority,dissent2,0.9922326803207397
a6815,majority,dissent1,0.9966986775398254
a6815,majority,dissent2,0.9851123690605164
a6819,majority,dissent1,0.9898118376731873
a6822,majority,dissent1,0.9895497560501099
a6822,majority,dissent2,0.9945807456970215
a6823,majority,dissent1,0.9773066639900208
a6823,majority,dissent2,0.995614230632782
a6824,majority,dissent1,0.9933602809906006
a6824,majority,dissent2,0.9729820489883423
a6825,majority,dissent1,0.9896108508110046
a6827,majority,dissent1,0.9867614507675171
a6827,majority,dissent2,0.9794896841049194
a6832,majority,dissent1,0.9777044057846069
a6833,majority,dissent1,0.9958465099334717
a6835,majority,dissent1,0.9939480423927307
a6837,majority,dissent1,0.9934985637664795
a6838,majority,dissent1,0.992711067199707
a6839,majority,dissent1,0.9932053685188293
a6840,majority,dissent1,0.9936676025390625
a6840,majority,dissent2,0.9941580295562744
a6840,majority,dissent3,0.9940839409828186
a6841,majority,dissent1,0.986190915107727
a6841,majority,dissent2,0.9602634310722351
a6842,majority,dissent1,0.9920974969863892
a6843,majority,dissent1,0.994426429271698
a6844,majority,dissent1,0.9912493824958801
a6845,majority,dissent1,0.9963302612304688
a6845,majority,dissent2,0.9921867251396179
a6845,majority,dissent3,0.9569782614707947
a6846,majority,dissent1,0.9930671453475952
a6848,majority,dissent1,0.9933407306671143
a6849,majority,dissent1,0.9904731512069702
a6850,majority,dissent1,0.9923235177993774
a6853,majority,dissent1,0.9891305565834045
a6856,majority,dissent1,0.9952443838119507
a6857,majority,dissent1,0.9917274117469788
a6859,majority,dissent1,0.989984929561615
a6859,majority,dissent2,0.9828404188156128
a6861,majority,dissent1,0.988154411315918
a6861,majority,dissent2,0.9892080426216125
a6862,majority,dissent1,0.9897792339324951
a6863,majority,dissent1,0.9938957095146179
a6863,majority,dissent2,0.9780785441398621
a6863,majority,dissent3,0.9556973576545715
a6864,majority,dissent1,0.994284451007843
a6864,majority,dissent2,0.9736759662628174
a6864,majority,dissent3,0.994818925857544
a6865,majority,dissent1,0.9942493438720703
a6866,majority,dissent1,0.9916504621505737
a6867,majority,dissent1,0.9909417629241943
a6867,majority,dissent2,0.9886505603790283
a6868,majority,dissent1,0.995596706867218
a6869,majority,dissent1,0.9935557246208191
a6870,majority,dissent1,0.986643373966217
a6870,majority,dissent2,0.9929805397987366
a6871,majority,dissent1,0.9910072088241577
a6872,majority,dissent1,0.988312840461731
a6872,majority,dissent2,0.9599975347518921
a6873,majority,dissent1,0.9684022665023804
a6873,majority,dissent2,0.9918752312660217
a6876,majority,dissent1,0.8225417137145996
a6877,majority,dissent1,0.9875229001045227
a6879,majority,dissent1,0.995415449142456
a6880,majority,dissent1,0.9935917258262634
a6881,majority,dissent1,0.9926741123199463
a6882,majority,dissent1,0.9958409070968628
a6882,majority,dissent2,0.9939721822738647
a6882,majority,dissent3,0.9934109449386597
a6882,majority,dissent4,0.992195188999176
a6883,majority,dissent1,0.9954193830490112
a6884,majority,dissent1,0.992891252040863
a6885,majority,dissent1,0.9900559782981873
a6885,majority,dissent2,0.9906436800956726
a6887,majority,dissent1,0.9955215454101562
a6888,majority,dissent1,0.9875662326812744
a6888,majority,dissent2,0.9964860081672668
a6889,majority,dissent1,0.9814832210540771
a6889,majority,dissent2,0.98464035987854
a6893,majority,dissent1,0.9944226741790771
a6894,majority,dissent1,0.9962658286094666
a6895,majority,dissent1,0.9922873973846436
a6898,majority,dissent1,0.9925205707550049
a6899,majority,dissent1,0.9956281185150146
a6900,majority,dissent1,0.9905635714530945
a6903,majority,dissent1,0.9932482242584229
a6904,majority,dissent1,0.9947232604026794
a6905,majority,dissent1,0.9961261749267578
a6906,majority,dissent1,0.9939546585083008
a6908,majority,dissent1,0.9952785968780518
a6910,majority,dissent1,0.9432873725891113
a6910,majority,dissent2,0.9931169748306274
a6911,majority,dissent1,0.9909183979034424
a6912,majority,dissent1,0.9949849843978882
a6913,majority,dissent1,0.9886515140533447
a6913,majority,dissent2,0.9770290851593018
a6915,majority,dissent1,0.9818283319473267
a6918,majority,dissent1,0.9959383010864258
a6918,majority,dissent2,0.9940670728683472
a6920,majority,dissent1,0.9960350394248962
a6921,majority,dissent1,0.9780294895172119
a6923,majority,dissent1,0.997456967830658
a6926,majority,dissent1,0.9861500263214111
a6926,majority,dissent2,0.9766395092010498
a6927,majority,dissent1,0.9951326251029968
a6928,majority,dissent1,0.9871895909309387
a6930,majority,dissent1,0.99642014503479
a6930,majority,dissent2,0.9920948147773743
a6931,majority,dissent1,0.9917410612106323
a6932,majority,dissent1,0.9854719638824463
a6932,majority,dissent2,0.9942767024040222
a6933,majority,dissent1,0.9942150115966797
a6934,majority,dissent1,0.9920419454574585
a6935,majority,dissent1,0.9938924312591553
a6935,majority,dissent2,0.8912423849105835
a6935,majority,dissent3,0.9924624562263489
a6936,majority,dissent1,0.9968181848526001
a6937,majority,dissent1,0.9853675961494446
a6938,majority,dissent1,0.9968924522399902
a6940,majority,dissent1,0.9932618141174316
a6941,majority,dissent1,0.9926424026489258
a6941,majority,dissent2,0.9903510212898254
a6942,majority,dissent1,0.9958606362342834
a6945,majority,dissent1,0.9948835968971252
a6947,majority,dissent1,0.9903576970100403
a6947,majority,dissent2,0.9937310814857483
a6948,majority,dissent1,0.9953189492225647
a6948,majority,dissent2,0.9853020906448364
a6950,majority,dissent1,0.994343638420105
a6951,majority,dissent1,0.9872621297836304
a6952,majority,dissent1,0.9555282592773438
a6953,majority,dissent1,0.9815276265144348
a6954,majority,dissent1,0.9944934248924255
a6958,majority,dissent1,0.996017336845398
a6958,majority,dissent2,0.9858571290969849
a6958,majority,dissent3,0.9848988056182861
a6959,majority,dissent1,0.9566015601158142
a6959,majority,dissent2,0.9900014400482178
a6960,majority,dissent1,0.9921966791152954
a6961,majority,dissent1,0.9803063273429871
a6966,majority,dissent1,0.9782758951187134
a6966,majority,dissent2,0.9932488799095154
a6966,majority,dissent3,0.9908194541931152
a6970,majority,dissent1,0.9978615641593933
a6972,majority,dissent1,0.9928416609764099
a6973,majority,dissent1,0.9943726658821106
a6974,majority,dissent1,0.9966702461242676
a6974,majority,dissent2,0.9656537771224976
a6976,majority,dissent1,0.9906904697418213
a6977,majority,dissent1,0.9648212790489197
a6977,majority,dissent2,0.9328973293304443
a6979,majority,dissent1,0.9943540692329407
a6982,majority,dissent1,0.9743269681930542
a6982,majority,dissent2,0.9780244827270508
a6982,majority,dissent3,0.9900850653648376
a6983,majority,dissent1,0.9883753061294556
a6984,majority,dissent1,0.9945300221443176
a6985,majority,dissent1,0.992388129234314
a6988,majority,dissent1,0.9855877161026001
a6991,majority,dissent1,0.9976055026054382
a6992,majority,dissent1,0.9928323030471802
a6994,majority,dissent1,0.9828038215637207
a6995,majority,dissent1,0.9961819648742676
a6998,majority,dissent1,0.9872786998748779
a6999,majority,dissent1,0.9839338064193726
a6999,majority,dissent2,0.9967613220214844
a7000,majority,dissent1,0.9941973686218262
a7001,majority,dissent1,0.991325855255127
a7001,majority,dissent2,0.9512155055999756
a7001,majority,dissent3,0.9916507601737976
a7002,majority,dissent1,0.9950705766677856
a7003,majority,dissent1,0.9891719818115234
a7004,majority,dissent1,0.9887866973876953
a7006,majority,dissent1,0.9894131422042847
a7006,majority,dissent2,0.992279052734375
a7008,majority,dissent1,0.9939827919006348
a7009,majority,dissent1,0.9920014142990112
a7009,majority,dissent2,0.9943467378616333
a7010,majority,dissent1,0.9878181219100952
a7010,majority,dissent2,0.8952956199645996
a7011,majority,dissent1,0.9928452968597412
a7012,majority,dissent1,0.9912556409835815
a7012,majority,dissent2,0.9565414190292358
a7013,majority,dissent1,0.9923491477966309
a7013,majority,dissent2,0.9897158741950989
a7014,majority,dissent1,0.9954549074172974
a7016,majority,dissent1,0.990520179271698
a7017,majority,dissent1,0.9902540445327759
a7018,majority,dissent1,0.9917962551116943
a7020,majority,dissent1,0.994637131690979
a7021,majority,dissent1,0.9805370569229126
a7023,majority,dissent1,0.9972795248031616
a7024,majority,dissent1,0.9799438714981079
a7024,majority,dissent2,0.9634078741073608
a7026,majority,dissent1,0.933755099773407
a7029,majority,dissent1,0.9872840642929077
a7030,majority,dissent1,0.9898964166641235
a7031,majority,dissent1,0.9882375001907349
a7032,majority,dissent1,0.9796181917190552
a7034,majority,dissent1,0.982458233833313
a7035,majority,dissent1,0.9829902648925781
a7036,majority,dissent1,0.9931710362434387
a7037,majority,dissent1,0.9948166608810425
a7039,majority,dissent1,0.9904325008392334
a7040,majority,dissent1,0.9974000453948975
a7040,majority,dissent2,0.9882174730300903
a7041,majority,dissent1,0.9890742897987366
a7041,majority,dissent2,0.9960343837738037
a7042,majority,dissent1,0.9941736459732056
a7043,majority,dissent1,0.9948686361312866
a7044,majority,dissent1,0.9762589931488037
a7045,majority,dissent1,0.9012762904167175
a7045,majority,dissent2,0.9921860694885254
a7047,majority,dissent1,0.9708051681518555
a7047,majority,dissent2,0.9440966844558716
a7049,majority,dissent1,0.9904279708862305
a7049,majority,dissent2,0.9890371561050415
a7050,majority,dissent1,0.9943591356277466
a7052,majority,dissent1,0.9954647421836853
a7052,majority,dissent2,0.9868828058242798
a7054,majority,dissent1,0.994974672794342
a7055,majority,dissent1,0.9913855195045471
a7056,majority,dissent1,0.9570130109786987
a7058,majority,dissent1,0.9946922063827515
a7059,majority,dissent1,0.990812361240387
a7060,majority,dissent1,0.9912815093994141
a7061,majority,dissent1,0.9953905344009399
a7062,majority,dissent1,0.9887319207191467
a7062,majority,dissent2,0.979433536529541
a7063,majority,dissent1,0.9866540431976318
a7063,majority,dissent2,0.9942718744277954
a7065,majority,dissent1,0.9958913326263428
a7066,majority,dissent1,0.9917723536491394
a7068,majority,dissent1,0.9961920380592346
a7068,majority,dissent2,0.9929031133651733
a7069,majority,dissent1,0.9912056922912598
a7070,majority,dissent1,0.9876747131347656
a7071,majority,dissent1,0.9917696118354797
a7072,majority,dissent1,0.9936741590499878
a7072,majority,dissent2,0.9074944257736206
a7073,majority,dissent1,0.9790899157524109
a7073,majority,dissent2,0.9855311512947083
a7076,majority,dissent1,0.9820103645324707
a7076,majority,dissent2,0.9767891764640808
a7077,majority,dissent1,0.9917121529579163
a7078,majority,dissent1,0.9911378622055054
a7080,majority,dissent1,0.9901334047317505
a7081,majority,dissent1,0.9934134483337402
a7082,majority,dissent1,0.9928876161575317
a7083,majority,dissent1,0.9926279783248901
a7084,majority,dissent1,0.9942828416824341
a7085,majority,dissent1,0.9921305775642395
a7087,majority,dissent1,0.9975193738937378
a7088,majority,dissent1,0.9936036467552185
a7090,majority,dissent1,0.9925450086593628
a7091,majority,dissent1,0.997549295425415
a7091,majority,dissent2,0.5742931962013245
a7091,majority,dissent3,0.9873566031455994
a7093,majority,dissent1,0.9788476228713989
a7093,majority,dissent2,0.9739971160888672
a7093,majority,dissent3,0.9564709663391113
a7093,majority,dissent4,0.9841514229774475
a7094,majority,dissent1,0.9939850568771362
a7095,majority,dissent1,0.9954745769500732
a7096,majority,dissent1,0.9916077256202698
a7098,majority,dissent1,0.993844211101532
a7098,majority,dissent2,0.981217622756958
a7099,majority,dissent1,0.9861158728599548
a7100,majority,dissent1,0.9922899603843689
a7102,majority,dissent1,0.9896017909049988
a7105,majority,dissent1,0.9940509796142578
a7105,majority,dissent2,0.9844595193862915
a7106,majority,dissent1,0.9935979247093201
a7107,majority,dissent1,0.9895553588867188
a7110,majority,dissent1,0.9947687983512878
a7111,majority,dissent1,0.9924440383911133
a7112,majority,dissent1,0.9949671626091003
a7113,majority,dissent1,0.9360487461090088
a7113,majority,dissent2,0.9904447197914124
a7116,majority,dissent1,0.9947738647460938
a7117,majority,dissent1,0.9932640790939331
a7119,majority,dissent1,0.994731068611145
a7119,majority,dissent2,0.9974915981292725
a7120,majority,dissent1,0.9923373460769653
a7120,majority,dissent2,0.9776103496551514
a7121,majority,dissent1,0.9879991412162781
a7124,majority,dissent1,0.9731285572052002
a7126,majority,dissent1,0.899709165096283
a7127,majority,dissent1,0.9944168329238892
a7127,majority,dissent2,0.9575910568237305
a7128,majority,dissent1,0.9643948078155518
a7130,majority,dissent1,0.9881662130355835
a7131,majority,dissent1,0.9950821399688721
a7132,majority,dissent1,0.9955577850341797
a7133,majority,dissent1,0.9760054349899292
a7135,majority,dissent1,0.9919147491455078
a7136,majority,dissent1,0.9916130304336548
a7137,majority,dissent1,0.9963780641555786
a7139,majority,dissent1,0.9965511560440063
a7140,majority,dissent1,0.9968554377555847
a7145,majority,dissent1,0.9910233020782471
a7151,majority,dissent1,0.9908097386360168
a7152,majority,dissent1,0.9937146306037903
a7153,majority,dissent1,0.9874500632286072
a7154,majority,dissent1,0.9852740168571472
a7154,majority,dissent2,0.9901226758956909
a7157,majority,dissent1,0.9931053519248962
a7159,majority,dissent1,0.9937670826911926
a7161,majority,dissent1,0.9945545196533203
a7163,majority,dissent1,0.9911938905715942
a7165,majority,dissent1,0.9972999095916748
a7167,majority,dissent1,0.9977400898933411
a7170,majority,dissent1,0.9873972535133362
a7171,majority,dissent1,0.9945966005325317
a7172,majority,dissent1,0.9922754764556885
a7173,majority,dissent1,0.9953644275665283
a7175,majority,dissent1,0.9959391355514526
a7177,majority,dissent1,0.9963726997375488
a7178,majority,dissent1,0.994788646697998
a7178,majority,dissent2,0.9940599799156189
a7179,majority,dissent1,0.9928141832351685
a7180,majority,dissent1,0.9954079389572144
a7181,majority,dissent1,0.992499589920044
a7181,majority,dissent2,0.969412088394165
a7182,majority,dissent1,0.9966423511505127
a7185,majority,dissent1,0.988019585609436
a7187,majority,dissent1,0.9933803081512451
a7190,majority,dissent1,0.9918569326400757
a7192,majority,dissent1,0.995248556137085
a7193,majority,dissent1,0.9954359531402588
a7194,majority,dissent1,0.9894150495529175
a7198,majority,dissent1,0.9952661991119385
a7199,majority,dissent1,0.993228554725647
a7200,majority,dissent1,0.9973654747009277
a7203,majority,dissent1,0.9964922666549683
a7204,majority,dissent1,0.9888480305671692
a7205,majority,dissent1,0.9952906370162964
a7206,majority,dissent1,0.9939602017402649
a7207,majority,dissent1,0.9974096417427063
a7208,majority,dissent1,0.9950472116470337
a7209,majority,dissent1,0.9964207410812378
a7212,majority,dissent1,0.9947943687438965
a7215,majority,dissent1,0.9968936443328857
a7217,majority,dissent1,0.9959622621536255
a7218,majority,dissent1,0.9917027950286865
a7218,majority,dissent2,0.9954009056091309
a7219,majority,dissent1,0.9938969016075134
a7220,majority,dissent1,0.9891310930252075
a7227,majority,dissent1,0.9949063658714294
a7228,majority,dissent1,0.9961770176887512
a7230,majority,dissent1,0.990177571773529
a7230,majority,dissent2,0.9773080348968506
a7232,majority,dissent1,0.9913506507873535
a7233,majority,dissent1,0.9872071743011475
a7234,majority,dissent1,0.9915794134140015
a7236,majority,dissent1,0.9928181767463684
a7244,majority,dissent1,0.9921149611473083
a7245,majority,dissent1,0.9949907064437866
a7246,majority,dissent1,0.9938415288925171
a7247,majority,dissent1,0.9982949495315552
a7248,majority,dissent1,0.9950369596481323
a7249,majority,dissent1,0.9958791732788086
a7250,majority,dissent1,0.9872846007347107
a7251,majority,dissent1,0.9961429834365845
a7252,majority,dissent1,0.9901374578475952
a7253,majority,dissent1,0.9934521317481995
a7255,majority,dissent1,0.990929126739502
a7256,majority,dissent1,0.9902717471122742
a7256,majority,dissent2,0.9960124492645264
a7257,majority,dissent1,0.9959101676940918
a7257,majority,dissent2,0.9959762692451477
a7259,majority,dissent1,0.9906355142593384
a7260,majority,dissent1,0.9951597452163696
a7262,majority,dissent1,0.9887437224388123
a7263,majority,dissent1,0.994941771030426
a7264,majority,dissent1,0.9802150726318359
a7264,majority,dissent2,0.9929096102714539
a7269,majority,dissent1,0.9937828779220581
a7270,majority,dissent1,0.9967278838157654
a7272,majority,dissent1,0.9933261871337891
a7273,majority,dissent1,0.995648980140686
a7279,majority,dissent1,0.9966921210289001
a7280,majority,dissent1,0.9880346059799194
a7281,majority,dissent1,0.9961161017417908
a7282,majority,dissent1,0.9966698884963989
a7283,majority,dissent1,0.9897777438163757
a7284,majority,dissent1,0.996632993221283
a7285,majority,dissent1,0.9927864074707031
a7286,majority,dissent1,0.9893653988838196
a7286,majority,dissent2,0.9848113059997559
a7287,majority,dissent1,0.9894068241119385
a7288,majority,dissent1,0.9891238808631897
a7290,majority,dissent1,0.9135597944259644
a7292,majority,dissent1,0.9908701777458191
a7293,majority,dissent1,0.9849365949630737
a7294,majority,dissent1,0.9934955835342407
a7295,majority,dissent1,0.9867910146713257
a7296,majority,dissent1,0.9873529672622681
a7299,majority,dissent1,0.9918279647827148
a7300,majority,dissent1,0.9918044805526733
a7301,majority,dissent1,0.9948097467422485
a7304,majority,dissent1,0.9848793148994446
a7305,majority,dissent1,0.9912383556365967
a7307,majority,dissent1,0.9905157089233398
a7308,majority,dissent1,0.994025468826294
a7309,majority,dissent1,0.9885029792785645
a7312,majority,dissent1,0.9904783964157104
a7314,majority,dissent1,0.9926885366439819
a7315,majority,dissent1,0.9879262447357178
a7316,majority,dissent1,0.9930927753448486
a7319,majority,dissent1,0.9833918809890747
a7320,majority,dissent1,0.993695855140686
a7320,majority,dissent2,0.9750471115112305
a7321,majority,dissent1,0.9905385971069336
a7322,majority,dissent1,0.9946929216384888
a7323,majority,dissent1,0.9908438324928284
a7324,majority,dissent1,0.9953339099884033
a7330,majority,dissent1,0.9902971386909485
a7331,majority,dissent1,0.99493408203125
a7332,majority,dissent1,0.9858133792877197
a7333,majority,dissent1,0.9881635904312134
a7335,majority,dissent1,0.9933595061302185
a7336,majority,dissent1,0.9953068494796753
a7337,majority,dissent1,0.9913249015808105
a7338,majority,dissent1,0.9881798028945923
a7339,majority,dissent1,0.9946527481079102
a7340,majority,dissent1,0.9950053095817566
a7342,majority,dissent1,0.9909229278564453
a7343,majority,dissent1,0.9949972629547119
a7344,majority,dissent1,0.9947036504745483
a7346,majority,dissent1,0.9903484582901001
a7346,majority,dissent2,0.9890413880348206
a7346,majority,dissent3,0.9912693500518799
a7347,majority,dissent1,0.9692245125770569
a7348,majority,dissent1,0.9975615739822388
a7348,majority,dissent2,0.9667724370956421
a7349,majority,dissent1,0.9972743988037109
a7352,majority,dissent1,0.9958134293556213
a7355,majority,dissent1,0.9908632636070251
a7356,majority,dissent1,0.9949273467063904
a7358,majority,dissent1,0.9953534603118896
a7359,majority,dissent1,0.9945955276489258
a7360,majority,dissent1,0.9923442006111145
a7361,majority,dissent1,0.9942643046379089
a7362,majority,dissent1,0.9889832735061646
a7362,majority,dissent2,0.9962100982666016
a7363,majority,dissent1,0.9967595934867859
a7365,majority,dissent1,0.9879817962646484
a7366,majority,dissent1,0.9798531532287598
a7370,majority,dissent1,0.9950283169746399
a7371,majority,dissent1,0.9929785132408142
a7371,majority,dissent2,0.9966492652893066
a7375,majority,dissent1,0.9970221519470215
a7375,majority,dissent2,0.9969318509101868
a7376,majority,dissent1,0.987048864364624
a7378,majority,dissent1,0.9946232438087463
a7379,majority,dissent1,0.9902642965316772
a7380,majority,dissent1,0.994360089302063
a7383,majority,dissent1,0.9953038096427917
a7384,majority,dissent1,0.9933913946151733
a7390,majority,dissent1,0.994159460067749
a7392,majority,dissent1,0.9866862297058105
a7392,majority,dissent2,0.9852864742279053
a7393,majority,dissent1,0.9598572254180908
a7394,majority,dissent1,0.9920287132263184
a7398,majority,dissent1,0.9898586273193359
a7399,majority,dissent1,0.9948182702064514
a7401,majority,dissent1,0.9814385175704956
a7402,majority,dissent1,0.9919967651367188
a7403,majority,dissent1,0.9784241914749146
a7404,majority,dissent1,0.8682652711868286
a7407,majority,dissent1,0.9933071136474609
a7409,majority,dissent1,0.981695294380188
a7410,majority,dissent1,0.9701237678527832
a7410,majority,dissent2,0.9777084589004517
a7411,majority,dissent1,0.9812983274459839
a7413,majority,dissent1,0.9592461585998535
a7415,majority,dissent1,0.981513261795044
a7417,majority,dissent1,0.9600861668586731
