case_key,case_name_abbreviation,dissent_ind,majority_word_count,dissent_word_count,officialcitation,issuearea,majvotes,minvotes,kldiv_score,d2v_cosdist_score,sbert_cosdist_score,legalbert_cosdist_score,year,voyage3_cosdist,voyagelaw_cosdist,z_kldiv,z_d2v,z_voyage3,composite_div
a1001,Yellin v. United States,1,4274,8230,374 U.S. 109,3,5,4,1.5961785,.1632548,.046317499,.0032529235,1963,.18170869,.10167748,-.044460591,-.86124742,-.95216519,-.61929107
a1003,United States v. Singer Manufacturing Co.,1,7326,635,374 U.S. 174,8,8,1,2.4651964,.29717046,.16926193,.031336784,1963,.34178793,.27874559,.60749835,.15859702,.28317577,.34975705
a1004,School District v. Schempp,1,6943,3802,374 U.S. 203,3,8,1,.94323164,.1468313,.038890362,.0055744052,1963,.23580426,.16196805,-.53431767,-.98632175,-.53470647,-.68511528
a1005,United States v. Philadelphia National Bank,1,17951,7887,374 U.S. 321,8,6,2,1.3315011,.089454196,.03659546,.0042919517,1963,.20753205,.92276424,-.24302819,-1.4232812,-.75288481,-.80639803
a1006,Sherbert v. Verner,1,3940,1816,374 U.S. 398,3,7,2,2.6972497,.20446706,.050373141,.0082505941,1963,.26577246,.14949149,.78159052,-.54739243,-.30344009,-.023080667
a1008,Rosenberg v. Fleuti,1,4622,1678,374 U.S. 449,2,5,4,1.0861139,.18316209,.0606241,.0042680502,1963,.24377292,.18266481,-.42712381,-.70964193,-.47321185,-.53665918
a1009,Gastelum-Quinones v. Kennedy,1,3513,1861,374 U.S. 469,2,5,4,.87715024,.1589625,.03760105,.0068665743,1963,.19368505,.16040462,-.5838936,-.89393568,-.85974288,-.77919072
a101,Nieves v. Bartlett,1,6001,4290,139 S. Ct. 1715,3,8,1,.88345987,.31203389,.0622719,.0081291199,2019,.23265952,.16242349,-.57915998,.27179056,-.55897462,-.28878134
a1012,Tipton v. Socony Mobil Oil Co.,1,884,226,375 U.S. 34,8,8,1,2.9154818,.48141849,.2113061,.027919769,1963,.39977533,.4098084,.94531375,1.5617512,.73066789,1.0792443
a1013,Bartone v. United States,1,609,583,375 U.S. 52,1,6,3,1.5581957,.32566881,.18472169,.022661567,1963,.36414462,.40086609,-.072956257,.37562829,.45570368,.25279191
a1014,Gotthilf v. Sills,1,380,762,375 U.S. 79,9,6,3,1.5143269,.45586559,.18494797,.026367366,1963,.30753708,.26544625,-.10586771,1.3671513,.018859906,.42671448
a1015,Fahy v. Connecticut,1,1934,1024,375 U.S. 85,1,5,4,1.7817545,.27454579,.1229837,.018539429,1963,.29697782,.22445154,.094763137,-.013702798,-.062626533,.0061446023
a1019,Corey v. United States,1,2321,1025,375 U.S. 169,1,8,1,.54412061,.2016014,.057410602,.0098609924,1963,.24843431,.2079972,-.83374077,-.56921607,-.43723968,-.61339885
a1020,"Securities & Exchange Commission v. Capital Gains Research Bureau, Inc.",1,6592,1724,375 U.S. 180,8,7,1,.78334564,.25941586,.044764761,.0071331859,1963,.26627195,.18399304,-.65426815,-.12892583,-.29958555,-.36092651
a1021,Dennis v. Denver & Rio Grande Western Railroad,1,754,604,375 U.S. 208,8,7,2,1.2320646,.3242377,.13884103,.023202121,1963,.41529101,.28659487,-.31762797,.36472958,.85040337,.29916832
a1021,Dennis v. Denver & Rio Grande Western Railroad,2,754,221,375 U.S. 208,8,7,2,2.0347636,.3828336,.2013265,.055416346,1963,.57806498,.44142109,.28457689,.8109709,2.1065397,1.0673625
a1023,Meyer v. United States,1,2000,2545,375 U.S. 233,12,6,3,1.226234,.14135429,.065774739,.0040763021,1963,.14028424,.14921832,-.32200226,-1.0280323,-1.2718401,-.87395823
a1025,Carey v. Westinghouse Electric Corp.,1,3654,902,375 U.S. 261,7,6,2,.77616489,.29466149,.083690897,.014649987,1964,.28446728,.21044022,-.65965533,.1394898,-.15917109,-.22644554
a1026,Hardy v. United States,1,1624,801,375 U.S. 277,2,8,1,.91954219,.35036671,.10621214,.016600013,1964,.29049182,.27658403,-.55209011,.56371695,-.11267937,-.033684175
a1027,"National Equipment Rental, Ltd. v. Szukhent",1,2190,4916,375 U.S. 311,9,5,4,1.9668611,.2458943,.097466797,.013079941,1964,.27185762,.20374513,.23363477,-.2319003,-.2564806,-.084915377
a1027,"National Equipment Rental, Ltd. v. Szukhent",2,2190,388,375 U.S. 311,9,5,4,4.8480997,.4206394,.18016595,.023821414,1964,.38430101,.3283506,2.3952119,1.0988836,.61125165,1.3684491
a1029,Thompson v. Immigration & Naturalization Service,1,1037,927,375 U.S. 384,1,5,4,.59370685,.2673398,.08730185,.018376172,1964,.37223577,.38742346,-.7965399,-.06858056,.51814353,-.11565898
a103,Azar v. Allina Health Servs.,1,5155,5120,139 S. Ct. 1804,9,7,1,1.0785378,.1704112,.03456163,.0037410259,2019,.20284587,.098611832,-.43280759,-.80674732,-.78904831,-.67620111
a1036,Wesberry v. Sanders,1,5170,9495,376 U.S. 1,2,6,3,.51779383,.17252505,.03079677,.0054135323,1964,.25935924,.10164094,-.85349178,-.79064918,-.35293132,-.66569078
a1037,Wright v. Rockefeller,1,1680,2751,376 U.S. 52,2,7,2,1.4071082,.36294261,.15359104,.019233823,1964,.41016901,.24255866,-.1863059,.65948957,.81087655,.42802006
a1037,Wright v. Rockefeller,2,1680,1996,376 U.S. 52,2,7,2,.64782512,.16240954,.047654871,.0063359737,1964,.24011457,.13662058,-.75593907,-.86768448,-.50144356,-.70835572
a1038,Southern Railway Co. v. North Carolina,1,3888,4345,376 U.S. 93,9,7,2,.47309667,.1095074,.0257698,.0034656525,1964,.12088042,.076262474,-.8870247,-1.2705647,-1.4215806,-1.1930566
a1039,Costello v. Immigration & Naturalization Service,1,3946,5347,376 U.S. 120,2,6,2,.17476046,.1288562,.023339029,.002669692,1964,.10762858,.093268156,-1.110844,-1.1232125,-1.5238458,-1.252634
a1040,Greene v. United States,1,4338,1175,376 U.S. 149,3,7,2,.6443761,.24129429,.092852347,.017323852,1964,.27576607,.19899207,-.75852656,-.26693195,-.22631881,-.4172591
a1045,Yiatchos v. Yiatchos,1,2129,468,376 U.S. 306,10,7,2,1.238043,.2066741,.098117702,.019345999,1964,.27180898,.23245323,-.31314287,-.53058457,-.25685593,-.36686113
a1046,Italia Societa per Azioni di Navigazione v. Oregon Stevedoring Co.,1,3205,539,376 U.S. 315,8,6,3,1.4025083,.30638969,.088516504,.011240423,1964,.28540218,.30768478,-.18975687,.22880673,-.15195642,-.03763552
a1048,Banco Nacional de Cuba v. Sabbatino,1,12827,12018,376 U.S. 398,9,8,1,.88121492,.100952,.0216133,.0019181967,1964,.18160546,.00042277575,-.58084416,-1.3357189,-.95296186,-.95650828
a105,Gamble v. United States,1,10253,3383,139 S. Ct. 1960,1,7,2,.83792591,.22756606,.075807102,.0083621144,2019,.17245024,.84573495,-.61332065,-.37148032,-1.0236132,-.66947138
a105,Gamble v. United States,2,10253,8718,139 S. Ct. 1960,1,7,2,.27737546,.1072563,.04257923,.002071619,2019,.13227391,.82570642,-1.0338596,-1.287708,-1.3336563,-1.218408
a1050,Federal Power Commission v. Hunt,1,3920,76,376 U.S. 515,8,7,2,2.3930473,.67053652,.51628268,.086857021,1964,.67947209,.64589345,.5533703,3.0019934,2.8891044,2.1481559
a1051,Rugendorf v. United States,1,2767,1422,376 U.S. 528,1,5,4,1.2127774,.31078166,.1020809,.011354804,1964,.30184245,.21868753,-.33209774,.26225409,-.025085872,-.031643175
a1052,Mrvica v. Esperdy,1,2409,1935,376 U.S. 560,2,6,3,1.0774271,.18501639,.074081503,.011596859,1964,.19983143,.17952061,-.43364087,-.6955204,-.81231099,-.64715743
a1053,Ungar v. Sarafite,1,5244,3104,376 U.S. 575,1,6,3,.93474251,.1988056,.062508173,.0046428442,1964,.33643198,.21626782,-.54068643,-.59050769,.24184357,-.2964502
a1053,Ungar v. Sarafite,2,5244,466,376 U.S. 575,1,6,3,.62465513,.43239871,.2093699,.031449676,1964,.45290995,.35805053,-.77332175,1.1884376,1.1407109,.51860893
a1055,United States v. First National Bank & Trust Co.,1,2126,2236,376 U.S. 665,8,7,2,.46418267,.2096466,.078156002,.015105724,1964,.27408534,.18580049,-.89371222,-.50794733,-.23928912,-.54698288
a1056,United States v. Barnett,1,13967,1618,376 U.S. 681,1,5,4,.75811219,.37419981,.1224348,.014936566,1964,.40561879,.85008717,-.67319894,.74521959,.77576226,.28259429
a1056,United States v. Barnett,2,13967,14288,376 U.S. 681,1,5,4,.35963485,.16049901,.04840016,.0049389601,1964,.12611526,.00098854303,-.97214657,-.88223433,-1.3811829,-1.0785213
a1057,Brotherhood of Railroad Trainmen v. Virginia ex rel. Virginia State Bar,1,2292,1218,377 U.S. 1,3,6,2,3.2259464,.40377659,.075977802,.0099804997,1964,.36775142,.23736775,1.1782321,.97046369,.48353752,.87741113
a1058,Simpson v. Union Oil Co.,1,3699,2406,377 U.S. 13,8,5,3,1.9319593,.2343614,.089505732,.0098519325,1964,.32293665,.15290588,.20745052,-.31972995,.13769934,.0084733022
a1059,Federal Power Commission v. Texaco Inc.,1,3661,84,377 U.S. 33,9,8,1,1.8091613,.42078316,.3082822,.0507465,1964,.43987244,.41790795,.11532442,1.0999786,1.0400997,.75180089
a1060,"National Labor Relations Board v. Fruit & Vegetable Packers & Warehousemen, Local 760",1,5647,4378,377 U.S. 58,7,6,2,.5708921,.134212,.032467499,.0057572126,1964,.12577808,.10333818,-.81365609,-1.0824249,-1.383785,-1.0932887
a1061,United States v. Welden,1,4026,2494,377 U.S. 95,1,7,2,.31113261,.20545536,.0488589,.0053907633,1964,.16162878,.14452696,-1.0085342,-.53986597,-1.107123,-.88517439
a1061,United States v. Welden,2,4026,2638,377 U.S. 95,1,7,2,3.6309285,.65226334,.16548631,.021787524,1964,.44596136,.30802763,1.4820597,2.8628325,1.0870882,1.8106601
a1062,Missouri Pacific Railroad v. Elmore & Stahl,1,3179,2174,377 U.S. 134,8,7,2,2.357125,.21920866,.10236025,.010730982,1964,.27418292,.17301702,.52642053,-.43512672,-.23853613,-.049080774
a1063,Mercer v. Theriot,1,1160,326,377 U.S. 152,8,8,1,2.232429,.43523341,.11594784,.019744396,1964,.42143458,.40735769,.43287045,1.2100254,.89781368,.8469032
a1065,Schneider v. Rusk,1,1587,2753,377 U.S. 163,2,5,3,.23838152,.21261764,.048652049,.0066299438,1964,.22327834,.13677663,-1.0631139,-.48532113,-.63136971,-.7266016
a1066,Parden v. Terminal Railway of Alabama State Docks Department,1,4740,896,377 U.S. 184,8,5,4,1.3797336,.2807298,.042102601,.0070587993,1964,.2547133,.17661649,-.20684302,.033391993,-.38878435,-.18741179
a1067,Massiah v. United States,1,1819,2116,377 U.S. 201,1,6,3,3.0924463,.35284257,.10611176,.034133375,1964,.39820307,.33960509,1.078077,.58257204,.71853477,.79306126
a1069,United States v. Aluminum Co. of America,1,2664,1684,377 U.S. 271,8,6,3,1.218716,.1825106,.079456903,.0093978643,1964,.21259594,.16513914,-.32764241,-.71460348,-.71380645,-.58535075
a1070,"Red Ball Motor Freight, Inc. v. Shannon",1,3069,419,377 U.S. 311,8,5,4,3.475801,.25935039,.25113356,.032269716,1964,.4586376,.30376923,1.3656791,-.12942447,1.1849115,.80705541
a1070,"Red Ball Motor Freight, Inc. v. Shannon",2,3069,141,377 U.S. 311,8,5,4,1.9193381,.31609499,.2485453,.036958516,1964,.39796948,.43902594,.1979818,.30271819,.71673214,.40581071
a1071,Hostetter v. Idlewild Bon Voyage Liquor Corp.,1,3132,2112,377 U.S. 324,10,6,2,1.9914737,.30367431,.059951801,.0091108084,1964,.28264594,.154948,.25209972,.20812757,-.17322648,.095666938
a1072,Department of Revenue v. James B. Beam Distilling Co.,1,1618,1421,377 U.S. 341,10,6,2,1.9022502,.2520808,.065279603,.0082350969,1964,.19853812,.15737188,.18516201,-.18478656,-.82229143,-.273972
a1073,Baggett v. Bullitt,1,6344,1520,377 U.S. 360,3,7,2,.7545383,.2295448,.092431657,.0085122585,1964,.21539605,.1312145,-.67588013,-.35641107,-.69219786,-.5748297
a1074,"Hudson Distributors, Inc. v. Eli Lilly & Co.",1,2963,2208,377 U.S. 386,8,8,1,3.1634622,.31535447,.15322229,.015543044,1964,.38746327,.2778455,1.1313548,.29707864,.63565505,.68802953
a1078,Donovan v. City of Dallas,1,2066,2160,377 U.S. 408,10,6,3,4.4228864,.4348464,.10481733,.0098440647,1964,.35382205,.24526578,2.0762064,1.2070781,.37604377,1.2197762
a1079,General Motors Corp. v. Washington,1,3700,618,377 U.S. 436,8,5,4,1.8136897,.29597819,.1169423,.015179455,1964,.28002656,.30628908,.11872173,.14951719,-.19344044,.02493283
a1079,General Motors Corp. v. Washington,2,3700,3525,377 U.S. 436,8,5,4,.84013975,.27361971,.05546594,.0074204206,1964,.19343543,.18853617,-.61165982,-.020755406,-.86166924,-.49802816
a1080,United States v. Tateo,1,1718,2239,377 U.S. 463,1,6,3,.42296386,.2504673,.066163957,.0082011223,1964,.29582751,.22253889,-.92463559,-.19707428,-.071503542,-.3977378
a1081,Aro Manufacturing Co. v. Convertible Top Replacement Co.,1,12276,5284,377 U.S. 476,8,5,4,.26037264,.13284415,.04825544,.0048325062,1964,.2700842,.88496161,-1.0466156,-1.0928419,-.27016616,-.80320787
a1082,Reynolds v. Sims,1,15714,13405,377 U.S. 533,2,8,1,.39026055,.19301701,.053571459,.0083293319,1964,.20629215,.001114428,-.94917041,-.63459116,-.76245314,-.78207159
a1083,Lucas v. Forty-Fourth General Assembly of Colorado,1,8638,798,377 U.S. 713,2,6,3,.58596128,.29458034,.080059603,.019515216,1964,.22614843,.19009304,-.80235082,.13887179,-.6092211,-.42423338
a1083,Lucas v. Forty-Fourth General Assembly of Colorado,2,8638,6868,377 U.S. 713,2,6,3,.56332296,.2538453,.077061951,.0099377036,1964,.29134858,.17529416,-.81933469,-.17134884,-.10606772,-.36558375
a1088,Malloy v. Hogan,1,4002,7485,378 U.S. 1,1,5,4,.62366199,.17027789,.032681052,.0067715645,1964,.18421459,.13345397,-.77406681,-.8077625,-.932827,-.83821875
a1091,Aguilar v. Texas,1,2344,1832,378 U.S. 108,1,6,3,.28820428,.13314021,.050647601,.005640626,1964,.22989684,.18799168,-1.0257356,-1.0905873,-.58029437,-.89887244
a1092,Griffin v. Maryland,1,1978,151,378 U.S. 130,2,6,3,2.7241094,.31643707,.18023795,.046857595,1964,.37045884,.31623149,.80174136,.30532327,.50443089,.53716516
a1094,States v. Penn-Olin Chemical Co.,1,5499,1733,378 U.S. 158,8,7,2,.60605276,.16266894,.044153199,.0039788485,1964,.22354496,.14584941,-.7872777,-.86570901,-.62931228,-.76076633
a1095,Jacobellis v. Ohio,1,3813,1842,378 U.S. 184,3,6,3,1.8060895,.19779059,.091423869,.012478113,1964,.26902658,.20330095,.11301988,-.59823757,-.27832791,-.2545152
a1096,A Quantity of Copies of Books v. Kansas,1,2481,3401,378 U.S. 205,3,7,2,.56195855,.26376519,.074897297,.011915028,1964,.2147131,.18325472,-.82035828,-.095803261,-.69746822,-.53787661
a1098,Jackson v. Denno,1,10844,5624,378 U.S. 368,1,6,3,1.4189582,.1740026,.042104501,.0063422322,1964,.21002167,.8320238,-.17741573,-.77939671,-.7336722,-.56349486
a11,Heien v. Northcarolina,1,4633,3203,135 S. Ct. 530,1,8,1,.59245998,.25492364,.04950273,.0062383413,2014,.20211035,.1061666,-.79747534,-.16313668,-.7947244,-.58511215
a110,Mitchell v. Wisconsin,1,12064,131,139 S. Ct. 2525,1,5,4,2.4850893,.46139669,.23739403,.042144418,2019,.37045586,.92064857,.62242252,1.4092739,.50440788,.84536809
a1100,Escobedo v. Illinois,1,4601,2271,378 U.S. 478,1,5,4,1.6397531,.26695627,.0533069,.0096431375,1964,.27370304,.23377639,-.011769857,-.07150133,-.24223939,-.10850352
a1101,Aptheker v. Secretary of State,1,5124,2719,378 U.S. 500,3,6,3,1.3815035,.2131822,.058316231,.0069494247,1964,.24069583,.1237784,-.20551519,-.4810217,-.49695793,-.39449829
a1101,Aptheker v. Secretary of State,2,5124,20,378 U.S. 500,3,6,3,4.7528558,.56663465,.56150442,.19956392,1964,.86362952,.89447451,2.3237576,2.2107213,4.3102579,2.9482455
a1106,Brulotte v. Thys Co.,1,1375,1598,379 U.S. 29,8,8,1,1.4412543,.32812357,.1197891,.015946269,1964,.31124139,.23931646,-.16068865,.39432266,.047446281,.093693428
a1107,United States v. Powell,1,3291,444,379 U.S. 48,12,6,3,3.0755558,.4295567,.17304975,.017026126,1964,.36066943,.32603741,1.0654052,1.1667941,.42888543,.88702822
a1109,Beck v. Ohio,1,2565,503,379 U.S. 89,1,6,3,1.2430946,.4094235,.117403,.022367358,1964,.32232189,.30325806,-.30935302,1.0134681,.13295518,.27902344
a1109,Beck v. Ohio,2,2565,1091,379 U.S. 89,1,6,3,2.0064676,.34498394,.1089588,.013847888,1964,.42537796,.30910248,.26334852,.52272403,.92824501,.57143921
a1110,Schlagenhauf v. Holder,1,5110,957,379 U.S. 104,9,8,1,3.5124938,.34276569,.1181207,.018981159,1964,.37932515,.26925421,1.3932071,.50583082,.57285267,.82396352
a1110,Schlagenhauf v. Holder,2,5110,684,379 U.S. 104,9,8,1,2.9714978,.46211827,.18064046,.023404181,1964,.44893897,.36299521,.9873383,1.4147691,1.1100667,1.1707246
a1112,Gillespie v. United States Steel Corp.,1,3056,2709,379 U.S. 148,8,8,1,2.6320295,.30358821,.098175101,.010559797,1964,.45243496,.29130328,.73266071,.20747188,1.1370454,.69239265
a1112,Gillespie v. United States Steel Corp.,2,3056,1241,379 U.S. 148,8,8,1,1.2757851,.32742167,.13389087,.017603576,1964,.35981995,.25962925,-.28482777,.38897726,.4223299,.17549314
a1115,Farmer v. Arabian American Oil Co.,1,2493,132,379 U.S. 227,9,7,2,3.2003884,.41412073,.2649222,.042590439,1964,.43052053,.35240304,1.1590579,1.0492404,.9679305,1.0587429
a1117,Hamm v. City of Rock Hill,1,3228,1311,379 U.S. 306,2,5,4,1.366094,.37319529,.093337797,.0099309683,1964,.29014653,.1984638,-.21707577,.73756963,-.11534399,.13504995
a1117,Hamm v. City of Rock Hill,2,3228,1272,379 U.S. 306,2,5,4,1.3459541,.40545821,.11283505,.0092361569,1964,.35769588,.23047405,-.23218524,.98327023,.40593833,.38567445
a1117,Hamm v. City of Rock Hill,3,3228,300,379 U.S. 306,2,5,4,5.1382098,.36232924,.21094801,.02207005,1964,.39333415,.30786651,2.61286,.65481848,.68096095,1.3162131
a1117,Hamm v. City of Rock Hill,4,3228,360,379 U.S. 306,2,5,4,3.7862737,.52535295,.22529779,.018433511,1964,.484424,.38516384,1.5986036,1.8963374,1.3839067,1.6262826
a1119,"All States Freight, Inc. v. New York, New Haven & Hartford Railroad",1,3721,380,379 U.S. 343,9,5,4,1.474075,.28537834,.14270544,.025402665,1964,.45338029,.35139036,-.13606575,.06879326,1.1443405,.35902268
a1120,California v. Lo-Vaca Gathering Co.,1,1377,2104,379 U.S. 366,8,7,1,.78747827,.2114334,.095342502,.01466465,1965,.45874351,.25245482,-.65116775,-.49433979,1.1857289,.013407121
a1121,United States v. First National City Bank,1,2108,8569,379 U.S. 378,9,7,2,.92139041,.16418153,.0337249,.004191041,1965,.23885673,.14477485,-.55070353,-.85418981,-.51115036,-.63868123
a1122,Whitney National Bank in Jefferson Parish v. Bank of New Orleans & Trust Co.,1,4468,1623,379 U.S. 411,9,7,2,.69034398,.16955745,.043349601,.0042954683,1965,.239941,.14601076,-.72404033,-.81324911,-.502783,-.68002415
a1122,Whitney National Bank in Jefferson Parish v. Bank of New Orleans & Trust Co.,2,4468,196,379 U.S. 411,9,7,2,1.4680265,.39138824,.1652689,.025844395,1965,.41995758,.32860017,-.14060344,.87611932,.88641554,.54064381
a1123,Fortson v. Dorsey,1,2050,565,379 U.S. 433,2,8,1,.47466946,.2199035,.11201376,.013296723,1965,.24760646,.16097522,-.88584477,-.42983511,-.44362825,-.58643603
a1124,Henry v. Mississippi,1,3248,1171,379 U.S. 443,9,6,3,2.8890765,.28286386,.099963397,.014998555,1965,.3212291,.20479798,.92550379,.049644042,.12452205,.36655661
a1124,Henry v. Mississippi,2,3248,2598,379 U.S. 443,9,6,3,1.7585597,.2593964,.04300946,.0073593855,1965,.22475106,.18751258,.07736183,-.12907404,-.62000471,-.22390564
a1125,Turner v. Louisiana,1,2595,304,379 U.S. 466,1,8,1,2.5585475,.40399057,.21050835,.039326429,1965,.43414539,.40682948,.67753267,.97209328,.99590373,.88184321
a1126,Jankovich v. Indiana Toll Road Commission,1,2202,332,379 U.S. 487,9,7,2,5.2750874,.73019809,.22857121,.028999805,1965,.58402908,.47713596,2.7155488,3.4563503,2.152565,2.7748213
a1127,City of El Paso v. Simmons,1,6896,6426,379 U.S. 497,8,8,1,2.1212478,.20619655,.0590817,.007635057,1965,.31875002,.19185448,.34945947,-.53422141,.10539086,-.026457027
a1129,Fortson v. Toombs,1,428,4719,379 U.S. 621,2,7,2,2.0010839,.18126595,.17042345,.025229752,1965,.22042739,.19516343,.2593095,-.72408217,-.65337068,-.37271446
a1130,Republic Steel Corp. v. Maddox,1,2631,3935,379 U.S. 650,7,8,1,1.2913903,.2188374,.068952203,.0077646971,1965,.26526952,.18790847,-.27312034,-.4379541,-.30732137,-.33946526
a1132,Texas v. New Jersey,1,2845,224,379 U.S. 674,11,8,1,1.121531,.29874739,.14413241,.018698215,1965,.35322875,.29029423,-.40055305,.17060626,.37146521,.047172803
a1137,Crider v. Zurich Insurance,1,1243,2437,380 U.S. 39,8,6,3,.7990002,.37662387,.077725999,.013646841,1965,.38557851,.23500609,-.64252371,.76368022,.62111026,.24742226
a1139,United States v. Gainey,1,2561,1021,380 U.S. 63,1,7,2,2.217319,.36571559,.1495759,.0097747445,1965,.36396825,.24870324,.42153454,.68060744,.4543426,.51882821
a1139,United States v. Gainey,2,2561,4736,380 U.S. 63,1,7,2,1.3513465,.2680271,.067037001,.0077699423,1965,.26312673,.17440057,-.22813971,-.063346371,-.32385737,-.20511448
a1140,Carrington v. Rash,1,2882,1153,380 U.S. 89,2,7,1,2.1705956,.372592,.1369375,.01506263,1965,.33839583,.21867383,.38648149,.73297524,.25699875,.4588185
a1141,United States v. Ventresca,1,4276,2198,380 U.S. 102,1,7,2,2.3225219,.17559385,.075885653,.0095963478,1965,.24357975,.19813603,.50046039,-.76727843,-.47470263,-.24717356
a1143,Swain v. Alabama,1,9078,6032,380 U.S. 202,2,6,3,2.6373312,.13176221,.033149838,.0056040287,1965,.1916135,.12141538,.73663819,-1.1010815,-.8757292,-.41339085
a1144,National Labor Relations Board v. Brown,1,4242,1836,380 U.S. 278,7,8,1,.68648666,.22769046,.046991602,.0062922239,1965,.24602121,.21678418,-.72693419,-.37053296,-.45586169,-.51777625
a1146,"O'Keeffe v. Smith, Hinchman & Grylls Associates, Inc.",1,1740,2228,380 U.S. 359,8,5,4,2.033098,.2123211,.072346002,.011424065,1965,.18164253,.15745389,.28332731,-.48757941,-.95267576,-.38564262
a1147,Federal Trade Commission v. Colgate-Palmolive Co.,1,6320,1320,380 U.S. 374,8,7,2,1.4691279,.1786592,.1183507,.012353599,1965,.23446894,.17917162,-.13977715,-.74393404,-.54501128,-.47624081
a115,Babb v. Wilkie,1,4680,2259,140 S. Ct. 1168,2,8,1,1.0940746,.2599813,.084515899,.0079158545,2020,.25655156,.1821751,-.42115152,-.12461969,-.37459832,-.30678985
a1151,National Labor Relations Board v. Metropolitan Life Insurance,1,1867,103,380 U.S. 438,7,8,1,2.3898923,.62301952,.35965079,.074065506,1965,.68226802,.66963643,.55100334,2.6401241,2.9106808,2.033936
a1153,Dombrowski v. Pfister,1,5312,1481,380 U.S. 479,3,5,2,1.3556963,.36753181,.084719241,.0090899467,1965,.27615035,.24086225,-.22487636,.69443893,-.22335337,.082069732
a1154,American Committee for Protection of Foreign Born v. Subversive Activities Control Board,1,814,1681,380 U.S. 503,3,5,3,.9750042,.3710494,.13824266,.013064623,1965,.2690134,.24156475,-.51048112,.72122747,-.27842957,-.022561073
a1154,American Committee for Protection of Foreign Born v. Subversive Activities Control Board,2,814,398,380 U.S. 503,3,5,3,1.9469451,.58615392,.31379351,.025496364,1965,.54567063,.49558783,.21869324,2.3593717,1.8565506,1.4782052
a1155,Veterans of Abraham Lincoln Brigade v. Subversive Activities Control Board,1,189,925,380 U.S. 513,3,5,3,5.7966294,.40180135,.19439274,.042961657,1965,.33070034,.31580031,3.1068227,.95542115,.19761214,1.419952
a1156,Commissioner v. Brown,1,5015,3296,380 U.S. 563,12,6,3,.69891393,.13756716,.05934095,.006071806,1965,.23325622,.15761697,-.71761096,-1.0568734,-.55436987,-.77628475
a1158,Griffin v. California,1,2071,2231,380 U.S. 609,1,6,2,1.0688564,.28782719,.059026059,.0071223974,1965,.19663709,.13466775,-.44007087,.087442704,-.83696181,-.39653
a1159,Paragon Jewel Coal Co. v. Commissioner,1,4426,3523,380 U.S. 624,12,7,2,.53520191,.1187936,.038985498,.003821373,1965,.18611485,.11125553,-.84043181,-1.1998448,-.91816264,-.98614645
a116,Kansas v. Glover,1,4346,2762,140 S. Ct. 1183,1,8,1,1.1941959,.21660334,.04660726,.0059459209,2020,.16121596,.11646974,-.34603804,-.45496774,-1.1103088,-.63710487
a1160,"Brotherhood of Railway & Steamship Clerks, Freight Handlers, Express & Station Employees v. Association for the Benefit of Non-Contract Employees",1,6657,1596,380 U.S. 650,9,8,1,1.0858582,.24010959,.0800291,.0063527226,1965,.22301716,.17570937,-.42731565,-.27595416,-.6333853,-.44555169
a1162,Zemel v. Rusk,1,5514,973,381 U.S. 1,3,6,3,1.4900357,.36062056,.1274171,.01405251,1965,.41962677,.25059026,-.12409163,.64180583,.88386267,.46719229
a1162,Zemel v. Rusk,2,5514,1333,381 U.S. 1,3,6,3,1.875807,.28122619,.1163588,.015886188,1965,.30520737,.23483342,.16532372,.037172265,.00088141859,.067792468
a1162,Zemel v. Rusk,3,5514,4437,381 U.S. 1,3,6,3,1.1186453,.14550066,.057767998,.0058879852,1965,.27236426,.15080827,-.40271795,-.99645531,-.25257084,-.55058134
a1163,Simons v. Miami Beach First National Bank,1,1656,251,381 U.S. 81,11,7,2,2.6053441,.32059735,.1704565,.024878621,1965,.38988501,.41733718,.71264064,.33700621,.65434372,.56799686
a1163,Simons v. Miami Beach First National Bank,2,1656,208,381 U.S. 81,11,7,2,2.0764279,.32823309,.1880634,.02464509,1965,.43863827,.43686295,.31583452,.39515677,1.0305755,.5805223
a1164,Federal Power Commission v. Union Electric Co.,1,7400,3432,381 U.S. 90,8,6,3,.30922356,.12689424,.0451742,.0084210038,1965,.16380221,.15882635,-1.0099664,-1.1381539,-1.0903506,-1.0794903
a1165,Holt v. Virginia,1,1952,119,381 U.S. 131,4,8,1,5.7318902,.58080721,.261345,.049115717,1965,.57868361,.50286353,3.0582538,2.3186533,2.1113138,2.4960737
a1166,United States v. California,1,12510,11189,381 U.S. 139,10,5,2,.13601147,.1156585,.033727501,.0040308833,1965,.17872071,.900011,-1.1399144,-1.2237204,-.9752236,-1.1129528
a1169,Minnesota Mining & Manufacturing Co. v. New Jersey Wood Finishing Co.,1,3664,3517,381 U.S. 311,8,5,2,2.7078109,.38320389,.080932602,.014384389,1965,.30830473,.24935079,.78951383,.81379086,.024783893,.54269618
a1169,Minnesota Mining & Manufacturing Co. v. New Jersey Wood Finishing Co.,2,3664,151,381 U.S. 311,8,5,2,2.1540806,.48673713,.2243298,.042960942,1965,.47326934,.43462926,.37409151,1.6022558,1.2978256,1.091391
a117,Me. Cmty. Health Options v. United States,1,9484,3053,140 S. Ct. 1308,8,8,1,2.7558727,.30091447,.139313,.011060476,2020,.32461065,.93114144,.825571,.18710978,.15061767,.38776615
a1172,Atlantic Refining Co. v. Federal Trade Commission,1,5625,1478,381 U.S. 357,9,6,3,.52241403,.21111095,.067315497,.010401368,1965,.20449662,.17091393,-.85002559,-.49679542,-.77630937,-.70771015
a1172,Atlantic Refining Co. v. Federal Trade Commission,2,5625,2738,381 U.S. 357,9,6,3,.72800881,.15884531,.057326701,.0068941116,1965,.31147325,.1885922,-.69578326,-.8948282,.049235575,-.51379198
a1173,United Gas Improvement Co. v. Continental Oil Co.,1,3718,210,381 U.S. 392,9,8,1,1.3756024,.60915887,.28422841,.04102385,1965,.56894433,.37873149,-.20994236,2.5345674,2.0361552,1.4535934
a1178,United States v. Brown,1,8030,5041,381 U.S. 437,3,5,4,1.5713379,.20914006,.052008752,.0061936378,1965,.17965537,.12825841,-.063096628,-.51180488,-.96801078,-.5143041
a1179,Griswold v. Connecticut,1,2075,7338,381 U.S. 479,5,7,2,2.3631868,.55905628,.14239013,.011311948,1965,.3572104,.21920449,.53096825,2.1530075,.40219185,1.0287225
a1179,Griswold v. Connecticut,2,2075,1331,381 U.S. 479,5,7,2,1.979974,.4122211,.14731187,.011970401,1965,.32168996,.2121684,.2434724,1.0347736,.12807855,.46877486
a1180,Estes v. Texas,1,5492,4820,381 U.S. 532,1,5,4,.37345022,.18418276,.040196542,.006065011,1965,.21115428,.11108899,-.96178198,-.70186895,-.72493184,-.79619426
a1180,Estes v. Texas,2,5492,411,381 U.S. 532,1,5,4,1.8599763,.30786467,.1247511,.028924882,1965,.4885509,.39989918,.15344709,.24003953,1.4157543,.60308033
a1180,Estes v. Texas,3,5492,202,381 U.S. 532,1,5,4,2.0899851,.45815355,.28005004,.047715545,1965,.60647482,.45646393,.32600546,1.3845754,2.3257802,1.3454536
a1181,Linkletter v. Walker,1,7106,4095,381 U.S. 618,1,7,2,.81063461,.2565988,.077492699,.0064942837,1965,.25740969,.17454749,-.63379526,-.15037939,-.3679761,-.38405025
a1183,"Local Union No. 189, Amalgamated Meat Cutters & Butcher Workmen v. Jewel Tea Co.",1,5811,9882,381 U.S. 676,7,6,3,2.7582533,.27967489,.096437901,.0080866218,1965,.39342511,.26117289,.82735699,.025358226,.68166292,.51145935
a1183,"Local Union No. 189, Amalgamated Meat Cutters & Butcher Workmen v. Jewel Tea Co.",2,5811,2822,381 U.S. 676,7,6,3,1.1045575,.30787957,.10023165,.0070783496,1965,.36666125,.22787744,-.41328698,.24015301,.47512463,.10066355
a1183,"Local Union No. 189, Amalgamated Meat Cutters & Butcher Workmen v. Jewel Tea Co.",3,5811,893,381 U.S. 676,7,6,3,.5751642,.24434626,.079625398,.0099196434,1965,.28719145,.21860671,-.81045109,-.24368949,-.1381485,-.3974297
a1184,Cameron v. Johnson,1,157,4069,381 U.S. 741,3,5,4,1.379644,.37600327,.21844304,.037865579,1965,.46129739,.3769958,-.20691018,.75895399,1.2054373,.58582705
a1184,Cameron v. Johnson,2,157,1693,381 U.S. 741,3,5,4,5.5782251,.38558596,.2241119,.03660953,1965,.4510898,.33395457,2.9429703,.83193171,1.1266648,1.6338556
a1187,"Gondeck v. Pan American World Airways, Inc.",1,1251,688,382 U.S. 25,8,7,1,1.5867517,.37075111,.1173138,.0090042949,1965,.34219003,.24405646,-.051532835,.71895581,.28627875,.31790057
a1188,Federal Trade Commission v. Mary Carter Paint Co.,1,858,1513,382 U.S. 46,9,7,1,1.4397638,.18487024,.1047472,.018983901,1965,.2516858,.18321401,-.16180685,-.6966334,-.41214773,-.42352933
a119,Cnty. of Maui v. Haw. Wildlife Fund,1,5443,5544,140 S. Ct. 1462,8,6,3,.26862752,.1217637,.028629061,.0018769503,2020,.13281548,.10071522,-1.0404226,-1.1772258,-1.329477,-1.1823751
a1195,Western Pacific Railroad v. United States,1,2775,1514,382 U.S. 237,8,8,1,.92568499,.17679019,.081087351,.0057651997,1965,.2460981,.16774935,-.5474816,-.75816762,-.45526832,-.58697253
a1196,United States v. Speers,1,4193,432,382 U.S. 266,12,8,1,2.6722646,.29284877,.1966002,.028334141,1965,.28104246,.22482228,.76284605,.12568486,-.18560065,.23431009
a1199,Evans v. Newton,1,5027,956,382 U.S. 296,2,6,3,4.4818258,.28486747,.1482383,.016682863,1966,.36118537,.21836925,2.1204243,.064902678,.43286696,.87273133
a1199,Evans v. Newton,2,5027,2460,382 U.S. 296,2,6,3,1.088829,.1771879,.0775702,.0112046,1966,.27207488,.13715011,-.42508686,-.75513881,-.25480399,-.47834322
a12,Dart Cherokee Basin Operating Co. v. Owens,1,6273,445,135 S. Ct. 547,9,5,4,1.4881243,.46713579,.19257957,.017543674,2014,.53042328,.47497654,-.12552561,1.4529803,1.7388859,1.0221136
a1200,United States v. Yazell,1,5572,773,382 U.S. 341,10,6,3,3.4109747,.28481621,.11441165,.012766421,1966,.26366901,.19555426,1.317045,.064512305,-.31967255,.35396159
a1201,Koehring Co. v. Hyde Construction Co.,1,760,147,382 U.S. 362,9,7,2,1.1685921,.52294391,.36142531,.053902745,1966,.62353098,.50498867,-.36524662,1.8779912,2.4574034,1.3233826
a1203,Tehan v. United States ex rel. Shott,1,4176,56,382 U.S. 406,1,5,2,4.0370717,.59055746,.57542092,.1187315,1966,.75785792,.72931099,1.7867585,2.3929069,3.4940124,2.5578926
a1204,"Brotherhood of Locomotive Engineers v. Chicago, Rock Island & Pacific Railroad",1,4016,3027,382 U.S. 423,9,7,1,1.1517118,.1862426,.06176364,.0066747665,1966,.33229274,.17595828,-.37791064,-.6861822,.20990077,-.2847307
a1206,Chandler v. Judicial Council of the Tenth Circuit,1,181,829,382 U.S. 1003,9,7,2,.60228485,.40272665,.34765744,.046723485,1966,.49258268,.33548713,-.79010451,.96246785,1.4468677,.53974366
a1207,"Linn v. United Plant Guard Workers of America, Local 114",1,3887,584,383 U.S. 53,10,5,4,1.7424755,.4896194,.14418674,.01807183,1966,.46980888,.3978827,.065295063,1.6242059,1.2711209,.98687398
a1207,"Linn v. United Plant Guard Workers of America, Local 114",2,3887,1719,383 U.S. 53,10,5,4,4.4489937,.2330381,.057128549,.0040127039,1966,.24996895,.19389617,2.0957928,-.32980764,-.42539677,.44686279
a1208,Rosenblatt v. Baer,1,3736,139,383 U.S. 75,3,8,1,3.4526203,.61929119,.2865907,.041766524,1966,.60943192,.55833948,1.3482884,2.6117308,2.3486001,2.1028731
a1209,United States v. Ewell,1,2494,1149,383 U.S. 116,1,7,2,1.4689506,.27973986,.088130899,.010921359,1966,.33130968,.24185622,-.13991015,.025853002,.20231444,.029419098
a1210,Brown v. Louisiana,1,3398,5277,383 U.S. 131,2,5,4,1.5256034,.1602058,.043167599,.0062991381,1966,.16277748,.10176826,-.09740781,-.8844673,-1.0982585,-.69337785
a1214,Fribourg Navigation Co. v. Commissioner,1,4735,4348,383 U.S. 272,12,6,3,.52439815,.12787969,.027492899,.0037085414,1966,.18414378,.12060148,-.84853703,-1.1306491,-.93337345,-.97085321
a1217,Pate v. Robinson,1,3807,1504,383 U.S. 375,4,7,2,2.0803504,.18772656,.0573062,.011705935,1966,.26434129,.13672835,.31877726,-.67488098,-.31448451,-.22352941
a1218,Perry v. Commerce Loan Co.,1,3710,1851,383 U.S. 392,8,8,1,.6641137,.15730923,.08763814,.0063669086,1966,.15598637,.16476488,-.74371892,-.90652627,-1.1506659,-.93363702
a1219,"A Book Named ""John Cleland's Memoirs of a Woman of Pleasure"" v. Attorney General of Massachusetts",1,3422,4376,383 U.S. 413,3,6,3,1.962181,.30104089,.13454115,.01757437,1966,.25104386,.14391243,.23012359,.18807255,-.41710162,.00036484003
a1219,"A Book Named ""John Cleland's Memoirs of a Woman of Pleasure"" v. Attorney General of Massachusetts",2,3422,1708,383 U.S. 413,3,6,3,2.0836878,.35623205,.1536431,.025025547,1966,.43250614,.24320871,.32128105,.60838485,.98325354,.63763982
a1219,"A Book Named ""John Cleland's Memoirs of a Woman of Pleasure"" v. Attorney General of Massachusetts",3,3422,646,383 U.S. 413,3,6,3,1.4342327,.30807531,.20613641,.019175828,1966,.33826596,.31059337,-.16595639,.2416437,.25599647,.11056126
a1220,Ginzburg v. United States,1,3987,2028,383 U.S. 463,3,5,4,.72016865,.45778096,.1260822,.015785158,1966,.41041595,.30796677,-.7016651,1.3817379,.81278223,.49761835
a1220,Ginzburg v. United States,2,3987,3307,383 U.S. 463,3,5,4,.87668192,.31810784,.086626202,.0098598599,1966,.38386613,.21673894,-.58424497,.3180472,.60789573,.11389932
a1220,Ginzburg v. United States,3,3987,1602,383 U.S. 463,3,5,4,.5872128,.22851133,.069820046,.0092181563,1966,.2633124,.17930853,-.80141193,-.36428154,-.32242456,-.49603933
a1220,Ginzburg v. United States,4,3987,1185,383 U.S. 463,3,5,4,.80333287,.3546094,.092603453,.010889053,1966,.35164726,.25214505,-.63927323,.59602743,.35926077,.10533833
a1221,Mishkin v. New York,1,4128,737,383 U.S. 502,3,6,3,2.1615415,.50827408,.2794078,.02815783,1966,.56098211,.40987802,.37968883,1.7662719,1.9747101,1.373557
a1221,Mishkin v. New York,2,4128,172,383 U.S. 502,3,6,3,1.02372,.31405509,.22242109,.029191136,1966,.44305289,.3453548,-.47393328,.28718311,1.0646434,.29263106
a1223,Kent v. United States,1,8315,159,383 U.S. 541,2,5,4,3.8313403,.57611841,.27927151,.058390379,1966,.76746291,.62371391,1.6324136,2.2829454,3.5681348,2.494498
a1224,United States v. O'Malley,1,2375,372,383 U.S. 627,12,7,2,.18290098,.24327224,.14625686,.014107466,1966,.26629126,.27624476,-1.1047368,-.25186872,-.29943651,-.55201399
a1225,Federal Trade Commission v. Borden Co.,1,3401,5407,383 U.S. 637,8,7,2,.25769162,.1477697,.032798771,.0048865676,1966,.14991713,.10504824,-1.0486269,-.97917527,-1.1975026,-1.0751016
a1226,Harper v. Virginia Board of Elections,1,2274,3291,383 U.S. 663,2,6,3,1.2798666,.2565501,.070425801,.0085669756,1966,.29618329,.18655884,-.28176573,-.15075025,-.068757966,-.16709131
a1226,Harper v. Virginia Board of Elections,2,2274,2143,383 U.S. 663,2,6,3,1.3646687,.33283424,.072512873,.0091033578,1966,.25071549,.15291178,-.21814504,.43019715,-.41963562,-.069194503
a1227,"International Union, United Automobile, Aerospace & Agricultural Implement Workers of America v. Hoosier Cardinal Corp.",1,3941,1711,383 U.S. 696,7,6,3,1.2520392,.2120904,.068769202,.010368228,1966,.31279331,.19430494,-.30264252,-.48933631,.059422586,-.24418542
a123,Bostock v. Clayton Cnty.,1,33913,8616,140 S. Ct. 1731,2,6,3,.96835524,.26390839,.056328651,.0052179098,2020,.2104134,.9266811,-.51546931,-.094712712,-.73064929,-.44694376
a1230,DeGregory v. Attorney General of New Hampshire,1,1345,224,383 U.S. 825,3,6,3,.78224635,.39234525,.16078967,.025100589,1966,.39482361,.33989477,-.6550929,.88340753,.69245523,.3069233
a1231,Elfbrandt v. Russell,1,2252,1390,384 U.S. 11,3,5,4,1.4521226,.259709,.069619499,.0071206093,1966,.27095848,.17906404,-.15253498,-.12669343,-.26341927,-.18088256
a1236,Amell v. United States,1,2589,2914,384 U.S. 158,8,7,2,2.6375184,.25602734,.05822897,.0050039887,1966,.19183761,.12596291,.73677862,-.15473138,-.87399971,-.097317494
a1237,Securities & Exchange Commission v. New England Electric System,1,2764,3183,384 U.S. 176,8,7,2,1.0433099,.2322197,.075031497,.011883676,1966,.19847643,.13869762,-.45923644,-.33604023,-.82276756,-.53934807
a1239,United States v. Standard Oil Co.,1,1889,2235,384 U.S. 224,8,6,3,1.1927471,.25355589,.0474445,.0052503347,1966,.24213296,.14047843,-.34712493,-.17355287,-.48586753,-.33551511
a124,Liu v. Sec. & Exch. Comm'n,1,6132,3400,140 S. Ct. 1936,8,8,1,1.7103932,.16969126,.051575061,.0046715736,2020,.20369893,.12405634,.041226104,-.81223005,-.78246522,-.51782304
a1240,Brotherhood of Railway & Steamship Clerks v. Florida East Coast Railway Co.,1,2657,759,384 U.S. 238,7,7,1,1.0028851,.32282311,.12730193,.010925472,1966,.36316323,.23847455,-.48956415,.35395661,.44813022,.10417423
a1242,Rinaldi v. Yeager,1,1845,231,384 U.S. 305,2,8,1,3.0052493,.42194736,.14850694,.024110317,1966,.27728754,.26741481,1.0126595,1.1088445,-.21457756,.63564217
a1243,Cheff v. Schnackenberg,1,2988,2955,384 U.S. 373,1,6,2,3.3400266,.38617471,.078190804,.010160327,1966,.34404749,.23484355,1.2638179,.83641535,.30061287,.80028206
a1244,Miranda v. Arizona,1,19484,6359,384 U.S. 436,1,5,4,.73573148,.2041968,.030926799,.0041944981,1966,.28319865,.77805829,-.68998951,-.54945064,-.16896115,-.4694671
a1246,United States v. Grinnell Corp.,1,5619,615,384 U.S. 563,8,6,3,3.3805454,.30695829,.19800089,.013757408,1966,.48290598,.30269015,1.294216,.23313694,1.3721921,.96651506
a1246,United States v. Grinnell Corp.,2,5619,3471,384 U.S. 563,8,6,3,2.1612325,.2047575,.10153854,.0095206499,1966,.3467598,.16969293,.379457,-.54518062,.32154393,.051940102
a1247,Federal Trade Commission v. Dean Foods Co.,1,4407,9536,384 U.S. 597,8,5,4,.38645804,.1857077,.024947049,.0038744211,1966,.1944561,.12492704,-.95202315,-.6902557,-.85379267,-.83202386
a1248,Katzenbach v. Morgan,1,5637,3942,384 U.S. 641,2,7,2,.46308956,.23169315,.0385685,.0057583451,1966,.21954483,.11946589,-.89453226,-.34005019,-.66018146,-.63158798
a1249,Cardona v. Power,1,662,853,384 U.S. 672,2,7,2,1.126207,.41517529,.18234634,.024167001,1966,.4458518,.2706604,-.39704499,1.0572714,1.0862428,.58215642
a1251,Davis v. North Carolina,1,4916,1245,384 U.S. 737,1,7,2,.72858995,.17474569,.057758901,.0051318407,1966,.20467407,.20012689,-.69534725,-.77373767,-.77494001,-.74800831
a1252,Schmerber v. California,1,4630,45,384 U.S. 757,1,5,4,2.3020766,.52628219,.54020238,.086375654,1966,.75448048,.65891409,.48512179,1.903414,3.4679484,1.9521614
a1252,Schmerber v. California,2,4630,1688,384 U.S. 757,1,5,4,1.5595884,.27464175,.062274799,.0082592368,1966,.31272823,.2857936,-.071911402,-.012971981,.058920298,-.0086543616
a1252,Schmerber v. California,3,4630,143,384 U.S. 757,1,5,4,3.7481036,.43935156,.33483905,.030406535,1966,.53079963,.5242548,1.5699674,1.2413875,1.7417902,1.517715
a1252,Schmerber v. California,4,4630,98,384 U.S. 757,1,5,4,1.667436,.44387099,.33610901,.040379822,1966,.4673264,.36338115,.0089985467,1.2758056,1.2519635,.84558922
a1254,City of Greenwood v. Peacock,1,9259,6489,384 U.S. 808,9,5,4,1.8361171,.2151168,.0427518,.0057308674,1966,.19579381,.12198752,.13554735,-.46628857,-.8434695,-.39140356
a1259,Black v. United States,1,844,723,385 U.S. 26,1,5,2,.65981287,.29532474,.076528668,.016791165,1966,.21414953,.25295359,-.74694556,.14454083,-.70181727,-.43474066
a126,"Trump v. Mazars USA, LLP",1,5951,6129,140 S. Ct. 2019,13,7,2,1.8382918,.2480344,.13108601,.010669947,2020,.30475563,.21218586,.13717881,-.21560217,-.0026047134,-.02700936
a126,"Trump v. Mazars USA, LLP",2,5951,640,140 S. Ct. 2019,13,7,2,1.5793903,.25017464,.11892796,.015727639,2020,.30000186,.22794515,-.057055552,-.19930303,-.039289825,-.09854947
a1260,Pittsburgh Towing Co. v. Mississippi Valley Barge Line Co.,1,220,517,385 U.S. 32,9,8,1,2.4466052,.353304,.21120851,.032199919,1966,.43932188,.37762636,.59355074,.58608603,1.035851,.73849595
a1261,Adderley v. Florida,1,2855,2950,385 U.S. 39,3,5,4,2.8841398,.31972069,.13773704,.012339234,1966,.35084856,.18944043,.92180014,.3303299,.35309714,.53507572
a1262,Illinois Central Railroad v. Norfolk & Western Railway Co.,1,5029,142,385 U.S. 57,9,8,1,5.5705161,.63123137,.38320565,.057662845,1966,.57919323,.53137761,2.937187,2.702662,2.1152465,2.5850317
a1263,Cichos v. Indiana,1,1200,551,385 U.S. 76,1,6,3,1.2341808,.39189601,.18217111,.020868361,1966,.40914166,.26451397,-.31604034,.87998635,.80294847,.45563149
a1264,Bank of Marin v. England,1,1122,3144,385 U.S. 99,8,8,1,1.4138058,.29749584,.130648,.013636351,1966,.25494778,.22142208,-.18128115,.161075,-.38697481,-.13572699
a1265,United States v. Demko,1,1535,696,385 U.S. 149,8,7,2,2.6007719,.2951448,.0694471,.014637649,1966,.28526765,.23024082,.70921046,.14317043,-.15299459,.23312877
a1266,Transportation-Communication Employees Union v. Union Pacific Railroad,1,2812,4496,385 U.S. 157,9,7,2,1.1690704,.1043676,.034981199,.0052669048,1966,.24191743,.13829523,-.36488783,-1.3097072,-.4875308,-.72070861
a1267,"Canada Packers, Ltd. v. Atchison, Topeka & Santa Fe Railway Co.",1,582,1090,385 U.S. 182,9,8,1,2.0896308,.47539371,.18585205,.021356881,1966,.30249661,.3248648,.32573968,1.5158691,-.020037673,.60719037
a1268,Walker v. Southern Railway Co.,1,817,1146,385 U.S. 196,8,6,3,2.3151007,.34468639,.1349474,.013689637,1960,.27000928,.25832587,.49489278,.52045804,-.27074435,.24820216
a1270,Immigration & Naturalization Service v. Errico,1,3439,1641,385 U.S. 214,2,6,3,.39446029,.15244339,.051339,.0079722404,1966,.19765735,.1291312,-.94601965,-.94358242,-.82908845,-.90623015
a1271,Fortson v. Morris,1,1357,1973,385 U.S. 231,2,5,4,.61941475,.26371586,.072188258,.0091482997,1966,.18187594,.18216932,-.77725321,-.096178882,-.95087451,-.6081022
a1271,Fortson v. Morris,2,1357,2913,385 U.S. 231,2,5,4,1.5127804,.18712264,.11966014,.019544601,1966,.22838992,.19610095,-.10702793,-.67948008,-.59192342,-.45947713
a1272,United States v. Fabrizio,1,2434,1400,385 U.S. 263,1,7,2,2.5176048,.2559036,.059360199,.0093895197,1966,.28657407,.16805023,.64681649,-.15567373,-.14291291,.11607662
a1273,Woodby v. Immigration & Naturalization Service,1,3203,1671,385 U.S. 276,2,7,2,.81491548,.1969727,.05656004,.0054576993,1966,.23473591,.14599717,-.6305837,-.60446632,-.54295105,-.59266704
a1274,Hoffa v. United States,1,5876,3296,385 U.S. 293,1,4,3,.65939295,.22626203,.049525499,.0047914982,1966,.32246637,.1657626,-.74726057,-.38141125,.13407016,-.33153388
a1275,Osborn v. United States,1,5179,4645,385 U.S. 323,1,7,1,7.5169492,.42329884,.20584691,.026433706,1966,.51406312,.3965655,4.3974495,1.1191368,1.6126336,2.3764067
a1276,Parker v. Gladden,1,800,1340,385 U.S. 363,1,8,1,.69074374,.2949734,.072933733,.012102306,1966,.31143749,.20825505,-.7237404,.14186518,.04895959,-.17763855
a1277,"Time, Inc. v. Hill",1,7534,3297,385 U.S. 374,3,5,4,1.7730094,.19747131,.052549541,.0084440708,1967,.25209898,.14365184,.088202365,-.60066909,-.40895918,-.30714196
a1278,Swann v. Adams,1,1729,335,385 U.S. 440,2,7,2,1.3975626,.30683371,.13417983,.022557557,1967,.35480684,.25181204,-.19346721,.23218824,.38364345,.14078815
a1279,Garrity v. New Jersey,1,2079,3001,385 U.S. 493,1,5,4,2.816282,.4783988,.114355,.009691298,1967,.26135504,.21519554,.87089157,1.5387546,-.3375296,.69070554
a128,June Med. Servs. L. L. C. v. Russo,1,16757,17362,140 S. Ct. 2103,5,5,4,.50106603,.12689483,.028302429,.0035446882,2020,.17435151,.00073850155,-.86604136,-1.1381494,-1.0089409,-1.0043772
a128,June Med. Servs. L. L. C. v. Russo,2,16757,6369,140 S. Ct. 2103,5,5,4,.79844451,.1627142,.048643101,.0083026886,2020,.21886635,.8424843,-.64294058,-.86536437,-.66541737,-.72457409
a128,June Med. Servs. L. L. C. v. Russo,3,16757,1340,140 S. Ct. 2103,5,5,4,.8966108,.29033649,.070735037,.0072951317,2020,.25253713,.83789593,-.5692938,.10655243,-.40557793,-.28943977
a1280,Spevack v. Klein,1,2312,3214,385 U.S. 511,1,5,4,1.6994355,.410853,.070310242,.013509274,1967,.25367719,.20396435,.033005349,1.0243547,-.39678004,.22019333
a1280,Spevack v. Klein,2,2312,601,385 U.S. 511,1,5,4,3.5469308,.4819741,.198467,.019751906,1967,.47419196,.4191134,1.4190426,1.5659825,1.3049455,1.4299902
a1281,Spencer v. Texas,1,4684,6187,385 U.S. 554,1,5,4,.92585909,.18279541,.026525101,.005125165,1967,.20415485,.1426422,-.547351,-.71243447,-.77894688,-.67957747
a1281,Spencer v. Texas,2,4684,99,385 U.S. 554,1,5,4,5.1611028,.58627796,.41825664,.078157783,1967,.67507029,.63963467,2.6300347,2.3603163,2.8551354,2.6151621
a1282,Keyishian v. Board of Regents,1,8923,2721,385 U.S. 589,3,5,4,.77777857,.19513166,.056383971,.0084364414,1967,.20382631,.13785446,-.6584447,-.61848688,-.78148222,-.68613791
a1283,"Berenyi v. District Director, Immigration & Naturalization Service",1,2369,2172,385 U.S. 630,2,6,3,3.1903298,.24388111,.15979411,.025655091,1967,.27072579,.18969864,1.1515115,-.24723192,-.26521501,.21302155
a129,Espinoza v. Mont. Dep't of Revenue,1,9473,3186,140 S. Ct. 2246,3,5,4,.99738574,.18231934,.03359675,.0029307604,2020,.22047609,.91820365,-.49368992,-.71605998,-.65299487,-.62091494
a1292,Chapman v. California,1,7738,3692,386 U.S. 18,1,8,1,1.6444964,.31112379,.18624081,.040764451,1967,.30671966,.23085827,-.0082112867,.26485962,.012551842,.089733392
a1293,Cooper v. California,1,1314,1115,386 U.S. 58,1,5,4,.86787456,.22178006,.089508533,.0072876215,1967,.24807429,.19454169,-.59085244,-.41554403,-.44001791,-.48213813
a1294,Giles v. Maryland,1,4784,5470,386 U.S. 66,1,5,4,1.7101517,.2078777,.048595551,.01181227,1967,.20922822,.14203513,.04104491,-.52141851,-.73979539,-.40672299
a1296,Cascade Natural Gas Corp. v. El Paso Natural Gas Co.,1,3907,5980,386 U.S. 129,8,5,2,1.7734466,.34299159,.12012506,.012499332,1967,.34730458,.21378428,.088530317,.50755119,.32574809,.30727655
a1297,Vaca v. Sipes,1,8030,2400,386 U.S. 171,7,8,1,1.085079,.17651355,.03919667,.013099551,1967,.27276063,.25600451,-.42790028,-.76027441,-.249512,-.47922891
a13,"T-Mobile S., LLC v. City of Roswell",1,4264,183,135 S. Ct. 808,8,6,3,5.2780437,.52346843,.28616214,.03672713,2015,.65316474,.57101691,2.7177668,1.8819857,2.686089,2.4286139
a130,U.S. Patent & Trademark Office v. Booking.com B. V.,1,4335,3872,140 S. Ct. 2298,8,8,1,.59606606,.11652833,.039682802,.0030879974,2020,.13817674,.087329745,-.79477,-1.2170962,-1.2881038,-1.09999
a1300,Federal Power Commission v. United Gas Pipe Line Co.,1,3108,3270,386 U.S. 237,8,5,3,.16276814,.095617801,.05656844,.0078938007,1967,.22640049,.14700353,-1.1198409,-1.3763418,-.6072759,-1.0344862
a1301,Commissioner v. Stidger,1,3075,690,386 U.S. 287,12,6,3,2.1876996,.24266297,.088543952,.015803337,1967,.29012686,.18163812,.39931327,-.25650874,-.11549578,.0091029182
a1302,McCray v. Illinois,1,4197,809,386 U.S. 300,1,5,4,2.31425,.3003715,.1042546,.013532043,1967,.35613739,.304896,.49425459,.18297476,.39391142,.35704693
a1303,Neely v. Martin K. Eby Construction Co.,1,4301,4530,386 U.S. 317,8,6,3,.93648303,.1773362,.046081539,.0092753768,1967,.15288669,.12465745,-.53938067,-.75400949,-1.1745863,-.82265884
a1305,Baltimore & Ohio Railroad v. United States,1,7166,6537,386 U.S. 372,8,5,4,1.0454327,.19008327,.065078497,.0082387924,1967,.35690403,.19290847,-.4576439,-.65693325,.39982757,-.23824985
a1305,Baltimore & Ohio Railroad v. United States,2,7166,6139,386 U.S. 372,8,5,4,.87876111,.14526691,.064072996,.0083611012,1967,.22299767,.15489125,-.58268505,-.99823552,-.63353574,-.73815209
a1306,State Farm Fire & Casualty Co. v. Tashire,1,4428,1191,386 U.S. 523,9,8,1,1.1449075,.3136256,.096367396,.014423966,1967,.32572997,.20096236,-.38301542,.28391236,.15925549,.020050809
a1307,Pierson v. Ray,1,3408,2821,386 U.S. 547,2,8,1,5.2949357,.47061825,.19325951,.017768204,1967,.47929657,.37120348,2.7304397,1.4795012,1.3443381,1.8514264
a1309,National Woodwork Manufacturers Ass'n v. National Labor Relations Board,1,11612,4529,386 U.S. 612,7,5,4,.19786775,.10974026,.055245999,.0029366612,1967,.23466736,.96169871,-1.0935084,-1.2687913,-.54348004,-.96859324
a131,Trump v. Vance,1,7730,3878,140 S. Ct. 2412,1,7,2,2.3514321,.3221195,.079649568,.0071002245,2020,.27811539,.1748172,.5221495,.34859827,-.208189,.22085293
a131,Trump v. Vance,2,7730,7912,140 S. Ct. 2412,1,7,2,.58653712,.14162505,.0302146,.0036422014,2020,.18914634,.12606752,-.8019188,-1.0259703,-.89476842,-.90755254
a1310,Thorpe v. Housing Authority of Durham,1,1087,182,386 U.S. 670,9,8,1,4.0720949,.39996064,.2233035,.048095644,1967,.39171731,.40702379,1.8130338,.94140309,.66848373,1.1409736
a1311,Utah Pie Co. v. Continental Baking Co.,1,5967,462,386 U.S. 685,8,6,2,1.5256317,.25406659,.17371094,.021425962,1967,.31552142,.27408969,-.097386613,-.16966365,.080475532,-.062191579
a1312,Fleischmann Distilling Corp. v. Maier Brewing Co.,1,2563,610,386 U.S. 714,6,8,1,2.4787405,.23811364,.1694802,.019336462,1967,.31815511,.25323927,.61765945,-.29115444,.10079988,.14243495
a1313,"Waldron v. Moore-McCormack Lines, Inc.",1,1555,494,386 U.S. 724,8,5,4,1.0418702,.32930696,.11195683,.020845294,1967,.29132879,.2383371,-.46031654,.40333489,-.10622043,-.054400694
a1314,Jackson v. Lykes Bros. Steamship Co.,1,1610,356,386 U.S. 731,8,7,2,1.2908168,.2590715,.17652905,.022159219,1967,.35788864,.31426746,-.2735506,-.13154837,.40742588,.00077563524
a1315,Anders v. California,1,1962,596,386 U.S. 738,2,6,3,.74378139,.20186377,.070937753,.011601925,1967,.26285863,.2268495,-.68395025,-.56721801,-.32592633,-.52569818
a1316,"National Bellas Hess, Inc. v. Department of Revenue",1,2152,1969,386 U.S. 753,8,6,3,1.8485875,.25713301,.057815801,.0067017674,1967,.23362714,.21333295,.14490294,-.1463111,-.55150747,-.18430521
a1317,Redrup v. New York,1,932,341,386 U.S. 767,3,7,2,1.5607692,.42047811,.13759756,.024189949,1967,.49841589,.38677746,-.071025558,1.0976553,1.4918829,.83950424
a132,McGirt v. Oklahoma,1,26786,1056,140 S. Ct. 2452,2,5,4,2.1877854,.60814637,.21907103,.024722934,2020,.48259026,.90013921,.39937767,2.5268567,1.3697556,1.4319967
a1325,In re Gault,1,18849,1053,387 U.S. 1,2,8,1,1.9093698,.2893039,.061337098,.010807633,1967,.29501927,.81150997,.19050336,.098688662,-.077740774,.070483752
a1326,Iacurci v. Lummus Co.,1,596,395,387 U.S. 86,8,8,1,.96519667,.51866257,.24513024,.023286939,1967,.36607361,.37609124,-.51783895,1.8453863,.47058976,.599379
a1327,Boutilier v. Immigration & Naturalization Service,1,2109,3354,387 U.S. 118,2,6,3,1.473227,.36710459,.1329917,.02154851,1967,.23925143,.15237397,-.13670188,.69118547,-.50810444,.015459716
a1328,Gardner v. Toilet Goods Ass'n,1,1969,288,387 U.S. 167,9,5,3,6.3526106,.59289557,.29096469,.042570591,1967,.64480209,.63477778,3.5239336,2.410713,2.6215539,2.8520668
a1329,Northeastern Pennsylvania National Bank & Trust Co. v. United States,1,3773,1518,387 U.S. 213,12,6,3,.37553173,.18862915,.049047951,.0095456243,1967,.25691211,.16844082,-.96022034,-.66800719,-.37181595,-.66668117
a133,American Fire & Casualty Co. v. Finn,1,3901,692,341 U.S. 6,9,6,3,1.4654467,.25770617,.083831102,.011544526,1951,.34248316,.26905954,-.14253888,-.14194617,.2885409,.0013519526
a1330,Afroyim v. Rusk,1,4635,7829,387 U.S. 253,2,5,4,.23654278,.20281476,.043091599,.0077654719,1967,.1555137,.11561513,-1.0644933,-.55997568,-1.1543134,-.92626083
a1331,"Warden, Maryland Penitentiary v. Hayden",1,4812,3977,387 U.S. 294,1,6,3,1.8505248,.32376635,.084776342,.0087597966,1967,.39066046,.26664424,.14635633,.36113995,.66032797,.38927475
a1332,Reitman v. Mulkey,1,3484,2759,387 U.S. 369,2,5,4,3.073446,.31195509,.053480569,.0106076,1967,.17607987,.12671191,1.0638224,.27119049,-.99560314,.11313658
a1333,Udall v. Federal Power Commission,1,6812,1224,387 U.S. 428,9,6,2,2.3610721,.21269727,.093728296,.017554402,1967,.30554003,.20123762,.52938169,-.48471469,.0034485254,.016038511
a1334,Commissioner v. Estate of Bosch,1,3063,1672,387 U.S. 456,10,6,3,.51040405,.20559907,.063589752,.010485232,1967,.33260202,.28469723,-.85903579,-.53877151,.21228758,-.39517325
a1334,Commissioner v. Estate of Bosch,2,3063,3804,387 U.S. 456,10,6,3,.46818042,.1796961,.05677205,.011713445,1967,.22393703,.15519547,-.89071298,-.73603749,-.62628657,-.75101233
a1334,Commissioner v. Estate of Bosch,3,3063,282,387 U.S. 456,10,6,3,3.1810675,.43879071,.18086374,.024231493,1967,.50163704,.47352076,1.1445627,1.2371163,1.5167408,1.2994733
a1335,Denver & Rio Grande Western Railroad v. United States,1,6730,3804,387 U.S. 485,8,7,2,.83720857,.10813314,.035201799,.0033012629,1967,.12860715,.10132962,-.61385882,-1.2810304,-1.3619529,-1.0856141
a1336,See v. City of Seattle,1,1642,2779,387 U.S. 541,1,6,3,1.9033201,.32261944,.11001515,.015645087,1967,.43446743,.33180791,.18596467,.35240558,.99838895,.51225305
a1337,Denver & Rio Grande Western Railroad v. Brotherhood of Railroad Trainmen,1,2298,2124,387 U.S. 556,9,6,3,.59863549,.15248793,.0425799,.0028650761,1967,.17825985,.15418571,-.79284233,-.94324327,-.97878009,-.90495521
a1340,"National Labor Relations Board v. Great Dane Trailers, Inc.",1,2477,1805,388 U.S. 26,7,7,2,1.4795429,.15982795,.063796759,.0089643598,1967,.21685505,.20899653,-.1319636,-.88734484,-.68093866,-.56674904
a1341,Berger v. New York,1,6681,5784,388 U.S. 41,1,6,3,2.290741,.1768097,.059584562,.0099571943,1967,.19445282,.13052863,.47661752,-.75801909,-.853818,-.37840652
a1341,Berger v. New York,2,6681,5509,388 U.S. 41,1,6,3,1.6247246,.23661506,.085586302,.0071566105,1967,.26687765,.14751995,-.023044597,-.30256701,-.2949113,-.20684096
a1341,Berger v. New York,3,6681,6402,388 U.S. 41,1,6,3,2.1006575,.14869016,.067170903,.010840654,1967,.23194063,.1359061,.33401212,-.97216547,-.56452239,-.4008919
a1343,National Labor Relations Board v. Allis-Chalmers Manufacturing Co.,1,7130,6026,388 U.S. 175,7,5,4,.79996419,.13251597,.023411751,.0048937201,1967,.13298994,.10569215,-.64180052,-1.0953412,-1.3281306,-1.0217575
a1346,Stovall v. Denno,1,2878,986,388 U.S. 293,1,6,3,2.6109726,.4726288,.14219201,.016515374,1967,.3016122,.33083636,.71686333,1.4948127,-.026862746,.72827113
a1347,Walker v. City of Birmingham,1,4975,3429,388 U.S. 307,3,5,4,1.5134627,.25481856,.0514066,.0078824162,1967,.2443049,.13515925,-.10651611,-.16393694,-.46910658,-.24651988
a1347,Walker v. City of Birmingham,2,4975,1227,388 U.S. 307,3,5,4,2.1743052,.25043046,.071218967,.010257602,1967,.32845068,.21415895,.38926449,-.19735479,.1802514,.1240537
a1347,Walker v. City of Birmingham,3,4975,3687,388 U.S. 307,3,5,4,.82937539,.24476373,.034258898,.0075154901,1967,.20180345,.12532806,-.61973548,-.24051021,-.7970928,-.55244619
a1348,"United States v. Sealy, Inc.",1,2157,1958,388 U.S. 350,8,6,1,.93828613,.1767863,.043836199,.0069451928,1967,.2537424,.18192816,-.53802794,-.75819725,-.39627683,-.56416732
a1350,Prima Paint Corp. v. Flood & Conklin Mfg. Co.,1,3636,6356,388 U.S. 395,8,6,3,1.4161525,.27023029,.059831101,.0066913366,1967,.23304862,.14186496,-.17952064,-.046567768,-.55597192,-.26068678
a1357,Roberts v. LaVallee,1,793,436,389 U.S. 40,2,8,1,4.3134122,.42371684,.1842891,.024530172,1967,.36934209,.34111947,1.994076,1.1223202,.4958128,1.2040696
a136,United States v. Williams,1,4268,3321,341 U.S. 70,2,5,4,.58071142,.20391643,.05739003,.005310297,1951,.22164375,.15857279,-.80628943,-.55158579,-.64398402,-.6672864
a1360,Whitehill v. Elkins,1,2226,522,389 U.S. 54,3,6,3,1.5522488,.4000493,.1704343,.016943693,1967,.36019933,.27457237,-.077417746,.94207829,.42525762,.42997271
a1364,Burgett v. Texas,1,1775,116,389 U.S. 109,1,6,3,2.8813591,.40632081,.2496971,.046444535,1967,.52464449,.50134522,.91971403,.98983943,1.6942906,1.2012813
a1367,United States v. Louisiana,1,1794,4569,389 U.S. 155,10,6,1,.10217297,.17113376,.05620325,.0078479052,1967,.20744783,.12778473,-1.165301,-.80124462,-.75353473,-.90669346
a137,Williams v. United States,1,2181,52,341 U.S. 97,2,5,4,4.5211668,.59015888,.5459919,.15785313,1951,.72257316,.69893563,2.1499388,2.3898716,3.2217178,2.5871761
a1370,United Mine Workers v. Illinois State Bar Ass'n,1,2429,2769,389 U.S. 217,3,8,1,1.4642179,.16387521,.050722498,.004768908,1967,.26939827,.20009804,-.14346075,-.85652262,-.27545953,-.42514762
a1372,United States v. Robel,1,3091,2273,389 U.S. 258,3,6,2,2.0256276,.26950383,.056062799,.0077186823,1967,.26314187,.19955653,.27772287,-.052100185,-.32374054,-.032705955
a1374,United States v. Correll,1,2883,122,389 U.S. 299,12,5,3,2.3688488,.37249041,.2230034,.023941517,1967,.3665722,.33235902,.53521597,.73220152,.47443745,.58061832
a1375,W. E. B. DuBois Clubs of America v. Clark,1,1264,1775,389 U.S. 309,9,7,2,6.4288459,.51588035,.25522989,.039005578,1967,.46177614,.33416545,3.5811274,1.824198,1.2091318,2.2048192
a1377,Katz v. United States,1,3860,3321,389 U.S. 347,1,7,1,2.1968951,.23270035,.084857941,.013192534,1967,.45594728,.34230959,.40621203,-.33237979,1.1641502,.41266084
a138,United States v. Pewee Coal Co.,1,1295,331,341 U.S. 114,4,5,4,2.740515,.29558009,.1240559,.01743418,1951,.4083069,.34952134,.81404924,.14648545,.79650652,.58568043
a1380,Damico v. California,1,258,966,389 U.S. 416,2,8,1,.82896858,.40139186,.132164,.021189928,1967,.37235016,.3508274,-.62004066,.95230269,.51902628,.28376278
a1382,Zschernig v. Miller,1,4201,77,389 U.S. 429,10,7,1,2.9087319,.4765856,.38828003,.069278002,1968,.57399637,.50761974,.9402498,1.524946,2.0751419,1.5134459
a1383,Penn-Central Merger & N & W Inclusion Cases,1,11574,6783,389 U.S. 486,8,7,1,.41810364,.17101289,.051845431,.0044600368,1968,.3387059,.77271247,-.92828184,-.80216509,.25939152,-.4903518
a1383,Penn-Central Merger & N & W Inclusion Cases,2,11574,3643,389 U.S. 486,8,7,1,1.5256612,.2405313,.094004452,.0066359639,1968,.33696187,.81775427,-.097364433,-.27274263,.24593273,-.041391443
a1384,Massachusetts v. Painten,1,300,1619,389 U.S. 560,1,6,3,2.5090659,.51402026,.2001224,.046818078,1968,.45825469,.38475239,.6404103,1.8100325,1.1819566,1.2107998
a139,Joint Anti-Fascist Refugee Committee v. McGrath,1,5796,8319,341 U.S. 123,9,5,3,1.0374725,.20007336,.047422599,.0044978261,1951,.24272662,.17247784,-.46361583,-.58085299,-.4812862,-.50858498
a1398,Hardin v. Kentucky Utilities Co.,1,3554,903,390 U.S. 1,9,6,1,3.706769,.33566916,.0835701,.012124062,1968,.33559728,.20685542,1.5389571,.45178667,.23540211,.74204862
a140,Jordan v. De George,1,2940,4412,341 U.S. 223,2,6,3,1.3985307,.29841709,.065746501,.017422974,1951,.25811779,.15382415,-.19274092,.16809084,-.36251163,-.12905391
a1401,Grosso v. United States,1,2887,2584,390 U.S. 62,1,7,1,2.6493039,.39166191,.12171936,.010769606,1968,.49697775,.29802269,.74562043,.87820351,1.4807848,1.0348696
a1402,Haynes v. United States,1,4951,37,390 U.S. 85,1,8,1,4.6233988,.62641817,.65115082,.11234492,1968,.75144899,.68879044,2.2266357,2.6660068,3.4445543,2.7790656
a1403,Smith v. Illinois,1,1314,424,390 U.S. 129,1,8,1,2.3336017,.34500659,.16486716,.030596256,1968,.38607472,.32813376,.50877273,.52289653,.62493956,.55220294
a1404,Albrecht v. Herald Co.,1,2672,3698,390 U.S. 145,8,7,2,.92882353,.18634181,.079004467,.013936043,1968,.2708447,.21152222,-.54512697,-.68542659,-.26429737,-.49828365
a1404,Albrecht v. Herald Co.,2,2672,766,390 U.S. 145,8,7,2,.80388063,.23194647,.13980126,.010095119,1968,.31094241,.31674975,-.63886231,-.33812103,.045139059,-.31061476
a1409,Volkswagenwerk Aktiengesellschaft v. Federal Maritime Commission,1,6453,7146,390 U.S. 261,8,7,1,1.3943241,.1891119,.089239359,.0080558062,1968,.2300092,.13443321,-.19589686,-.66433072,-.5794273,-.47988495
a141,Montana-Dakota Utilities Co. v. Northwestern Public Service Co.,1,2283,3611,341 U.S. 246,9,5,4,1.2562107,.20154846,.063007601,.0071463585,1951,.1643253,.16979295,-.29951298,-.5696193,-1.0863138,-.65181535
a1410,Norfolk & Western Railway Co. v. Missouri State Tax Commission,1,3668,807,390 U.S. 317,8,8,1,.47962341,.2736488,.080174573,.014123499,1968,.26396632,.19030166,-.88212818,-.020533893,-.31737819,-.40668008
a1412,"Federal Trade Commission v. Fred Meyer, Inc.",1,4995,1032,390 U.S. 341,8,6,2,.98099488,.27079269,.11292076,.019318461,1968,.28582233,.32671243,-.50598675,-.042284772,-.14871408,-.23232853
a1412,"Federal Trade Commission v. Fred Meyer, Inc.",2,4995,424,390 U.S. 341,8,6,2,.94065499,.27251059,.1473081,.024913728,1968,.25960976,.20955366,-.53625077,-.029202016,-.35099804,-.30548361
a1415,"Protective Committee for Independent Stockholders of TMT Trailer Ferry, Inc. v. Anderson",1,11477,179,390 U.S. 414,8,5,3,3.4137452,.58605635,.31979761,.041573226,1968,.61959219,.89185894,1.3191234,2.3586285,2.4270077,2.0349197
a1416,Avery v. Midland County,1,3308,2635,390 U.S. 474,2,5,3,.84607118,.2534638,.0637936,.0092177391,1968,.37939006,.21216786,-.60720986,-.17425418,.57335359,-.069370151
a1416,Avery v. Midland County,2,3308,4666,390 U.S. 474,2,5,3,.62590075,.21947503,.046427801,.0053701997,1968,.1723516,.11542857,-.77238727,-.43309814,-1.0243744,-.74328661
a1416,Avery v. Midland County,3,3308,174,390 U.S. 474,2,5,3,3.6373568,.3636359,.25529945,.05474174,1968,.50937086,.51607645,1.4868823,.66476941,1.5764232,1.2426916
a1417,Johnson v. Massachusetts,1,265,1031,390 U.S. 511,9,6,3,2.5293705,.3509587,.14496803,.01821667,1968,.45107359,.36352706,.6556434,.56822532,1.1265396,.78346944
a1418,Greenwald v. Wisconsin,1,784,401,390 U.S. 519,1,6,3,.51390505,.27193093,.18440986,.023275793,1968,.33694327,.31257313,-.85640925,-.03361642,.24578921,-.21474549
a1419,Hopkins v. Cohen,1,1621,571,390 U.S. 530,6,5,3,1.5505115,.2801142,.073990002,.021848321,1968,.3398326,.23128879,-.078721158,.02870387,.26808637,.072689697
a142,Mosser v. Darrow,1,2236,235,341 U.S. 267,8,7,1,2.3927801,.35862315,.26405501,.025613666,1951,.49873275,.3862142,.55316979,.62659442,1.4943281,.8913641
a1422,United States v. Johnson,1,1285,559,390 U.S. 563,2,5,3,2.0833054,.2436575,.085505001,.010816276,1968,.21504408,.25033051,.32099414,-.24893481,-.69491404,-.20761824
a1423,United States v. Jackson,1,7463,262,390 U.S. 570,1,6,2,1.2157657,.33549315,.19464,.025348902,1968,.2847563,.2469641,-.3298558,.45044622,-.15694068,-.012116755
a1424,Cameron v. Johnson,1,3286,1860,390 U.S. 611,3,7,2,1.7850527,.2043588,.0733869,.010685802,1968,.24380291,.18146485,.097237505,-.54821688,-.47298047,-.30798662
a1425,Ginsberg v. New York,1,6061,6843,390 U.S. 629,3,6,3,2.7343776,.36092436,.19637686,.03020817,1968,.41228276,.29035032,.80944484,.6441195,.82718855,.76025099
a1425,Ginsberg v. New York,2,6061,1053,390 U.S. 629,3,6,3,.91952354,.27289474,.078749537,.017759383,1968,.30803055,.21783262,-.55210412,-.026276479,.022668019,-.18523753
a1428,St. Amant v. Thompson,1,1787,326,390 U.S. 727,3,8,1,2.2361004,.54203337,.14329875,.017487049,1968,.27870005,.29284036,.43562484,2.0233684,-.20367712,.75177205
a143,United States v. Champlin Refining Co.,1,3346,5424,341 U.S. 290,8,8,1,1.6975582,.16188717,.056553502,.00693506,1951,.28187317,.1460849,.031596944,-.87166268,-.17919002,-.33975193
a1430,Permian Basin Area Rate Cases,1,24611,5392,390 U.S. 747,8,7,1,.17797963,.20654786,.043874741,.0045107603,1968,.28746438,.82869333,-1.1084288,-.531546,-.1360423,-.59200573
a1431,Mathis v. United States,1,1111,781,391 U.S. 1,1,5,3,2.4949899,.2603007,.14327,.017268181,1968,.30514121,.32177383,.62985015,-.12218734,.00037084904,.16934456
a1432,Glona v. American Guarantee & Liability Insurance,1,892,2138,391 U.S. 73,2,6,3,.53395641,.18960536,.095525302,.0195871,1968,.31028539,.24280959,-.84136617,-.66057283,.040068783,-.48729008
a1433,American Federation of Musicians v. Carroll,1,4118,2410,391 U.S. 99,7,5,2,.57608134,.19389001,.089220174,.0067319274,1968,.26227397,.19024408,-.80976301,-.62794274,-.3304382,-.58938134
a1434,Bruton v. United States,1,4747,1937,391 U.S. 123,1,6,2,.47693917,.17718446,.044289649,.0094898939,1968,.20903271,.21752656,-.88414198,-.75516504,-.7413041,-.79353702
a1435,Duncan v. Louisiana,1,5663,7089,391 U.S. 145,1,7,2,.59891641,.216666,.057824701,.0055292845,1968,.21059304,.15339833,-.79263157,-.45449054,-.72926295,-.658795
a1436,Bloom v. Illinois,1,5945,229,391 U.S. 194,1,7,2,4.6626859,.47648111,.33483961,.026030183,1968,.59284782,.57832026,2.25611,1.5241503,2.2206197,2.0002933
a1437,Dyke v. Taylor Implement Manufacturing Co.,1,1762,268,391 U.S. 216,1,7,2,5.1485839,.62570745,.31208897,.033154964,1968,.54114443,.56210208,2.6206427,2.6605942,1.8216217,2.3676195
a1438,Joint Industry Board of Electrical Industry v. United States,1,1602,1341,391 U.S. 224,12,6,3,.41091067,.23651201,.075880498,.017678857,1968,.19667298,.13225091,-.93367821,-.30335182,-.83668494,-.69123834
a144,National Labor Relations Board v. Highland Park Manufacturing Co.,1,963,460,341 U.S. 322,3,6,2,1.8781431,.36998251,.24016255,.016822577,1951,.41649801,.32454687,.16707626,.71310246,.85971779,.57996547
a144,National Labor Relations Board v. Highland Park Manufacturing Co.,2,963,317,341 U.S. 322,3,6,2,1.0661759,.37502754,.12440515,.016036808,1951,.40925437,.34220827,-.44208178,.75152326,.80381829,.3710866
a1440,First National Bank v. Cities Service Co.,1,12463,2566,391 U.S. 253,8,5,3,.63693935,.1886064,.038428199,.0060168505,1968,.19338453,.8279503,-.7641058,-.66818047,-.86206204,-.76478279
a1441,"Amalgamated Food Employees Union Local 590 v. Logan Valley Plaza, Inc.",1,5325,2039,391 U.S. 308,3,6,3,.27089345,.18261766,.050292969,.0075468421,1968,.23381954,.15466064,-1.0387226,-.71378809,-.55002266,-.76751113
a1441,"Amalgamated Food Employees Union Local 590 v. Logan Valley Plaza, Inc.",2,5325,1386,391 U.S. 308,3,6,3,1.7363538,.46227837,.20463111,.024968982,1968,.58647215,.3453148,.060702369,1.4159882,2.1714184,1.2160363
a1441,"Amalgamated Food Employees Union Local 590 v. Logan Valley Plaza, Inc.",3,5325,990,391 U.S. 308,3,6,3,.15976588,.2353548,.09431386,.014613509,1968,.30462384,.24752378,-1.1220933,-.31216463,-.0036217128,-.47929323
a1442,In re Whittington,1,911,315,391 U.S. 341,2,7,2,1.4684943,.2213479,.1545805,.022027612,1968,.38025743,.42063308,-.1402525,-.41883519,.58004713,.0069864788
a1446,United States v. O'Brien,1,5751,803,391 U.S. 367,3,7,1,3.6603839,.56579125,.18897104,.026380897,1968,.63864994,.49993271,1.5041579,2.204298,2.5740774,2.0941777
a1447,Menominee Tribe of Indians v. United States,1,2909,1128,391 U.S. 404,2,6,2,.51654536,.20896,.045083761,.0094320774,1968,.1586079,.12230778,-.85442841,-.51317614,-1.1304353,-.83267999
a1448,National Labor Relations Board v. Industrial Union of Marine & Shipbuilding Workers of America,1,3009,27,391 U.S. 418,7,8,1,5.1374106,.745561,.57931691,.15285957,1968,.94251049,.81759655,2.6122603,3.5733478,4.9189873,3.7015319
a145,Panhandle Eastern Pipe Line Co. v. Michigan Public Service Commission,1,2127,1091,341 U.S. 329,10,7,2,1.2383714,.27057841,.074577451,.012135804,1951,.29843497,.26304418,-.31289646,-.043916628,-.051381584,-.13606489
a1450,Reading Co. v. Brown,1,4082,1804,391 U.S. 471,8,6,2,.95004785,.18099153,.0746966,.012487113,1968,.23782402,.13692981,-.52920401,-.72617203,-.51911986,-.59149861
a1451,Witherspoon v. Illinois,1,7475,2583,391 U.S. 510,1,6,3,.92344087,.2106396,.058108799,.0096615553,1968,.23559517,.13996989,-.54916519,-.50038505,-.53632009,-.52862346
a1451,Witherspoon v. Illinois,2,7475,751,391 U.S. 510,1,6,3,3.0417807,.37106025,.091541648,.020869911,1968,.39724195,.26681685,1.0400664,.72131008,.71111768,.82416469
a1452,Bumper v. North Carolina,1,2836,2608,391 U.S. 543,1,7,2,1.8306798,.23055109,.092289098,.010048866,1968,.20416266,.15426946,.1314681,-.34874758,-.77888662,-.33205536
a1452,Bumper v. North Carolina,2,2836,331,391 U.S. 543,1,7,2,3.545264,.34337807,.21212316,.023052394,1968,.47795093,.4603191,1.4177921,.51049441,1.3339536,1.0874133
a1455,Johnson v. Florida,1,796,116,391 U.S. 596,4,5,4,3.5444753,.39272255,.33045569,.037789702,1968,.35802978,.37375247,1.4172004,.88628089,.4085151,.90399879
a1457,Holmes v. United States,1,104,4700,391 U.S. 936,,,,3.7722888,.359694,.33995557,.038070023,1968,.44851851,.44936347,1.5881118,.63474959,1.106822,1.1098945
a1460,Terry v. Ohio,1,8960,1526,392 U.S. 1,1,8,1,1.1042048,.26647496,.1064411,.012328565,1968,.35050261,.26198006,-.4135516,-.075166762,.35042745,-.046096969
a1462,Flast v. Cohen,1,6881,5711,392 U.S. 83,9,8,1,1.3674939,.19722164,.043409999,.0064302683,1968,.24881393,.14197046,-.21602555,-.60257047,-.43431011,-.41763538
a1465,Maryland v. Wirtz,1,4842,1254,392 U.S. 183,7,6,2,1.9914131,.3882494,.089948647,.0089796782,1968,.32229823,.22946042,.25205427,.85221529,.13277256,.41234738
a1466,Cheng Fan Kwok v. Immigration & Naturalization Service,1,3751,250,392 U.S. 206,2,8,1,1.3817223,.39456931,.24229866,.020439148,1968,.32861614,.24275583,-.205351,.90034503,.18152829,.2921741
a1467,Harrison v. United States,1,2265,80,392 U.S. 219,1,6,3,3.5656917,.56530821,.36469525,.06361419,1968,.59345126,.55933177,1.4331175,2.2006195,2.2252765,1.9530045
a1467,Harrison v. United States,2,2265,571,392 U.S. 219,1,6,3,.16118471,.310711,.1402445,.0240466,1968,.38429731,.31609058,-1.1210289,.26171598,.61122316,-.082696587
a1467,Harrison v. United States,3,2265,2373,392 U.S. 219,1,6,3,1.1018579,.1857034,.059127331,.012487531,1968,.23368835,.17934048,-.41531229,-.69028848,-.55103505,-.55221194
a1468,Board of Education v. Allen,1,3593,1316,392 U.S. 236,3,6,3,2.3311205,.35492581,.16160101,.016186595,1968,.35824519,.28761184,.50691128,.59843707,.41017741,.50517523
a1468,Board of Education v. Allen,2,3593,5124,392 U.S. 236,3,6,3,2.4803767,.31286579,.13720316,.013842642,1968,.33530992,.18322927,.61888701,.27812597,.23318458,.37673253
a1468,Board of Education v. Allen,3,3593,621,392 U.S. 236,3,6,3,1.9238105,.29084769,.10924935,.016161561,1968,.34876305,.27142787,.2013371,.11044551,.33700314,.21626192
a147,Tenney v. Brandhove,1,3576,561,341 U.S. 367,2,8,1,1.5052104,.28645843,.15785336,.02311182,1951,.32867754,.27597839,-.11270716,.077018805,.18200205,.048771232
a1470,George Campbell Painting Corp. v. Reid,1,739,909,392 U.S. 286,1,7,2,.7270782,.40201879,.15547121,.014392495,1968,.3404541,.24400759,-.69648141,.95707703,.27288252,.17782605
a1472,First Agricultural National Bank of Berkshire County v. State Tax Commission,1,2657,4860,392 U.S. 339,10,5,3,2.4343429,.27746329,.04998016,.0091722608,1968,.27589923,.15957665,.58435124,.0085156225,-.22529124,.12252521
a1473,Mancusi v. DeForte,1,2563,1722,392 U.S. 364,1,6,3,1.4206456,.2262288,.058279749,.0085382462,1968,.29218704,.23315018,-.17614979,-.38166431,-.09959729,-.21913713
a1473,Mancusi v. DeForte,2,2563,38,392 U.S. 364,1,6,3,4.5312152,.50039202,.44764006,.085633278,1968,.5095976,.56152809,2.1574774,1.7062455,1.5781729,1.8139653
a1474,Lee v. Florida,1,2562,363,392 U.S. 378,1,6,3,1.1673154,.32120129,.26447749,.017814636,1968,.37712258,.26119697,-.36620447,.3416056,.55585533,.17708549
a1474,Lee v. Florida,2,2562,390,392 U.S. 378,1,6,3,2.7494185,.4195329,.2454114,.019404888,1968,.3923046,.32304233,.8207289,1.0904571,.67301589,.8614006
a1475,"Fortnightly Corp. v. United Artists Television, Inc.",1,3990,1738,392 U.S. 390,8,5,1,1.4088129,.19930381,.093524702,.015072584,1968,.26275015,.14592963,-.18502699,-.58671355,-.32676348,-.36616802
a1476,Jones v. Alfred H. Mayer Co.,1,11375,9483,392 U.S. 409,2,7,2,.49839553,.1331182,.0188199,.002446413,1968,.21483463,.81294626,-.86804485,-1.0907549,-.69653034,-.88511002
a1477,"Hanover Shoe, Inc. v. United Shoe Machinery Corp.",1,9349,1239,392 U.S. 481,8,7,1,1.349982,.19049555,.083712339,.0067989826,1968,.24292678,.23541015,-.22916336,-.65379345,-.4797416,-.45423281
a1478,Powell v. Texas,1,6148,5068,392 U.S. 514,1,5,4,2.0693703,.1282836,.03309375,.0040720701,1968,.11238593,.091277957,.31053969,-1.127573,-1.487133,-.76805544
a1479,"American Commercial Lines, Inc. v. Louisville & Nashville Railroad",1,6937,23,392 U.S. 571,8,8,1,5.9013977,.63402408,.64985818,.13767892,1968,.77328086,.8076992,3.1854224,2.7239301,3.6130321,3.1741283
a148,Schwegmann Bros. v. Calvert Distillers Corp.,1,3298,4214,341 U.S. 384,8,6,3,.33315,.1398721,.0411532,.0054320693,1951,.24107242,.17193192,-.9920162,-1.03932,-.49405181,-.84179598
a1482,DeStefano v. Woods,1,1188,88,392 U.S. 631,1,5,4,3.0717435,.61966825,.31779349,.082111418,1968,.50829542,.46401292,1.0625452,2.6146023,1.5681238,1.7484238
a1483,"Lee Art Theatre, Inc. v. Virginia",1,384,291,392 U.S. 636,3,8,1,2.6189461,.29041341,.24863011,.026399851,1968,.37147784,.3458519,.7228452,.10713822,.51229453,.44742599
a1485,Williams v. Rhodes,1,3569,4270,393 U.S. 23,2,6,3,1.3424203,.1928304,.048193041,.0052443743,1968,.25007927,.14576703,-.23483634,-.63601226,-.42454538,-.43179798
a1485,Williams v. Rhodes,2,3569,473,393 U.S. 23,2,6,3,.90610898,.19360363,.1535771,.02314347,1968,.34132344,.27160847,-.562168,-.63012362,.2795912,-.30423346
a1485,Williams v. Rhodes,3,3569,2433,393 U.S. 23,2,6,3,.85121536,.22592914,.089761257,.0098133087,1968,.28410655,.16409808,-.60335058,-.38394642,-.16195485,-.38308394
a1486,Fuller v. Alaska,1,472,35,393 U.S. 80,1,7,2,3.6595693,.47160891,.4493632,.075359285,1968,.67085874,.72289079,1.5035467,1.4870456,2.8226347,1.9377424
a1486,Fuller v. Alaska,2,472,31,393 U.S. 80,1,7,2,3.5942092,.53240377,.40300846,.067598522,1968,.57483876,.57340002,1.454512,1.9500333,2.0816426,1.8287293
a1488,"Brotherhood of Locomotive Firemen & Enginemen v. Chicago, Rock Island & Pacific Railroad",1,4336,128,393 U.S. 129,10,7,1,2.2822039,.40336791,.20616829,.026241541,1968,.41046792,.32392812,.47021282,.96735138,.81318331,.75024915
a1489,Commonwealth Coatings Corp. v. Continental Casualty Co.,1,1395,989,393 U.S. 145,8,6,3,1.8696553,.29369521,.1314728,.013078928,1968,.29803109,.28508592,.16070849,.13213103,-.05449836,.079447053
a149,Standard Oil Co. v. New Jersey,1,4905,396,341 U.S. 428,8,5,4,2.7581196,.34892607,.19090021,.017151535,1951,.50228077,.27278942,.82725662,.55274558,1.5217085,.96723688
a149,Standard Oil Co. v. New Jersey,2,4905,194,341 U.S. 428,8,5,4,1.9190038,.43371749,.24280536,.023141801,1951,.47117865,.36731923,.19773103,1.1984808,1.2816916,.89263445
a1490,Grunenthal v. Long Island Rail Road,1,2069,359,393 U.S. 156,8,7,2,2.8430414,.56749892,.25990814,.038238645,1968,.64343655,.50720811,.89096713,2.217303,2.611016,1.9064287
a1490,Grunenthal v. Long Island Rail Road,2,2069,546,393 U.S. 156,8,7,2,2.1541269,.28654769,.13856789,.017530799,1968,.26020867,.2667948,.37412623,.077698559,-.34637624,.035149515
a1491,Recznik v. City of Lorain,1,1044,1376,393 U.S. 166,1,5,4,1.4545649,.2161054,.093291938,.012521267,1968,.25314736,.23292917,-.15070266,-.45875981,-.40086874,-.33677706
a1492,Carroll v. President & Commissioners of Princess Anne,1,3015,39,393 U.S. 175,3,9,0,4.6386852,.51190907,.46780765,.12592125,1968,.79254466,.64867735,2.2381041,1.7939545,3.761692,2.5979168
a1494,United States v. Concentrated Phosphate Export Ass'n,1,2989,1086,393 U.S. 199,8,6,2,1.3179669,.21439929,.074044049,.005664587,1968,.36501944,.15231472,-.25318187,-.47175279,.46245468,-.08749333
a1495,Federal Trade Commission v. Texaco Inc.,1,2260,200,393 U.S. 223,8,8,1,1.3368785,.26670814,.23864029,.031046927,1968,.36918008,.27483708,-.23899393,-.073391013,.4945626,.060725886
a1496,Oestereich v. Selective Service System Local Board No. 11,1,1754,2119,393 U.S. 233,2,6,3,1.3512228,.2411623,.0834409,.0096504688,1968,.28068268,.16495955,-.22823255,-.26793718,-.18837705,-.22818226
a1501,United States v. Container Corp. of America,1,1441,2292,393 U.S. 333,8,6,3,.83533686,.1923392,.11732984,.011909485,1969,.27932745,.20845824,-.61526304,-.63975304,-.19883545,-.48461717
a1502,National Labor Relations Board v. Strong,1,1512,1423,393 U.S. 357,7,8,1,1.3775489,.34133035,.14162505,.028674006,1969,.42495036,.34302688,-.20848198,.49489987,.92494512,.40378767
a1503,Gardner v. California,1,1079,855,393 U.S. 367,2,7,2,.3922804,.2800777,.072798602,.010605812,1969,.2625134,.22099108,-.94765508,.028425843,-.32859048,-.4159399
a1505,Hunter v. Erickson,1,2331,628,393 U.S. 385,2,8,1,2.884434,.40022415,.12924325,.022626579,1969,.41435421,.29389942,.92202085,.94340986,.84317398,.90286821
a1509,Spinelli v. United States,1,3670,1784,393 U.S. 410,1,5,3,.81432831,.2632921,.083002798,.013890386,1969,.2823773,.2036497,-.63102418,-.099406049,-.17529957,-.30190992
a1509,Spinelli v. United States,2,3670,1241,393 U.S. 410,1,5,3,.84114653,.28755191,.1239048,.016628265,1969,.35735476,.24039131,-.61090446,.085346259,.40330589,-.040750768
a1509,Spinelli v. United States,3,3670,37,393 U.S. 410,1,5,3,7.4244909,.56430739,.43695691,.10930449,1969,.58903909,.59600317,4.3280849,2.1929977,2.1912274,2.9041033
a151,Dennis v. United States,1,7016,718,341 U.S. 494,3,6,2,1.9152725,.25449526,.1189035,.014506519,1951,.36051798,.26028162,.19493167,-.16639903,.42771664,.1520831
a151,Dennis v. United States,2,7016,3838,341 U.S. 494,3,6,2,1.5366369,.2069409,.078832269,.011371493,1951,.20164526,.16096199,-.089130178,-.52855271,-.79831356,-.47199881
a1512,Johnson v. Avery,1,2161,1335,393 U.S. 483,2,7,2,1.6125824,.31192446,.1614562,.020444155,1969,.23115718,.22325999,-.032153964,.27095717,-.57056826,-.11058835
a1513,Tinker v. Des Moines Independent Community School District,1,3589,3429,393 U.S. 503,3,7,2,1.0230168,.28639525,.0653845,.0074495673,1969,.25817913,.12858176,-.47446084,.076537646,-.36203831,-.25332052
a1513,Tinker v. Des Moines Independent Community School District,2,3589,157,393 U.S. 503,3,7,2,1.8343329,.34846234,.16020811,.033819437,1969,.39175397,.38643718,.1342088,.54921407,.66876662,.45072982
a1515,Allen v. State Board of Elections,1,11412,685,393 U.S. 544,2,7,2,3.2951257,.70775533,.25043404,.020491838,1969,.48864102,.87961841,1.2301321,3.2854359,1.4164498,1.9773393
a152,Timken Roller Bearing Co. v. United States,1,2228,245,341 U.S. 593,8,5,2,2.3905168,.43315521,.24453729,.024824381,1951,.434394,.38711393,.55147183,1.1941987,.99782228,.91449761
a152,Timken Roller Bearing Co. v. United States,2,2228,640,341 U.S. 593,8,5,2,3.1263301,.32969856,.2342,.031621575,1951,.39779001,.34930676,1.1034974,.40631714,.71534711,.74172056
a1527,United States v. Louisiana,1,1537,1293,394 U.S. 1,10,6,1,.2168912,.29939526,.072489858,.017594337,1969,.30910206,.2136541,-1.0792364,.17554018,.030936945,-.29091975
a1528,United States v. Louisiana,1,22695,3493,394 U.S. 11,10,5,2,.50110453,.18186873,.073376298,.009860158,1969,.29016781,.9215076,-.86601251,-.71949166,-.11517978,-.56689465
a153,Hughes v. Fetter,1,1394,2389,341 U.S. 609,8,5,4,1.4691761,.26873189,.054335829,.00661093,1951,.20194447,.1426878,-.13974103,-.05797895,-.79600447,-.33124149
a1530,Citizen Publishing Co. v. United States,1,2551,1206,394 U.S. 131,8,7,1,1.1367317,.21544844,.14573824,.014297187,1969,.41276008,.22628331,-.38914907,-.46376294,.830872,-.0073466697
a1533,Kaufman v. United States,1,4546,3411,394 U.S. 217,1,5,3,.74757892,.27326021,.04387033,.0095273852,1969,.24649829,.18894202,-.68110126,-.023493247,-.45218006,-.38559154
a1533,Kaufman v. United States,2,4546,260,394 U.S. 217,1,5,3,1.3691155,.49167189,.1392801,.027045727,1969,.53164673,.44659489,-.21480897,1.6398368,1.7483273,1.057785
a1534,Desist v. United States,1,3581,498,394 U.S. 244,1,5,3,2.3479795,.5169636,.22025836,.019715071,1969,.45299727,.35137814,.51955932,1.8324476,1.1413847,1.1644639
a1534,Desist v. United States,2,3581,3999,394 U.S. 244,1,5,3,1.7958503,.31659031,.1309545,.0086797476,1969,.32544929,.24754828,.10533815,.3064903,.15708949,.18963932
a1534,Desist v. United States,3,3581,3343,394 U.S. 244,1,5,3,1.2807385,.23701569,.046649341,.0059099197,1969,.21246868,.20787829,-.2811116,-.29951596,-.7147885,-.43180534
a1535,Kaiser v. New York,1,912,15,394 U.S. 280,1,6,3,5.2602706,.57549822,.62398911,.19416642,1969,.83920515,.75751811,2.704433,2.2782223,4.1217737,3.0348096
a1535,Kaiser v. New York,2,912,526,394 U.S. 280,1,6,3,1.7364833,.21123856,.14040625,.019141078,1969,.35485804,.3093909,.060799584,-.49582356,.38403857,-.016995138
a1536,Harris v. Nelson,1,4359,653,394 U.S. 286,1,5,4,1.9655792,.58403873,.17707616,.024504244,1969,.43233103,.30503958,.23267299,2.3432631,.98190218,1.1859461
a1536,Harris v. Nelson,2,4359,1229,394 U.S. 286,1,5,4,.90308976,.3397167,.070168898,.0099054575,1969,.28885448,.20599788,-.5644331,.48261103,-.12531482,-.069045626
a1536,Harris v. Nelson,3,4359,211,394 U.S. 286,1,5,4,4.1418276,.45623529,.1238724,.026009262,1969,.47467417,.41153139,1.8653491,1.3699667,1.3086667,1.5146608
a1538,Orozco v. Texas,1,942,1204,394 U.S. 324,1,6,2,2.0607414,.3471652,.1613121,.025146782,1969,.43444788,.3813439,.30406612,.53933555,.99823809,.61387992
a1539,Snyder v. Harris,1,2916,5304,394 U.S. 332,9,7,2,1.4297314,.2134539,.063708067,.0084482431,1969,.2331605,.17821747,-.16933341,-.47895247,-.55510855,-.40113148
a154,Breard v. Alexandria,1,7357,1290,341 U.S. 622,8,6,3,2.0209019,.25542819,.085217297,.010261536,1951,.24784553,.19288117,.27417752,-.15929422,-.44178331,-.10896667
a154,Breard v. Alexandria,2,7357,427,341 U.S. 622,8,6,3,3.0040994,.27825329,.1950984,.01791209,1951,.39404523,.36155736,1.0117968,.014531924,.68644845,.57092571
a1540,Hadnott v. Amos,1,2297,403,394 U.S. 358,2,6,2,1.557178,.30095041,.1685463,.016751409,1969,.39090818,.24414814,-.073719747,.18738349,.66223961,.25863445
a1541,Brotherhood of Railroad Trainmen v. Jacksonville Terminal Co.,1,7053,1664,394 U.S. 369,7,4,3,1.4559658,.20972645,.068070352,.0074776411,1969,.26086342,.15618086,-.14965172,-.50733918,-.34132344,-.33277145
a1542,In re Herndon,1,292,894,394 U.S. 399,9,6,2,1.6533799,.32541764,.18590814,.03681922,1969,.44309241,.32423842,-.0015466808,.37371546,1.0649483,.47903904
a1543,Scofield v. National Labor Relations Board,1,4030,151,394 U.S. 423,7,7,1,1.249395,.34109691,.2402263,.032277822,1969,.40050542,.359676,-.30462626,.49312207,.73630214,.30826598
a1544,Foster v. California,1,1083,2838,394 U.S. 440,1,5,4,1.1732187,.31578046,.14997789,.022051513,1969,.27295977,.25517285,-.36177561,.30032283,-.24797523,-.10314267
a1547,"Fortner Enterprises, Inc. v. United States Steel Corp.",1,4200,3635,394 U.S. 495,8,5,4,.47472018,.163579,.0532136,.0050667524,1969,.25064546,.18434882,-.88580668,-.85877842,-.42017609,-.72158706
a1547,"Fortner Enterprises, Inc. v. United States Steel Corp.",2,4200,1815,394 U.S. 495,8,5,4,.60016936,.25248206,.079121001,.0084081888,1969,.29291987,.19742072,-.7916916,-.18173075,-.093941927,-.35578808
a1549,Wells v. Rockefeller,1,1789,1009,394 U.S. 542,2,6,3,3.4974337,.35630643,.1762559,.028622031,1969,.38312715,.27562922,1.3819085,.60895133,.602193,.86435097
a1549,Wells v. Rockefeller,2,1789,1067,394 U.S. 542,2,6,3,3.3537042,.35923049,.19503707,.036078095,1969,.43219733,.34906048,1.2740791,.63121969,.98087043,.9620564
a155,Collins v. Hardyman,1,3490,571,341 U.S. 651,2,6,3,1.8646765,.27820665,.17087936,.018413782,1951,.19786823,.28497702,.15697329,.014176729,-.82746106,-.21877035
a1551,Street v. New York,1,5579,4214,394 U.S. 576,3,5,4,.73411256,.23164929,.043680198,.0071797371,1969,.21157444,.12176502,-.69120407,-.34038416,-.72168946,-.58442593
a1551,Street v. New York,2,5579,430,394 U.S. 576,3,5,4,2.0721941,.4193646,.21404624,.016851425,1969,.32803386,.24983943,.31265819,1.0891753,.17703481,.52628946
a1551,Street v. New York,3,5579,1645,394 U.S. 576,3,5,4,3.0672555,.35386086,.1073359,.010348797,1969,.2564525,.17554569,1.0591781,.59032685,-.37536278,.42471406
a1551,Street v. New York,4,5579,655,394 U.S. 576,3,5,4,6.1067181,.50779867,.18834454,.02026391,1969,.55333614,.37998235,3.3394589,1.7626514,1.9157058,2.339272
a1552,Shapiro v. Thompson,1,6759,3315,394 U.S. 618,2,6,3,1.9922358,.20810241,.083069563,.0087211728,1969,.33175582,.21051508,.25267145,-.5197072,.20575733,-.020426139
a1552,Shapiro v. Thompson,2,6759,7220,394 U.S. 618,2,6,3,1.181289,.1628425,.077165499,.0064794421,1969,.18172771,.13046062,-.35572112,-.86438733,-.95201844,-.7240423
a1553,United States v. Skelly Oil Co.,1,2586,1540,394 U.S. 678,12,6,3,.66576487,.38065624,.16993415,.015966117,1969,.46087396,.34029764,-.74248022,.79438907,1.2021697,.41802618
a1553,United States v. Skelly Oil Co.,2,2586,2439,394 U.S. 678,12,6,3,.40429062,.1900214,.044689499,.0065251589,1969,.24828869,.15690428,-.93864471,-.65740442,-.4383634,-.67813754
a1554,Watts v. United States,1,1066,96,394 U.S. 705,3,5,4,4.8264794,.56402028,.4018898,.062780619,1969,.63255608,.64562488,2.3789918,2.1908112,2.5270507,2.365618
a1555,Davis v. Mississippi,1,2005,398,394 U.S. 721,1,6,2,3.5882013,.46628419,.21965206,.050512075,1969,.39182585,.31028551,1.4500047,1.4464948,.66932136,1.188607
a1555,Davis v. Mississippi,2,2005,191,394 U.S. 721,1,6,2,2.6965351,.4280192,.21337271,.018860638,1969,.36301124,.34666765,.78105444,1.1550851,.44695729,.79436558
a1556,National Labor Relations Board v. Wyman-Gordon Co.,1,2651,1444,394 U.S. 759,9,7,2,1.7859206,.42532754,.1338769,.018881679,1969,.41202897,.29883105,.097888671,1.1345866,.82523,.68590176
a1556,National Labor Relations Board v. Wyman-Gordon Co.,2,2651,1128,394 U.S. 759,9,7,2,2.737273,.29665929,.091437943,.015200973,1969,.38753021,.26058966,.81161702,.15470418,.63617158,.53416425
a1557,Moore v. Ogilvie,1,1323,880,394 U.S. 814,2,7,2,.7983647,.30954564,.062764697,.0090720654,1969,.25831932,.17960745,-.64300048,.25284109,-.36095646,-.25037196
a1558,Halliday v. United States,1,742,133,394 U.S. 831,1,7,2,.60940152,.2916764,.25060844,.044785202,1969,.40447944,.36769772,-.78476536,.11675663,.76696986,.032987043
a156,National Labor Relations Board v. Denver Building & Construction Trades Council,1,5150,294,341 U.S. 675,7,6,3,1.4254504,.32572341,.1521237,.020379663,1951,.44368398,.37704861,-.17254508,.37604409,1.0695136,.42433754
a1569,Immigration & Naturalization Service v. Stanisic,1,5121,1589,395 U.S. 62,2,5,3,1.6871376,.15786785,.04561156,.0079131722,1969,.27601415,.19443733,.02377918,-.90227211,-.22440441,-.36763245
a157,Garner v. Board of Public Works,1,2209,208,341 U.S. 716,3,5,4,2.6246676,.43860304,.24499179,.037740946,1951,.54615581,.49869347,.72713768,1.2356871,1.8602947,1.2743732
a157,Garner v. Board of Public Works,2,2209,1697,341 U.S. 716,3,5,4,1.5934054,.25427219,.0882627,.0087366104,1951,.17013377,.15142554,-.046541087,-.16809784,-1.0414896,-.41870952
a1570,National Board of Young Men's Christian Assns. v. United States,1,2351,251,395 U.S. 85,4,6,2,1.2618525,.31700799,.1440842,.017152905,1969,.3396771,.28500611,-.29528034,.30967116,.26688632,.093759052
a1572,Frank v. United States,1,1542,2334,395 U.S. 147,1,5,3,.80232108,.31203651,.106063,.015437782,1969,.34759527,.26260734,-.64003229,.27181053,.32799137,-.013410131
a1572,Frank v. United States,2,1542,347,395 U.S. 147,1,5,3,2.5508316,.38278839,.1894412,.024130881,1969,.38525319,.35003698,.67174399,.81062657,.61859971,.7003234
a1573,Crane v. Cedar Rapids & Iowa City Railway Co.,1,914,239,395 U.S. 164,8,5,3,2.2838461,.2999647,.13537361,.019539833,1969,.2210409,.24229878,.47144485,.17987673,-.64863616,.00089513761
a1575,Jenkins v. Delaware,1,2929,700,395 U.S. 213,1,5,3,.91008925,.20470774,.076508053,.019490242,1969,.33298832,.21022415,-.55918193,-.54555953,.21526866,-.29649094
a1576,Boykin v. Alabama,1,1840,1377,395 U.S. 238,1,6,2,1.3610153,.34995079,.095969737,.015290082,1969,.29224104,.22874004,-.22088592,.56054944,-.099180549,.08016099
a1577,Harrington v. California,1,1006,809,395 U.S. 250,1,5,3,1.2836319,.28309333,.1165134,.017834902,1969,.37348092,.31262058,-.27894089,.051391646,.5277524,.10006772
a1578,O'Callahan v. Parker,1,5108,3130,395 U.S. 258,2,5,3,.99353975,.1725892,.033456799,.0048918724,1969,.26339263,.16709143,-.49657527,-.7901606,-.32180545,-.53618044
a1579,Daniel v. Paul,1,2603,2097,395 U.S. 298,2,7,1,2.3806717,.3458046,.097513743,.010754108,1969,.31874412,.19695985,.54408586,.52897388,.10534532,.3928017
a158,"Sutphen Estates, Inc. v. United States",1,946,242,342 U.S. 19,9,5,1,3.8177133,.3698796,.17848754,.020533741,1951,.41655827,.46903133,1.6221904,.71231878,.86018282,1.0648973
a1580,United States v. Estate of Grace,1,2635,360,395 U.S. 316,12,6,1,.77915043,.26223859,.1257226,.016680598,1969,.32640314,.29002613,-.65741551,-.10742915,.16445042,-.20013142
a1582,Sniadach v. Family Finance Corp.,1,1402,2215,395 U.S. 337,2,7,1,2.0500674,.42652476,.1316755,.011080861,1969,.32692951,.22477502,.29605821,1.1437041,.16851243,.53609157
a1584,Jenkins v. McKeithen,1,5712,2955,395 U.S. 411,9,5,3,1.3238677,.1679748,.059236899,.009548068,1969,.22962934,.1638611,-.24875501,-.82530189,-.58235872,-.55213857
a1586,Utah Public Service Commission v. El Paso Natural Gas Co.,1,1915,4324,395 U.S. 464,9,4,2,1.0304564,.20263781,.051173799,.0086605549,1969,.17300552,.15387654,-.46887946,-.56132323,-1.0193281,-.68317693
a1587,Powell v. McCormack,1,22954,4978,395 U.S. 486,9,7,1,.74059123,.17633605,.12213993,.0080702901,1969,.41200054,.84557754,-.68634361,-.76162618,.8250106,-.20765306
a1588,Kramer v. Union Free School District No. 15,1,3990,2232,395 U.S. 621,2,5,3,1.3806438,.2164657,.073692799,.0067528486,1969,.24592507,.14216131,-.2061601,-.45601594,-.45660362,-.37292656
a1591,Noyd v. Bond,1,4725,206,395 U.S. 683,9,7,1,1.1791589,.29928565,.2168261,.023237944,1969,.41900325,.3450194,-.35731912,.17470542,.87905091,.23214574
a1592,North Carolina v. Pearce,1,4608,2348,395 U.S. 711,1,6,2,1.2044904,.20677876,.065993667,.010739446,1969,.20477039,.15509951,-.3383148,-.52978748,-.77419674,-.54743302
a1593,Chimel v. California,1,5065,4573,395 U.S. 752,1,6,2,.72053361,.19677913,.042201761,.0050246119,1969,.25524467,.19181192,-.70139134,-.6059404,-.38468367,-.56400514
a1594,Benton v. Maryland,1,4148,3823,395 U.S. 784,1,6,2,.74993879,.18257475,.0303651,.0036897063,1969,.18727207,.13723445,-.67933083,-.7141149,-.90923226,-.76755935
a1596,Shipley v. California,1,687,374,395 U.S. 818,1,6,2,.64566743,.36500424,.24444443,.033778191,1969,.43071592,.4604736,-.75755781,.67519009,.96943825,.29569018
a1598,DeBacker v. Brainard,1,1314,682,396 U.S. 28,1,6,2,3.8292043,.4974736,.16020095,.018799424,1969,.35933203,.29091227,1.6308112,1.68402,.41856456,1.2444652
a1598,DeBacker v. Brainard,2,1314,1266,396 U.S. 28,1,6,2,3.903729,.44792116,.15706339,.02351433,1969,.44565606,.35626715,1.6867214,1.3066499,1.0847323,1.3593678
a1599,Hall v. Beals,1,1238,450,396 U.S. 45,2,6,2,2.6124461,.3937588,.27209795,.033928812,1969,.34334719,.30558693,.71796876,.89417255,.29520866,.63578331
a1599,Hall v. Beals,2,1238,1683,396 U.S. 45,2,6,2,3.0079443,.36285901,.075948954,.011884511,1969,.34391916,.26493752,1.0146815,.65885293,.29962257,.65771902
a160,Gallegos v. Nebraska,1,4283,467,342 U.S. 55,1,6,2,1.4812324,.2911517,.16725624,.01288563,1951,.33927363,.27450639,-.13069604,.11276074,.26377276,.081945822
a1603,First National Bank in Plant City v. Dickinson,1,4466,838,396 U.S. 122,10,6,2,1.3558434,.20494866,.12939906,.022131562,1969,.1945073,.24211138,-.224766,-.54372478,-.85339755,-.54062945
a1603,First National Bank in Plant City v. Dickinson,2,4466,112,396 U.S. 122,10,6,2,1.3092265,.44172597,.25553834,.049706936,1969,.53124696,.45084637,-.25973916,1.25947,1.7452422,.91499102
a1605,Zuber v. Allen,1,9134,4384,396 U.S. 168,8,4,2,1.6579882,.15009689,.0590837,.0062479973,1969,.15562534,.10027212,.0019105612,-.96145236,-1.1534519,-.70433122
a1606,Nacirema Operating Co. v. Johnson,1,3715,407,396 U.S. 212,8,5,3,2.2583287,.2864815,.11391395,.020615757,1969,.31918758,.27026689,.452301,.077194475,.10876752,.21275434
a1607,"Sullivan v. Little Hunting Park, Inc.",1,3315,5474,396 U.S. 229,2,5,3,1.7815311,.3160826,.064467669,.0087511539,1969,.22780156,.15371811,.094595537,.30262378,-.5964638,-.066414826
a1608,National Labor Relations Board v. J. H. Rutter-Rex Manufacturing Co.,1,2189,559,396 U.S. 258,9,5,3,2.8092816,.31454027,.1411998,.021839857,1969,.34182292,.35591412,.86563969,.29087806,.28344578,.47998783
a1609,Wade v. Wilson,1,1388,744,396 U.S. 282,2,7,1,1.6815312,.34459689,.11445695,.016195774,1970,.30974656,.2473371,.019573109,.51977646,.035910629,.1917534
a161,Bindczyck v. Finucane,1,4785,1847,342 U.S. 76,2,5,2,2.7549341,.28987986,.048008699,.0093364716,1951,.28829277,.18311012,.82486677,.10307492,-.12964959,.26609737
a1612,Carter v. Jury Commission,1,6419,1396,396 U.S. 320,2,7,1,4.2899928,.32409376,.1121713,.013728082,1970,.42342097,.26547039,1.9765062,.36363336,.91314268,1.0844275
a1616,Turner v. United States,1,8228,2816,396 U.S. 398,4,6,2,4.8504901,.44534871,.22616756,.022549689,1970,.43887866,.1919778,2.3970053,1.2870592,1.0324306,1.572165
a1617,Evans v. Abney,1,3739,775,396 U.S. 435,2,5,2,2.1162527,.26497465,.0858078,.015549064,1970,.19481444,.16471368,.34571204,-.086592473,-.85102731,-.19730258
a1617,Evans v. Abney,2,3739,2706,396 U.S. 435,2,5,2,1.1550602,.15420985,.070879459,.0080032349,1970,.25527143,.14709198,-.37539861,-.93012983,-.38447717,-.56333518
a1619,Goldstein v. Cox,1,2432,626,396 U.S. 471,9,6,2,1.343464,.42284611,.13093394,.018651485,1970,.3685022,.20332748,-.23405334,1.115689,.48933133,.45698902
a162,United States v. Wunderlich,1,772,368,342 U.S. 98,9,6,3,3.1985037,.76788932,.29382676,.050796747,1951,.52362835,.60406184,1.1576438,3.7433906,1.6864491,2.1958277
a162,United States v. Wunderlich,2,772,525,342 U.S. 98,9,6,3,2.3693905,.51931006,.20718527,.026929975,1951,.34647596,.41319418,.53562236,1.8503172,.31935355,.90176439
a1620,Sigler v. Parker,1,661,317,396 U.S. 482,1,7,1,5.2483425,.47126544,.19276553,.029850364,1970,.45486832,.35569161,2.6954842,1.48443,1.1558237,1.7785792
a1620,Sigler v. Parker,2,661,667,396 U.S. 482,1,7,1,.72733903,.34495971,.1009321,.019077182,1970,.31071967,.30599785,-.69628572,.5225395,.04342014,-.04344203
a1622,Ross v. Bernhard,1,4074,2897,396 U.S. 531,1,5,3,2.8530653,.15455246,.0562636,.010567069,1970,.21160507,.16292441,.89848727,-.92752069,-.72145307,-.25016215
a1625,Byrne v. Karalexis,1,122,1835,396 U.S. 976,,,,1.620875,.57361603,.58267915,.088993132,1969,.74976611,.56551528,-.025932683,2.2638884,3.4315674,1.8898411
a1629,United States v. Reynolds,1,2471,930,397 U.S. 14,1,6,2,2.8266697,.28373355,.11540794,.011687517,1970,.32003629,.21818352,.87868464,.056267239,.11531707,.35008964
a163,Jennings v. Illinois,1,2146,1544,342 U.S. 104,9,7,2,.63999146,.30816674,.11239886,.023165286,1951,.33032948,.23489547,-.76181602,.24234001,.19475019,-.10824194
a163,Jennings v. Illinois,2,2146,26,342 U.S. 104,9,7,2,4.1032438,.52935237,.52512395,.11432582,1951,.77511078,.72797328,1.8364025,1.9267951,3.6271539,2.4634504
a1630,Jones v. State Board of Education,1,311,1765,397 U.S. 31,3,6,2,6.1941042,.39436585,.22508943,.034573615,1970,.34767532,.27532989,3.4050183,.89879555,.32860911,1.5441411
a1632,Hadley v. Junior College District of Metropolitan Kansas City,1,2466,3126,397 U.S. 50,9,5,3,1.0655986,.2076752,.067427747,.012998343,1970,.32402754,.16921008,-.44251493,-.5229606,.14611776,-.27311927
a1632,Hadley v. Junior College District of Metropolitan Kansas City,2,2466,239,397 U.S. 50,9,5,3,2.0671134,.37946811,.13483369,.033331573,1970,.40954787,.387802,.30884653,.78534079,.80608314,.63342351
a1633,Colonnade Catering Corp. v. United States,1,1598,638,397 U.S. 72,1,5,3,1.4656863,.30382746,.10048515,.018660069,1970,.29790813,.35704631,-.14235911,.20929393,-.05544728,.0038291812
a1633,Colonnade Catering Corp. v. United States,2,1598,518,397 U.S. 72,1,5,3,3.7821469,.3854278,.16099,.026218653,1970,.28607035,.34331262,1.5955076,.83072722,-.14680013,.75981158
a1634,H. K. Porter Co. v. National Labor Relations Board,1,3006,312,397 U.S. 99,7,4,2,2.8191826,.2933985,.18277085,.020575523,1970,.36495471,.28650069,.87306768,.12987138,.46195516,.48829806
a1635,Toussie v. United States,1,3840,4556,397 U.S. 112,2,5,3,.48758793,.1699314,.0445727,.0050494671,1970,.15849251,.13031125,-.87615299,-.81040126,-1.1313258,-.93929338
a1638,United States v. Seckinger,1,4722,1469,397 U.S. 203,8,4,3,1.5679431,.21486676,.061787099,.009698987,1970,.19734204,.16038549,-.065643519,-.46819279,-.83152175,-.45511934
a164,Stefanelli v. Minard,1,2564,120,342 U.S. 117,9,7,1,3.866056,.43378669,.2087156,.043743372,1951,.45615155,.48435038,1.6584582,1.1990079,1.1657265,1.3410642
a1642,Goldberg v. Kelly,1,5216,2614,397 U.S. 254,2,5,3,4.83917,.50398886,.11943376,.018817067,1970,.44813758,.24024528,2.3885126,1.7336376,1.1038823,1.7420108
a1643,Wheeler v. Montgomery,1,609,734,397 U.S. 280,2,5,3,3.0984182,.44443271,.29731005,.042317688,1970,.54252064,.44824749,1.0825572,1.2800833,1.8322419,1.3982941
a1643,Wheeler v. Montgomery,2,609,64,397 U.S. 280,2,5,3,4.3034363,.48657864,.4774549,.10099232,1970,.49895191,.47376633,1.9865919,1.6010488,1.4960195,1.6945534
a1644,United States v. Estate of Donnelly,1,2790,810,397 U.S. 286,12,5,3,1.1587427,.17643595,.080138862,.01034838,1970,.14996237,.17111856,-.37263593,-.76086539,-1.1971534,-.77688491
a1645,United States v. Davis,1,3533,226,397 U.S. 301,12,5,3,1.3709228,.24445444,.1173357,.016825318,1970,.31110686,.26932991,-.21345307,-.24286562,.046408124,-.13663685
a1649,In re Winship,1,3295,341,397 U.S. 358,2,5,3,5.2591553,.56217021,.32512301,.04018569,1970,.55322456,.4732855,2.7035961,2.1767218,1.9148448,2.2650542
a1649,In re Winship,2,3295,3026,397 U.S. 358,2,5,3,6.3340473,.6346451,.25413689,.019485831,1970,.43410802,.3956728,3.5100071,2.7286596,.9956153,2.4114273
a165,Cook v. Cook,1,868,1253,342 U.S. 126,11,8,1,1.7596545,.19415709,.0728328,.010656238,1951,.23065871,.23199034,.078183189,-.62590873,-.57441503,-.37404686
a1651,Rosado v. Wyman,1,7724,1657,397 U.S. 397,2,6,2,1.8398197,.34208179,.085103631,.0061886311,1970,.34843481,.24019462,.13832508,.50062251,.33447009,.32447255
a1652,Ashe v. Swenson,1,3543,2978,397 U.S. 436,1,7,1,.89822876,.22735775,.06195176,.0074270964,1970,.21475428,.19752049,-.56807995,-.37306675,-.69715041,-.54609907
a1653,Dandridge v. Williams,1,5015,5558,397 U.S. 471,2,5,3,.69282526,.1290438,.056835528,.0063683391,1970,.18628699,.11939412,-.72217882,-1.1217837,-.91683424,-.92026561
a1653,Dandridge v. Williams,2,5015,7285,397 U.S. 471,2,5,3,.62939322,.11645854,.0396154,.004755795,1970,.14546943,.09193027,-.76976711,-1.2176276,-1.2318257,-1.0730735
a1654,American Farm Lines v. Black Ball Freight Service,1,2996,2753,397 U.S. 532,8,5,3,3.792069,.2297658,.0948608,.009749651,1970,.31265581,.18649346,1.6029513,-.35472804,.05836143,.43552822
a1655,Lewis v. Martin,1,2310,779,397 U.S. 552,2,6,2,2.3306181,.37595591,.270895,.022600353,1970,.41644686,.30676097,.5065344,.75859332,.85932314,.70815027
a1655,Lewis v. Martin,2,2310,67,397 U.S. 552,2,6,2,3.3976936,.477988,.58688158,.082315981,1970,.72747231,.62518632,1.3070811,1.5356262,3.2595248,2.0340774
a1658,Choctaw Nation v. Oklahoma,1,4769,3375,397 U.S. 620,2,4,3,.43923295,.16708416,.03119123,.0041884184,1970,.20798993,.11423677,-.91243011,-.83208466,-.74935132,-.8312887
a1659,Walz v. Tax Commission of New York,1,4172,8557,397 U.S. 664,3,7,1,.49273926,.2399932,.050588369,.010338068,1970,.30636299,.14589179,-.87228835,-.27684054,.0097993668,-.37977651
a166,Palmer v. Ashe,1,945,1435,342 U.S. 134,1,5,4,3.7304122,.2624068,.070029601,.011762857,1951,.27017856,.21014184,1.5566949,-.10614818,-.26943803,.39370289
a1661,McMann v. Richardson,1,4949,4594,397 U.S. 759,1,5,3,1.2908092,.20887125,.0530641,.0071727037,1970,.21179891,.11348832,-.27355632,-.51385206,-.71995723,-.50245523
a1662,Parker v. North Carolina,1,2534,5633,397 U.S. 790,1,5,3,2.3251312,.36397636,.11985373,.015165687,1970,.42471558,.27357668,.50241792,.66736221,.92313331,.6976378
a1663,Nash v. United States,1,1067,52,398 U.S. 1,12,6,2,3.4011111,.55509794,.63975531,.12829036,1970,.70383233,.72145855,1.3096449,2.1228623,3.0770938,2.169867
a1667,Monks v. New Jersey,1,152,281,398 U.S. 71,1,6,2,7.5442348,.52354711,.3919642,.066706657,1970,.63800418,.52938437,4.4179201,1.8825848,2.5690942,2.956533
a1668,Chandler v. Judicial Council of the Tenth Circuit,1,4322,3633,398 U.S. 74,9,5,2,.70839149,.26494884,.068523653,.0088736415,1970,.24709463,.16366404,-.71050066,-.086789019,-.44757804,-.41495591
a1668,Chandler v. Judicial Council of the Tenth Circuit,2,4322,678,398 U.S. 74,9,5,2,4.039669,.58054781,.20786476,.026944041,1970,.46835661,.36196321,1.7887071,2.3166778,1.2599137,1.7884328
a1669,Adickes v. S. H. Kress & Co.,1,10229,3447,398 U.S. 144,2,5,2,2.2081342,.32262665,.1230468,.011678815,1970,.28456026,.21886343,.41464382,.3524605,-.15845354,.2028836
a1670,"Boys Markets, Inc. v. Retail Clerks Union, Local 770",1,5613,1887,398 U.S. 235,7,5,2,1.0292882,.3047117,.16047287,.012233853,1970,.35222232,.26370656,-.46975592,.21602789,.36369857,.036656845
a1671,Maxwell v. Bishop,1,1217,34,398 U.S. 262,1,6,1,4.1288095,.50924128,.53101099,.12252408,1970,.65260744,.66246843,1.8555825,1.7736378,2.6817882,2.1036694
a1673,Wyman v. Rothstein,1,295,231,398 U.S. 275,2,5,2,.82620406,.30114219,.20024866,.028674424,1970,.39875698,.41321278,-.62211472,.188844,.72280926,.096512847
a1675,Atlantic Coast Line Railroad v. Brotherhood of Locomotive Engineers,1,4595,2382,398 U.S. 281,7,5,2,.73904133,.1372038,.042973042,.0053562522,1970,.20139068,.10413176,-.68750638,-1.0596406,-.80027807,-.84914172
a1676,Hellenic Lines Ltd. v. Rhoditis,1,1327,2566,398 U.S. 306,8,5,3,2.1131945,.26620615,.096047036,.0092106462,1970,.34431076,.24988669,.3434177,-.077213958,.30264458,.18961611
a1677,Moon v. Maryland,1,488,122,398 U.S. 319,1,5,2,3.0728033,.33276623,.32645389,.029438972,1970,.51715893,.38291013,1.0633402,.42967924,1.6365241,1.0431812
a1678,Welsh v. United States,1,2851,2056,398 U.S. 333,3,5,3,2.6376698,.32933429,.186239,.018577278,1970,.38456434,.25071716,.73689222,.403543,.61328381,.58457303
a1679,Mitchell v. Donovan,1,1262,354,398 U.S. 427,9,7,1,4.0794134,.60246813,.2079473,.019933999,1970,.49752295,.39326006,1.8185244,2.4836135,1.4849921,1.9290433
a168,United States v. Kelly,1,705,156,342 U.S. 193,8,6,3,2.0106072,.19808614,.15921441,.021559477,1952,.24277771,.20259953,.26645419,-.59598678,-.480892,-.27014154
a1685,Coleman v. Alabama,1,2798,2298,399 U.S. 1,1,5,3,1.0458076,.29767361,.086496502,.014184892,1970,.33593714,.19823402,-.45736262,.16242883,.23802488,-.01896964
a1686,Vale v. Louisiana,1,1547,1642,399 U.S. 30,1,6,2,.98496526,.23110765,.075934,.011496067,1970,.3000921,.22634512,-.50300807,-.34450907,-.038593426,-.29537019
a1688,Baldwin v. New York,1,2663,556,399 U.S. 66,1,5,3,1.7323347,.50691783,.15947217,.016433001,1970,.35911918,.29627997,.057687197,1.7559434,.416922,.74351752
a1689,Williams v. Florida,1,9196,331,399 U.S. 78,1,6,2,2.0216703,.42936206,.1485689,.028237879,1970,.44054312,.42863208,.27475402,1.1653117,1.0452753,.82844698
a169,Pillsbury v. United Engineering Co.,1,1001,1348,342 U.S. 197,8,6,3,1.5068675,.20682734,.1147486,.0062310696,1952,.28682512,.21908158,-.11146394,-.52941751,-.14097551,-.26061898
a1690,California v. Green,1,6674,4160,399 U.S. 149,1,6,1,.79429257,.14848423,.048353251,.0069270134,1970,.23466516,.1557411,-.64605552,-.97373372,-.54349703,-.72109544
a1691,City of Phoenix v. Kolodziejski,1,3329,1157,399 U.S. 204,2,5,3,1.1336341,.2723991,.1051347,.022787213,1970,.2861191,.20341516,-.391473,-.030051081,-.14642388,-.18931599
a1692,Nelson v. George,1,1665,1140,399 U.S. 224,1,8,0,2.0712929,.37518513,.06833744,.0089020133,1970,.28091413,.20438582,.31198207,.7527234,-.18659098,.29270482
a1694,United States v. Sisson,1,13073,13751,399 U.S. 267,3,5,3,.95297575,.1210004,.025482239,.0036559701,1970,.12058896,.00037884712,-.5270074,-1.1830388,-1.4238298,-1.0446253
a1697,New Haven Inclusion Cases,1,31991,3603,399 U.S. 392,9,4,2,2.3511562,.22239029,.093570396,.014842927,1970,.27701128,.85010052,.52194256,-.41089675,-.21670952,-.035221238
a1699,Simmons v. West Haven Housing Authority,1,962,1108,399 U.S. 510,2,6,2,2.0204568,.37241739,.1204423,.019167066,1970,.37068957,.25839144,.27384356,.73164546,.5062114,.50390017
a170,United States v. Smith,1,1461,97,342 U.S. 225,1,5,4,5.3365712,.37528571,.36082757,.056667566,1952,.44342214,.43168026,2.7616756,.75348943,1.067493,1.5275526
a1703,United States v. City of Chicago,1,1032,1326,400 U.S. 8,9,7,2,2.1890876,.3145231,.0580112,.012673676,1970,.29281092,.15565753,.40035465,.29074731,-.094782755,.19877307
a1704,Lines v. Frederick,1,954,382,400 U.S. 18,8,7,2,3.4229383,.30901971,.22343564,.015836954,1970,.36485249,.2656157,1.3260204,.24883589,.46116629,.67867416
a1705,North Carolina v. Alford,1,4556,468,400 U.S. 25,1,6,3,1.1782094,.38357943,.10637367,.029793024,1970,.34146565,.27993596,-.35803148,.81665081,.2806887,.24643601
a1706,Dutton v. Evans,1,4538,3541,400 U.S. 74,1,5,4,1.0841799,.15191334,.037601229,.0054041743,1970,.21497363,.12997961,-.4285748,-.94761908,-.6954577,-.69055051
a1707,Oregon v. Mitchell,1,6087,5411,400 U.S. 112,2,5,4,.73161221,.33878493,.041253801,.0046418309,1970,.27919412,.15021384,-.69307989,.47551507,-.1998644,-.13914308
a1708,"National Labor Relations Board v. Local 825, International Union of Operating Engineers",1,2423,629,400 U.S. 297,7,7,2,.26536927,.1349687,.075885199,.009221375,1971,.28950852,.27048874,-1.0428669,-1.0766623,-.12026753,-.7465989
a1709,Wyman v. James,1,5245,3266,400 U.S. 309,1,6,3,2.0842662,.41010571,.1009202,.0097461343,1971,.3867963,.23007047,.32171497,1.0186635,.63050795,.65696216
a1709,Wyman v. James,2,5245,3074,400 U.S. 309,1,6,3,1.2240015,.20390844,.082887001,.011806905,1971,.23312181,.12823856,-.32367709,-.55164665,-.55540711,-.47691029
a171,United States v. Shannon,1,2777,314,342 U.S. 288,8,5,4,1.5245055,.4103004,.1496008,.018696666,1952,.40656298,.29726017,-.098231494,1.0201464,.78304869,.56832117
a1710,"U. S. Bulk Carriers, Inc. v. Arguelles",1,1994,3730,400 U.S. 351,8,5,4,1.4293629,.2231829,.086500399,.010899365,1971,.26989794,.24551606,-.16960986,-.40486059,-.27160355,-.28202468
a1711,Perkins v. Matthews,1,5667,2724,400 U.S. 379,2,8,1,1.4710953,.24224746,.069942601,.0097035766,1971,.27468592,.20301384,-.13830115,-.25967306,-.23465443,-.21087621
a1712,Kennerly v. District Court of the Ninth Judicial District of Montana,1,2140,632,400 U.S. 423,2,7,2,.92009318,.31770399,.103637,.012897611,1971,.39441091,.29815501,-.55167675,.31497163,.68927038,.15085508
a1713,Wisconsin v. Constantineau,1,1909,1194,400 U.S. 433,4,6,3,3.0848701,.50132763,.12833109,.017134666,1971,.47535133,.34484053,1.0723931,1.7133708,1.3138924,1.3665521
a1713,Wisconsin v. Constantineau,2,1909,478,400 U.S. 433,4,6,3,3.331794,.37123954,.1661806,.019004226,1971,.29808146,.2653538,1.2576416,.7226755,-.054109681,.6420691
a1715,United States v. Jorn,1,5033,1755,400 U.S. 470,1,6,3,1.2903458,.21404445,.050326198,.0065973997,1971,.21235561,.21168512,-.27390397,-.47445512,-.71566111,-.48800674
a1716,Usner v. Luckenbach Overseas Corp.,1,2207,1074,400 U.S. 494,8,5,4,1.2835466,.27370319,.092334397,.015133381,1971,.34560126,.22218919,-.2790049,-.020119688,.31260344,.0044929516
a1717,Groppi v. Wisconsin,1,2185,599,400 U.S. 505,1,8,1,.68981636,.2583628,.06209195,.0083969235,1971,.20471048,.21092731,-.72443616,-.13694553,-.77465898,-.54534692
a1720,Piccirillo v. New York,1,400,720,400 U.S. 548,1,5,4,4.5041556,.4376139,.29738855,.035842001,1971,.36348951,.28548419,2.1371765,1.2281543,.4506481,1.2719929
a1720,Piccirillo v. New York,2,400,6892,400 U.S. 548,1,5,4,2.7254326,.41038716,.2568121,.035354614,1971,.32687092,.29200703,.80273408,1.020807,.16806029,.66386712
a1724,Massachusetts v. Laird,1,79,4428,400 U.S. 886,,,,8.6457062,.57793593,.41924441,.087763727,1970,.5568701,.47269458,5.2442713,2.2967868,1.9429775,3.1613452
a1726,Stanley v. United States,1,111,663,400 U.S. 936,,,,9.32477,.52263081,.49716821,.084932268,1970,.60424179,.49590153,5.7537222,1.8756067,2.3085477,3.3126254
a173,Guessefeldt v. McGrath,1,4110,2886,342 U.S. 308,4,5,3,1.7552621,.22147083,.056698199,.0065996647,1952,.21290934,.13086855,.074887909,-.41789898,-.71138793,-.35146633
a1732,Baird v. State Bar of Arizona,1,2004,439,401 U.S. 1,3,5,4,2.9787564,.33395001,.25402749,.039452076,1971,.33794171,.31675547,.9927839,.43869439,.2534942,.56165749
a1732,Baird v. State Bar of Arizona,2,2004,3516,401 U.S. 1,3,5,4,2.4301102,.21591276,.089322202,.011687756,1971,.19539738,.11237615,.5811758,-.46022689,-.84652877,-.24185996
a1733,In re Stolar,1,1996,833,401 U.S. 23,3,5,4,1.0698259,.2089726,.11526793,.01684171,1971,.23560017,.20441681,-.43934351,-.51308012,-.53628147,-.49623504
a1734,Younger v. Harris,1,4958,2305,401 U.S. 37,9,8,1,1.2704308,.28766704,.047538899,.0059424043,1971,.23435414,.17177272,-.28884467,.086223014,-.54589719,-.24950628
a1736,Perez v. Ledesma,1,1762,957,401 U.S. 82,9,5,4,1.5063863,.313274,.10548747,.011338711,1971,.36223412,.2826634,-.11182498,.28123468,.44096017,.20345663
a1737,"Law Students Civil Rights Research Council, Inc. v. Wadmond",1,5246,3676,401 U.S. 154,3,5,4,2.473314,.32108396,.11197674,.013114095,1971,.30118275,.17717594,.61358839,.34071204,-.030176848,.30804119
a1737,"Law Students Civil Rights Research Council, Inc. v. Wadmond",2,5246,4683,401 U.S. 154,3,5,4,1.4461592,.2364663,.094777942,.01242739,1971,.22071892,.12332743,-.15700881,-.30369988,-.65112096,-.37060988
a1738,Dyson v. Stein,1,1010,3428,401 U.S. 200,9,8,1,2.7235506,.36517274,.1244426,.025093675,1971,.36756676,.26292557,.8013221,.67647338,.48211253,.65330267
a1739,Byrne v. Karalexis,1,1211,288,401 U.S. 216,9,5,3,1.3778486,.44870365,.14265156,.032344103,1971,.38945496,.39094734,-.20825715,1.312609,.65102506,.58512563
a1740,Harris v. New York,1,1101,2307,401 U.S. 222,1,5,4,1.3178822,.21572727,.067820698,.012365699,1971,.26449841,.1676327,-.25324547,-.46163949,-.31327203,-.34271899
a1741,"International Brotherhood of Boilermakers, Iron Shipbuilders, Blacksmiths, Forgers & Helpers v. Hardeman",1,3974,1864,401 U.S. 233,7,8,1,.47871816,.1938197,.068648398,.0078479648,1971,.19170725,.18282157,-.88280731,-.62847817,-.87500572,-.79543042
a1742,United States v. Weller,1,2191,995,401 U.S. 254,3,8,1,2.4297843,.27882254,.1909387,.014338374,1971,.33116543,.25482339,.58093131,.01886712,.2012013,.2669999
a1744,"Time, Inc. v. Pape",1,3763,622,401 U.S. 279,3,8,1,2.1521075,.40982556,.14285851,.023564935,1971,.36285537,.259152,.37261119,1.0165302,.44575447,.61163193
a1746,Ramsey v. United Mine Workers,1,3271,1952,401 U.S. 302,7,5,4,1.541243,.20962524,.052492142,.0070055127,1971,.16214037,.15613908,-.085674636,-.50810993,-1.103175,-.5656532
a1748,Boddie v. Connecticut,1,3495,1711,401 U.S. 371,2,8,1,4.2893233,.46652687,.1399914,.010905385,1971,.33045816,.2725628,1.976004,1.448343,.19574328,1.2066967
a175,"Boyce Motor Lines, Inc. v. United States",1,1636,810,342 U.S. 337,8,6,3,1.3331228,.30712605,.1306269,.026757658,1952,.26769155,.22132826,-.24181154,.2344145,-.28863037,-.098675802
a1751,Gillette v. United States,1,7770,2071,401 U.S. 437,3,8,1,2.7517512,.33245549,.11785865,.0095995665,1971,.30555028,.22442847,.82247889,.4273127,.0035276408,.41777307
a1751,Gillette v. United States,2,7770,1959,401 U.S. 437,3,8,1,2.7120018,.45306534,.1992124,.024699628,1971,.40455705,.26795471,.79265791,1.3458258,.76756877,.96868414
a1752,Durham v. United States,1,770,398,401 U.S. 481,9,5,4,1.7260346,.4259145,.1895622,.014034569,1971,.25735807,.34208691,.052960709,1.1390566,-.36837444,.27454761
a1753,Ohio v. Wyandotte Chemicals Corp.,1,3652,2188,401 U.S. 493,8,8,1,3.8199947,.30956745,.14018387,.016087413,1971,.37851787,.17373991,1.623902,.2530072,.56662285,.8145107
a1754,United States v. Randall,1,1361,397,401 U.S. 513,12,5,4,1.3074964,.3480128,.25591171,.048967957,1971,.32452166,.30762458,-.26103711,.54579061,.14993092,.14489481
a1756,Labine v. Vincent,1,2256,5774,401 U.S. 532,2,5,4,.95421469,.1608129,.0352084,.0046047568,1971,.19477355,.11768115,-.52607793,-.87984389,-.85134286,-.75242156
a1757,"Whiteley v. Warden, Wyoming State Penitentiary",1,2844,1676,401 U.S. 560,1,6,3,1.200893,.28397286,.052654739,.0089681149,1971,.33916521,.23193824,-.34101364,.058089741,.26293606,-.0066626146
a1760,Investment Co. Institute v. Camp,1,6612,1008,401 U.S. 617,9,6,2,1.8451166,.35667366,.25191161,.023235917,1971,.42632097,.34859174,.14229898,.61174792,.9355222,.56318969
a1760,Investment Co. Institute v. Camp,2,6612,1027,401 U.S. 617,9,6,2,.47315854,.340951,.060874458,.01277703,1971,.26427555,.24012643,-.88697827,.49201086,-.31499186,-.23665309
a1762,Mackey v. United States,1,2189,383,401 U.S. 667,1,7,2,3.4855933,.37868619,.2287816,.020402253,1971,.43148631,.31629586,1.3730257,.77938598,.9753834,1.0425984
a1763,United States v. United States Coin & Currency,1,2651,4610,401 U.S. 715,1,5,4,3.2671223,.40392727,.1408193,.010585487,1971,.33509308,.24262822,1.2091231,.9716112,.23151121,.80408186
a1764,United States v. White,1,2526,3770,401 U.S. 745,1,5,4,1.5944378,.42009497,.1273028,.015948176,1971,.40529478,.30971617,-.045766503,1.0947375,.77326185,.60741097
a1764,United States v. White,2,2526,8739,401 U.S. 745,1,5,4,1.5804083,.2163863,.0614518,.008718431,1971,.3258484,.22353697,-.056291789,-.45662057,.16016945,-.11758097
a1764,United States v. White,3,2526,141,401 U.S. 745,1,5,4,6.2288508,.54078126,.23446834,.038824916,1971,.44555664,.38996875,3.4310861,2.0138328,1.0839651,2.1762946
a1766,Rogers v. Bellei,1,6327,2581,401 U.S. 815,2,5,4,.64619285,.34039751,.088610098,.010039389,1971,.36817342,.25675756,-.75716358,.48779574,.48679414,.072475433
a1766,Rogers v. Bellei,2,6327,202,401 U.S. 815,2,5,4,.91874105,.3503193,.13096493,.018413365,1971,.44104087,.37983322,-.55269116,.56335586,1.0491166,.35326043
a177,Standard Oil Co. v. Peck,1,752,1100,342 U.S. 382,8,7,2,.46624282,.18240917,.13139766,.011222959,1952,.27912444,.18232065,-.89216661,-.7153759,-.20040211,-.6026482
a1772,Rosenberg v. Yee Chien Woo,1,2684,859,402 U.S. 49,2,5,4,.88159305,.19139916,.095606573,.010736883,1971,.24821025,.20297706,-.58056051,-.64691198,-.43896872,-.55548042
a1773,United States v. Vuitch,1,3280,2233,402 U.S. 62,5,5,4,4.530838,.33240294,.1063573,.020319223,1971,.33039802,.23008507,2.1571944,.42691258,.19527917,.92646205
a1773,United States v. Vuitch,2,3280,5108,402 U.S. 62,5,5,4,1.6077567,.46198034,.14548886,.0089483261,1971,.24262309,.189529,-.035774335,1.4137187,-.48208517,.29861975
a1773,United States v. Vuitch,3,3280,606,402 U.S. 62,5,5,4,1.8825647,.39774317,.089000337,.016300738,1971,.28413934,.20329398,.17039345,.92451578,-.16170186,.31106913
a1774,Ehlert v. United States,1,2709,3489,402 U.S. 99,3,6,3,1.7014334,.45492169,.2033969,.029889464,1971,.35106307,.30143976,.034504261,1.3599629,.35475257,.58307326
a1774,Ehlert v. United States,2,2709,592,402 U.S. 99,3,6,3,.52119863,.28842777,.1046431,.0095181465,1971,.26748812,.21975267,-.85093743,.092016436,-.29020026,-.3497071
a1776,James v. Valtierra,1,1691,519,402 U.S. 137,2,5,3,2.460645,.27552569,.1324414,.01404202,1971,.3342846,.25624841,.60408372,-.0062402957,.22527213,.27437186
a1777,Perez v. United States,1,3126,293,402 U.S. 146,8,8,1,2.6944487,.53420472,.1416986,.025214434,1971,.39364982,.32801205,.77948916,1.9637487,.683397,1.1422117
a1778,United States v. Southern Ute Tribe or Band of Indians,1,5002,2489,402 U.S. 159,2,8,1,.18655461,.09690094,.04181755,.002692759,1971,.20210391,.12492836,-1.1019957,-1.36657,-.79477406,-1.0877799
a1779,McGautha v. California,1,13165,7054,402 U.S. 183,1,6,3,1.3852645,.19295025,.065361261,.0050654411,1971,.25738269,.8138451,-.20269357,-.63509953,-.36818448,-.40199253
a1779,McGautha v. California,2,13165,20992,402 U.S. 183,1,6,3,1.8170642,.21607339,.0491018,.0060272813,1971,.29956877,.00053673983,.12125333,-.45900357,-.042631987,-.12679407
a178,"First National Bank v. United Air Lines, Inc.",1,664,67,342 U.S. 396,8,7,2,2.6242368,.5348016,.3690528,.047093391,1952,.49870503,.44519264,.72681445,1.9682943,1.4941143,1.3964076
a178,"First National Bank v. United Air Lines, Inc.",2,664,57,342 U.S. 396,8,7,2,2.845963,.53081018,.36929899,.074751735,1952,.47113591,.52142245,.89315897,1.9378972,1.2813618,1.370806
a1781,United States v. Thirty-Seven (37) Photographs,1,4050,2766,402 U.S. 363,3,6,3,2.7991693,.21441627,.080169201,.0096178055,1971,.29069597,.21043754,.85805315,-.47162354,-.11110396,.091775216
a1782,Richardson v. Perales,1,6484,1253,402 U.S. 389,8,6,3,2.9891787,.3262167,.1114618,.012881994,1971,.26675004,.26274902,1.000603,.37980077,-.29589611,.36150253
a1783,Organization for a Better Austin v. Keefe,1,1447,1178,402 U.S. 415,3,8,1,7.3955297,.6068356,.2305896,.023854554,1971,.61468065,.42706472,4.3063579,2.5168743,2.3891048,3.0707791
a1784,California v. Byers,1,2799,1580,402 U.S. 424,1,5,4,1.2388308,.24549943,.071131051,.0055007339,1971,.23337376,.20819932,-.3125518,-.23490743,-.5534628,-.366974
a1784,California v. Byers,2,2799,4615,402 U.S. 424,1,5,4,2.4767377,.16807926,.043349002,.0062662363,1971,.17832512,.15235603,.61615694,-.8245064,-.97827643,-.39554197
a1785,McGee v. United States,1,3677,1301,402 U.S. 479,3,8,1,1.5435096,.32448936,.080304272,.015786648,1971,.26174015,.20577973,-.083974138,.36664605,-.33455771,-.017295266
a1788,United States v. International Minerals & Chemical Corp.,1,1822,1354,402 U.S. 558,8,6,3,.9371326,.1955404,.06086874,.0058420897,1971,.23885196,.1559605,-.53889334,-.61537409,-.5111872,-.55515152
a1789,Chicago & North Western Railway Co. v. United Transportation Union,1,4332,4519,402 U.S. 570,7,5,4,.4726854,.14607111,.0425325,.0074278712,1971,.19719654,.14368856,-.88733321,-.99211109,-.83264452,-.90402961
a1790,National Labor Relations Board v. Natural Gas Utility District,1,2452,382,402 U.S. 600,7,8,1,3.4124691,.28621051,.21983135,.019762635,1971,.2697534,.25711727,1.318166,.075130709,-.272719,.37352592
a1791,Coates v. City of Cincinnati,1,2098,1032,402 U.S. 611,3,5,4,2.1373711,.37742019,.1080579,.0093439817,1971,.33246332,.22000635,.36155558,.76974463,.21121721,.4475058
a1792,Nelson v. O'Neil,1,2054,891,402 U.S. 622,1,6,3,.99140817,.3186537,.1116431,.015594959,1971,.3583492,.27434325,-.49817443,.32220423,.41098008,.078336626
a1792,Nelson v. O'Neil,2,2054,394,402 U.S. 622,1,6,3,1.887336,.5128327,.26437694,.026912093,1971,.4788214,.37962073,.17397304,1.8009884,1.3406711,1.1052109
a1794,United States v. Armour & Co.,1,3047,1335,402 U.S. 673,8,4,3,1.5851963,.1460665,.062503338,.0072928667,1971,.15913004,.11360288,-.052699767,-.99214613,-1.126406,-.72375059
a1795,Connor v. Johnson,1,760,626,402 U.S. 690,2,6,3,.71731848,.28696966,.11186504,.016663671,1971,.2686289,.15318245,-.70380336,.080912106,-.28139684,-.30142936
a18,Caucus v. Alabama,1,10437,3855,135 S. Ct. 1257,2,5,4,1.8657981,.22347367,.058696751,.0067772269,2015,.35455847,.90093458,.15781477,-.40264624,.38172674,.045631755
a180,"Day-Brite Lighting, Inc. v. Missouri",1,1332,977,342 U.S. 421,2,8,1,4.353374,.30425745,.14895546,.016356111,1952,.30850321,.22178584,2.0240564,.21256854,.026315602,.75431353
a1803,Cohen v. California,1,3559,437,403 U.S. 15,3,5,4,3.9468071,.3926051,.16437835,.032624006,1971,.42418617,.34293169,1.7190398,.88538641,.91904783,1.1744914
a1804,"Rosenbloom v. Metromedia, Inc.",1,8523,4952,403 U.S. 29,3,5,3,1.6250718,.25865459,.073862098,.012328148,1971,.31727558,.20328826,-.022784166,-.13472334,.094012521,-.021164993
a1804,"Rosenbloom v. Metromedia, Inc.",2,8523,3030,403 U.S. 29,3,5,3,1.2406335,.27974284,.077851653,.006939888,1971,.33363128,.23058814,-.31119937,.025875699,.22023037,-.021697765
a1808,Abate v. Mundt,1,1327,732,403 U.S. 182,2,7,2,1.2881137,.21203005,.14347076,.018943667,1971,.30270797,.26661795,-.27557853,-.48979592,-.018406611,-.26126036
a181,Doremus v. Board of Education,1,1571,320,342 U.S. 429,9,6,3,3.0847337,.44565079,.1749438,.017149389,1952,.3695206,.32303107,1.0722908,1.2893597,.49719045,.95294696
a1810,Palmer v. Thompson,1,2896,2864,403 U.S. 217,2,5,4,.84431165,.2115669,.076134101,.0080850124,1971,.29430395,.2035827,-.60852993,-.49332312,-.083260901,-.39503798
a1810,Palmer v. Thompson,2,2896,10136,403 U.S. 217,2,5,4,1.4795538,.21674789,.0283901,.003813386,1971,.18859911,.12558305,-.13195537,-.45386684,-.89899141,-.49493787
a1810,Palmer v. Thompson,3,2896,660,403 U.S. 217,2,5,4,2.0324237,.32685679,.062286898,.0084577799,1971,.36665791,.25003862,.28282148,.38467544,.47509888,.38086528
a1811,"Amalgamated Ass'n of Street, Electric Railway & Motor Coach Employees of America v. Lockridge",1,8149,1964,403 U.S. 274,7,5,4,1.1307261,.2433567,.067970999,.0092363954,1971,.28787589,.21073645,-.39365464,-.25122553,-.13286664,-.25924894
a1811,"Amalgamated Ass'n of Street, Electric Railway & Motor Coach Employees of America v. Lockridge",2,8149,7411,403 U.S. 274,7,5,4,.86636478,.12985516,.037616249,.0042241216,1971,.25745523,.14392418,-.59198511,-1.1156048,-.36762467,-.69173819
a1812,"Hodgson v. Local Union 6799, United Steelworkers",1,2482,529,403 U.S. 333,7,7,2,1.7289623,.2944501,.1009041,.015567005,1971,.33341223,.32358575,.055157114,.13787995,.21853997,.13719234
a1812,"Hodgson v. Local Union 6799, United Steelworkers",2,2482,302,403 U.S. 333,7,7,2,4.2704587,.36909807,.110613,.022323132,1971,.33407414,.33315635,1.9618512,.70636696,.22364797,.9639554
a1813,Commissioner v. Lincoln Savings & Loan Ass'n,1,4457,1499,403 U.S. 345,12,8,1,.24880752,.2376803,.081069604,.011622667,1971,.17129135,.18670982,-1.055292,-.2944546,-1.0325564,-.794101
a1814,Bivens v. Six Unknown Named Agents of Federal Bureau of Narcotics,1,319,4551,403 U.S. 388,1,6,3,3.8011658,.59784299,.24483059,.027618587,1971,.5297215,.4124825,1.609776,2.4483905,1.7334702,1.9305456
a1814,Bivens v. Six Unknown Named Agents of Federal Bureau of Narcotics,2,319,876,403 U.S. 388,1,6,3,3.6591704,.53150725,.16836239,.046695888,1971,.45482832,.35694265,1.5032475,1.9432058,1.1555151,1.5339894
a1814,Bivens v. Six Unknown Named Agents of Federal Bureau of Narcotics,3,319,182,403 U.S. 388,1,6,3,3.0026047,.51457644,.27043509,.053510368,1971,.45529991,.46332222,1.0106755,1.814268,1.1591544,1.3280326
a1816,McKeiver v. Pennsylvania,1,6633,4624,403 U.S. 528,2,6,3,1.4663911,.22878337,.060532801,.0097916722,1971,.24426812,.1308291,-.14183038,-.36220983,-.46939039,-.32447687
a1817,United States v. Harris,1,3080,4575,403 U.S. 573,1,5,4,.31616697,.13795041,.0398807,.0063887239,1971,.20897824,.14357126,-1.0047573,-1.0539548,-.74172449,-.93347889
a182,Perkins v. Benguet Consolidated Mining Co.,1,3826,374,342 U.S. 437,4,7,2,6.3973112,.48546651,.2722728,.030459523,1952,.61340034,.5331465,3.5574691,1.5925792,2.3792248,2.5097578
a1821,New York Times Co. v. United States,1,241,2833,403 U.S. 713,3,6,3,2.4930286,.4708567,.1759201,.044392109,1971,.44403082,.37437499,.62837881,1.4813172,1.0721902,1.0606287
a1821,New York Times Co. v. United States,2,241,1327,403 U.S. 713,3,6,3,2.1318014,.54221433,.2195252,.059957445,1971,.4808268,.42185986,.35737705,2.0247464,1.3561469,1.2460902
a1823,"McClanahan v. Morauer & Hartzell, Inc.",1,175,1759,404 U.S. 16,8,6,1,2.654259,.4306733,.1535864,.031313658,1971,.37734866,.32627755,.74933779,1.1752976,.55760002,.82741183
a1825,Norfolk & Western Railroad v. Nemitz,1,2067,2115,404 U.S. 37,8,4,3,1.0021967,.21152709,.10719544,.011207938,1971,.30956382,.24217552,-.49008065,-.49362624,.034500353,-.31640217
a1826,Harris v. Washington,1,606,102,404 U.S. 55,1,5,2,2.2849395,.5139721,.30178869,.045388639,1971,.50286686,.51527905,.47226512,1.8096657,1.5262314,1.2693874
a1826,Harris v. Washington,2,606,201,404 U.S. 55,1,5,2,3.1010852,.5830158,.2003103,.036073983,1971,.45158625,.49343741,1.084558,2.3354731,1.1304958,1.5168422
a1829,Richardson v. Belcher,1,1854,1191,404 U.S. 78,2,4,3,.88955617,.252911,.095255397,.01092577,1971,.25160813,.17618996,-.57458633,-.17846408,-.41274706,-.38859916
a1829,Richardson v. Belcher,2,1854,2618,404 U.S. 78,2,4,3,.89764285,.224785,.061436061,.010819197,1971,.21980333,.13005865,-.56851953,-.39265969,-.65818661,-.5397886
a183,Brannan v. Stark,1,4800,5715,342 U.S. 451,9,4,3,.73578376,.16739595,.079188168,.0084303021,1952,.21386278,.11032242,-.68995029,-.82971019,-.70403022,-.74123025
a1830,National Labor Relations Board v. Nash-Finch Co.,1,2764,2876,404 U.S. 138,10,5,2,1.8941314,.2921277,.034983501,.0037499666,1971,.17355615,.16526312,.17907111,.12019351,-1.0150788,-.23860472
a1832,"Victory Carriers, Inc. v. Law",1,4944,2609,404 U.S. 202,8,5,2,2.0150783,.16938721,.059043199,.0066499114,1971,.25980932,.13806814,.2698085,-.81454563,-.34945807,-.29806507
a1833,Britt v. North Carolina,1,1266,4295,404 U.S. 226,2,5,2,.75297821,.280727,.1014447,.011982024,1971,.28681213,.23302972,-.67705059,.033370659,-.14107578,-.26158524
a1834,Wilwording v. Swenson,1,1062,229,404 U.S. 249,1,6,1,2.0958104,.42862251,.29608861,.032326281,1971,.49652112,.49452549,.33037573,1.1596797,1.4772608,.9891054
a1836,Picard v. Connor,1,2452,1281,404 U.S. 270,1,6,1,.67224914,.38084865,.1005894,.0089502335,1971,.25030243,.18160641,-.73761553,.79585433,-.42282322,-.12152814
a1838,United States v. Campos-Serrano,1,2779,1580,404 U.S. 293,1,4,3,1.2191751,.19293404,.037363499,.0049102902,1971,.2927134,.15866041,-.32729799,-.63522303,-.095535271,-.35268542
a184,Adler v. Board of Education,1,3467,227,342 U.S. 485,3,6,3,6.3481612,.63848954,.36388719,.042421162,1952,.57066017,.53386998,3.5205958,2.7579372,2.0493963,2.7759764
a184,Adler v. Board of Education,2,3467,3357,342 U.S. 485,3,6,3,1.799318,.35185099,.078636467,.014761806,1952,.34815699,.24663556,.10793968,.57502055,.33232614,.3384288
a184,Adler v. Board of Education,3,3467,1123,342 U.S. 485,3,6,3,2.5004761,.49002281,.26144826,.035341978,1952,.41706878,.29520756,.63396609,1.6272781,.86412251,1.0417889
a1840,United States v. Bass,1,4845,1455,404 U.S. 336,1,5,2,1.4881895,.29275966,.048788961,.010742784,1971,.29872131,.16042012,-.12547669,.12500623,-.049171876,-.016547445
a1841,Schilb v. Kuebel,1,4639,2748,404 U.S. 357,2,4,3,.79479456,.1297275,.045770898,.0041020513,1971,.19214708,.1069054,-.64567888,-1.116577,-.87161154,-.87795579
a1841,Schilb v. Kuebel,2,4639,2120,404 U.S. 357,2,4,3,.65656424,.18847039,.079519033,.0055987835,1971,.1722489,.10144371,-.74938273,-.66921622,-1.025167,-.81458867
a1842,Securities & Exchange Commission v. Medical Committee for Human Rights,1,1068,1366,404 U.S. 403,9,6,1,3.3494129,.2950229,.16300774,.016194284,1972,.27355647,.20712507,1.2708597,.14224216,-.24337046,.38991046
a1843,"Diffenderfer v. Central Baptist Church of Miami, Florida, Inc.",1,853,710,404 U.S. 412,9,6,1,3.9070196,.3796165,.14732236,.018127084,1972,.34734619,.29114908,1.6891901,.78647083,.32606915,.93391001
a1844,Reliance Electric Co. v. Emerson Electric Co.,1,2771,5122,404 U.S. 418,8,4,3,1.064057,.11838746,.0324664,.0044301748,1972,.14802945,.12539208,-.44367146,-1.2029378,-1.2120699,-.95289308
a1845,United States v. Tucker,1,1965,902,404 U.S. 443,1,5,2,.95408565,.39266974,.1442745,.024175048,1972,.24829179,.21900421,-.52617472,.88587868,-.43833947,-.026211837
a1846,Federal Power Commission v. Florida Power & Light Co.,1,5188,2116,404 U.S. 453,8,4,2,1.0020431,.1603719,.085177198,.0068010688,1972,.3178373,.20020992,-.49019584,-.88320231,.098347306,-.42501694
a1847,Lego v. Twomey,1,4081,1637,404 U.S. 477,1,4,3,1.550576,.22146741,.093253396,.014327288,1972,.32177138,.22181612,-.078672774,-.41792509,.12870687,-.12263033
a1849,Trbovich v. United Mine Workers,1,3262,262,404 U.S. 528,7,6,1,1.4229375,.22340611,.11494017,.016615987,1972,.31868589,.27880555,-.17443034,-.40316075,.10489593,-.15756506
a185,Carlson v. Landon,1,7461,3564,342 U.S. 524,3,5,4,.80334753,.33038914,.065138943,.011918604,1952,.26552612,.19772261,-.63926226,.4115763,-.30534118,-.17767571
a185,Carlson v. Landon,2,7461,3448,342 U.S. 524,3,5,4,.27691793,.17177594,.043171048,.0057817698,1952,.21841782,.14006943,-1.0342029,-.79635406,-.66887867,-.8331452
a185,Carlson v. Landon,3,7461,158,342 U.S. 524,3,5,4,.3251636,.52578408,.2164934,.02586627,1952,.34763634,.35467738,-.99800777,1.8996207,.32830828,.40997371
a185,Carlson v. Landon,4,7461,139,342 U.S. 524,3,5,4,2.038923,.58492321,.32602859,.04262358,1952,.51596606,.56583285,.2876974,2.349999,1.6273186,1.4216716
a1850,Board of Regents v. New Left Education Project,1,1360,738,404 U.S. 541,9,6,1,1.5775272,.2757211,.067902453,.010425806,1972,.30222273,.17888528,-.058453314,-.0047521074,-.022151247,-.028452223
a1854,Boyd v. Dutton,1,550,226,405 U.S. 1,1,5,4,1.5602479,.3584716,.18424714,.024852157,1972,.43836904,.38900483,-.071416654,.6254403,1.0284978,.52750713
a1854,Boyd v. Dutton,2,550,978,405 U.S. 1,1,5,4,1.6317898,.28669491,.11342686,.024445415,1972,.27458394,.24209416,-.017744124,.078819744,-.23544145,-.058121942
a1855,Colombo v. New York,1,663,941,405 U.S. 9,1,8,1,.81390142,.32798445,.07716316,.014212132,1972,.24727005,.2266345,-.63134444,.39326322,-.44622433,-.22810185
a1856,Roudebush v. Hartke,1,3296,2056,405 U.S. 15,2,5,2,4.3935995,.2980645,.091107197,.0094220638,1972,.36123699,.22109675,2.0542345,.16540566,.4332653,.88430184
a1858,Lindsey v. Normet,1,7592,3689,405 U.S. 56,2,5,2,1.2135941,.12464046,.040774301,.0053098798,1972,.16060776,.10087764,-.331485,-1.1553177,-1.1150024,-.86726832
a1858,Lindsey v. Normet,2,7592,491,405 U.S. 56,2,5,2,2.1518526,.217703,.095354438,.022760272,1972,.32360774,.23290324,.37242001,-.4465932,.14287817,.022901664
a1859,United States v. Generes,1,3953,869,405 U.S. 93,12,6,1,2.2144468,.47132471,.1504458,.020808935,1972,.47246832,.31761634,.41937971,1.4848814,1.291644,1.0653017
a186,Far East Conference v. United States,1,2060,646,342 U.S. 570,9,6,2,3.6592026,.2890135,.14689229,.018666565,1952,.36013663,.2689538,1.5032717,.096477143,.42477372,.67484087
a1862,Swarb v. Lennox,1,2825,1268,405 U.S. 191,2,6,1,3.3876679,.3843981,.10848784,.011764288,1972,.32823533,.27847034,1.2995596,.82288545,.17858952,.76701152
a1863,Richardson v. Wright,1,274,689,405 U.S. 208,2,6,3,.71777552,.28037959,.14734876,.025859356,1972,.31048232,.28015745,-.70346051,.030724965,.04158853,-.21038234
a1863,Richardson v. Wright,2,274,4737,405 U.S. 208,2,6,3,1.185773,.30624419,.1064641,.024984837,1972,.40931755,.27956951,-.35235706,.22769871,.80430585,.22654916
a1864,"Iowa Beef Packers, Inc. v. Thompson",1,568,602,405 U.S. 228,9,8,1,1.7897611,.34902,.159502,.019669771,1972,.23256707,.238738,.10076987,.55346102,-.55968809,.031514265
a1865,Hawaii v. Standard Oil Co.,1,4480,1257,405 U.S. 251,8,5,2,1.2040954,.27183381,.0835822,.011735618,1972,.24498409,.17818952,-.33861119,-.034356091,-.46386519,-.27894416
a1865,Hawaii v. Standard Oil Co.,2,4480,1989,405 U.S. 251,8,5,2,.83280569,.15551025,.041785799,.0068745613,1972,.13673574,.097987652,-.61716199,-.92022657,-1.2992241,-.94553757
a1866,Adams v. Illinois,1,2133,3807,405 U.S. 278,1,5,2,.7760275,.27784309,.058958098,.011544824,1972,.24242896,.22131199,-.65975839,.011408023,-.4835833,-.37731123
a1868,Cruz v. Beto,1,1189,2107,405 U.S. 319,3,8,1,1.473743,.24816114,.1752937,.017246604,1972,.31463677,.23952425,-.13631482,-.21463703,.073648617,-.092434414
a1869,Dunn v. Blumstein,1,9706,209,405 U.S. 330,2,6,1,2.4712627,.33608687,.21445359,.025151134,1972,.33340716,.32934165,.61204946,.45496777,.21850088,.42850605
a187,Harisiades v. Shaughnessy,1,4758,1101,342 U.S. 580,3,6,2,2.176424,.28688395,.13235635,.012754142,1952,.33123356,.26523459,.39085409,.080259368,.20172706,.22428018
a1870,Fein v. Selective Service System Local Board No. 7,1,4634,1830,405 U.S. 365,3,4,3,.90549552,.20053831,.069701552,.010133743,1972,.30135161,.16718322,-.56262827,-.57731211,-.028873747,-.38960472
a1870,Fein v. Selective Service System Local Board No. 7,2,4634,1830,405 U.S. 365,3,4,3,1.2254955,.28412819,.10183764,.014951825,1972,.27048647,.17775816,-.32255632,.059272666,-.2670618,-.17678182
a1871,"Commissioner v. First Security Bank of Utah, N. A.",1,4237,3351,405 U.S. 394,12,6,3,.63438302,.12919471,.064648867,.0051794052,1972,.18546933,.12743801,-.76602364,-1.1206346,-.9231441,-.93660074
a1871,"Commissioner v. First Security Bank of Utah, N. A.",2,4237,2821,405 U.S. 394,12,6,3,.74459875,.18015429,.060063958,.0064605474,1972,.20522958,.13316435,-.68333703,-.73254806,-.77065313,-.72884607
a1872,Schneble v. Florida,1,1497,1615,405 U.S. 427,1,6,3,1.9108454,.23136306,.070193946,.012449801,1972,.27611631,.17385,.19161037,-.34256402,-.223616,-.12485655
a1873,Eisenstadt v. Baird,1,4887,2227,405 U.S. 438,5,6,1,1.7916526,.23888767,.063849904,.0096974969,1972,.31790531,.22707367,.10218892,-.28525981,.098872133,-.028066255
a1874,Loper v. Beto,1,3646,2829,405 U.S. 473,1,5,4,.94276303,.25204563,.075347804,.013356447,1972,.18749619,.1691882,-.53466922,-.18505438,-.90750277,-.54240876
a1874,Loper v. Beto,2,3646,723,405 U.S. 473,1,5,4,.73051894,.31110451,.19225883,.018643916,1972,.33288968,.23314834,-.69390005,.26471278,.2145074,-.071559958
a1874,Loper v. Beto,3,3646,1865,405 U.S. 473,1,5,4,1.1975996,.26279041,.1036252,.011134207,1972,.2736823,.21194702,-.34348443,-.10322672,-.24239945,-.22970353
a1875,Gooding v. Wilson,1,3264,1782,405 U.S. 518,3,5,2,1.3254113,.30967289,.075366698,.014857292,1972,.25991499,.23105055,-.24759692,.2538102,-.34864253,-.11414308
a1875,Gooding v. Wilson,2,3264,975,405 U.S. 518,3,5,2,1.7961864,.28712931,.085308097,.017694354,1972,.26700348,.21986312,.10559035,.082127944,-.29394031,-.035407338
a1876,Lynch v. Household Finance Corp.,1,6234,1486,405 U.S. 538,2,7,0,3.2142482,.34780896,.1239128,.011096716,1972,.31847453,.24440557,1.1694558,.54423815,.10326487,.60565293
a1878,"United States v. Topco Associates, Inc.",1,4770,3826,405 U.S. 596,8,6,1,1.8439944,.13126373,.045373701,.0063832998,1972,.18583298,.13249356,.14145705,-1.1048777,-.92033786,-.6279195
a1880,Stanley v. Illinois,1,4275,3125,405 U.S. 645,2,5,2,.6261819,.1818611,.04106224,.0061683655,1972,.27166635,.14686805,-.77217633,-.71954978,-.25795665,-.58322757
a1881,Cole v. Richardson,1,3046,1157,405 U.S. 676,3,4,3,1.2599127,.3318795,.074995503,.0079290867,1972,.26838726,.18433619,-.29673561,.42292622,-.28326157,-.052356988
a1881,Cole v. Richardson,2,3046,2462,405 U.S. 676,3,4,3,.88583928,.2162824,.05856663,.0057299733,1972,.1963166,.12807596,-.57737488,-.45741189,-.8394351,-.6247406
a1882,"Evansville-Vanderburgh Airport Authority District v. Delta Airlines, Inc.",1,4288,1582,405 U.S. 707,8,7,1,1.198614,.43627429,.13077116,.019358158,1972,.35853475,.26593137,-.34272346,1.2179524,.41241196,.42921361
a1883,Sierra Club v. Morton,1,4315,4715,405 U.S. 727,8,4,3,1.2890909,.39171684,.14286494,.019490242,1972,.3500402,.19130766,-.27484542,.87862182,.34685898,.31687847
a1883,Sierra Club v. Morton,2,4315,54,405 U.S. 727,8,4,3,3.9134831,.54606766,.42659509,.11433101,1972,.63352787,.54698467,1.6940393,2.0540917,2.5345502,2.0942271
a1883,Sierra Club v. Morton,3,4315,1781,405 U.S. 727,8,4,3,1.169695,.36601511,.1812024,.01890254,1972,.30794495,.23462033,-.36441919,.68288845,.022007499,.11349225
a1899,"S&E Contractors, Inc. v. United States",1,5485,14096,406 U.S. 1,9,5,3,1.656477,.16082419,.052252099,.0087535381,1972,.1804114,.90044963,.00077680912,-.87975782,-.9621765,-.61371917
a1899,"S&E Contractors, Inc. v. United States",2,5485,6439,406 U.S. 1,9,5,3,1.830073,.19726969,.084946796,.01108861,1972,.31443912,.26122123,.13101289,-.6022045,.072123349,-.13302276
a1901,Weber v. Aetna Casualty & Surety Co.,1,3412,2398,406 U.S. 164,2,8,1,2.0001199,.2414825,.1573332,.021709979,1972,.3638832,.20452625,.25858635,-.2654987,.45368624,.14892463
a1902,Sixty-Seventh Minnesota State Senate v. Beens,1,4221,790,406 U.S. 187,2,8,1,5.0437489,.27238041,.1197314,.016655803,1972,.39014244,.24664897,2.5419929,-.030193385,.65633035,1.0560433
a1903,Wisconsin v. Yoder,1,9607,2754,406 U.S. 205,3,7,0,1.0898327,.2429868,.0906092,.0069172978,1972,.27204669,.16279399,-.42433393,-.25404257,-.25502154,-.31113267
a1904,"Dukes v. Warden, Connecticut State Prison",1,2228,4173,406 U.S. 250,1,7,2,.74970007,.27109987,.069181703,.0088515878,1972,.2961666,.15819073,-.67950988,-.039945476,-.068886757,-.2627807
a1906,United States v. Biswell,1,1934,708,406 U.S. 311,1,8,1,1.2140665,.25070655,.1989761,.014516592,1972,.2929256,.26011246,-.33113059,-.19525222,-.093897767,-.2067602
a1907,Andrews v. Louisville & Nashville Railroad,1,1635,3457,406 U.S. 320,8,7,1,.65617621,.29151976,.051736198,.0098295808,1972,.30194688,.21272039,-.74967384,.11556372,-.02428,-.21946338
a1909,Strait v. Laird,1,1452,2736,406 U.S. 341,1,5,4,.84563917,.18314505,.073736899,.0077319741,1972,.23203057,.10903257,-.60753399,-.70977181,-.56382829,-.62704468
a191,Sacher v. United States,1,3593,3180,343 U.S. 1,1,5,3,.96058857,.2216064,.090178199,.0071332455,1952,.30545616,.25999928,-.52129608,-.41686651,.002801344,-.31178707
a191,Sacher v. United States,2,3593,18356,343 U.S. 1,1,5,3,1.3286726,.20190215,.1152804,.023481786,1952,.25453544,.84263027,-.24515019,-.5669257,-.39015689,-.40074426
a191,Sacher v. United States,3,3593,154,343 U.S. 1,1,5,3,2.664125,.4166587,.22288626,.037072301,1952,.45724636,.50156951,.75673956,1.0685683,1.1741753,.99982774
a1910,Johnson v. Louisiana,1,2752,4353,406 U.S. 356,1,5,4,2.5846064,.35438791,.074578457,.013167918,1972,.3998819,.31856233,.6970827,.59434068,.73149031,.67430454
a1910,Johnson v. Louisiana,2,2752,647,406 U.S. 356,1,5,4,2.1420956,.45416579,.122107,.015826881,1972,.50570679,.44122803,.36510003,1.3542063,1.5481472,1.0891511
a1910,Johnson v. Louisiana,3,2752,865,406 U.S. 356,1,5,4,1.7053739,.42764986,.10450757,.019160926,1972,.51115578,.38688296,.037460495,1.1522723,1.5901974,.92664343
a1910,Johnson v. Louisiana,4,2752,1054,406 U.S. 356,1,5,4,1.7801679,.32669926,.096558399,.017670393,1972,.45006621,.45326984,.093572862,.38347572,1.1187656,.53193808
a1911,Apodaca v. Oregon,1,2938,221,406 U.S. 404,1,5,4,1.5783582,.46871909,.1618095,.028744698,1972,.44546396,.36831182,-.057829868,1.4650381,1.0832498,.83015269
a1912,Caplin v. Marine Midland Grace Trust Co. of New York,1,6216,2001,406 U.S. 416,8,5,4,1.8875438,.2354231,.075231247,.011147738,1972,.329817,.26824641,.17412892,-.31164443,.19079535,.017759943
a1913,Kastigar v. United States,1,6582,1464,406 U.S. 441,1,5,2,.5526312,.2511147,.049557,.010008693,1972,.26622707,.20952374,-.82735592,-.19214398,-.29993188,-.4398106
a1913,Kastigar v. United States,2,6582,1359,406 U.S. 441,1,5,2,1.0641284,.41264129,.100403,.020236611,1972,.28536969,.26778281,-.44361791,1.0379735,-.15220711,.14738284
a1914,"International Union of Operating Engineers, Local 150 v. Flair Builders, Inc.",1,1250,1767,406 U.S. 487,7,7,2,.52865237,.26820314,.069253437,.011181235,1972,.27633178,.23261303,-.84534544,-.062005706,-.22195321,-.37643477
a1915,Lake Carriers' Ass'n v. MacMullan,1,3966,1152,406 U.S. 498,8,7,2,.89168596,.20682096,.055980802,.012007177,1972,.14787173,.12283701,-.57298851,-.52946609,-1.213287,-.77191389
a1916,Deepsouth Packing Co. v. Laitram Corp.,1,4040,749,406 U.S. 518,8,5,4,1.1369637,.2730931,.1126165,.015699923,1972,.28860986,.20886672,-.38897502,-.024765821,-.12720254,-.18031447
a1917,Socialist Labor Party v. Gilligan,1,4048,439,406 U.S. 583,3,6,3,5.1883798,.47091043,.26028323,.070379853,1972,.56045264,.43872434,2.6504986,1.4817264,1.9706242,2.0342832
a1919,United States v. Midwest Video Corp.,1,8283,1320,406 U.S. 649,8,5,4,1.8414693,.3035858,.054597098,.012565255,1972,.28417671,.21460438,.13956267,.20745349,-.16141346,.061867565
a192,Buck v. California,1,1374,2628,343 U.S. 99,8,5,4,2.0512371,.17496157,.058496531,.005235374,1952,.20664316,.12923908,.29693574,-.77209365,-.75974441,-.41163412
a1920,Kirby v. Illinois,1,2459,4815,406 U.S. 682,1,5,4,.86541837,.18800271,.036068,.011587799,1972,.17207611,.123532,-.59269512,-.67277795,-1.0265005,-.76399118
a1920,Kirby v. Illinois,2,2459,32,406 U.S. 682,1,5,4,1.4084067,.59573746,.46890381,.11694306,1972,.63047457,.67806864,-.18533169,2.4323556,2.5109875,1.5860038
a1921,First National City Bank v. Banco Nacional de Cuba,1,3013,6543,406 U.S. 759,9,5,4,.35998133,.1459211,.048817039,.0065835714,1972,.1965512,.10278666,-.97188663,-.99325347,-.83762467,-.93425494
a1922,Laird v. Nelms,1,1836,3039,406 U.S. 797,8,6,2,1.0970334,.20950043,.068464503,.0074725151,1972,.22469318,.16202086,-.41893175,-.50906044,-.62045133,-.51614785
a1928,The Bremen v. Zapata Off-Shore Co.,1,6410,1394,407 U.S. 1,8,8,1,1.5190704,.26617181,.081869662,.0080210567,1972,.27224243,.20600456,-.10230905,-.077475421,-.25351101,-.14443183
a193,Lykes v. United States,1,2910,589,343 U.S. 118,12,6,3,1.1681274,.35295439,.2026391,.036080837,1952,.3701843,.27105361,-.36559525,.58342355,.50231224,.24004684
a1930,Fuentes v. Shevin,1,9388,1926,407 U.S. 67,2,4,3,1.0893623,.2102927,.056983501,.0056224465,1972,.37599862,.22375995,-.42468682,-.5030269,.54718161,-.12684403
a1931,Colten v. Kentucky,1,4793,783,407 U.S. 104,3,7,2,6.4768219,.45121959,.2339561,.022758067,1972,.47350121,.38080853,3.61712,1.3317693,1.2996149,2.0828347
a1931,Colten v. Kentucky,2,4793,1335,407 U.S. 104,3,7,2,2.365818,.32029611,.071312547,.01117748,1972,.35374749,.22748202,.53294224,.33471209,.37546834,.41437423
a1932,Adams v. Williams,1,1663,548,407 U.S. 143,1,6,3,2.0466659,.48569679,.26011634,.035295904,1972,.52806479,.3465721,.29350629,1.5943329,1.7206852,1.2028415
a1932,Adams v. Williams,2,1663,640,407 U.S. 143,1,6,3,.65623683,.27707744,.1013919,.017193913,1972,.34577084,.24087864,-.74962837,.0055771484,.31391206,-.14337972
a1932,Adams v. Williams,3,1663,2802,407 U.S. 143,1,6,3,1.1448917,.25221369,.073049553,.010709643,1972,.2985031,.18954527,-.38302723,-.18377455,-.050855834,-.20588587
a1933,Moose Lodge No. 107 v. Irvis,1,4496,3564,407 U.S. 163,2,6,3,1.6706902,.2069664,.062943161,.0066412687,1972,.20456177,.12918311,.01143991,-.52835852,-.77580661,-.43090841
a1934,Taylor v. McKeithen,1,1187,538,407 U.S. 191,2,6,3,6.767602,.86928463,.24422669,.024921775,1972,.59339452,.57607961,3.8352706,4.515574,2.2248387,3.5252278
a1935,Flower v. United States,1,582,906,407 U.S. 197,3,6,3,2.0740516,.31100523,.08348465,.018866539,1972,.30320919,.21115947,.31405175,.26395676,-.014538702,.18782327
a1936,Pennsylvania v. New York,1,2738,1862,407 U.S. 206,11,6,3,1.969821,.22772419,.066200733,.015268445,1972,.28880447,.21440268,.23585531,-.37027603,-.12570073,-.086707152
a1939,Flood v. Kuhn,1,8438,2880,407 U.S. 258,8,5,3,1.3050264,.22218406,.0436792,.0057951808,1972,.18264312,.097665787,-.26289019,-.41246733,-.94495416,-.54010391
a194,Rutkin v. United States,1,3078,2624,343 U.S. 130,1,5,4,2.6235611,.3376801,.1445512,.019112706,1952,.50368869,.23742431,.72630751,.46710113,1.5325735,.90866071
a1941,Murel v. Baltimore City Criminal Court,1,715,2314,407 U.S. 355,9,8,1,5.5149322,.39039254,.17460096,.035809815,1972,.50481927,.30789727,2.8954864,.86853653,1.5412983,1.7684404
a1943,Milton v. Wainwright,1,2058,2076,407 U.S. 371,1,5,4,3.8619897,.43385506,.1254227,.024064541,1972,.31692076,.274517,1.6554077,1.1995285,.091274306,.98207015
a1944,Pipefitters Local Union No. 562 v. United States,1,19009,2314,407 U.S. 385,8,6,2,1.664885,.27027875,.056658741,.008631587,1972,.33984274,.95857966,.0070847534,-.046198726,.26816458,.076350197
a1945,Wright v. Council of Emporia,1,5732,3958,407 U.S. 451,2,5,4,.6320498,.1048811,.0211512,.0055702329,1972,.18286598,.1092391,-.76777411,-1.3057965,-.94323432,-1.0056016
a1947,Peters v. Kiff,1,3798,2036,407 U.S. 493,2,6,3,.92462802,.24755955,.046716001,.0039686561,1972,.25466222,.16852349,-.54827458,-.21921848,-.38917854,-.3855572
a1949,Central Hardware Co. v. National Labor Relations Board,1,2275,661,407 U.S. 539,7,6,3,.40331566,.36322871,.12470746,.013776898,1972,.38468283,.30268425,-.93937618,.66166842,.61419827,.11216351
a195,United States v. Hood,1,926,382,343 U.S. 148,8,5,4,3.4374969,.35928249,.26358211,.018223286,1952,.27491999,.23271567,1.3369426,.6316157,-.23284812,.57857007
a1950,Lloyd Corp. v. Tanner,1,5549,4975,407 U.S. 551,3,5,4,.20722908,.1245043,.02893555,.0045727491,1972,.14100116,.087721765,-1.0864853,-1.1563547,-1.2663076,-1.1697159
a1953,Laird v. Tatum,1,4408,6529,408 U.S. 1,3,5,4,1.4084044,.32618916,.1207881,.014802456,1972,.39084458,.20232904,-.18533348,.37959105,.66174883,.28533548
a1953,Laird v. Tatum,2,4408,485,408 U.S. 1,3,5,4,2.1749473,.21876089,.1298656,.016133964,1972,.37101996,.25244057,.38974619,-.43853673,.50876105,.1533235
a1954,Gelbard v. United States,1,6385,6131,408 U.S. 41,1,5,4,.91995686,.1597892,.037424199,.0039981008,1972,.18998599,.15532571,-.55177897,-.88763988,-.8882888,-.77590257
a1956,Grayned v. City of Rockford,1,5494,859,408 U.S. 104,3,9,0,.61331493,.23458254,.097274072,.017644882,1972,.29506755,.24451709,-.78182948,-.31804579,-.077368192,-.39241448
a1957,United States v. Byrum,1,8499,5613,408 U.S. 125,12,6,3,1.0040544,.13171846,.0355465,.0070250034,1972,.22148752,.12614185,-.48868689,-1.1014147,-.64518958,-.74509704
a1959,Mancusi v. Stubbs,1,3564,2278,408 U.S. 204,1,7,2,1.3834307,.26991189,.061657552,.0072659254,1972,.2121172,.14475018,-.20406932,-.048992626,-.71750098,-.32352099
a196,"Kaufman v. Societe Internationale Pour Participations Industrielles et Commerciales, S. A.",1,1548,2326,343 U.S. 156,4,5,3,1.0712292,.24290496,.096707098,.011958599,1952,.25428849,.22699475,-.43829069,-.25466582,-.39206257,-.36167303
a1961,Furman v. Georgia,1,330,9704,408 U.S. 238,1,5,4,1.9358137,.48995686,.2114699,.045299649,1972,.45891827,.2677117,.21034218,1.6267759,1.1870775,1.0080652
a1961,Furman v. Georgia,2,330,3295,408 U.S. 238,1,5,4,1.2451385,.53348154,.18970543,.048591375,1972,.40408486,.3537913,-.30781958,1.9582412,.76392484,.80478215
a1961,Furman v. Georgia,3,330,15843,408 U.S. 238,1,5,4,1.3813934,.4637095,.2095129,.043237567,1972,.38440269,.85946018,-.20559774,1.4268872,.61203641,.6111086
a1961,Furman v. Georgia,4,330,1665,408 U.S. 238,1,5,4,7.4045734,.71198267,.42390466,.073460221,1972,.5588823,.47515225,4.3131428,3.3176296,1.9585057,3.1964259
a1962,Morrissey v. Brewer,1,5898,3276,408 U.S. 471,4,9,0,1.075786,.18494999,.048558529,.0050526261,1972,.18398398,.11817151,-.43487209,-.69602609,-.93460661,-.6885016
a1963,United States v. Brewster,1,8683,6623,408 U.S. 501,8,6,3,.47920391,.092686363,.026531201,.0029258728,1972,.18908978,.097636461,-.88244289,-1.3986665,-.8952049,-1.0587714
a1963,United States v. Brewster,2,8683,3987,408 U.S. 501,8,6,3,.89497083,.18460274,.048832402,.0070942044,1972,.27233022,.15893209,-.57052416,-.69867063,-.25283346,-.50734276
a1964,Board of Regents of State Colleges v. Roth,1,4560,2168,408 U.S. 564,4,5,3,1.7453803,.2628476,.073296368,.0059689879,1972,.23408496,.18627816,.067474291,-.10279118,-.54797441,-.19443044
a1964,Board of Regents of State Colleges v. Roth,2,4560,1665,408 U.S. 564,4,5,3,1.5433867,.31732321,.093625903,.006865859,1972,.28373826,.15648812,-.084066346,.31207174,-.16479702,.021069458
a1965,Perry v. Sindermann,1,2798,118,408 U.S. 593,4,5,3,6.505033,.55692613,.3214843,.085223496,1972,.59730935,.57453901,3.6382849,2.1367853,2.2550497,2.6767066
a1965,Perry v. Sindermann,2,2798,226,408 U.S. 593,4,5,3,2.4914274,.30313456,.27190155,.031218231,1972,.28824067,.24466479,.62717754,.20401707,-.13005161,.23371433
a1966,Gravel v. United States,1,7259,1127,408 U.S. 606,3,5,4,.60755736,.2601707,.098738097,.0094795823,1972,.35740238,.2256304,-.78614891,-.12317734,.40367341,-.16855094
a1966,Gravel v. United States,2,7259,4739,408 U.S. 606,3,5,4,.94392723,.31556815,.1174588,.0061591864,1972,.26431704,.22828758,-.53379583,.29870597,-.31467173,-.18325387
a1966,Gravel v. United States,3,7259,4982,408 U.S. 606,3,5,4,.76668531,.1682203,.077161551,.0090472698,1972,.28422183,.18238276,-.66676718,-.82343227,-.16106527,-.5504216
a1967,Branzburg v. Hayes,1,14045,4892,408 U.S. 665,3,5,4,1.4044536,.27186835,.055558398,.0056885481,1972,.27250832,.84429836,-.18829741,-.034093041,-.25145906,-.15794984
a1967,Branzburg v. Hayes,2,14045,9231,408 U.S. 665,3,5,4,.70658869,.1233275,.025557499,.0034102201,1972,.2063607,.8556143,-.71185315,-1.1653166,-.76192421,-.87969798
a1968,Kleindienst v. Mandel,1,4843,1390,408 U.S. 753,3,6,3,1.1863278,.2425072,.102515,.0062383413,1972,.19326949,.15218931,-.35194084,-.25769496,-.86294979,-.49086186
a1968,Kleindienst v. Mandel,2,4843,3382,408 U.S. 753,3,6,3,.48658577,.1646017,.034837961,.0098388791,1972,.16702318,.094062448,-.87690485,-.85099,-1.0654942,-.93112969
a197,United States v. Spector,1,985,402,343 U.S. 169,2,5,3,1.8230237,.35369754,.21156526,.028848052,1952,.32402462,.27828085,.12572432,.58908308,.14609522,.28696755
a197,United States v. Spector,2,985,2154,343 U.S. 169,2,5,3,1.4904431,.34111899,.1110742,.010324299,1952,.42364842,.331936,-.12378595,.49329025,.91489798,.42813408
a1970,Rosenfeld v. New Jersey,1,384,1905,408 U.S. 901,,,,4.7967539,.47529876,.39636651,.019082665,1972,.46692115,.32665366,2.3566911,1.515146,1.2488362,1.7068911
a1970,Rosenfeld v. New Jersey,2,384,1098,408 U.S. 901,,,,5.3641548,.58279413,.40669584,.027258515,1972,.44828987,.31800801,2.7823694,2.3337848,1.1050575,2.0737371
a1973,O'Brien v. Brown,1,1206,142,409 U.S. 1,9,6,3,3.0348361,.33856434,.25902149,.046605051,1972,.51578605,.41023797,1.0348563,.47383508,1.6259295,1.0448736
a1973,O'Brien v. Brown,2,1206,3273,409 U.S. 1,9,6,3,1.6141835,.22458506,.1203231,.01190424,1972,.33463013,.20700032,-.03095278,-.39418238,.22793859,-.065732189
a1974,Murch v. Mottram,1,1679,35,409 U.S. 41,1,6,3,4.4657564,.56063437,.52104038,.18072093,1972,.82396156,.87266839,2.1083684,2.1650255,4.004138,2.7591772
a1976,Ward v. Village of Monroeville,1,1506,147,409 U.S. 57,4,7,2,4.6838336,.52442205,.19141436,.03442651,1972,.45595753,.38106495,2.2719755,1.889248,1.1642293,1.7751509
a1978,United States v. Jim,1,1002,2390,409 U.S. 80,4,8,1,.65515465,.20600927,.056627601,.011202812,1972,.25584728,.18450278,-.75044024,-.53564763,-.38003337,-.55537373
a1979,Webb v. Texas,1,1127,383,409 U.S. 95,1,7,2,1.6510898,.4662725,.20841131,.023433328,1972,.43852472,.32251799,-.0032647934,1.4464059,1.0296993,.82428014
a198,Stroble v. California,1,5043,1612,343 U.S. 181,1,6,3,1.4081572,.34493995,.09790355,.023790181,1952,.26651448,.19838196,-.18551888,.52238899,-.29771391,.013052071
a198,Stroble v. California,2,5043,312,343 U.S. 181,1,6,3,3.9349761,.36717165,.1717789,.022012115,1952,.48008889,.44306809,1.7101638,.69169611,1.3504524,1.2507708
a1980,Cool v. United States,1,1573,1010,409 U.S. 100,1,6,3,1.9679,.31038389,.1351134,.015699387,1972,.32473296,.24428916,.23441418,.25922483,.15156153,.21506685
a1981,California v. LaRue,1,2828,735,409 U.S. 109,3,6,3,3.6825831,.4125748,.16784316,.01485002,1972,.40187323,.26130903,1.5208123,1.0374671,.74685758,1.1017123
a1981,California v. LaRue,2,2828,221,409 U.S. 109,3,6,3,2.517338,.41977656,.15522116,.024233341,1972,.40169185,.32216865,.64661634,1.0923127,.74545789,.82812899
a1981,California v. LaRue,3,2828,5320,409 U.S. 109,3,6,3,1.3310217,.29841757,.053159829,.010112047,1972,.26522022,.16062975,-.24338791,.16809447,-.30770177,-.12766507
a1982,Union Oil Co. v. San Jacinto,1,1977,1331,409 U.S. 140,8,6,3,.74710947,.1479027,.051782131,.0044708252,1972,.12104958,.14043653,-.68145341,-.97816247,-1.4202751,-1.0266303
a1983,Tidewater Oil Co. v. United States,1,7930,1369,409 U.S. 151,9,6,3,.73294413,.48635423,.1199899,.018378139,1972,.43607193,.30457711,-.69208062,1.5993397,1.0107709,.63934332
a1983,Tidewater Oil Co. v. United States,2,7930,3046,409 U.S. 151,9,6,3,.32840854,.16574781,.02945995,.005014956,1972,.18545049,.11332732,-.99557334,-.84226173,-.92328948,-.92037487
a1986,"National Labor Relations Board v. Granite State Joint Board, Textile Workers Union of America, Local 1029",1,1286,1716,409 U.S. 213,7,8,1,.27837017,.167686,.0428853,.00861305,1972,.22617728,.1839174,-1.0331134,-.82750124,-.60899848,-.82320434
a1987,Ricci v. Chicago Mercantile Exchange,1,6400,292,409 U.S. 289,8,5,4,3.0048628,.61524767,.232907,.029782236,1973,.57712281,.50699389,1.0123695,2.5809371,2.0992689,1.8975252
a1987,Ricci v. Chicago Mercantile Exchange,2,6400,3722,409 U.S. 289,8,5,4,1.627712,.2138299,.0919246,.014309406,1973,.30813289,.17806715,-.020803386,-.47608903,.023457792,-.15781154
a1988,Couch v. United States,1,4382,1781,409 U.S. 322,1,7,2,1.4924339,.29249299,.09264797,.012139082,1973,.32554853,.21851301,-.12229241,.12297538,.15785533,.0528461
a1988,Couch v. United States,2,4382,2563,409 U.S. 322,1,7,2,1.2600884,.24823755,.048284952,.0094463825,1973,.29980153,.20238537,-.29660377,-.21405509,-.040835794,-.18383156
a1989,"Hughes Tool Co. v. Trans World Airlines, Inc.",1,8209,7319,409 U.S. 363,8,6,2,.4786658,.098833203,.03916407,.003881216,1973,.17628098,.10081196,-.88284659,-1.3518547,-.99405122,-1.0762508
a199,Ray v. Blair,1,5610,1386,343 U.S. 214,2,5,2,1.0750797,.30026037,.11394936,.01631546,1952,.24110252,.18455458,-.43540198,.18212843,-.49381953,-.24903102
a1990,United States v. Kras,1,4978,2137,409 U.S. 434,2,5,4,.68873519,.1517923,.051206648,.0057892203,1973,.11548829,.10217011,-.72524726,-.94854087,-1.463192,-1.04566
a1990,United States v. Kras,2,4978,187,409 U.S. 434,2,5,4,7.4647226,.69661242,.45232904,.048211575,1973,.62399232,.68242723,4.3582678,3.2005763,2.4609637,3.339936
a1990,United States v. Kras,3,4978,1771,409 U.S. 434,2,5,4,1.6008509,.25975454,.094001532,.016974866,1973,.30245042,.18818158,-.040955234,-.12634663,-.020394152,-.062565342
a1991,Almota Farmers Elevator & Warehouse Co. v. United States,1,2750,1979,409 U.S. 470,4,5,4,.47909233,.15626609,.049224202,.0059476495,1973,.19050807,.16159946,-.88252658,-.91447037,-.88425988,-.89375228
a1992,United States v. Fuller,1,1786,2983,409 U.S. 488,4,5,4,.8161025,.170527,.049527299,.0059468746,1973,.14498746,.15128303,-.62969315,-.80586547,-1.235545,-.89036787
a1994,Gomez v. Perez,1,1010,291,409 U.S. 535,2,7,2,1.6144195,.3848227,.13552165,.019717574,1973,.40567416,.33366263,-.030775789,.82611901,.77618957,.52384424
a1995,Indiana Employment Security Division v. Burney,1,355,1505,409 U.S. 540,9,7,2,.87001926,.28419447,.22731461,.016366482,1973,.3203519,.23375833,-.58924341,.059777431,.11775263,-.13723779
a20,"Young v. United Parcel Serv., Inc.",1,12721,785,135 S. Ct. 1338,2,6,3,.73382449,.29012716,.117186,.015460014,2015,.31074262,.88678211,-.69142014,.10495825,.043597229,-.18095489
a200,United States v. Atlantic Mutual Insurance,1,1869,2202,343 U.S. 236,8,7,2,.97175527,.28673771,.080727458,.012431026,1952,.37075174,.2657755,-.51291853,.079145662,.50669116,.024306096
a201,Beauharnais v. Illinois,1,5617,2712,343 U.S. 250,3,5,4,1.7910957,.2687625,.075099103,.0099214315,1952,.31227577,.21277052,.10177117,-.057745859,.055428647,.033151317
a201,Beauharnais v. Illinois,2,5617,2524,343 U.S. 250,3,5,4,1.5604551,.1965024,.082794599,.0080506802,1952,.24889696,.1689775,-.071261212,-.60804784,-.43366939,-.37099281
a201,Beauharnais v. Illinois,3,5617,1009,343 U.S. 250,3,5,4,4.1263204,.45425737,.20803946,.016695797,1952,.48259425,.33573776,1.8537151,1.3549038,1.3697865,1.5261351
a201,Beauharnais v. Illinois,4,5617,5903,343 U.S. 250,3,5,4,1.275578,.19744474,.059177041,.0046262741,1952,.21882123,.12349886,-.2849831,-.60087144,-.66576558,-.51720673
a202,Zorach v. Clauson,1,2696,1435,343 U.S. 306,3,6,3,1.4472545,.26033795,.095549002,.0072702169,1952,.27033538,.19835836,-.1561871,-.12190364,-.26822782,-.18210618
a202,Zorach v. Clauson,2,2696,1155,343 U.S. 306,3,6,3,2.1284399,.17175511,.089350462,.011653244,1952,.36232704,.19373393,.35485521,-.79651272,.44167727,6.5863132e-06
a202,Zorach v. Clauson,3,2696,662,343 U.S. 306,3,6,3,.88497984,.32489669,.13027629,.016003549,1952,.38481003,.30232322,-.57801962,.36974818,.61517984,.13563614
a2024,United States v. Mara,1,849,2588,410 U.S. 19,1,6,3,2.2028236,.32035279,.097065799,.012461185,1973,.2602517,.23944557,.41065973,.33514377,-.34604415,.13325311
a2024,United States v. Mara,2,849,6408,410 U.S. 19,1,6,3,1.994985,.37782043,.1013534,.017463505,1973,.26557285,.26478118,.25473398,.77279276,-.30498055,.24084873
a2025,United States v. Glaxo Group Ltd.,1,3621,2306,410 U.S. 52,8,6,3,1.6854515,.26454914,.0991982,.011604965,1973,.32381314,.19064915,.022514228,-.089833029,.14446324,.025714813
a2026,Environmental Protection Agency v. Mink,1,6144,2068,410 U.S. 73,5,5,3,1.6060061,.1814044,.057583101,.009195745,1973,.24400711,.20695388,-.037087668,-.72302783,-.47140461,-.4105067
a2027,Roe v. Wade,1,16408,2238,410 U.S. 113,5,7,2,1.3171483,.27470461,.13650966,.01607734,1973,.28927904,.80625641,-.25379604,-.012493319,-.12203843,-.1294426
a2028,Doe v. Bolton,1,7892,670,410 U.S. 179,5,7,2,2.2390769,.36943686,.1186667,.016876519,1973,.44574183,.30514467,.43785781,.70894706,1.0853941,.74406636
a2028,Doe v. Bolton,2,7892,76,410 U.S. 179,5,7,2,1.5948511,.37131536,.34697413,.067644596,1973,.49142849,.41355878,-.045456436,.72325289,1.4379609,.70525247
a2029,United States v. Florida East Coast Railway Co.,1,6967,3458,410 U.S. 224,9,6,2,1.3193786,.1837291,.0810133,.0056222081,1973,.15249687,.12603557,-.25212282,-.70532387,-1.1775945,-.71168041
a203,Madsen v. Kinsella,1,9412,202,343 U.S. 341,2,8,1,1.9215991,.36511207,.2929374,.024737716,1952,.37311578,.33185518,.19967809,.67601126,.52493459,.46687466
a2030,McGinnis v. Royster,1,4465,2045,410 U.S. 263,4,7,2,1.1308509,.28491557,.063243873,.0059993267,1973,.2645871,.15890509,-.39356101,.065268993,-.31258759,-.21362653
a2031,Chambers v. Mississippi,1,5760,1505,410 U.S. 284,1,8,1,2.0267475,.3319864,.16844356,.018798947,1973,.58027506,.40918916,.27856299,.42374033,2.123595,.94196612
a2031,Chambers v. Mississippi,2,5760,1718,410 U.S. 284,1,8,1,2.1927917,.46563715,.17767626,.02055794,1973,.57508981,.34007424,.40313354,1.4415673,2.0835803,1.309427
a2033,Tacon v. Arizona,1,311,1127,410 U.S. 351,1,6,3,2.5262587,.3839612,.23436581,.023091674,1973,.3147406,.27261949,.65330881,.8195582,.074449889,.51577228
a2035,United States v. Enmons,1,4992,1943,410 U.S. 396,1,5,4,.95932108,.25016916,.0610498,.0067482591,1973,.1896379,.15535402,-.52224696,-.1993448,-.890975,-.53752226
a2037,Department of Motor Vehicles v. Rios,1,526,1039,410 U.S. 425,9,5,4,3.4929461,.56905919,.1304954,.027837157,1973,.37923229,.39320308,1.3785419,2.2291853,.57213604,1.3932878
a2038,Illinois v. Somerville,1,3826,1812,410 U.S. 458,1,5,4,.87338358,.2231783,.036411598,.0063000917,1973,.19881409,.23427659,-.58671945,-.40489566,-.82016176,-.60392565
a2038,Illinois v. Somerville,2,3826,2253,410 U.S. 458,1,5,4,1.2144396,.29416335,.075227499,.011163056,1973,.2579878,.20557261,-.33085066,.13569613,-.36351481,-.18622312
a2039,Braden v. 30th Judicial Circuit Court of Kentucky,1,5136,2968,410 U.S. 484,1,6,3,1.7116562,.19690377,.033328801,.0064146519,1973,.22796202,.14233965,.042173654,-.60499126,-.59522557,-.3860144
a204,Swift & Co. v. United States,1,3592,553,343 U.S. 373,8,6,3,1.9703053,.2461741,.1293727,.013604641,1952,.31723797,.22270387,.23621869,-.22976947,.093722284,.033390503
a204,Swift & Co. v. United States,2,3592,328,343 U.S. 373,8,6,3,2.0926874,.35653645,.20236591,.024980485,1952,.46636122,.36304009,.32803276,.61070299,1.2445152,.7277503
a2040,"Brennan v. Arnheim & Neely, Inc.",1,2801,1203,410 U.S. 512,7,8,1,1.4474002,.16481289,.1052371,.011137605,1973,.17005455,.19814277,-.1560778,-.84938163,-1.0421009,-.68252009
a2041,United States v. Falstaff Brewing Corp.,1,3956,1176,410 U.S. 526,8,5,2,1.2451004,.31047869,.1391335,.017452776,1973,.4468326,.24774766,-.30784822,.25994679,1.0938116,.34863675
a2042,Hurtado v. United States,1,4441,1632,410 U.S. 578,4,7,2,1.8397236,.20334005,.097926743,.0064768791,1973,.29432565,.25430787,.138253,-.55597526,-.083093472,-.16693857
a2043,Bradley v. United States,1,1913,680,410 U.S. 605,1,8,1,5.6401367,.51517862,.25505269,.037874997,1973,.54810125,.45556188,2.989418,1.818854,1.8753078,2.22786
a2044,Linda R. S. v. Richard D.,1,1744,679,410 U.S. 614,2,5,4,.72853321,.3261261,.1446505,.021482944,1973,.27238518,.1941368,-.69538981,.37911078,-.25240937,-.1895628
a2044,Linda R. S. v. Richard D.,2,1744,279,410 U.S. 614,2,5,4,1.8510888,.34498191,.11171997,.019179881,1973,.41785437,.32336366,.14677943,.52270859,.87018496,.5132243
a2045,"United Air Lines, Inc. v. Mahin",1,2840,2320,410 U.S. 623,8,6,3,.48727342,.23703927,.070619799,.008851409,1973,.27200663,.21556854,-.87638897,-.29933643,-.25533065,-.47701868
a2045,"United Air Lines, Inc. v. Mahin",2,2840,299,410 U.S. 623,8,6,3,.51641673,.28209469,.10830784,.012929797,1973,.31696892,.26388109,-.85452491,.043786384,.091645963,-.23969752
a2046,Ohio v. Kentucky,1,3380,1185,410 U.S. 641,11,8,1,.52631974,.1742374,.039219599,.005140543,1973,.22381675,.15220946,-.84709543,-.77760863,-.62721479,-.75063962
a2047,Ortwein v. Schwab,1,1554,64,410 U.S. 656,2,5,4,3.1904147,.62474316,.41582394,.074940383,1973,.71748585,.75795388,1.1515752,2.6532507,3.1824586,2.3290949
a2047,Ortwein v. Schwab,2,1554,770,410 U.S. 656,2,5,4,1.4120736,.26910949,.10346735,.016153038,1973,.29776669,.24590731,-.18258071,-.055103343,-.056538798,-.098074287
a2047,Ortwein v. Schwab,3,1554,99,410 U.S. 656,2,5,4,4.3392186,.4767288,.45230821,.080385566,1973,.71570873,.76034105,2.0134368,1.5260366,3.1687446,2.2360725
a2047,Ortwein v. Schwab,4,1554,489,410 U.S. 656,2,5,4,2.6101661,.52657825,.1658836,.022469282,1973,.58022469,.55121505,.71625823,1.9056686,2.1232064,1.5817111
a2048,Papish v. Board of Curators of the University of Missouri,1,1502,365,410 U.S. 667,3,6,3,2.9885712,.37509143,.20914704,.031176209,1973,.35946119,.32520825,1.0001472,.75200987,.41956133,.72390616
a2048,Papish v. Board of Curators of the University of Missouri,2,1502,1416,410 U.S. 667,3,6,3,1.6996037,.25277579,.078869201,.0099418163,1973,.27540505,.19140548,.03313154,-.17949381,-.22910486,-.12515572
a2049,Marston v. Lewis,1,773,1090,410 U.S. 679,2,6,3,.8141548,.2167307,.1036758,.019942343,1973,.26489884,.19205219,-.63115436,-.45399782,-.31018192,-.46511137
a205,National Labor Relations Board v. American National Insurance,1,4572,968,343 U.S. 395,7,6,3,.97317058,.25440574,.080143802,.012919247,1952,.28246075,.24250185,-.51185673,-.16708082,-.17465562,-.28453106
a2050,Burns v. Fortson,1,287,411,410 U.S. 686,2,6,3,2.2589869,.27605087,.2310348,.0252738,1973,.3109352,.28288019,.45279485,-.0022407759,.045083404,.1652125
a2051,LaVallee v. Delle Rose,1,1601,1938,410 U.S. 690,1,5,4,.82890052,.19062275,.067417301,.011738539,1973,.25399947,.20525926,-.62009174,-.65282482,-.39429298,-.55573654
a2052,Texas v. Louisiana,1,4004,1049,410 U.S. 702,11,8,1,.8459444,.1982633,.07863003,.005707562,1973,.19800204,.15293199,-.60730499,-.59463763,-.82642847,-.67612368
a2053,Salyer Land Co. v. Tulare Lake Basin Water Storage District,1,4480,2207,410 U.S. 719,2,6,3,1.1603987,.2166523,.038222551,.0059736967,1973,.28613758,.16479856,-.3713935,-.45459482,-.14628129,-.32408988
a2054,"Associated Enterprises, Inc. v. Toltec Watershed Improvement District",1,489,1995,410 U.S. 743,2,6,3,.57755506,.24872389,.090333097,.010408282,1973,.21349436,.16734636,-.80865741,-.2103513,-.7068733,-.57529402
a2055,Rosario v. Rockefeller,1,3382,2811,410 U.S. 752,2,5,4,1.6935062,.2132988,.0671326,.0085976124,1973,.23557377,.13189733,.02855709,-.48013371,-.5364852,-.32935393
a2059,San Antonio Independent School District v. Rodriguez,1,17282,243,411 U.S. 1,2,5,4,3.9436495,.4200758,.14889884,.036372304,1973,.35313725,.93513417,1.7166709,1.0945916,.37075916,1.0606738
a2059,San Antonio Independent School District v. Rodriguez,2,17282,2275,411 U.S. 1,2,5,4,.59558266,.1748784,.071697831,.0092597604,1973,.24135292,.89001971,-.79513264,-.77272701,-.49188718,-.68658227
a2059,San Antonio Independent School District v. Rodriguez,3,17282,20505,411 U.S. 1,2,5,4,.33909237,.11601514,.01485443,.0017448068,1973,.11035585,.00034290552,-.98755807,-1.2210044,-1.5027993,-1.2371206
a206,Pennsylvania Water & Power Co. v. Federal Power Commission,1,2401,633,343 U.S. 414,8,6,2,.96116012,.28758276,.094953202,.015269995,1952,.35330188,.3186484,-.52086729,.085581161,.3720296,-.021085508
a2061,Butz v. Glover Livestock Commission Co.,1,2011,690,411 U.S. 182,9,7,2,6.2201977,.45247257,.182854,.026671946,1973,.38819897,.42499924,3.4245942,1.3413115,.64133251,1.8024127
a2062,Lemon v. Kurtzman,1,4774,908,411 U.S. 192,3,5,3,3.9148779,.4218697,.091342002,.013153076,1973,.40593582,.28086334,1.6950856,1.1082531,.77820885,1.1938492
a2063,Davis v. United States,1,3595,4311,411 U.S. 233,1,6,3,1.044934,.1992615,.039491501,.0083147287,1973,.1874392,.17363268,-.458018,-.58703578,-.90794247,-.65099877
a2064,Tollett v. Henderson,1,3304,2858,411 U.S. 258,1,6,3,1.7526182,.26290715,.0578417,.0074467063,1973,.19173431,.16425222,.072904356,-.10233772,-.87479687,-.30141008
a2065,Employees of Department of Public Health v. Department of Public Health,1,2497,7885,411 U.S. 279,7,8,1,1.5644261,.18918841,.063425303,.006221056,1973,.18181747,.12922943,-.068282083,-.66374815,-.95132571,-.56111866
a2066,Hensley v. Municipal Court,1,2659,327,411 U.S. 345,1,6,3,2.0017104,.31292474,.1206502,.023566008,1973,.31665045,.26765108,.25977957,.27857491,.08918833,.20918094
a2067,"Mourning v. Family Publications Service, Inc.",1,6092,1819,411 U.S. 356,8,5,4,3.1738758,.27910531,.13029677,.010798097,1973,.34761709,.31996632,1.1391673,.021020534,.32815972,.49611586
a2068,Palmore v. United States,1,6879,3466,411 U.S. 389,9,8,1,3.2731216,.49381137,.1077192,.014593065,1973,.31406617,.21192461,1.213624,1.6561301,.069245301,.97966647
a2069,United States v. Russell,1,3658,810,411 U.S. 423,1,5,4,.5327515,.29171559,.075164802,.01013881,1973,.23702067,.21111202,-.84227014,.11705509,-.5253194,-.41684482
a2069,United States v. Russell,2,3658,3389,411 U.S. 423,1,5,4,.49509799,.16379,.0308963,.005164206,1973,.19228011,.15318805,-.87051874,-.85717154,-.87058491,-.86609173
a207,Johansen v. United States,1,4263,919,343 U.S. 427,8,5,4,.89467037,.18804216,.048411369,.0063710809,1952,.19696605,.17687285,-.57074958,-.67247742,-.83442324,-.69255006
a2070,Preiser v. Rodriguez,1,7884,8126,411 U.S. 475,1,6,3,.54336411,.16332537,.0270402,.0059688091,1973,.20410311,.14585865,-.83430833,-.86070997,-.77934611,-.82478815
a2071,Georgia v. United States,1,4703,1025,411 U.S. 526,2,6,3,.61313802,.23646951,.0728755,.013736129,1973,.19433588,.14612585,-.78196216,-.30367547,-.85472047,-.64678603
a2071,Georgia v. United States,2,4703,303,411 U.S. 526,2,6,3,1.4940768,.56929719,.14373374,.0222103,1973,.47889513,.27497298,-.12105983,2.2309978,1.34124,1.1503927
a2072,United States v. Cartwright,1,3765,1935,411 U.S. 546,12,6,3,.12684964,.1548388,.050635342,.0048378706,1973,.17262137,.096329629,-1.1467879,-.92534006,-1.0222926,-1.0314735
a2074,Kern County Land Co. v. Occidental Petroleum Corp.,1,7442,4139,411 U.S. 582,8,6,3,.39481893,.10406685,.033578701,.0055860281,1973,.15232152,.10591316,-.94575059,-1.3119975,-1.1789477,-1.1455653
a2075,New Jersey Welfare Rights Organization v. Cahill,1,669,505,411 U.S. 619,2,8,1,1.892319,.29607311,.15404904,.024090886,1973,.34043819,.23758632,.17771137,.15024006,.27275971,.20023705
a2076,"City of Burbank v. Lockheed Air Terminal, Inc.",1,4985,4324,411 U.S. 624,10,5,4,.35341659,.1314251,.039749701,.00529778,1973,.22416794,.096378148,-.97681171,-1.1036488,-.62450463,-.90165502
a2077,United States v. Pennsylvania Industrial Chemical Corp.,1,6657,141,411 U.S. 655,8,6,3,2.4582434,.39968121,.35062709,.046324134,1973,.40097094,.31677943,.60228199,.93927509,.73989451,.76048386
a2079,Moor v. County of Alameda,1,9678,1231,411 U.S. 693,2,8,1,.86939162,.28223056,.097238362,.01143986,1973,.27268142,.223373,-.58971429,.044821106,-.25012332,-.2650055
a208,Public Utilities Commission v. Pollak,1,3929,902,343 U.S. 451,5,6,2,4.8493123,.60914266,.2213227,.048133433,1952,.41227096,.32060784,2.3961217,2.5344439,.82709748,1.919221
a2080,Gulf States Utilities Co. v. Federal Power Commission,1,5040,4289,411 U.S. 747,8,6,3,1.1826764,.1085558,.037504431,.0037225485,1973,.16103476,.10231781,-.35468021,-1.2778116,-1.1117071,-.91473299
a2081,Gagnon v. Scarpelli,1,3898,46,411 U.S. 778,1,8,1,1.1106308,.41111207,.41896003,.10565299,1973,.57563227,.60029769,-.40873069,1.0263276,2.0877664,.90178776
a2087,Hall v. Cole,1,4618,65,412 U.S. 1,6,6,2,3.1178474,.55034441,.40191951,.082439899,1973,.49468446,.50938165,1.0971335,2.0866616,1.4630873,1.5489608
a2088,Chaffin v. Stynchcombe,1,5863,73,412 U.S. 17,1,5,4,1.2060589,.4028922,.2735455,.059767604,1973,.44657928,.49775338,-.33713812,.96372861,1.0918567,.57281572
a2088,Chaffin v. Stynchcombe,2,5863,749,412 U.S. 17,1,5,4,1.4271557,.27686489,.076650441,.014476538,1973,.24730492,.29413402,-.17126572,.0039584571,-.44595525,-.20442083
a2088,Chaffin v. Stynchcombe,3,5863,3037,412 U.S. 17,1,5,4,1.6101786,.16349719,.0391079,.0081682205,1973,.21424162,.18992043,-.033957396,-.8594014,-.70110661,-.53148848
a2089,Michigan v. Payne,1,3434,301,412 U.S. 47,1,6,3,4.0706763,.51645947,.22388196,.025086164,1973,.46939576,.45624286,1.8119695,1.8286084,1.2679329,1.6361703
a2089,Michigan v. Payne,2,3434,2490,412 U.S. 47,1,6,3,2.0113578,.22065569,.036907852,.007170558,1973,.21329796,.16807288,.26701728,-.42410672,-.70838892,-.2884928
a209,Federal Trade Commission v. Ruberoid Co.,1,2816,4252,343 U.S. 470,8,7,1,3.9885693,.43518409,.1177759,.023208618,1952,.32628733,.32692122,1.7503707,1.2096498,.16355669,1.0411924
a2090,National Labor Relations Board v. Boeing Co.,1,3614,282,412 U.S. 67,7,6,3,.94840211,.37636629,.15662706,.035653412,1973,.43082118,.36748755,-.53043866,.76171857,.97025061,.40051016
a2090,National Labor Relations Board v. Boeing Co.,2,3614,1402,412 U.S. 67,7,6,3,.86575055,.21681017,.04352593,.013081789,1973,.17755258,.18728065,-.59244591,-.45339262,-.98423815,-.67669225
a2092,"Columbia Broadcasting System, Inc. v. Democratic National Committee",1,11058,11353,412 U.S. 94,3,7,2,1.2189275,.12819409,.016155601,.0048952103,1973,.15879869,.00044357777,-.32748374,-1.1282548,-1.128963,-.86156714
a2093,Keeble v. United States,1,3130,1008,412 U.S. 205,2,6,3,1.8834682,.2074293,.084961802,.0074797869,1973,.21310943,.15310556,.17107126,-.52483326,-.70984381,-.35453528
a2094,Schneckloth v. Bustamonte,1,9939,270,412 U.S. 218,1,6,3,1.5201514,.51030427,.18843687,.028963506,1973,.43636465,.37367171,-.10149807,1.781733,1.0130299,.89775497
a2094,Schneckloth v. Bustamonte,2,9939,231,412 U.S. 218,1,6,3,1.4544103,.49208266,.18240154,.035092831,1973,.37494183,.41642064,-.15081865,1.642965,.53902632,.67705756
a2094,Schneckloth v. Bustamonte,3,9939,4407,412 U.S. 218,1,6,3,.64318877,.16240954,.042614639,.0075205564,1973,.20523858,.13264889,-.75941736,-.86768448,-.77058363,-.79922849
a2095,Cupp v. Murphy,1,1494,1303,412 U.S. 291,1,7,2,.76209903,.2567865,.077992439,.012336016,1973,.24853736,.24733377,-.67020792,-.14894998,-.4364444,-.4185341
a2095,Cupp v. Murphy,2,1494,181,412 U.S. 291,1,7,2,2.1149683,.43202969,.1890845,.030221701,1973,.39121646,.40826797,.34474847,1.1856273,.66461861,.73166478
a2096,Doe v. McMillan,1,5466,2249,412 U.S. 306,8,5,4,.89615053,.19697315,.074448399,.0085545182,1973,.26395524,.18989265,-.56963909,-.60446292,-.31746376,-.4971886
a2097,United States v. State Tax Commission,1,5646,3220,412 U.S. 363,10,7,2,1.4416503,.2192872,.048939299,.0054905415,1973,.23207903,.17740178,-.16039155,-.43452859,-.56345433,-.38612482
a2098,"United States v. Chicago, Burlington & Quincy Railroad",1,4559,352,412 U.S. 401,12,6,2,1.212097,.28095233,.30024743,.014519751,1973,.3347587,.30878097,-.33260813,.035086714,.22893076,-.022863554
a2098,"United States v. Chicago, Burlington & Quincy Railroad",2,4559,2985,412 U.S. 401,12,6,2,.5911696,.065008759,.025521461,.0029886961,1973,.11152691,.11031145,-.79844344,-1.6094472,-1.4937621,-1.3005509
a2099,Vlandis v. Kline,1,4038,1351,412 U.S. 441,4,6,3,2.1746528,.40889779,.12142015,.027024925,1973,.30291945,.23640788,.38952529,1.0094646,-.016774628,.46073842
a2099,Vlandis v. Kline,2,4038,1729,412 U.S. 441,4,6,3,1.3233215,.29421031,.066395402,.012452781,1973,.30595279,.21106243,-.24916479,.13605383,.0066338354,-.035492375
a21,Rodriguez v. United States,1,2565,3758,135 S. Ct. 1609,1,6,3,.95888925,.19604254,.044860501,.0040529966,2015,.22143364,.13249791,-.52257097,-.61154997,-.64560544,-.59324211
a21,Rodriguez v. United States,2,2565,1022,135 S. Ct. 1609,1,6,3,1.0560412,.27864781,.0615816,.0092446804,2015,.29069263,.23400867,-.4496851,.017536445,-.11112972,-.1810928
a2101,City of Kenosha v. Bruno,1,2471,174,412 U.S. 507,9,9,0,3.269623,.46646059,.2389778,.040021002,1973,.49951583,.46919167,1.2109994,1.4478383,1.5003712,1.386403
a2101,City of Kenosha v. Bruno,2,2471,876,412 U.S. 507,9,9,0,6.2875328,.52738833,.28942686,.030572772,1973,.63834655,.51390749,3.4751108,1.9118379,2.5717361,2.652895
a2102,Goldstein v. California,1,7639,1206,412 U.S. 546,8,5,4,1.5300945,.24153911,.076858163,.0075235367,1973,.32490236,.21805072,-.094038479,-.26506758,.15286878,-.068745762
a2105,United States v. Students Challenging Regulatory Agency Procedures,1,9121,6125,412 U.S. 669,8,6,2,1.7643229,.2318231,.17474499,.013053358,1973,.33765352,.20284122,.081685506,-.33906052,.25127023,-.0020349249
a2105,United States v. Students Challenging Regulatory Agency Procedures,2,9121,597,412 U.S. 669,8,6,2,1.3479551,.41366541,.1343887,.01813817,1973,.43836284,.27000737,-.23068401,1.0457728,1.02845,.61451292
a2109,Barnes v. United States,1,3304,1364,412 U.S. 837,4,6,3,2.1347148,.34841129,.1103729,.011449933,1973,.31749392,.22818613,.35956281,.54882532,.095697403,.33469519
a2109,Barnes v. United States,2,3304,484,412 U.S. 837,4,6,3,1.1502246,.2626735,.14693695,.020958424,1973,.31441182,.23413402,-.37902641,-.1041171,.071912684,-.13707694
a2114,Miller v. California,1,6861,3219,413 U.S. 15,3,5,4,.8848176,.30673239,.056429699,.0092585087,1973,.25371855,.16759741,-.57814133,.23141657,-.39646083,-.24772853
a2114,Miller v. California,2,6861,436,413 U.S. 15,3,5,4,1.3040988,.27749157,.14683926,.02382493,1973,.35895044,.28556854,-.26358607,.0087310094,.41561982,.053588253
a2115,Paris Adult Theatre I v. Slaton,1,6313,1103,413 U.S. 49,3,5,4,2.2246492,.38394886,.1640138,.026865542,1973,.49720436,.36777788,.42703381,.81946427,1.4825336,.90967721
a2115,Paris Adult Theatre I v. Slaton,2,6313,13149,413 U.S. 49,3,5,4,1.2592895,.24431559,.040908899,.0044662952,1973,.24519145,.83246499,-.29720315,-.24392304,-.46226496,-.33446372
a2116,Kaplan v. California,1,2192,62,413 U.S. 115,3,5,4,.85422111,.51055259,.53427446,.10001045,1973,.64809239,.47471952,-.60109562,1.7836241,2.6469452,1.2764912
a2117,United States v. 12 200-ft. Reels of Super 8mm. Film,1,2113,2373,413 U.S. 123,3,5,4,4.3807478,.45088771,.21713211,.02153188,1973,.51486659,.32000947,2.0445929,1.3292419,1.618834,1.664223
a2117,United States v. 12 200-ft. Reels of Super 8mm. Film,2,2113,275,413 U.S. 123,3,5,4,1.9581262,.27173483,.084699869,.015872717,1973,.36661041,.25641584,.2270816,-.035109829,.47473228,.22223468
a2118,United States v. Orito,1,1829,451,413 U.S. 139,3,5,4,1.78379,.33810911,.16996765,.036940455,1973,.27197212,.24755108,.096290216,.47036827,-.255597,.10368716
a2118,United States v. Orito,2,1829,332,413 U.S. 139,3,5,4,1.567693,.28379771,.086750567,.01473105,1973,.2666986,.23672283,-.065831155,.056755889,-.29629305,-.10178944
a2119,Colgrove v. Battin,1,5764,322,413 U.S. 149,9,5,4,3.4541919,.39486119,.1779611,.020409048,1973,.26244467,.29406953,1.3494675,.90256786,-.32912084,.64097154
a2119,Colgrove v. Battin,2,5764,7414,413 U.S. 149,9,5,4,1.788765,.14897513,.027040999,.006490469,1973,.15144718,.11946309,.10002256,-.9699952,-1.1856951,-.68522257
a2119,Colgrove v. Battin,3,5764,81,413 U.S. 149,9,5,4,6.5948825,.54725361,.37301093,.070210218,1973,.53418869,.57010365,3.7056921,2.0631235,1.7679437,2.512253
a212,Youngstown Sheet & Tube Co. v. Sawyer,1,3246,12771,343 U.S. 579,13,6,3,.25997865,.1550163,.056842569,.005736351,1952,.20751297,.96822715,-1.0469111,-.92398828,-.75303203,-.90797716
a2120,Keyes v. School District No. 1,1,7910,3501,413 U.S. 189,2,7,1,1.239221,.138006,.041075051,.0072468519,1973,.27755624,.1305995,-.31225908,-1.0535314,-.212504,-.52609813
a2121,Almeida-Sanchez v. United States,1,2355,4710,413 U.S. 266,1,5,4,.53267527,.22682154,.039172351,.0037394762,1973,.19549292,.12965155,-.84232736,-.37715027,-.84579146,-.68842304
a2122,United States v. Ash,1,6472,6081,413 U.S. 300,1,6,3,.57722145,.12036294,.039987739,.0068143606,1973,.16840339,.11531299,-.80890769,-1.1878935,-1.0548429,-1.0172148
a2123,National Ass'n for the Advancement of Colored People v. New York,1,7417,1025,413 U.S. 345,2,6,2,1.8507241,.37939453,.09091574,.015533447,1973,.33687866,.24186832,.14650586,.78478038,.24529059,.39219227
a2123,National Ass'n for the Advancement of Colored People v. New York,2,7417,798,413 U.S. 345,2,6,2,1.5992892,.32754576,.094861448,.014892459,1973,.30246377,.19871747,-.042126905,.38992235,-.020291118,.10916811
a2124,Pittsburgh Press Co. v. Pittsburgh Commission on Human Relations,1,4303,1179,413 U.S. 376,3,5,4,.20743759,.1762391,.081934601,.011352599,1973,.1857006,.13107812,-1.0863287,-.76236451,-.92135942,-.92335087
a2124,Pittsburgh Press Co. v. Pittsburgh Commission on Human Relations,2,4303,937,413 U.S. 376,3,5,4,1.5894101,.42909086,.2000768,.021709442,1973,.31864178,.2115823,-.049538463,1.1632464,.10455555,.40608782
a2124,Pittsburgh Press Co. v. Pittsburgh Commission on Human Relations,3,4303,1306,413 U.S. 376,3,5,4,.89271033,.3125557,.097176999,.012471914,1973,.27899599,.18131447,-.57222003,.27576444,-.20139335,-.16594964
a2124,Pittsburgh Press Co. v. Pittsburgh Commission on Human Relations,4,4303,43,413 U.S. 376,3,5,4,5.9996023,.74097908,.52570122,.12767363,1973,.82189333,.75275129,3.2590981,3.5384538,3.9881775,3.5952432
a2125,New York State Department of Social Services v. Dublino,1,5439,3032,413 U.S. 405,2,7,2,.8045035,.1727169,.0422219,.0052990317,1973,.22292519,.15586835,-.63839501,-.78918809,-.63409507,-.68722606
a2126,Cady v. Dombrowski,1,4904,1457,413 U.S. 433,1,5,4,1.8763885,.23523235,.071757801,.009188056,1973,.2770012,.28467309,.16575997,-.31309712,-.21678726,-.12137481
a2127,Heller v. New York,1,3197,65,413 U.S. 483,3,5,4,2.1460176,.50964659,.46358761,.072924018,1973,.5940944,.5896548,.36804238,1.7767245,2.2302396,1.4583355
a2127,Heller v. New York,2,3197,213,413 U.S. 483,3,5,4,.52304131,.28076816,.15393659,.026060343,1973,.29992628,.31533372,-.84955496,.03368409,-.039873071,-.28524798
a2129,United States Department of Agriculture v. Murry,1,1830,782,413 U.S. 508,2,5,4,.2942923,.1878494,.13206583,.024500608,1973,.30607802,.23000365,-1.0211682,-.67394543,.0076002376,-.56250447
a2129,United States Department of Agriculture v. Murry,2,1830,1501,413 U.S. 508,2,5,4,.34073657,.19929695,.1309949,.019411445,1973,.37329638,.16365635,-.98632455,-.58676577,.52632833,-.34892067
a213,Kawakita v. United States,1,8752,236,343 U.S. 717,1,4,3,.97127742,.25042829,.12525314,.020118833,1952,.29694164,.24941266,-.51327705,-.19737136,-.062905736,-.25785139
a2130,United States Department of Agriculture v. Moreno,1,2913,620,413 U.S. 528,2,7,2,.73384374,.33638954,.1007388,.022450745,1973,.31484604,.2231167,-.69140571,.4572728,.075263582,-.052956443
a2131,United States Civil Service Commission v. National Ass'n of Letter Carriers,1,14391,1649,413 U.S. 548,3,6,3,1.5870999,.28098989,.078872137,.011460304,1973,.29578954,.9018569,-.051271599,.035372686,-.071796544,-.029231818
a2132,Broadrick v. Oklahoma,1,5405,870,413 U.S. 601,3,5,4,3.0942626,.53570575,.23932789,.025764644,1973,.43098062,.27880442,1.0794395,1.9751798,.97148103,1.3420334
a2132,Broadrick v. Oklahoma,2,5405,3872,413 U.S. 601,3,5,4,1.188292,.15055144,.041833758,.0063766241,1973,.15755486,.10541672,-.35046723,-.95799077,-1.1385617,-.81567323
a2133,Sugarman v. Dougall,1,4485,4493,413 U.S. 634,2,8,1,1.8429317,.31529579,.065241598,.0071411133,1973,.32561809,.23921776,.14065984,.29663175,.15839212,.19856124
a2134,Gosa v. Mayden,1,5934,176,413 U.S. 665,1,5,4,1.6988088,.37236249,.16431969,.036902547,1973,.46529371,.34376258,.032535195,.7312274,1.2362771,.66667992
a2134,Gosa v. Mayden,2,5934,7765,413 U.S. 665,1,5,4,.6646021,.23798659,.034181699,.0031905174,1973,.26687086,.15107191,-.74335253,-.29212201,-.29496375,-.44347942
a2135,In re Griffiths,1,3929,1307,413 U.S. 717,2,7,2,3.0490289,.3919794,.15037879,.01687932,1973,.2879048,.27218419,1.0455041,.88062137,-.13264355,.59782732
a2136,Hunt v. McNair,1,4258,1819,413 U.S. 734,3,6,3,1.7385657,.1669897,.039542399,.0070661306,1973,.2244826,.12426496,.06236181,-.83280402,-.62207645,-.4641729
a2137,Committee for Public Education & Religious Liberty v. Nyquist,1,12211,2398,413 U.S. 756,3,6,3,.8969416,.15829265,.041899201,.0042526722,1973,.26375729,.88211614,-.5690456,-.899037,-.31899133,-.59569132
a2137,Committee for Public Education & Religious Liberty v. Nyquist,2,12211,3177,413 U.S. 756,3,6,3,1.281379,.20980453,.056801099,.0084962845,1973,.25204158,.85248923,-.2806311,-.5067445,-.40940216,-.39892593
a2138,Alexander v. Virginia,1,160,58,413 U.S. 836,3,5,4,2.2539451,.1165125,.35775909,.06891191,1973,.29612035,.39699346,.44901234,-1.2172167,-.069243699,-.27914935
a214,On Lee v. United States,1,3147,1266,343 U.S. 747,1,5,4,3.0638626,.48109579,.20598197,.022529185,1952,.53361964,.38692427,1.0566326,1.5592937,1.7635524,1.4598262
a214,On Lee v. United States,2,3147,846,343 U.S. 747,1,5,4,3.3096771,.40113443,.17013609,.019120932,1952,.55131316,.41477519,1.2410489,.95034218,1.9000943,1.3638284
a214,On Lee v. United States,3,3147,666,343 U.S. 747,1,5,4,1.1604016,.2250178,.075435601,.016551971,1952,.32936132,.18676001,-.37139136,-.39088678,.18727887,-.19166642
a2141,Miller v. United States,1,147,190,413 U.S. 913,,,,3.600879,.5198096,.19489621,.051940918,1973,.4198516,.36942548,1.4595158,1.8541216,.88559771,1.399745
a2142,Plummer v. City of Columbus,1,310,44,414 U.S. 2,3,5,4,4.3153124,.45495987,.43738201,.13873184,1973,.66017473,.63520205,1.9955016,1.3602537,2.7401855,2.0319803
a2142,Plummer v. City of Columbus,2,310,217,414 U.S. 2,3,5,4,4.0986662,.4837873,.25287279,.032391787,1973,.47716266,.47069103,1.8329682,1.5797911,1.3278705,1.58021
a2143,United States Immigration & Naturalization Service v. Hibi,1,1308,851,414 U.S. 5,2,6,3,.82367545,.21139336,.068618998,.0093195438,1973,.2563175,.19575053,-.6240117,-.49464473,-.37640464,-.49835369
a2144,Musser v. United States,1,2939,947,414 U.S. 31,3,6,3,.1821873,.14720166,.049898598,.011770964,1973,.23079807,.17697459,-1.1052722,-.98350126,-.57333958,-.887371
a2146,Kusper v. Pontikes,1,3063,1253,414 U.S. 51,2,7,2,1.461913,.2398354,.078739703,.015452027,1973,.35569358,.22539389,-.14518996,-.27804232,.39048645,-.010915275
a2146,Kusper v. Pontikes,2,3063,1305,414 U.S. 51,2,7,2,1.7927085,.21776277,.1167718,.023520589,1973,.35331047,.21362954,.10298112,-.44613799,.37209582,.0096463161
a2147,Espinoza v. Farah Manufacturing Co.,1,2856,851,414 U.S. 86,2,8,1,.78946066,.28373539,.078210652,.015983462,1973,.28173953,.21433014,-.6496805,.05628131,-.18022127,-.25787348
a2148,"Paschall v. Christie-Stewart, Inc.",1,749,569,414 U.S. 100,9,7,2,1.6714721,.379058,.1455843,.027668953,1973,.24481261,.22556907,.012026506,.78221756,-.46518853,.10968518
a2149,Hess v. Indiana,1,1215,882,414 U.S. 105,3,6,3,2.2686307,.25826585,.1842401,.021478474,1973,.43610072,.33656156,.46002987,-.13768382,1.0109931,.44444638
a215,Brotherhood of Railroad Trainmen v. Howard,1,1796,1019,343 U.S. 768,2,6,3,1.0196145,.31550133,.079529501,.0091827512,1952,.29873669,.18374717,-.47701338,.29819712,-.049053203,-.075956486
a2150,Chicago Mercantile Exchange v. Deaktor,1,791,28,414 U.S. 113,9,8,1,4.7608194,.67712301,.48103046,.12842333,1973,.81921631,.83611304,2.3297322,3.0521533,3.9675188,3.1164682
a2151,Cupp v. Naughten,1,2492,1822,414 U.S. 141,1,6,3,2.3703394,.26641881,.058284398,.0064353943,1973,.20437229,.19897479,.53633428,-.075594358,-.77726889,-.10550965
a2153,United States v. Robinson,1,5563,7208,414 U.S. 218,1,6,3,.99924076,.11223555,.032227401,.003677845,1973,.23302948,.10633951,-.49229825,-1.2497882,-.55611962,-.7660687
a2154,Gustafson v. Florida,1,1802,591,414 U.S. 260,1,6,3,.48722568,.17727804,.076531649,.0124349,1973,.23351312,.19623429,-.87642473,-.75445241,-.55238736,-.72775483
a2155,National Labor Relations Board v. Savair Manufacturing Co.,1,3555,3292,414 U.S. 270,7,6,3,1.390537,.15161204,.0304996,.0046969652,1973,.20900756,.14939785,-.19873799,-.94991368,-.74149817,-.63004994
a2156,Zahn v. International Paper Co.,1,3763,3211,414 U.S. 291,9,6,3,.94094479,.23946685,.048556749,.0093398094,1973,.27260095,.19605869,-.53603333,-.28084904,-.25074428,-.35587555
a2157,Bonelli Cattle Co. v. Arizona,1,5872,1548,414 U.S. 313,10,7,1,.58930099,.1560035,.061307549,.0089272857,1973,.2675423,.21748453,-.79984528,-.91647017,-.28978214,-.6686992
a2158,United States v. Calandra,1,5222,3281,414 U.S. 338,1,6,3,.89084619,.24929935,.062291499,.009406209,1974,.26452911,.17798728,-.57361853,-.2059689,-.31303513,-.36420751
a2159,Gateway Coal Co. v. United Mine Workers,1,5697,2275,414 U.S. 368,7,8,1,1.5365987,.22710431,.063320503,.0080134273,1974,.27663183,.20870155,-.089158885,-.37499684,-.21963771,-.22793114
a216,Leland v. Oregon,1,3293,1698,343 U.S. 790,4,7,2,1.6083597,.32926369,.079809897,.01712209,1952,.27421933,.18380713,-.035321977,.40300533,-.2382551,.043142751
a2160,United States v. Maze,1,3274,742,414 U.S. 395,1,5,4,1.3628772,.49383163,.14924854,.024966955,1974,.40136111,.28113025,-.21948905,1.6562845,.7429055,.72656697
a2160,United States v. Maze,2,3274,2842,414 U.S. 395,1,5,4,.73577058,.25176421,.06895256,.0070090294,1974,.22044277,.13695645,-.68996018,-.18719758,-.65325201,-.5101366
a2161,Marshall v. United States,1,3945,3525,414 U.S. 417,4,6,3,.96544975,.16477939,.030426741,.005194068,1974,.19111896,.11342257,-.51764911,-.84963673,-.87954563,-.74894381
a2163,National Railroad Passenger Corp. v. National Ass'n of Railroad Passengers,1,3591,2289,414 U.S. 453,8,7,1,.92076904,.22958493,.038964499,.0081330538,1974,.22753119,.11491024,-.55116969,-.35610545,-.5985502,-.5019418
a2164,Vachon v. New Hampshire,1,793,2220,414 U.S. 478,4,6,3,2.8579977,.24428463,.10667527,.013251841,1974,.23388183,.17819655,.90218771,-.24415885,-.54954201,.036162283
a2165,O'Shea v. Littleton,1,4383,2489,414 U.S. 488,9,6,3,1.5128608,.2253608,.052628301,.0060833693,1974,.17158484,.13297027,-.10696766,-.38827467,-1.0302916,-.5085113
a2166,O'Brien v. Skinner,1,1993,810,414 U.S. 524,2,7,2,1.481017,.32342249,.14387,.024682462,1974,.37148583,.2604329,-.13085766,.35852128,.51235616,.24667326
a2169,"Sea-Land Services, Inc. v. Gaudet",1,7503,6039,414 U.S. 573,8,5,4,.82629567,.1129968,.037413951,.0059745908,1974,.21789342,.13341582,-.62204599,-1.2439908,-.67292547,-.84632075
a2170,Cleveland Board of Education v. LaFleur,1,5472,1014,414 U.S. 632,2,7,2,2.9235747,.44685161,.1655239,.013689935,1974,.3363831,.23820204,.9513852,1.2985047,.24146639,.83045208
a2198,West v. Texas,1,135,266,414 U.S. 961,,,,1.0002596,.227753,.20027477,.060328364,1973,.31172353,.29883021,-.49153385,-.37005669,.051167,-.27014118
a2199,Roth v. New Jersey,1,134,353,414 U.S. 962,,,,.19234386,.34407383,.22495794,.082915068,1973,.3319813,.31019455,-1.0976524,.51579309,.20749742,-.12478731
a22,Williams-Yulee v. Fla. Bar,1,4347,1657,135 S. Ct. 1656,3,5,4,1.7694212,.3404983,.10133004,.0099669099,2015,.31763852,.30581224,.08551041,.48856333,.096813299,.22362901
a22,Williams-Yulee v. Fla. Bar,2,4347,372,135 S. Ct. 1656,3,5,4,1.337068,.278584,.13631743,.018699467,2015,.34367734,.2668165,-.23885182,.01705052,.29775646,.02531839
a2200,Harding v. United States,1,137,276,414 U.S. 964,,,,1.3713603,.28364277,.2218052,.049598575,1973,.30589819,.35724795,-.21312486,.055575915,.0062125004,-.050445482
a2201,McCrary v. Oklahoma,1,135,278,414 U.S. 966,,,,1.2631941,.19443069,.26147819,.084677219,1973,.35305399,.35027087,-.29427385,-.62382513,.37011656,-.1826608
a2202,"Cherokee News & Arcade, Inc. v. Oklahoma",1,135,299,414 U.S. 967,,,,1.0706409,.24089199,.18871605,.06697762,1973,.30825859,.31062156,-.43873206,-.26999572,.024427874,-.22809997
a2203,Groner v. United States,1,138,322,414 U.S. 969,,,,1.2879288,.2212341,.33046097,.048518658,1973,.31150895,.33886784,-.27571723,-.41970184,.049511097,-.21530266
a2206,Little Art Corp. v. Nebraska,1,136,366,414 U.S. 992,,,,1.0390482,.25031847,.24356806,.056803226,1973,.31361222,.30129701,-.4624337,-.19820772,.06574215,-.19829975
a2207,"Gay Times, Inc. v. Louisiana",1,136,295,414 U.S. 994,,,,1.0214425,.28447413,.18921405,.066161335,1973,.31007278,.28270173,-.47564191,.061907239,.038428061,-.12510221
a2210,Eakes v. South Dakota,1,138,325,414 U.S. 1017,,,,1.0537039,.30971956,.22564185,.072217703,1973,.33678544,.27682012,-.45143864,.25416562,.24457121,.015766064
a2220,Sharp v. Texas,1,135,416,414 U.S. 1118,,,,.98755711,.35949755,.30437881,.056708694,1974,.40495753,.31130463,-.50106359,.63325346,.77065933,.30094972
a2221,Splawn v. California,1,137,263,414 U.S. 1120,,,,.99353248,.21376701,.20790149,.062490165,1974,.3080973,.33394003,-.49658072,-.47656801,.023183187,-.31665519
a2222,Nissinoff v. California,1,139,241,414 U.S. 1122,,,,.81026715,.23218435,.27119249,.07026422,1974,.32104373,.3706938,-.63407099,-.3363094,.12309153,-.28242964
a2224,Little Art Corp. v. Nebraska,1,134,449,414 U.S. 1151,,,,1.0623935,.25074434,.15841913,.055248857,1974,.34889936,.3005386,-.44491944,-.19496444,.3380551,-.10060959
a2226,Schlesinger v. Holtzman,1,381,1457,414 U.S. 1321,,,,.7170195,.41329199,.35187891,.032279849,1973,.44653201,.39978516,-.70402771,1.0429289,1.0914921,.47679776
a2227,Renegotiation Board v. Bannercraft Clothing Co.,1,7417,2883,415 U.S. 1,5,5,4,.57844079,.1957877,.032080401,.0067218542,1974,.14619106,.11289197,-.80799288,-.61349076,-1.2262568,-.88258016
a2228,Sampson v. Murray,1,9359,1562,415 U.S. 61,1,6,3,2.4205768,.50572616,.11820567,.010513306,1974,.28118348,.21893972,.5740236,1.7468681,-.18451236,.71212643
a2228,Sampson v. Murray,2,9359,1945,415 U.S. 61,1,6,3,1.3236082,.26104289,.064291,.0073305964,1974,.27849174,.15852666,-.24894971,-.11653508,-.20528473,-.19025651
a2229,Windward Shipping (London) Ltd. v. American Radio Ass'n,1,3219,2627,415 U.S. 104,10,6,3,.32105425,.1464211,.027845141,.0059904456,1974,.20495045,.14826679,-1.0010908,-.98944563,-.77280712,-.9211145
a223,Arrowsmith v. Commissioner,1,786,153,344 U.S. 6,12,6,3,2.6892807,.37119657,.31295717,.036722124,1952,.44876629,.44529456,.77561206,.72234821,1.1087341,.86889815
a223,Arrowsmith v. Commissioner,2,786,701,344 U.S. 6,12,6,3,.78695679,.29107535,.17349446,.023945808,1952,.31156862,.29162127,-.651559,.11217926,.049971532,-.16313607
a2230,Lewis v. City of New Orleans,1,1160,1810,415 U.S. 130,3,6,3,.58141911,.2242602,.0422226,.0087756515,1974,.24956632,.18115228,-.80575848,-.39665636,-.4285039,-.5436396
a2231,United States v. Kahn,1,4471,1845,415 U.S. 143,1,6,3,2.5077722,.19557846,.073055498,.012936354,1974,.26732361,.2472297,.63943976,-.61508423,-.29146978,-.089038081
a2232,United States v. Matlock,1,4161,3259,415 U.S. 164,1,6,3,4.2345462,.43267441,.18702251,.018338442,1974,.50803924,.32511276,1.9349089,1.1905372,1.5661469,1.5638644
a2232,United States v. Matlock,2,4161,133,415 U.S. 164,1,6,3,3.1323447,.40667653,.3067269,.043745518,1974,.55680192,.48366261,1.1080097,.99254847,1.9424514,1.3476698
a2233,United States v. Kahan,1,1242,926,415 U.S. 239,1,6,3,1.8656875,.41409487,.1093126,.020231247,1974,.3282721,.28118491,.15773177,1.0490433,.17887332,.4618828
a2233,United States v. Kahan,2,1242,941,415 U.S. 239,1,6,3,2.2794063,.3756099,.098756433,.012327552,1974,.27214074,.23403507,.46811399,.75595832,-.25429571,.32325888
a2234,Memorial Hospital v. Maricopa County,1,7900,3687,415 U.S. 250,2,8,1,.684681,.15547717,.047243059,.0038449764,1974,.16396767,.11452281,-.72828883,-.92047852,-1.0890737,-.91261369
a2235,Mississippi v. Arkansas,1,1493,2246,415 U.S. 289,11,8,1,.75559956,.20616335,.0637604,.010427177,1974,.21385407,.1818471,-.67508394,-.53447425,-.70409739,-.63788521
a2239,Johnson v. Robison,1,7424,1342,415 U.S. 361,2,8,1,3.4129949,.3121129,.10324097,.015506864,1974,.44920057,.28954703,1.3185605,.27239224,1.1120855,.90101272
a224,Nathanson v. National Labor Relations Board,1,1590,571,344 U.S. 25,12,7,2,.57894892,.44707081,.1765416,.0175156,1952,.34789121,.26735455,-.8076117,1.300174,.33027512,.27427915
a2240,"Teleprompter Corp. v. Columbia Broadcasting System, Inc.",1,5999,2127,415 U.S. 394,8,6,3,.47834882,.1828004,.055635329,.0076389909,1974,.2426309,.16714698,-.88308442,-.7123965,-.48202491,-.69250196
a2242,DeMarco v. United States,1,428,289,415 U.S. 449,1,6,3,3.5106604,.45805556,.25573385,.036279976,1974,.40094566,.44079953,1.3918316,1.3838291,.73969948,1.1717868
a2244,United States v. General Dynamics Corp.,1,7001,5086,415 U.S. 486,8,5,4,.83624405,.115318,.0323673,.0046376586,1974,.15046531,.088926792,-.61458242,-1.2263136,-1.1932722,-1.0113894
a2245,Hagans v. Lavine,1,7013,563,415 U.S. 528,2,6,3,3.1652579,.4196178,.11782897,.021976113,1974,.52131629,.53724563,1.132702,1.0911037,1.6686066,1.2974708
a2245,Hagans v. Lavine,2,7013,4355,415 U.S. 528,2,6,3,.79134506,.18670166,.043678999,.0091440678,1974,.1942755,.12947333,-.64826679,-.68268615,-.8551864,-.7287131
a2246,Smith v. Goguen,1,5220,271,415 U.S. 566,3,6,3,2.5139792,.27950919,.1518382,.021010756,1974,.3765285,.27313149,.64409643,.024096319,.55127078,.40648785
a2246,Smith v. Goguen,2,5220,3865,415 U.S. 566,3,6,3,3.1322904,.24683011,.1052226,.010678947,1974,.34368736,.1895889,1.1079689,-.22477359,.29783371,.39367634
a2247,Mayor of Philadelphia v. Educational Equality League,1,8399,4931,415 U.S. 605,2,5,4,1.0142611,.123314,.0392881,.0057790875,1974,.25906444,.099432111,-.48102957,-1.1654195,-.35520634,-.66721845
a2248,Edelman v. Jordan,1,8822,2744,415 U.S. 651,2,5,4,1.870344,.25440145,.038795348,.0055414438,1974,.23790842,.12255073,.16122523,-.16711351,-.51846856,-.17478561
a2248,Edelman v. Jordan,2,8822,290,415 U.S. 651,2,5,4,2.2525985,.29844344,.1723159,.017033279,1974,.37193352,.33198613,.4480021,.16829148,.51581103,.37736821
a2248,Edelman v. Jordan,3,8822,2555,415 U.S. 651,2,5,4,2.0060022,.25917721,.051671501,.0073459148,1974,.30393761,.1649729,.26299936,-.13074334,-.0089173773,.041112881
a2249,Eaton v. City of Tulsa,1,786,2094,415 U.S. 697,1,6,3,.85666007,.21213619,.072487302,.0148049,1974,.21632922,.14075089,-.59926581,-.48898759,-.68499655,-.59108329
a225,"United States v. L. A. Tucker Truck Lines, Inc.",1,1402,627,344 U.S. 33,9,7,2,4.9665499,.46218324,.13827044,.015856266,1952,.44912374,.30727446,2.4840763,1.4152638,1.1114925,1.6702775
a225,"United States v. L. A. Tucker Truck Lines, Inc.",2,1402,452,344 U.S. 33,9,7,2,2.9954,.5375157,.16390049,.038175941,1952,.46406293,.42572516,1.0052704,1.9889636,1.2267791,1.4070044
a2251,Storer v. Brown,1,8932,3110,415 U.S. 724,2,6,3,.60949242,.1221303,.053014699,.010946631,1974,.27271885,.14935064,-.78469718,-1.1744341,-.24983445,-.73632193
a2252,American Party of Texas v. White,1,8678,1341,415 U.S. 767,2,8,1,.15436538,.1175322,.068894498,.009688139,1974,.21814871,.18603134,-1.1261449,-1.2094512,-.67095542,-1.0021838
a2253,United States v. Edwards,1,2683,1178,415 U.S. 800,1,5,4,.63317311,.15497901,.075127602,.021133006,1974,.25294685,.21329659,-.76693135,-.9242723,-.40241608,-.69787323
a2254,Huddleston v. United States,1,5885,344,415 U.S. 814,1,8,1,2.8905892,.43834496,.22264551,.029188275,1974,.4847849,.406416,.92663872,1.2337216,1.3866918,1.1823508
a2259,Village of Belle Terre v. Boraas,1,2470,763,416 U.S. 1,8,7,2,3.8295014,.51350218,.18359923,.030376911,1974,.58155793,.37011462,1.6310341,1.8060869,2.1334951,1.8568721
a2259,Village of Belle Terre v. Boraas,2,2470,2480,416 U.S. 1,8,7,2,2.3091202,.3168605,.060661439,.01352483,1974,.32282054,.22784716,.49040607,.30854794,.13680331,.31191909
a226,"Johnson v. New York, New Haven & Hartford Railroad",1,2287,2370,344 U.S. 48,9,5,4,.79912984,.30220246,.076634467,.010314822,1952,.23672783,.27106196,-.64242643,.19691861,-.52757925,-.32436237
a226,"Johnson v. New York, New Haven & Hartford Railroad",2,2287,236,344 U.S. 48,9,5,4,1.0685332,.41545129,.33605611,.031500638,1952,.51219606,.43874842,-.44031334,1.0593733,1.5982254,.73909509
a2260,California Bankers Ass'n v. Shultz,1,16366,3601,416 U.S. 21,1,6,3,.47803971,.19288766,.0435909,.005230546,1974,.28420842,.87624395,-.88331628,-.63557619,-.16116875,-.56002039
a2260,California Bankers Ass'n v. Shultz,2,16366,710,416 U.S. 21,1,6,3,2.1312413,.23949181,.087317348,.011309385,1974,.36045194,.97406024,.3569569,-.28065896,.42720699,.16783498
a2260,California Bankers Ass'n v. Shultz,3,16366,1754,416 U.S. 21,1,6,3,3.65623,.32027489,.0991541,.011385083,1974,.39459872,.91671759,1.5010415,.3345505,.69071972,.8421039
a2261,Super Tire Engineering Co. v. McCorkle,1,3214,1973,416 U.S. 115,9,5,4,1.0469886,.2508744,.06151044,.0095665455,1974,.34810364,.19846225,-.4564766,-.19397397,.33191448,-.10617869
a2262,Arnett v. Kennedy,1,8843,1137,416 U.S. 134,4,5,4,2.7430286,.4491998,.2132415,.021257222,1974,.48550618,.29942197,.81593502,1.3163874,1.3922579,1.1748601
a2262,Arnett v. Kennedy,2,8843,7798,416 U.S. 134,4,5,4,1.1838896,.25204194,.0606382,.010941505,1974,.24969763,.13978302,-.35377005,-.18508253,-.42749056,-.32211438
a2263,National Labor Relations Board v. Bell Aerospace Co.,1,8719,4896,416 U.S. 267,7,5,4,.71346599,.11122245,.033470102,.0036450624,1974,.23214632,.15252858,-.70669359,-1.2575035,-.56293499,-.84237736
a2264,DeFunis v. Odegaard,1,2036,8635,416 U.S. 312,2,5,4,5.5483971,.39628327,.19630469,.025115073,1974,.50046277,.31751519,2.9205925,.91339779,1.5076789,1.7805564
a2265,Kahn v. Shevin,1,1640,1204,416 U.S. 351,2,6,3,1.8562876,.21290749,.072767258,.015192032,1974,.28281891,.15769273,.15067974,-.48311371,-.17189163,-.16810854
a2265,Kahn v. Shevin,2,1640,410,416 U.S. 351,2,6,3,.98476923,.35781559,.1992248,.033038497,1974,.28037572,.22724968,-.50315517,.62044442,-.19074591,-.024485553
a2268,Gooding v. United States,1,9586,2866,416 U.S. 430,1,6,3,4.2124782,.31718355,.089068063,.017551839,1974,.32835025,.16215277,1.9183528,.31100819,.17947635,.80294579
a2269,Kewanee Oil Co. v. Bicron Corp.,1,6722,1500,416 U.S. 470,8,6,2,.73771524,.21204966,.066444039,.0084770918,1974,.27419317,.25445014,-.68850124,-.48964658,-.23845702,-.47220162
a227,United States v. Henning,1,3646,807,344 U.S. 66,9,5,4,3.3216708,.49603593,.16194355,.032356441,1952,.42309415,.38892621,1.2500468,1.6730715,.91062069,1.277913
a2273,Donnelly v. DeChristoforo,1,2845,1269,416 U.S. 637,1,6,3,2.3247066,.41166401,.056646351,.012472391,1974,.26863337,.18035138,.50209934,1.0305309,-.28136235,.41708931
a2274,Calero-Toledo v. Pearson Yacht Leasing Co.,1,9083,1264,416 U.S. 663,2,7,2,1.9786056,.36949989,.082650073,.0087081194,1974,.22240794,.20053083,.24244578,.70942706,-.63808674,.10459537
a2276,"Alexander v. ""Americans United"" Inc.",1,3283,6347,416 U.S. 752,12,7,1,.90611321,.22856736,.0449729,.0079658031,1974,.18739152,.1354329,-.56216484,-.36385486,-.90831047,-.6114434
a2277,Dillard v. Industrial Commission,1,4924,704,416 U.S. 783,4,8,1,3.2691426,.28707799,.051854901,.0081815124,1974,.23207831,.21449363,1.2106389,.081737116,-.56345981,.24297206
a228,Baumet v. United States,1,760,95,344 U.S. 82,9,6,3,1.8945165,.379924,.3020471,.064776003,1952,.34539908,.43729013,.17935999,.78881264,.3110432,.42640528
a2285,Blackledge v. Perry,1,3174,2289,417 U.S. 21,1,7,2,2.2472327,.22200084,.045706399,.0057213306,1974,.15469867,.18143827,.44397652,-.41386268,-1.1606032,-.37682977
a2286,Fuller v. Oregon,1,4448,773,417 U.S. 40,2,7,2,2.0342948,.2163749,.1021032,.012317181,1974,.27263665,.21015775,.28422523,-.45670739,-.25046876,-.14098364
a2287,Bellis v. United States,1,5169,1250,417 U.S. 85,1,8,1,1.2130699,.19771254,.067515552,.0059275627,1974,.17265487,.16719818,-.33187824,-.59883195,-1.022034,-.65091473
a2288,F. D. Rich Co. v. United States ex rel. Industrial Lumber Co.,1,4366,538,417 U.S. 116,6,8,1,1.4039009,.30656755,.13356626,.014534056,1974,.34174901,.3090719,-.18871211,.23016125,.28287542,.10810819
a2289,Eisen v. Carlisle & Jacquelin,1,6280,2499,417 U.S. 156,9,6,3,2.1001005,.2438979,.079283498,.01039803,1974,.36159247,.26932603,.33359429,-.24710402,.43600857,.17416628
a229,Sweeney v. Woodall,1,1203,837,344 U.S. 86,9,8,1,2.9524531,.29776189,.11943555,.021125376,1952,.28218019,.30506945,.97305053,.16310108,-.1768207,.31977698
a2290,Anderson v. United States,1,5139,6305,417 U.S. 211,1,7,2,1.3793036,.1954675,.067272201,.010026217,1974,.30775195,.15141505,-.20716561,-.61592925,.020518107,-.26752558
a2291,Howard Johnson Co. v. Detroit Local Joint Executive Board,1,4752,1263,417 U.S. 249,7,8,1,.85708517,.10837734,.035793841,.0059915185,1974,.16685945,.10500872,-.59894693,-1.2791706,-1.0667577,-.98162508
a2292,Davis v. United States,1,4139,5589,417 U.S. 333,1,7,2,.77767462,.17766935,.063648596,.010632515,1974,.1593858,.14106882,-.65852273,-.75147235,-1.1244322,-.84480911
a2294,Wheeler v. Barrera,1,7510,962,417 U.S. 402,3,8,1,2.7798448,.41848993,.1724952,.022903264,1974,.49957561,.36647898,.84355539,1.0825143,1.5008327,1.1423008
a2295,Michigan v. Tucker,1,5531,1393,417 U.S. 433,1,8,1,1.4148116,.28940371,.052076399,.006896019,1974,.23798633,.24197268,-.18052658,.099448755,-.51786739,-.19964841
a2296,"Baker v. Gold Seal Liquors, Inc.",1,2571,1494,417 U.S. 467,8,8,1,.95958263,.25681201,.082580753,.007471025,1974,.2934826,.17444623,-.52205074,-.1487557,-.089599326,-.25346857
a2297,Geduldig v. Aiello,1,3484,2320,417 U.S. 484,2,6,3,1.8669795,.15714981,.061463531,.0062505603,1974,.280164,.12718427,.15870105,-.90774041,-.19237973,-.31380635
a2298,Scherk v. Alberto-Culver Co.,1,4541,4224,417 U.S. 506,8,5,4,.5531112,.14525586,.042245001,.0047146678,1974,.17436057,.099834681,-.82699579,-.99831963,-1.0088711,-.94472885
a23,Elonis v. United States,1,5129,5970,135 S. Ct. 2001,1,8,1,1.5785807,.2145173,.07394135,.0062571764,2015,.22050214,.11666167,-.057662897,-.47085413,-.65279388,-.39377031
a230,Kedroff v. Saint Nicholas Cathedral of the Russian Orthodox Church in North America,1,8607,1934,344 U.S. 94,3,8,1,1.1092614,.26335779,.096666798,.011409521,1952,.23536861,.18352318,-.409758,-.098905824,-.53806841,-.34891075
a2300,Cardwell v. Lewis,1,3634,1111,417 U.S. 583,1,5,4,1.6605493,.31201243,.074615598,.012237966,1974,.32248533,.27628762,.0038319568,.27162716,.13421643,.13655852
a2301,Ross v. Moffitt,1,5055,825,417 U.S. 600,2,6,3,2.3784039,.25021476,.098512769,.012496054,1974,.25762576,.20116824,.54238445,-.19899754,-.36630869,-.0076405951
a2302,Jimenez v. Weinberger,1,2433,936,417 U.S. 628,2,8,1,1.062044,.32168734,.1248599,.020802617,1974,.3767522,.20633829,-.44518167,.34530711,.55299705,.15104084
a2303,Warden v. Marrero,1,3527,2428,417 U.S. 653,1,6,3,2.1586049,.2193391,.032016162,.010946155,1974,.14724267,.11778486,.37748572,-.43413332,-1.2181416,-.42492971
a2304,Central Tablet Manufacturing Co. v. United States,1,5604,3946,417 U.S. 673,12,5,4,.42922568,.1313958,.053097371,.0064573884,1974,.22960258,.14701682,-.91993779,-1.1038719,-.58256525,-.86879164
a2305,"Bangor Punta Operations, Inc. v. Bangor & Aroostook Railroad",1,4659,4163,417 U.S. 703,8,5,4,.51422238,.118103,.03918314,.005757153,1974,.21712768,.13108051,-.85617113,-1.2051042,-.67883474,-.91337001
a2306,Parker v. Levy,1,8406,7989,417 U.S. 733,2,5,3,1.1395601,.1161418,.0240191,.0036746264,1974,.25607705,.12403762,-.38702714,-1.2200398,-.37826017,-.66177571
a2307,"Florida Power & Light Co. v. International Brotherhood of Electrical Workers, Local 641",1,7103,691,417 U.S. 790,7,5,4,.40230364,.17636317,.072970502,.017310381,1974,.28210294,.23071188,-.94013542,-.76141965,-.17741683,-.62632394
a2308,Pell v. Procunier,1,5058,1831,417 U.S. 817,3,5,4,1.3723674,.19020151,.055043042,.0088154078,1974,.21648556,.19419843,-.21236931,-.6560328,-.68379003,-.5173974
a2309,Saxbe v. Washington Post Co.,1,1981,7793,417 U.S. 843,3,5,4,1.4946262,.1371461,.06169343,.0094524622,1974,.28192371,.15964544,-.12064771,-1.0600801,-.17879996,-.4531759
a2316,Commissioner v. Idaho Power Co.,1,5296,1158,418 U.S. 1,12,8,1,.98431236,.26888156,.11711216,.01047492,1974,.36596566,.25849658,-.5034979,-.056839149,.46975675,-.030193431
a2317,Richardson v. Ramirez,1,9564,9659,418 U.S. 24,2,6,3,1.8151085,.2021122,.04222304,.0091499686,1974,.21249819,.081491113,.11978617,-.56532604,-.71456081,-.38670021
a2317,Richardson v. Ramirez,2,9564,44,418 U.S. 24,2,6,3,4.9161758,.63975292,.43766326,.10113317,1974,.80156362,.80486172,2.4462845,2.7675586,3.8312919,3.0150449
a2318,Hamling v. United States,1,15609,284,418 U.S. 87,3,5,4,3.0488474,.50165057,.45749879,.029043794,1974,.57069516,.84165728,1.045368,1.7158302,2.0496664,1.6036215
a2318,Hamling v. United States,2,15609,3502,418 U.S. 87,3,5,4,2.3103826,.21192265,.074490301,.0069605708,1974,.33242857,.84515876,.49135315,-.49061388,.21094905,.070562772
a232,Dixon v. Duffy,1,857,542,344 U.S. 143,9,8,1,.28151533,.4723843,.1425451,.029151618,1952,.36932462,.31513065,-1.0307539,1.4929508,.49567804,.31929165
a2320,United States v. Richardson,1,3980,1581,418 U.S. 166,9,5,4,1.5598794,.32484901,.15351087,.017880678,1974,.28821594,.15470141,-.071693093,.36938503,-.1302425,.055816483
a2320,United States v. Richardson,2,3980,1729,418 U.S. 166,9,5,4,1.5045267,.2231338,.05627257,.0066373348,1974,.27001327,.1599775,-.11322006,-.40523452,-.27071351,-.26305604
a2321,Schlesinger v. Reservists Committee to Stop the War,1,6053,1908,418 U.S. 208,9,6,3,.77066648,.26552963,.10128295,.011472166,1974,.18829131,.16499013,-.66378039,-.08236599,-.90136671,-.54917103
a2321,Schlesinger v. Reservists Committee to Stop the War,2,6053,897,418 U.S. 208,9,6,3,1.5077113,.29518911,.11102515,.0092933178,1974,.36036521,.31967157,-.11083093,.14350793,.42653772,.15307158
a2321,Schlesinger v. Reservists Committee to Stop the War,3,6053,365,418 U.S. 208,9,6,3,1.2386738,.28504074,.2823104,.016757667,1974,.32042497,.23328149,-.31266958,.066222236,.11831655,-.042710263
a2323,Old Dominion Branch No. 496 v. Austin,1,6894,1860,418 U.S. 264,3,6,3,2.0262222,.23380435,.076549903,.0082238317,1974,.19591105,.17844951,.27816895,-.32397223,-.84256476,-.29612267
a2324,Lehman v. City of Shaker Heights,1,1738,4225,418 U.S. 298,3,5,4,.35861143,.1497478,.055263899,.0057963133,1974,.14550585,.10629576,-.9729144,-.96411091,-1.2315447,-1.05619
a2325,"Gertz v. Robert Welch, Inc.",1,4544,4249,418 U.S. 323,3,7,2,.37783164,.23791075,.06074727,.01260829,1974,.265728,.14946491,-.9584949,-.29269961,-.30378324,-.51832592
a2325,"Gertz v. Robert Welch, Inc.",2,4544,353,418 U.S. 323,3,7,2,1.3219156,.49155074,.15727127,.019831419,1974,.41135955,.40204304,-.25021949,1.6389142,.82006401,.7362529
a2325,"Gertz v. Robert Welch, Inc.",3,4544,1737,418 U.S. 323,3,7,2,1.6171563,.54740822,.13135535,.017746508,1974,.40562928,.3382557,-.028722569,2.0643008,.7758432,.93714046
a2325,"Gertz v. Robert Welch, Inc.",4,4544,2746,418 U.S. 323,3,7,2,.49546301,.29551661,.090599701,.014529824,1974,.26675248,.21470153,-.87024492,.14600201,-.29587725,-.34004006
a2325,"Gertz v. Robert Welch, Inc.",5,4544,11387,418 U.S. 323,3,7,2,.69620663,.34046704,.0910175,.012556791,1974,.30311394,.87448239,-.71964204,.48832524,-.015273738,-.082196847
a2326,Spence v. Washington,1,3306,71,418 U.S. 405,3,6,3,4.1628146,.4787755,.38599145,.061970234,1974,.5537957,.44321382,1.881094,1.5416234,1.9192522,1.7806565
a2326,Spence v. Washington,2,3306,2147,418 U.S. 405,3,6,3,1.7043899,.23344231,.0548377,.0081440806,1974,.32138038,.15013641,.036722306,-.32672936,.12568945,-.054772533
a2328,Wingo v. Wedding,1,3792,4298,418 U.S. 461,1,7,2,1.8589189,.28060219,.059767071,.0077053308,1974,.23289543,.16260546,.15265381,.03242014,-.55715406,-.1240267
a2329,Taylor v. Hayes,1,4827,386,418 U.S. 488,4,8,1,1.5555682,.33107781,.22410274,.022666752,1974,.45480746,.45798391,-.074927464,.41682094,1.1553541,.49908254
a2330,Codispoti v. Pennsylvania,1,3680,422,418 U.S. 506,1,5,4,2.499819,.42974111,.1394612,.026804745,1974,.44459075,.35896856,.6334731,1.1681985,1.0765111,.95939422
a2330,Codispoti v. Pennsylvania,2,3680,4581,418 U.S. 506,1,5,4,.36719573,.18251421,.034449462,.0047860742,1974,.22892642,.18866819,-.96647424,-.71457601,-.58778316,-.7562778
a2332,"United States v. Marine Bancorporation, Inc.",1,12058,3986,418 U.S. 602,8,5,3,.50459063,.1037743,.038996499,.007894516,1974,.1703763,.92691511,-.86339712,-1.3142254,-1.0396179,-1.0724134
a2334,Secretary of the Navy v. Avrech,1,491,958,418 U.S. 676,2,6,3,5.4173136,.58536798,.41200721,.063789129,1974,.45394546,.38353288,2.8222506,2.3533862,1.148702,2.1081128
a2334,Secretary of the Navy v. Avrech,2,491,183,418 U.S. 676,2,6,3,3.5331955,.34547701,.21945786,.021329939,1974,.32457829,.25044262,1.408738,.52647913,.1503679,.69519502
a2335,Milliken v. Bradley,1,9867,1580,418 U.S. 717,2,5,4,.53493798,.2383938,.091233604,.013293624,1974,.28812599,.21645874,-.84062982,-.2890209,-.13093659,-.42019576
a2335,Milliken v. Bradley,2,9867,5773,418 U.S. 717,2,5,4,.13352542,.1058763,.027055699,.0044139624,1974,.15587413,.11241442,-1.1417795,-1.2982175,-1.1515321,-1.1971763
a2335,Milliken v. Bradley,3,9867,10145,418 U.S. 717,2,5,4,.14053772,.099604197,.02040666,.0046284795,1974,.15747833,.096751273,-1.1365187,-1.3459831,-1.1391523,-1.2072181
a234,Lloyd A. Fry Roofing Co. v. Wood,1,1638,1134,344 U.S. 157,8,5,4,2.4956181,.37164307,.1029159,.0088727474,1952,.31879836,.20182729,.6303215,.72574854,.1057639,.48727798
a2351,"J-R Distributors, Inc. v. Washington",1,899,625,418 U.S. 949,,,,.7825318,.39303571,.1094554,.014353037,1974,.32210743,.26261163,-.65487874,.8886658,.1313002,.12169575
a2352,United States v. American Friends Service Committee,1,1547,1595,419 U.S. 7,12,8,1,2.7203441,.28809121,.10802686,.016424537,1974,.2476632,.18425083,.79891652,.089453362,-.44319037,.14839317
a2353,Allenberg Cotton Co. v. Pittman,1,4012,2848,419 U.S. 20,10,8,1,2.3554244,.2706044,.12045014,.0076741576,1974,.28278399,.17113805,.52514464,-.043718714,-.17216118,.10308824
a2354,Saxbe v. Bustos,1,4378,2946,419 U.S. 65,2,5,4,.95497864,.13563836,.0533817,.0082620978,1974,.22846788,.16005647,-.52550477,-1.0715624,-.59132177,-.72946298
a2355,Regional Rail Reorganization Act Cases,1,18025,7991,419 U.S. 102,4,7,2,.98677915,.091677248,.028624499,.0030523539,1974,.21077526,.86643457,-.50164723,-1.4063514,-.72785681,-.87861848
a2356,Gulf Oil Corp. v. Copp Paving Co.,1,4914,3686,419 U.S. 186,8,7,2,1.1420411,.1857664,.044300139,.0043748617,1974,.21268964,.15728289,-.38516587,-.68980867,-.71308339,-.59601933
a2357,American Radio Ass'n v. Mobile Steamship Ass'n,1,4932,498,419 U.S. 215,10,5,4,3.4697986,.59773403,.30621421,.035463035,1974,.60194945,.41935295,1.361176,2.4475608,2.2908576,2.0331981
a2357,American Radio Ass'n v. Mobile Steamship Ass'n,2,4932,3505,419 U.S. 215,10,5,4,2.1827881,.1449157,.04193145,.0054450035,1974,.23584956,.12359846,.3956286,-1.0009102,-.53435689,-.37987947
a2358,Cantrell v. Forest City Publishing Co.,1,2661,370,419 U.S. 245,3,8,1,3.3608613,.60615432,.31577101,.040905058,1974,.46338284,.38793284,1.2794485,2.5116861,1.2215308,1.6708884
a2359,Schick v. Reed,1,3483,3773,419 U.S. 256,2,6,3,.96717316,.2339022,.04639554,.0065044761,1974,.19392139,.1323325,-.51635617,-.32322699,-.8579191,-.56583411
a2360,"Linden Lumber Division, Summer & Co. v. National Labor Relations Board",1,2668,2289,419 U.S. 301,7,5,4,.94825143,.1333835,.067284457,.0090189576,1974,.24784505,.22676605,-.53055173,-1.0887345,-.44178697,-.68702441
a2361,Kelley v. Southern Pacific Co.,1,4213,1011,419 U.S. 318,8,6,3,2.5277202,.26857689,.08752346,.010293484,1974,.27136844,.18769699,.6544053,-.059159379,-.26025558,.11166345
a2362,Jackson v. Metropolitan Edison Co.,1,4319,1751,419 U.S. 345,4,6,3,1.307983,.2234088,.064293742,.0074595809,1974,.23203057,.16322017,-.26067206,-.40314022,-.56382829,-.40921351
a2362,Jackson v. Metropolitan Edison Co.,2,4319,303,419 U.S. 345,4,6,3,.75393325,.4011063,.15381239,.020871043,1974,.35701537,.31443703,-.67633408,.95012796,.4006868,.22482689
a2362,Jackson v. Metropolitan Edison Co.,3,4319,2668,419 U.S. 345,4,6,3,1.5265714,.22550669,.066722497,.0085729957,1974,.26328731,.14308822,-.09668161,-.38716358,-.32261822,-.26882112
a2364,Sosna v. Iowa,1,5409,2595,419 U.S. 393,2,6,3,1.789856,.22518164,.10153246,.0090513229,1975,.32167423,.23514134,.10084106,-.38963905,.12795712,-.053613622
a2364,Sosna v. Iowa,2,5409,2970,419 U.S. 393,2,6,3,3.6845043,.27073619,.054750741,.010269523,1975,.38397962,.27545571,1.5222536,-.042715091,.6087715,.69610333
a2367,Schlesinger v. Ballard,1,3897,3552,419 U.S. 498,2,5,4,.70061731,.1266299,.047988649,.0069031715,1975,.25819778,.13938439,-.71633303,-1.140167,-.36189434,-.73946476
a2367,Schlesinger v. Ballard,2,3897,24,419 U.S. 498,2,5,4,5.7068768,.6414175,.71352261,.26517802,1975,.86703634,.84031683,3.0394881,2.7802353,4.3365488,3.3854241
a2368,Taylor v. Louisiana,1,5297,1336,419 U.S. 522,2,8,1,2.625524,.3004069,.082824104,.011533856,1975,.25063866,.2282058,.72778016,.18324439,-.42022851,.16359869
a2369,Goss v. Lopez,1,6050,5015,419 U.S. 565,4,5,4,1.5635525,.2086463,.06094563,.0085258484,1975,.22200716,.17262971,-.068937458,-.51556516,-.64117956,-.40856072
a237,Schwartz v. Texas,1,1275,162,344 U.S. 199,1,8,1,3.8826251,.45743704,.25438744,.036108911,1952,.5139519,.54063261,1.6708888,1.3791188,1.6117753,1.5539277
a2370,"North Georgia Finishing, Inc. v. Di-Chem, Inc.",1,2282,1928,419 U.S. 601,2,6,3,3.2196982,.50642747,.20155716,.032254875,1975,.39777726,.27930993,1.1735444,1.7522089,.7152487,1.2136674
a238,Federal Trade Commission v. Minneapolis-Honeywell Regulator Co.,1,2008,1425,344 U.S. 206,9,7,2,1.7203648,.33124021,.089098804,.016926169,1952,.31568247,.23335356,.048707061,.41805765,.081718378,.1828277
a238,Federal Trade Commission v. Minneapolis-Honeywell Regulator Co.,2,2008,49,344 U.S. 206,9,7,2,1.7799324,.58864576,.37839365,.077504992,1952,.6156525,.64025807,.093396142,2.3783484,2.3966048,1.6227831
a239,United States v. Universal C. I. T. Credit Corp.,1,2571,423,344 U.S. 218,7,8,1,2.6728911,.3487303,.15366626,.02677834,1952,.28798234,.3144908,.76331615,.55125469,-.13204513,.39417523
a2405,Marshall v. Ohio,1,104,645,419 U.S. 1062,,,,.54333019,.49403673,.2259848,.070900559,1974,.46379828,.36429965,-.83433378,1.6578465,1.2247368,.68274981
a241,Public Service Commission v. Wycoff Co.,1,3200,655,344 U.S. 237,9,8,1,1.1220375,.40278259,.092528902,.009990871,1952,.27809459,.18317682,-.40017304,.96289384,-.20834953,.11812376
a2414,Daniel v. Louisiana,1,596,432,420 U.S. 31,1,8,1,5.4730763,.53267443,.27167237,.060077786,1975,.50068319,.44856787,2.8640852,1.9520946,1.5093799,2.1085198
a2415,Emporium Capwell Co. v. Western Addition Community Organization,1,7014,939,420 U.S. 50,7,8,1,1.0628849,.20755696,.05634445,.0075237751,1975,.27694571,.20921814,-.44455078,-.52386105,-.21721549,-.3952091
a2416,Harris County Commissioners Court v. Moore,1,3774,691,420 U.S. 77,9,8,1,.95788336,.32468289,.1300355,.01486665,1975,.29855072,.20559055,-.52332562,.36811996,-.050488316,-.068564661
a2418,Board of School Commissioners v. Jacobs,1,631,1503,420 U.S. 128,9,8,1,.62972498,.29750791,.1269065,.015449464,1975,.29737514,.21418655,-.7695182,.16116692,-.059560355,-.22263721
a2419,United States v. Bisceglia,1,2847,2649,420 U.S. 141,12,7,2,.95607954,.16056895,.039543152,.0064685345,1975,.23177516,.15300006,-.52467889,-.88170165,-.56579924,-.65739328
a242,King v. United States,1,6838,925,344 U.S. 254,9,6,3,.46741915,.25223887,.060040951,.010359287,1952,.26366627,.18809837,-.89128411,-.18358275,-.31969368,-.46485353
a2421,Antoine v. Washington,1,4231,2916,420 U.S. 194,2,7,2,1.0405537,.2476933,.0552685,.010676026,1975,.23936188,.19089299,-.46130425,-.21819988,-.5072521,-.39558542
a2422,United States v. ITT Continental Baking Co.,1,6470,2259,420 U.S. 223,8,5,4,2.0369468,.19714177,.074540399,.014425278,1975,.19806045,.13726115,.28621477,-.60317874,-.82597768,-.38098055
a2423,"National Labor Relations Board v. J. Weingarten, Inc.",1,5325,460,420 U.S. 251,7,6,3,3.6601193,.38612217,.1701071,.02450633,1975,.3528195,.39353299,1.5039594,.83601522,.36830705,.90276057
a2423,"National Labor Relations Board v. J. Weingarten, Inc.",2,5325,1966,420 U.S. 251,7,6,3,.4643026,.13300484,.057457268,.0059281588,1975,.23192883,.18798339,-.89362222,-1.0916182,-.56461346,-.84995127
a2424,Lefkowitz v. Newsome,1,3243,2919,420 U.S. 283,1,5,4,1.5589229,.2457338,.05207574,.0084182024,1975,.32408023,.20130175,-.07241071,-.2331226,.14652437,-.05300298
a2424,Lefkowitz v. Newsome,2,3243,256,420 U.S. 283,1,5,4,2.6030884,.38232481,.18074703,.024185538,1975,.41838461,.34018302,.71094835,.80709618,.87427688,.79744047
a2426,United States v. Wilson,1,6488,1123,420 U.S. 332,1,7,2,1.8505396,.34506273,.11566997,.011286736,1975,.20377117,.23227131,.14636742,.52332413,-.78190774,-.037405398
a2428,United States v. New Jersey State Lottery Commission,1,608,436,420 U.S. 371,9,7,1,2.6993873,.33396789,.1128217,.022405028,1975,.38849241,.24592423,.78319424,.43883055,.64359695,.62187392
a2429,DeCoteau v. District County Court for the Tenth Judicial District,1,10824,2575,420 U.S. 425,2,6,3,.3336851,.1638227,.049709901,.0081442595,1975,.22939581,.8842063,-.99161476,-.85692257,-.58416092,-.81089944
a243,Steele v. Bulova Watch Co.,1,2881,868,344 U.S. 280,8,6,2,2.6343815,.28784347,.14132726,.014475226,1952,.26159072,.17747885,.73442525,.087566629,-.33571085,.16209367
a2430,Cox Broadcasting Corp. v. Cohn,1,8947,3692,420 U.S. 469,3,8,1,3.0354521,.49320173,.099205598,.0097951889,1975,.41308826,.21274954,1.0353185,1.6514874,.8334046,1.1734035
a2431,Estelle v. Dorrough,1,2712,1032,420 U.S. 534,1,5,4,1.1532531,.22961766,.067660101,.0098958611,1975,.26296121,.21633577,-.37675434,-.35585627,-.32513472,-.35258177
a2432,"Southeastern Promotions, Ltd. v. Conrad",1,5080,467,420 U.S. 546,3,6,3,2.5497437,.43058646,.28406835,.030000329,1975,.30689949,.28902888,.67092782,1.1746362,.01393958,.61983454
a2432,"Southeastern Promotions, Ltd. v. Conrad",2,5080,2010,420 U.S. 546,3,6,3,2.7482307,.26740491,.18824621,.018306613,1975,.27345818,.17231125,.81983775,-.06808465,-.24412894,.16920805
a2432,"Southeastern Promotions, Ltd. v. Conrad",3,5080,1336,420 U.S. 546,3,6,3,2.0177677,.25138164,.078561299,.007832408,1975,.3179121,.1949544,.27182612,-.19011109,.09892457,.060213201
a2433,Burns v. Alcala,1,3293,1336,420 U.S. 575,2,7,1,1.1961739,.22355926,.053229898,.0094882846,1975,.27188802,.14627212,-.34455407,-.40199441,-.256246,-.33426481
a2434,"Huffman v. Pursue, Ltd.",1,6194,1798,420 U.S. 592,9,6,3,2.8907213,.49332047,.0913416,.012634635,1975,.34829772,.31381655,.92673779,1.6523917,.33341214,.97084719
a2435,Reid v. Immigration & Naturalization Service,1,3660,1152,420 U.S. 619,2,6,2,.3862626,.17006411,.043916799,.0097361803,1975,.24262577,.16704291,-.95216978,-.8093906,-.48206449,-.74787498
a2437,Austin v. New Hampshire,1,3650,678,420 U.S. 656,8,7,1,1.2273751,.35023749,.14812221,.018501759,1975,.33111751,.26917517,-.3211461,.56273282,.20083149,.14747274
a2438,United States v. Feola,1,8079,5572,420 U.S. 671,1,7,2,.98577231,.24475783,.057838298,.0042167902,1975,.29156643,.19678581,-.5024026,-.24055515,-.10438652,-.28244808
a2439,Oregon v. Hass,1,3061,595,420 U.S. 714,1,6,2,.98069042,.33801821,.17826843,.021090865,1975,.33576065,.34769696,-.50621516,.46967602,.23666289,.066707917
a2439,Oregon v. Hass,2,3061,1230,420 U.S. 714,1,6,2,3.4161716,.51608348,.1665937,.01910156,1975,.49663037,.35951596,1.3209437,1.825745,1.478104,1.5415976
a2441,Iannelli v. United States,1,6720,2075,420 U.S. 770,1,5,4,.90157491,.24050546,.064817548,.0046729445,1975,.24662036,.19201279,-.56556958,-.27293941,-.45123804,-.42991567
a2441,Iannelli v. United States,2,6720,110,420 U.S. 770,1,5,4,.602238,.45370936,.33153999,.039880514,1975,.55891383,.45482451,-.79013962,1.3507304,1.9587491,.83977997
a2442,"MTM, Inc. v. Baxley",1,1683,823,420 U.S. 799,9,8,1,1.5842301,.56463176,.1860774,.027143836,1975,.45998663,.34084004,-.05342463,2.1954679,1.195322,1.1124551
a2449,Stanton v. Stanton,1,3187,817,421 U.S. 7,2,8,1,1.0511315,.3242898,.1162169,.015076756,1975,.36633497,.22411233,-.45336851,.36512631,.47260675,.12812151
a245,Pennsylvania Railroad v. O'Rourke,1,2568,426,344 U.S. 334,8,5,4,.62190306,.29565811,.1745297,.027181029,1953,.23266888,.22502732,-.77538639,.14707963,-.55890244,-.3957364
a2451,Colonial Pipeline Co. v. Traigle,1,4431,240,421 U.S. 100,8,7,1,1.7823423,.29185551,.1467326,.018381834,1975,.34234923,.30953985,.095204137,.11812067,.28750736,.16694406
a2452,Johnson v. Mississippi,1,4636,3622,421 U.S. 213,9,6,2,1.1848311,.1678157,.053740859,.0068061352,1975,.18670303,.095945537,-.3530637,-.82651353,-.91362363,-.69773364
a2453,Alyeska Pipeline Service Co. v. Wilderness Society,1,11666,136,421 U.S. 240,6,5,2,1.8584448,.41512257,.17797923,.038473785,1975,.42240202,.92312789,.15229814,1.0568699,.90527946,.7048158
a2453,Alyeska Pipeline Service Co. v. Wilderness Society,2,11666,5224,421 U.S. 240,6,5,2,1.4504718,.19409201,.040964399,.011024356,1975,.19313622,.83916122,-.15377346,-.6264044,-.86397833,-.54805207
a2454,Hill v. Stone,1,3734,1781,421 U.S. 289,2,5,3,.82972074,.2056824,.047475342,.0057471395,1975,.28307062,.12505919,-.61947638,-.53813696,-.16994917,-.44252083
a2455,United States v. Wilson,1,3152,2511,421 U.S. 309,1,6,3,.59069687,.1311461,.024374301,.0055012703,1975,.1248917,.089104116,-.79879808,-1.1057734,-1.3906252,-1.0983989
a2456,Van Lare v. Hurley,1,2660,105,421 U.S. 338,2,8,1,2.9704282,.4733021,.3422344,.054255426,1975,.51807034,.52980489,.98653591,1.4999403,1.6435575,1.3766779
a2458,Ellis v. Dyson,1,2732,5256,421 U.S. 426,9,6,3,2.257556,.22112849,.042311899,.0063341856,1975,.1726951,.15436852,.45172131,-.42050609,-1.0217236,-.33016947
a246,"National Labor Relations Board v. Seven-Up Bottling Co. of Miami, Inc.",1,2390,365,344 U.S. 344,7,8,1,1.8046757,.29272971,.18954575,.026896,1953,.36637866,.33817017,.1119592,.12477814,.4729439,.2365604
a246,"National Labor Relations Board v. Seven-Up Bottling Co. of Miami, Inc.",2,2390,937,344 U.S. 344,7,8,1,1.6697667,.32638639,.088110097,.0080127716,1953,.37290382,.28475165,.010747067,.38109308,.52329892,.30504635
a2460,Eastland v. United States Servicemen's Fund,1,6268,181,421 U.S. 491,3,8,1,3.9586828,.4979558,.27522761,.028232157,1975,.65614676,.54404473,1.7279491,1.6876923,2.7091014,2.0415809
a2461,Fry v. United States,1,1694,3379,421 U.S. 542,10,7,1,3.7394776,.38771069,.11849856,.017098427,1975,.35492146,.22592926,1.563496,.8481127,.38452798,.93204558
a2463,Connell Construction Co. v. Plumbers & Steamfitters Local Union No. 100,1,5955,229,421 U.S. 616,7,5,4,.55982447,.30835259,.1292315,.019062638,1975,.37829,.35362786,-.82195932,.24375534,.56486434,-.0044465461
a2463,Connell Construction Co. v. Plumbers & Steamfitters Local Union No. 100,2,5955,5487,421 U.S. 616,7,5,4,.14114851,.16267204,.054195501,.0061363578,1975,.29405308,.1851995,-1.1360605,-.8656854,-.085196927,-.6956476
a2465,United States v. Park,1,5987,1710,421 U.S. 658,8,6,3,3.194747,.26496565,.1200144,.013735652,1975,.30736876,.23235619,1.1548254,-.086661011,.017560944,.36190847
a2467,Blue Chip Stamps v. Manor Drug Stores,1,9953,3119,421 U.S. 723,8,6,3,1.9395758,.16979253,.037588701,.0066215396,1975,.21910977,.16918588,.21316463,-.81145883,-.66353881,-.42061099
a2468,Murphy v. Florida,1,2713,1313,421 U.S. 794,1,8,1,2.4163127,.17698187,.111024,.016297042,1975,.29449105,.2345261,.57082456,-.75670791,-.081817046,-.089233465
a2469,Bigelow v. Virginia,1,5675,2194,421 U.S. 809,3,7,2,1.8613579,.21214825,.058917642,.0073745251,1975,.21917647,.19040716,.15448363,-.48889577,-.66302413,-.33247876
a2470,"United Housing Foundation, Inc. v. Forman",1,6500,2801,421 U.S. 837,8,6,3,1.9862437,.15187854,.039790899,.0047979951,1975,.27128667,.13242561,.24817607,-.94788414,-.26088667,-.32019824
a248,South Buffalo Railway Co. v. Ahern,1,1693,488,344 U.S. 367,10,8,1,2.9130263,.39705789,.19062114,.021697521,1953,.42952985,.35663718,.94347155,.91929698,.96028531,.94101793
a2482,Rondeau v. Mosinee Paper Corp.,1,4665,173,422 U.S. 49,8,6,3,3.4191611,.33378279,.22217035,.032251835,1975,.36941558,.37045151,1.3231865,.4374209,.49637997,.75232911
a2483,United States v. Citizens & Southern National Bank,1,12616,6288,422 U.S. 86,8,6,3,.75985312,.14314616,.038820598,.0061916113,1975,.14542681,.91040015,-.67189282,-1.0143862,-1.2321546,-.97281122
a2484,Twentieth Century Music Corp. v. Aiken,1,3882,914,422 U.S. 151,8,7,2,2.872046,.19507515,.096425347,.018839717,1975,.32272643,.25263327,.91272712,-.61891717,.13607702,.14329566
a2486,Erznoznik v. City of Jacksonville,1,3769,1626,422 U.S. 205,3,6,3,.37210643,.186772,.041014899,.0050009489,1975,.25976855,.16509604,-.96279007,-.68215042,-.34977269,-.66490442
a2486,Erznoznik v. City of Jacksonville,2,3769,210,422 U.S. 205,3,6,3,1.6212862,.25731766,.15649253,.027688265,1975,.35316634,.37235457,-.025624225,-.14490485,.37098363,.066818185
a2489,United States v. American Building Maintenance Industries,1,4181,141,422 U.S. 271,8,6,3,1.3480546,.42011589,.20872711,.034811139,1975,.41011828,.38460231,-.23060933,1.0948968,.81048512,.55825752
a2489,United States v. American Building Maintenance Industries,2,4181,277,422 U.S. 271,8,6,3,1.2273225,.39945781,.14781314,.02035892,1975,.38031954,.32759726,-.32118565,.93757379,.58052641,.39897153
a249,Federal Trade Commission v. Motion Picture Advertising Service Co.,1,1668,2802,344 U.S. 392,8,7,2,1.703043,.31728256,.081243798,.012167454,1953,.2565757,.16044605,.035711795,.31176215,-.37441203,-.0089793606
a2490,Aberdeen & Rockfish Railroad v. Students Challenging Regulatory Agency Procedures,1,10733,1085,422 U.S. 289,8,7,1,1.9384004,.2569325,.1253397,.011355877,1975,.349024,.23237705,.21228281,-.1478381,.33901691,.13448721
a2491,Hicks v. Miranda,1,5999,1547,422 U.S. 332,9,5,4,2.9585652,.54466254,.13132954,.017129123,1975,.48007405,.38278276,.97763598,2.043391,1.3503379,1.4571216
a2492,City of Richmond v. United States,1,5852,3261,422 U.S. 358,2,5,3,.41733825,.15705466,.0390605,.006313324,1975,.17535096,.10058266,-.92885607,-.90846497,-1.0012281,-.94618303
a2495,Muniz v. Hoffman,1,7587,1091,422 U.S. 454,1,5,4,.60447377,.35625839,.072969101,.011904001,1975,.24217618,.19131202,-.78846228,.60858548,-.48553404,-.22180362
a2495,Muniz v. Hoffman,2,7587,2784,422 U.S. 454,1,5,4,.30638501,.1646354,.047439002,.0048681498,1975,.23710203,.13705528,-1.0120959,-.85073328,-.52469152,-.79584026
a2496,Warth v. Seldin,1,8049,487,422 U.S. 490,9,5,4,1.8936524,.57808965,.22199699,.029859185,1975,.35606164,.27595264,.17871177,2.2979574,.39332679,.95666534
a2496,Warth v. Seldin,2,8049,3523,422 U.S. 490,9,5,4,.65766424,.17601749,.0356698,.0063042641,1975,.16391581,.10714734,-.74855751,-.76405215,-1.0894738,-.86736119
a2497,United States v. Peltier,1,3556,129,422 U.S. 531,1,5,4,1.7811824,.52185947,.17474294,.03122896,1975,.37503225,.3335402,.094333947,1.8697325,.53972411,.83459687
a2497,United States v. Peltier,2,3556,6201,422 U.S. 531,1,5,4,1.0968864,.27188826,.0401721,.0070412755,1975,.18516684,.14976823,-.41904205,-.033941429,-.92547846,-.45948732
a250,"Stone v. New York, Chicago & St. Louis Railroad",1,811,1074,344 U.S. 407,8,6,3,3.9857357,.54245287,.22292763,.043321371,1953,.39244968,.42338353,1.7482449,2.0265629,.67413545,1.4829811
a2500,Ivan Allen Co. v. United States,1,5689,5452,422 U.S. 617,12,6,3,.40444025,.17131734,.053218499,.0072848797,1975,.26010799,.1958043,-.93853247,-.79984653,-.34715313,-.69517738
a2502,"United States v. National Association of Securities Dealers, Inc.",1,12286,3672,422 U.S. 694,8,5,4,2.4933519,.31295663,.1286322,.012411714,1975,.31436688,.9395237,.62862134,.27881777,.071565859,.32633498
a2503,Weinberger v. Salfi,1,10473,143,422 U.S. 749,2,6,3,1.7918789,.48151183,.31154051,.038548291,1975,.50819564,.49592072,.10235875,1.5624621,1.5673538,1.0773915
a2503,Weinberger v. Salfi,2,10473,6356,422 U.S. 749,2,6,3,.64752382,.2141476,.059198439,.0059687495,1975,.21725857,.12471867,-.75616509,-.47366962,-.67782468,-.63588643
a2504,Faretta v. California,1,10503,3130,422 U.S. 806,1,6,3,1.0815325,.20809615,.057810601,.011525929,1975,.28483808,.80136502,-.43056095,-.51975489,-.1563096,-.36887515
a2504,Faretta v. California,2,10503,1996,422 U.S. 806,1,6,3,.95534927,.2162492,.049307469,.010550022,1975,.25358582,.82177991,-.52522671,-.45766473,-.39748517,-.46012554
a2505,Herring v. New York,1,4016,2414,422 U.S. 853,1,6,3,1.0374986,.28034779,.0797984,.014855027,1975,.34179151,.20140773,-.46359625,.030482795,.28320336,-.049970031
a251,Brock v. North Carolina,1,1106,3774,344 U.S. 424,1,6,2,.36412975,.20252335,.058426861,.010412395,1953,.17606628,.15965527,-.96877438,-.56219488,-.99570799,-.84222573
a251,Brock v. North Carolina,2,1106,735,344 U.S. 424,1,6,2,1.7860253,.45029163,.2540862,.040999651,1953,.45042604,.51189256,.097967193,1.3247024,1.1215425,.84807068
a2518,Boehning v. Indiana State Employees Ass'n,1,700,75,423 U.S. 6,9,8,1,5.3856826,.47540325,.39471304,.070001483,1975,.658131,.73116791,2.7985201,1.5159417,2.7244139,2.346292
a252,Brown v. Allen,1,28113,1780,344 U.S. 443,1,6,3,1.3662621,.29792523,.048408151,.0067054033,1953,.35533738,.85258907,-.21694967,.16434506,.38773766,.11171102
a2520,Rose v. Hodges,1,889,1394,423 U.S. 19,1,6,3,1.2766014,.29420614,.064350657,.0099605322,1975,.28431684,.17983043,-.28421533,.13602205,-.16033207,-.10284179
a2521,Rose v. Locke,1,1546,1695,423 U.S. 48,4,5,3,1.276795,.17847085,.045377549,.0072187781,1975,.21663523,.13161153,-.28407007,-.74536848,-.68263507,-.57069123
a2521,Rose v. Locke,2,1546,314,423 U.S. 48,4,5,3,2.7801559,.32271254,.18155324,.019143462,1975,.35642087,.34477276,.84378886,.3531146,.39609903,.53100085
a2523,Texas v. White,1,475,1161,423 U.S. 67,1,6,2,1.4626118,.4791545,.2137233,.027709126,1975,.45034623,.36091101,-.1446657,1.5445096,1.1209266,.84025687
a2525,Michigan v. Mosley,1,3351,3148,423 U.S. 96,1,6,2,.77726525,.1645844,.043817401,.010756254,1975,.29507875,.14818972,-.65882981,-.85112172,-.077281721,-.52907777
a2526,Laing v. United States,1,7706,7533,423 U.S. 161,4,5,3,.2759628,.091317102,.02264845,.0031704307,1976,.15266627,.10985273,-1.0349195,-1.4090941,-1.1762873,-1.206767
a2527,Barrett v. United States,1,3969,1189,423 U.S. 212,1,6,2,1.1132959,.25517511,.082819939,.005849123,1976,.27466476,.1878832,-.40673122,-.16122158,-.23481773,-.26759017
a253,United States ex rel. Smith v. Baldi,1,2493,1087,344 U.S. 561,1,6,3,1.6684515,.35594857,.1216293,.015491605,1953,.37865138,.2052111,.0097604338,.60622597,.56765318,.39454654
a2530,"Thermtron Products, Inc. v. Hermansdorfer",1,5799,2409,423 U.S. 336,9,5,3,.99973351,.28271219,.068495996,.018828988,1976,.30195969,.20672613,-.49192858,.048489034,-.024181107,-.15587355
a2531,Rizzo v. Goode,1,4894,2052,423 U.S. 362,9,5,3,1.950527,.2362968,.038606402,.0077387691,1976,.25374579,.15366894,.22138046,-.30499074,-.39625061,-.15995362
a2532,United States v. Watson,1,4335,7986,423 U.S. 411,1,6,2,1.7398696,.2461586,.0422589,.0079113841,1976,.2260173,.16930217,.063340038,-.2298875,-.61023307,-.25892684
a2534,Ratner v. United States,1,134,446,423 U.S. 898,,,,.24209028,.3520782,.34254557,.053190589,1975,.43091977,.39950162,-1.0603315,.57675087,.9710114,.16247694
a2535,Sandquist v. California,1,139,473,423 U.S. 900,,,,.21782649,.38158,.26230717,.055840015,1975,.41173726,.35891956,-1.0785347,.80142397,.82297885,.18195604
a254,City of Chicago v. Willett Co.,1,1926,297,344 U.S. 574,8,8,1,2.4875305,.3031128,.098762102,.012738466,1953,.37405825,.34237128,.62425393,.20385139,.53220767,.45343766
a2549,Alamo Land & Cattle Co. v. Arizona,1,5286,1896,424 U.S. 295,4,6,2,.97133332,.24264604,.063564539,.0073082447,1976,.29174149,.19780254,-.51323509,-.25663766,-.10303558,-.29096943
a255,Bode v. Barrett,1,882,888,344 U.S. 583,8,6,2,1.8539854,.27291489,.1215223,.017708182,1953,.4162401,.26661652,.14895259,-.026123052,.85772753,.32685235
a2552,"Time, Inc. v. Firestone",1,4246,3522,424 U.S. 448,3,6,2,.47698796,.2240788,.072669603,.010531008,1976,.25581056,.17413259,-.88410532,-.39803779,-.3803167,-.55415326
a2552,"Time, Inc. v. Firestone",2,4246,894,424 U.S. 448,3,6,2,.44665882,.34890616,.066009201,.017953396,1976,.33843446,.20939922,-.90685904,.55259401,.2572968,-.032322746
a2552,"Time, Inc. v. Firestone",3,4246,2724,424 U.S. 448,3,6,2,.29647854,.1817634,.082156897,.0085932612,1976,.2399981,.16541123,-1.019528,-.72029382,-.50234234,-.74738806
a2554,Hudgens v. National Labor Relations Board,1,4558,5352,424 U.S. 507,3,6,2,.36147946,.1389187,.044407248,.0070985556,1976,.21287483,.13841617,-.97076273,-1.0465808,-.71165425,-.90966594
a2556,"Hines v. Anchor Motor Freight, Inc.",1,5150,894,424 U.S. 554,7,6,2,1.3931861,.19771314,.095390797,.0075985193,1976,.28443563,.2704035,-.1967506,-.59882742,-.15941533,-.31833112
a2557,Ristaino v. Ross,1,2944,149,424 U.S. 589,1,6,2,3.697274,.50438833,.27354515,.049783945,1976,.6626265,.55091166,1.5318338,1.7366798,2.7591059,2.0092065
a2559,Commissioner v. Shapiro,1,6116,399,424 U.S. 614,4,6,2,3.0445938,.45255655,.2173281,.042799115,1976,.54132289,.37734383,1.0421767,1.341951,1.8229988,1.4023755
a256,Lutwak v. United States,1,4622,1193,344 U.S. 604,1,6,3,1.1064036,.19363546,.14457315,.014407873,1953,.24245816,.25477421,-.41190201,-.62988126,-.48335791,-.50838041
a2561,Bucolo v. Adkins,1,798,108,424 U.S. 641,9,7,2,2.8944068,.53360313,.44645923,.054509759,1976,.57510579,.68105805,.92950273,1.9591672,2.0837035,1.6574578
a2566,Colorado River Water Conservation District v. United States,1,5732,340,424 U.S. 800,9,6,3,1.1937748,.32831681,.12366056,.024651587,1976,.40704197,.29741174,-.34635392,.3957943,.78674501,.27872846
a2567,Greer v. Spock,1,3548,235,424 U.S. 828,3,6,2,5.0811982,.47361684,.2446668,.041472554,1976,.57694566,.47289532,2.5700884,1.5023372,2.0979018,2.0567758
a2573,Abbott Laboratories v. Portland Retail Druggists Ass'n,1,5513,263,425 U.S. 1,8,6,2,2.5796149,.27751541,.13582253,.016202867,1976,.36891824,.31214726,.69333798,.0089125782,.49254194,.39826417
a2574,Middendorf v. Henry,1,6713,29,425 U.S. 25,1,5,3,4.0021505,.60856062,.36703801,.095156431,1976,.44624853,.45816129,1.7605598,2.5300114,1.0893043,1.7932918
a2574,Middendorf v. Henry,2,6713,6858,425 U.S. 25,1,5,3,.40172127,.10783684,.0222799,.004688561,1976,.23667157,.10931236,-.94057232,-1.2832869,-.52801341,-.91729087
a2577,Beer v. United States,1,3927,612,425 U.S. 130,2,5,3,.4260003,.20259655,.081635237,.018328369,1976,.27355039,.2132414,-.92235756,-.56163746,-.24341737,-.57580411
a2577,Beer v. United States,2,3927,6259,425 U.S. 130,2,5,3,.49277449,.144529,.037826601,.0098737478,1976,.20142221,.10593653,-.87226188,-1.0038551,-.80003476,-.89205056
a2578,United States v. United Continental Tuna Corp.,1,5292,779,425 U.S. 164,8,7,1,.35124853,.2239459,.079123557,.013686478,1976,.31014526,.18003774,-.9784382,-.39904991,.038987387,-.4461669
a2579,Ernst & Ernst v. Hochfelder,1,9888,936,425 U.S. 185,8,6,2,1.6592953,.22215325,.072416998,.0099008083,1976,.23451942,.96030062,.0028912027,-.41270199,-.54462165,-.31814414
a2580,Kelley v. Johnson,1,3269,2299,425 U.S. 238,3,6,2,2.3592453,.29465216,.086873651,.0095282793,1976,.22424912,.14592344,.5280112,.13941877,-.62387818,.014517263
a2581,Ohio v. Gallagher,1,838,258,425 U.S. 257,9,5,3,4.6537566,.35134971,.18537307,.023821115,1976,.33088958,.32789594,2.2494109,.57120305,.19907255,1.0065621
a2585,Beckwith v. United States,1,2124,733,425 U.S. 341,1,7,1,.6464929,.22407746,.102368,.013296366,1976,.20613623,.19210815,-.75693852,-.39804798,-.76365644,-.63954765
a2586,Department of the Air Force v. Rose,1,8654,1089,425 U.S. 352,5,5,3,.7712543,.25680909,.1301855,.017140627,1976,.290847,.20837945,-.66333938,-.14877795,-.10993839,-.30735192
a2586,Department of the Air Force v. Rose,2,8654,1131,425 U.S. 352,5,5,3,.78338385,.23617184,.097701997,.017837048,1976,.15895218,.16377515,-.65423948,-.30594239,-1.1277785,-.69598681
a2586,Department of the Air Force v. Rose,3,8654,230,425 U.S. 352,5,5,3,1.0776968,.48465011,.20094603,.024798572,1976,.43510246,.3605243,-.43343854,1.5863619,1.0032895,.7187376
a2588,United States v. Miller,1,3183,2447,425 U.S. 435,1,7,2,1.975999,.25809869,.048323151,.0065047741,1976,.39347965,.29691947,.24049023,-.13895686,.68208379,.26120573
a2588,United States v. Miller,2,3183,396,425 U.S. 435,1,7,2,2.008729,.32580847,.13830185,.023291826,1976,.37164527,.37883949,.26504508,.37669185,.51358664,.38510785
a259,United States v. Kahriger,1,3768,972,345 U.S. 22,1,6,3,2.3379662,.42273799,.12226486,.018046975,1953,.37531042,.30130661,.51204705,1.1148657,.54187077,.72292781
a2590,Hampton v. United States,1,1724,1480,425 U.S. 484,1,5,3,3.3130322,.24099331,.086272702,.015682757,1976,.24889243,.26797676,1.2435659,-.26922417,-.43370435,.18021247
a2591,Estelle v. Williams,1,3505,2843,425 U.S. 501,1,6,2,1.2016064,.19116604,.066804603,.011889935,1976,.24258375,.16620803,-.34047848,-.6486873,-.48238876,-.49051818
a2592,Francis v. Henderson,1,1814,5243,425 U.S. 536,1,6,1,.50361454,.231213,.052174151,.0079054832,1976,.22194827,.15161783,-.86412942,-.34370676,-.64163399,-.61649007
a2594,Hynes v. Mayor of Oradell,1,3877,1810,425 U.S. 610,3,7,1,1.9643142,.25410649,.097102761,.014240563,1976,.20991564,.16120541,.23172401,-.16935974,-.73449051,-.22404209
a2598,Connor v. Coleman,1,1302,332,425 U.S. 675,9,8,1,5.6054654,.61598933,.2433591,.047455549,1976,.58166271,.55764151,2.9634068,2.5865853,2.1343036,2.5614319
a2599,"Alfred Dunhill of London, Inc. v. Republic of Cuba",1,10138,7346,425 U.S. 682,9,5,4,.25620645,.092867702,.028213739,.0034561753,1976,.16982484,.095535994,-1.0497411,-1.3972855,-1.0438735,-1.1636333
a26,Mata v. Lynch,1,2362,710,135 S. Ct. 2150,9,8,1,.51891476,.28154671,.10051095,.013032138,2015,.37280774,.25053698,-.85265082,.039613239,.52255744,-.096826717
a2600,"Virginia State Board of Pharmacy v. Virginia Citizens Consumer Council, Inc.",1,7817,2821,425 U.S. 748,3,7,1,1.2720966,.2185456,.02917576,.0081643462,1976,.23947644,.12698746,-.28759494,-.44017628,-.50636804,-.41137975
a2602,Brown v. General Services Administration,1,4387,1268,425 U.S. 820,2,6,2,3.0806644,.38380289,.085113756,.010286808,1976,.33600169,.21580154,1.0692378,.81835258,.23852302,.70870447
a2609,Hampton v. Mow Sun Wong,1,8347,3037,426 U.S. 88,2,5,4,1.954739,.2078103,.06559515,.0068991184,1976,.25879544,.17508799,.22454043,-.52193177,-.35728219,-.21822451
a2610,Radzanower v. Touche Ross & Co.,1,3028,2896,426 U.S. 148,9,8,1,.7187829,.24013364,.04452705,.0078684688,1976,.18324721,.15428603,-.70270473,-.27577099,-.94029236,-.63958937
a2611,Washington v. Davis,1,6586,4336,426 U.S. 229,2,7,2,3.0813537,.19936229,.056129102,.0063624382,1976,.29823577,.14008957,1.069755,-.58626819,-.05291881,.14352265
a2613,United States v. MacCollom,1,3167,1348,426 U.S. 317,2,5,4,1.2768583,.39868811,.0966103,.013023376,1976,.31332242,.26213712,-.2840226,.93171203,.063505761,.23706506
a2613,United States v. MacCollom,2,3167,2106,426 U.S. 317,2,5,4,1.0938189,.28935504,.055445131,.0086263418,1976,.30158508,.23267478,-.42134336,.099078126,-.027072035,-.11644576
a2614,Bishop v. Wood,1,2649,1512,426 U.S. 341,4,5,4,3.1219709,.29737115,.092682362,.016141117,1976,.30740136,.19936705,1.100227,.16012539,.017812548,.42605498
a2614,Bishop v. Wood,2,2649,1935,426 U.S. 341,4,5,4,2.7157872,.22301739,.068897001,.0097406507,1976,.29433274,.22675753,.79549783,-.40612102,-.083038732,.1021127
a2614,Bishop v. Wood,3,2649,354,426 U.S. 341,4,5,4,3.5090311,.38800526,.13886225,.019249439,1976,.39134085,.36830109,1.3906093,.85035598,.66557854,.96884793
a2615,New Hampshire v. Maine,1,1773,786,426 U.S. 363,11,6,3,4.3291268,.33770174,.2391876,.022359252,1976,.37768805,.36045969,2.0058656,.4672659,.56021911,1.0111169
a2616,"Oil, Chemical & Atomic Workers International Union v. Mobil Oil Corp.",1,3821,4914,426 U.S. 407,7,7,2,.43014947,.1195583,.0431315,.0032360554,1976,.11189801,.10761726,-.91924477,-1.1940212,-1.4908984,-1.2013881
a2618,Hortonville Joint School District No. 1 v. Hortonville Education Ass'n,1,4362,779,426 U.S. 482,4,6,3,1.5105448,.20493007,.066957302,.01148665,1976,.24037433,.20716596,-.10870518,-.5438664,-.49943903,-.38400352
a2619,United States v. Chesapeake & Ohio Railway Co.,1,6578,2497,426 U.S. 500,9,6,2,1.0103595,.23029409,.079317003,.0092258453,1976,.26712966,.1406104,-.48395666,-.35070479,-.29296654,-.37587601
a2621,Doyle v. Ohio,1,2823,5412,426 U.S. 610,1,6,3,1.6035126,.1081909,.046814442,.0072949529,1976,.22162914,.13265407,-.038958356,-1.2805905,-.64409673,-.65454853
a2622,Henderson v. Morgan,1,3120,2248,426 U.S. 637,1,7,2,1.4949645,.2513606,.078077197,.0098067522,1976,.30022901,.21181399,-.1203939,-.19027132,-.037536871,-.11606736
a2624,"City of Eastlake v. Forest City Enterprises, Inc.",1,3164,90,426 U.S. 668,8,6,3,3.3770826,.40472829,.37736434,.037575483,1976,.49831885,.50130212,1.2916182,.9777115,1.491134,1.2534879
a2624,"City of Eastlake v. Forest City Enterprises, Inc.",2,3164,4956,426 U.S. 668,8,6,3,.56002367,.1673461,.049133658,.0058105588,1976,.22239995,.1573084,-.82180989,-.83008975,-.63814837,-.76334935
a2625,Serbian Eastern Orthodox Diocese for the United States v. Milivojevich,1,7963,3084,426 U.S. 696,3,7,2,2.2206707,.18671995,.099613197,.012669683,1976,.22950119,.15270787,.42404905,-.68254679,-.58334768,-.28061515
a2626,Roemer v. Board of Public Works,1,9098,845,426 U.S. 736,3,5,4,1.44906,.30784357,.0805237,.010782599,1976,.3584879,.23598158,-.15483262,.23987883,.41205043,.16569889
a2626,Roemer v. Board of Public Works,2,9098,616,426 U.S. 736,3,5,4,.86598998,.26062524,.07727623,.012690067,1976,.39964122,.28074986,-.59226632,-.11971572,.72963297,.0058836439
a2626,Roemer v. Board of Public Works,3,9098,64,426 U.S. 736,3,5,4,2.0122995,.5460465,.36576706,.056181967,1976,.58738583,.43964511,.2677238,2.0539305,2.1784692,1.5000411
a2627,Hughes v. Alexandria Scrap Corp.,1,6029,4900,426 U.S. 794,8,6,3,1.3367995,.2075385,.084217668,.010222018,1976,.30654484,.16635501,-.23905322,-.52400166,.011202743,-.25061738
a2628,National League of Cities v. Usery,1,6299,7888,426 U.S. 833,7,5,4,1.7333574,.16606367,.042029198,.0068488121,1976,.25353575,.13590378,.05845445,-.83985627,-.39787155,-.39309111
a2628,National League of Cities v. Usery,2,6299,402,426 U.S. 833,7,5,4,2.0988004,.44039303,.26538813,.018789351,1976,.48768449,.38802481,.33261892,1.249319,1.4090681,.99700201
a263,Orloff v. Willoughby,1,3286,706,345 U.S. 83,2,6,3,1.1696945,.30295086,.094453633,.0094507933,1953,.40699404,.22834712,-.36441955,.20261808,.78637516,.20819123
a2631,Aldinger v. Howard,1,5121,5648,427 U.S. 1,9,6,3,1.0327271,.31782746,.060571969,.0099502802,1976,.27357352,.19337898,-.46717593,.31591192,-.2432389,-.13150097
a2632,United States v. Santana,1,1254,1445,427 U.S. 38,1,7,2,1.7035365,.35609376,.1105219,.019588113,1976,.40245759,.29721498,.036082052,.60733175,.75136715,.46492699
a2633,"Young v. American Mini Theatres, Inc.",1,6914,1393,427 U.S. 50,3,5,4,.6762985,.28252935,.0417955,.01078862,1976,.26516616,.17041433,-.7345776,.047096621,-.30811894,-.33186665
a2633,"Young v. American Mini Theatres, Inc.",2,6914,2424,427 U.S. 50,3,5,4,1.2644943,.26038224,.077462003,.0078212023,1976,.26483774,.19158882,-.29329839,-.12156637,-.31065339,-.24183938
a2634,United States v. Agurs,1,5265,2730,427 U.S. 97,4,7,2,1.2867569,.2009815,.050365299,.0083830953,1976,.2649346,.23780394,-.27659646,-.573937,-.30990595,-.38681313
a2635,United States v. Hopkins,1,2059,38,427 U.S. 123,8,8,1,5.2436352,.58079964,.50652319,.094676077,1976,.81515515,.75024962,2.6919527,2.3185956,3.9361784,2.9822423
a2636,"Lodge 76, International Ass'n of Machinists & Aerospace Workers v. Wisconsin Employment Relations Commission",1,7259,1100,427 U.S. 132,10,6,3,1.3986511,.17997134,.080923297,.011338115,1976,.28818077,.22978085,-.19265059,-.73394138,-.13051388,-.35236862
a2637,Runyon v. McCrary,1,7488,7680,427 U.S. 160,2,7,2,4.1545143,.42163101,.112778,.016058624,1976,.40868169,.2396636,1.8748668,1.1064354,.79939884,1.2602336
a2638,Meachum v. Fano,1,4210,2002,427 U.S. 215,4,6,3,1.9533724,.34816813,.18476486,.016893685,1976,.35894269,.31206173,.22351515,.54697353,.41556004,.39534956
a2639,Montanye v. Haymes,1,2197,377,427 U.S. 236,4,6,3,1.5888377,.29992029,.17359173,.023064256,1976,.3681249,.37004638,-.049967833,.17953856,.48641971,.20533015
a264,American Newspaper Publishers Ass'n v. National Labor Relations Board,1,3441,455,345 U.S. 100,7,6,3,1.6727087,.32574046,.168116,.026434183,1953,.27286994,.23306072,.012954293,.37617391,-.24866842,.046819929
a264,American Newspaper Publishers Ass'n v. National Labor Relations Board,2,3441,872,345 U.S. 100,7,6,3,1.508667,.37312067,.10393596,.024187326,1953,.24584842,.18881136,-.11011393,.7370013,-.45719513,.056564078
a2641,Massachusetts Board of Retirement v. Murgia,1,3002,3233,427 U.S. 307,2,7,1,1.2156481,.22541773,.071828,.0090953112,1976,.18115377,.17008752,-.32994407,-.38784108,-.95644754,-.55807757
a2642,North v. Russell,1,3233,2360,427 U.S. 328,4,6,2,2.9597123,.37798131,.1101197,.010886967,1976,.3362596,.26628703,.97849649,.77401787,.24051332,.66434258
a2643,Elrod v. Burns,1,7816,483,427 U.S. 347,3,5,3,2.9866989,.52566749,.18592656,.019276202,1976,.47605199,.3451792,.99874252,1.8987327,1.3192993,1.4055915
a2643,Elrod v. Burns,2,7816,3951,427 U.S. 347,3,5,3,1.0227274,.1908069,.072437048,.0070518255,1976,.25139529,.12608731,-.47467801,-.65142244,-.41438964,-.5134967
a2645,Pasadena City Board of Education v. Spangler,1,4454,1070,427 U.S. 424,9,6,2,1.3316358,.15181351,.058317602,.0080574155,1976,.33518112,.16607898,-.24292713,-.9483794,.23219058,-.31970531
a2647,Andresen v. Maryland,1,6397,2895,427 U.S. 463,1,7,2,2.5955782,.2357161,.060574532,.0093525648,1976,.29131472,.19596088,.70531404,-.30941308,-.10632899,.096523993
a2647,Andresen v. Maryland,2,6397,85,427 U.S. 463,1,7,2,2.0759923,.36129737,.25536811,.046794057,1976,.39995903,.44448286,.31550774,.64696014,.73208553,.56485116
a2648,Mathews v. Lucas,1,6219,2065,427 U.S. 495,2,6,3,.37275141,.153419,.065958999,.018907547,1976,.30941635,.20579839,-.9623062,-.93615264,.033362381,-.6216988
a2649,Norton ex rel. Chiles v. Mathews,1,2590,1811,427 U.S. 524,2,6,3,2.2854104,.31438351,.064658701,.012126327,1976,.26766515,.1857847,.4726184,.28968424,-.28883415,.15782283
a265,"National Labor Relations Board v. Gamble Enterprises, Inc.",1,2007,608,345 U.S. 117,7,6,3,1.739351,.37621284,.13209546,.023578227,1953,.34002841,.31651115,.062950999,.76054996,.26959738,.36436611
a265,"National Labor Relations Board v. Gamble Enterprises, Inc.",2,2007,208,345 U.S. 117,7,6,3,1.6123006,.51710069,.2637887,.03467232,1953,.53793442,.43845218,-.032365385,1.8334917,1.7968498,1.1993253
a2651,Ludwig v. Massachusetts,1,4048,1747,427 U.S. 618,1,5,4,1.572474,.2562429,.077018797,.017403364,1976,.23143858,.25007689,-.062244322,-.15308976,-.56839675,-.26124361
a2656,Gregg v. Georgia,1,15452,1218,428 U.S. 153,1,7,2,.63971728,.39394957,.081686497,.013180256,1976,.40216273,.83058149,-.76202172,.89562535,.74909163,.29423174
a2656,Gregg v. Georgia,2,15452,3008,428 U.S. 153,1,7,2,.74501324,.25672805,.1123316,.010309875,1976,.42032182,.83294487,-.68302608,-.14939506,.88922644,.018935099
a2659,Woodson v. North Carolina,1,7335,476,428 U.S. 280,1,5,4,.36459932,.32831401,.1666535,.020646811,1976,.31560397,.21823442,-.96842211,.39577296,.081112593,-.16384552
a2659,Woodson v. North Carolina,2,7335,41,428 U.S. 280,1,5,4,2.815799,.50739115,.60541916,.13159382,1976,.6103977,.55793428,.87052917,1.7595479,2.3560531,1.6620435
a2659,Woodson v. North Carolina,3,7335,4917,428 U.S. 280,1,5,4,.52813077,.2231379,.052499902,.01024884,1976,.21822679,.12048852,-.84573674,-.40520331,-.67035288,-.64043099
a2660,Roberts v. Louisiana,1,2921,25,428 U.S. 325,1,5,4,2.5962822,.50553757,.60985911,.16252214,1976,.6157878,.59809941,.70584226,1.7454319,2.397649,1.6163077
a2660,Roberts v. Louisiana,2,2921,8578,428 U.S. 325,1,5,4,.26283041,.1512263,.048151098,.006985724,1976,.17109901,.097125053,-1.0447717,-.95285136,-1.0340407,-1.0105546
a2660,Roberts v. Louisiana,3,2921,41,428 U.S. 325,1,5,4,3.1963301,.48408151,.63884461,.16536355,1976,.61908472,.59685111,1.1560131,1.5820316,2.4230914,1.7203788
a2661,South Dakota v. Opperman,1,3540,3995,428 U.S. 364,1,5,4,.98683119,.1649358,.036757801,.0072978735,1976,.30885047,.17894483,-.50160819,-.84844565,.028995402,-.44035283
a2662,Buffalo Forge Co. v. United Steelworkers,1,4428,6449,428 U.S. 397,7,5,4,1.0826473,.16825379,.0394531,.0076369643,1976,.14381093,.11797136,-.42972454,-.82317722,-1.2446245,-.83250874
a2663,United States v. Janis,1,8811,159,428 U.S. 433,1,5,3,2.015125,.47286034,.2247915,.054642737,1976,.60203719,.53051323,.26984355,1.4965761,2.2915347,1.3526515
a2663,United States v. Janis,2,8811,1051,428 U.S. 433,1,5,3,.62088692,.29323411,.1912334,.012800574,1976,.2525869,.19573981,-.77614874,.12861946,-.40519387,-.35090771
a2664,Stone v. Powell,1,9235,10767,428 U.S. 465,1,6,3,1.0351123,.23381171,.045392331,.0085667372,1976,.21831888,.85644257,-.46538654,-.32391617,-.66964221,-.48631498
a2664,Stone v. Powell,2,9235,1906,428 U.S. 465,1,6,3,.95794356,.43959993,.0797337,.020393491,1976,.38193756,.22748297,-.52328044,1.243279,.59301281,.43767044
a2665,United States v. Martinez-Fuerte,1,6907,3405,428 U.S. 543,1,7,2,.82277089,.19275381,.054346502,.0088074207,1976,.34880775,.19490796,-.62469035,-.63659555,.33734813,-.30797926
a2666,Cantor v. Detroit Edison Co.,1,7461,8453,428 U.S. 579,8,6,3,1.4582309,.15430397,.0297754,.005105257,1976,.18564773,.099630356,-.14795239,-.92941308,-.92176741,-.6663776
a2672,United States v. Foster Lumber Co.,1,5227,3427,429 U.S. 32,12,5,4,.20644134,.17117614,.0752974,.0078965425,1976,.1805585,.14294684,-1.0870762,-.80092192,-.96104127,-.94967979
a2674,Moody v. Daggett,1,3487,2683,429 U.S. 78,4,7,2,.68427294,.24709681,.0611181,.011890411,1976,.34019589,.19206828,-.72859496,-.22274251,.27088991,-.22681585
a2675,Estelle v. Gamble,1,3652,3189,429 U.S. 97,1,8,1,.82966781,.22586024,.058756098,.0152511,1976,.23138893,.16755414,-.61951613,-.38447115,-.56877989,-.52425575
a2677,Davis v. Georgia,1,449,372,429 U.S. 122,1,6,3,1.5916878,.265044,.29718891,.025221527,1976,.3415221,.27814287,-.04782965,-.086064331,.28112429,.04907677
a2678,General Electric Co. v. Gilbert,1,6016,4700,429 U.S. 125,2,6,3,.85064745,.2005349,.037349001,.0084404349,1976,.16400945,.12096417,-.60377663,-.5773381,-1.0887513,-.75662202
a2678,General Electric Co. v. Gilbert,2,6016,666,429 U.S. 125,2,6,3,1.104767,.32401866,.083737098,.011001766,1976,.36381441,.26928675,-.41312984,.36306143,.45315543,.13436234
a2681,Craig v. Boren,1,6442,588,429 U.S. 190,2,7,2,2.078372,.47218263,.1724516,.01374048,1976,.3400355,.28871679,.31729302,1.4914149,.26965213,.69278669
a2681,Craig v. Boren,2,6442,3544,429 U.S. 190,2,7,2,1.8366615,.205456,.053119499,.0062350035,1976,.27281493,.20320928,.13595572,-.53986108,-.24909297,-.2176661
a2682,Village of Arlington Heights v. Metropolitan Housing Development Corp.,1,5848,549,429 U.S. 252,2,5,3,5.0153623,.4120909,.16642964,.026010811,1977,.44665819,.32879925,2.5206966,1.033782,1.0924658,1.5489814
a2683,"Local 3489, United Steelworkers of America v. Usery",1,2507,1155,429 U.S. 305,7,6,3,1.3041599,.14178646,.103987,.0092180371,1977,.15612566,.15987337,-.2635403,-1.0247412,-1.149591,-.81262416
a2685,Oregon ex rel. State Land Board v. Corvallis Sand & Gravel Co.,1,6009,29,429 U.S. 363,10,6,3,.62241793,.5674178,.50633508,.13173622,1977,.63501704,.54261494,-.77500015,2.2166853,2.546042,1.3292423
a2685,Oregon ex rel. State Land Board v. Corvallis Sand & Gravel Co.,2,6009,4341,429 U.S. 363,10,6,3,.3840355,.15630481,.04002583,.0052383542,1977,.29364163,.14102006,-.95384061,-.91417557,-.088372119,-.65212941
a2686,Walsh v. Schlecht,1,2758,373,429 U.S. 401,7,8,1,.32670125,.24735004,.25156343,.019395351,1977,.36426765,.30276215,-.99685419,-.22081402,.45665306,-.25367171
a2687,United States v. Donovan,1,8245,1829,429 U.S. 413,1,6,3,1.8843098,.13306201,.069907553,.010022759,1977,.19267696,.15034753,.17170267,-1.0911828,-.86752242,-.59566754
a2688,United States v. County of Fresno,1,5220,2785,429 U.S. 452,10,8,1,1.0229506,.17920434,.0360502,.0049003363,1977,.20676291,.11692917,-.47451049,-.73978245,-.7588203,-.65770441
a2689,Oregon v. Mathiason,1,1225,1254,429 U.S. 492,1,6,3,1.0019454,.2406788,.11857677,.02318269,1977,.25727618,.26046884,-.49026915,-.27161929,-.36900643,-.37696496
a2689,Oregon v. Mathiason,2,1225,259,429 U.S. 492,1,6,3,1.4462721,.30814326,.19483501,.027269602,1977,.41445404,.47290641,-.15692411,.24216117,.84394443,.30972716
a2690,Stanton v. Stanton,1,1123,492,429 U.S. 501,2,8,1,1.0142769,.32557166,.13335466,.013231516,1977,.30111265,.30899262,-.48101777,.37488839,-.030717777,-.045615718
a2691,"National Labor Relations Board v. Enterprise Ass'n of Steam, Hot Water, Hydraulic Sprinkler, Pneumatic Tube, Ice Machine & General Pipefitters",1,8307,3960,429 U.S. 507,7,6,3,.22257946,.1276696,.032256249,.0049291849,1977,.22450393,.13076657,-1.0749689,-1.132249,-.62191176,-.94304323
a2691,"National Labor Relations Board v. Enterprise Ass'n of Steam, Hot Water, Hydraulic Sprinkler, Pneumatic Tube, Ice Machine & General Pipefitters",2,8307,85,429 U.S. 507,7,6,3,2.8799465,.49955016,.35132986,.083159089,1977,.59306133,.47205848,.9186542,1.6998343,2.2222674,1.6135854
a2692,Weatherford v. Bursey,1,4826,2282,429 U.S. 545,1,7,2,.94406313,.15231407,.043958299,.0096398592,1977,.30564845,.18053013,-.53369385,-.94456732,.0042852154,-.49132532
a2693,Don E. Williams Co. v. Commissioner,1,4463,1706,429 U.S. 569,12,7,2,1.2310787,.15057445,.070927262,.010864258,1977,.22146267,.14510524,-.31836757,-.95781553,-.64538139,-.64052153
a2696,Codd v. Velger,1,1545,721,429 U.S. 624,4,5,4,1.3212074,.43260029,.1403846,.014741957,1977,.30093765,.30733675,-.25075081,1.1899728,-.032068256,.30238456
a2696,Codd v. Velger,2,1545,42,429 U.S. 624,4,5,4,4.5073771,.63960433,.46698976,.15763193,1977,.78175509,.80340761,2.1395934,2.766427,3.6784282,2.8614829
a2696,Codd v. Velger,3,1545,3674,429 U.S. 624,4,5,4,.39959824,.1997962,.070485353,.0081973672,1977,.2221806,.18651336,-.94216508,-.58296371,-.63984102,-.72165662
a2697,"Concerned Citizens of Southern Ohio, Inc. v. Pine Creek Conservancy District",1,699,2187,429 U.S. 651,9,5,4,1.1608807,.26858604,.054771401,.0094455481,1977,.21627593,.15390724,-.37103191,-.059089702,-.68540776,-.37184313
a270,"Local Union No. 10, United Ass'n of Journeymen Plumbers & Steamfitters v. Graham",1,3025,1201,345 U.S. 192,7,7,2,2.246784,.22076321,.087293863,.0090453029,1953,.30030841,.22318262,.44363987,-.42328796,-.036924187,-.00552409
a271,Shaughnessy v. United States ex rel. Mezei,1,3078,3315,345 U.S. 206,4,5,4,1.8940597,.27950287,.1243615,.02081871,1953,.32846063,.22898555,.17901728,.024048204,.18032822,.1277979
a2715,Gilmore v. Utah,1,191,376,429 U.S. 1012,,,,2.8003266,.36382401,.26910681,.034311235,1976,.52708614,.33522129,.85892141,.66620195,1.713133,1.0794188
a2715,Gilmore v. Utah,2,191,401,429 U.S. 1012,,,,2.2956963,.39941335,.32757151,.042780638,1976,.45496243,.36558557,.48033512,.93723518,1.15655,.85804009
a2715,Gilmore v. Utah,3,191,79,429 U.S. 1012,,,,4.1954975,.43472719,.4090409,.10945642,1976,.72294205,.78216279,1.9056135,1.2061703,3.2245646,2.1121161
a272,Heikkila v. Barber,1,2623,1085,345 U.S. 229,2,7,2,1.2219898,.33832711,.110815,.013731241,1953,.24960893,.21199512,-.32518637,.47202846,-.428175,-.093777634
a2722,"Piper v. Chris-Craft Industries, Inc.",1,4570,7153,430 U.S. 1,8,7,2,1.6748512,.1727404,.087343603,.014009058,1977,.32242095,.17456758,.014561597,-.78900909,.13371965,-.21357594
a2723,Delaware Tribal Business Committee v. Weeks,1,5393,2475,430 U.S. 73,2,8,1,1.4818531,.14287066,.036028501,.0068372488,1977,.25696468,.13166839,-.13023037,-1.0164843,-.37141025,-.50604165
a2725,City of Philadelphia v. New Jersey,1,346,267,430 U.S. 141,8,5,4,3.421062,.2878159,.21469676,.032985449,1977,.46036923,.30204964,1.3246126,.087356687,1.1982746,.87008131
a2726,"United Jewish Organizations of Williamsburgh, Inc. v. Carey",1,7601,2164,430 U.S. 144,2,7,1,.8737331,.19149375,.046296202,.0059192777,1977,.26410967,.1304521,-.58645719,-.6461916,-.31627196,-.51630694
a2728,Califano v. Goldfarb,1,5534,5952,430 U.S. 199,2,5,4,.17564048,.12943953,.03228277,.0069849491,1977,.2298702,.12385422,-1.1101837,-1.11877,-.58050001,-.93648458
a2729,"Nolde Bros., Inc. v. Local No. 358, Bakery & Confectionery Workers Union",1,3555,838,430 U.S. 243,7,7,2,.99184012,.2472439,.084465601,.013596416,1977,.24165881,.23842365,-.49785039,-.22162235,-.4895266,-.40299979
a273,Albertson v. Millard,1,851,260,345 U.S. 242,9,7,2,1.281983,.3964625,.18506765,.036777616,1953,.3929103,.33810049,-.28017792,.91476274,.67769009,.43742496
a2731,Juidice v. Vail,1,3598,1825,430 U.S. 327,9,6,3,2.6557276,.4135097,.1083599,.01631701,1977,.43958092,.32112646,.75043964,1.0445869,1.03785,.94429219
a2731,Juidice v. Vail,2,3598,466,430 U.S. 327,9,6,3,2.5773106,.4887065,.192403,.024510205,1977,.41706014,.28044772,.6916092,1.6172537,.86405581,1.0576396
a2732,Gardner v. Florida,1,3703,1957,430 U.S. 349,1,8,1,2.8874631,.26586723,.075681299,.0070766211,1977,.26346886,.21592629,.9242934,-.079794966,-.32121712,.17442711
a2732,Gardner v. Florida,2,3703,126,430 U.S. 349,1,8,1,3.294287,.5333162,.3113535,.046568751,1977,.44839811,.45417947,1.2295028,1.956982,1.1058928,1.4307926
a2734,Brewer v. Williams,1,5752,4729,430 U.S. 387,1,5,4,2.1157997,.29093874,.088750243,.016279459,1977,.3982119,.21219802,.34537217,.11113887,.71860284,.39170462
a2734,Brewer v. Williams,2,5752,3060,430 U.S. 387,1,5,4,.75400615,.18215555,.060416158,.0071331263,1977,.27585661,.20818138,-.67627937,-.71730739,-.22562011,-.53973562
a2734,Brewer v. Williams,3,5752,1094,430 U.S. 387,1,5,4,.78838509,.28901219,.076863348,.016006351,1977,.32005119,.21309316,-.65048742,.09646716,.11543207,-.14619607
a2736,Castaneda v. Partida,1,6324,856,430 U.S. 482,2,5,4,.75753766,.20992976,.058889151,.0087903738,1977,.27009517,.15656042,-.67362994,-.50579083,-.27008152,-.48316744
a2736,Castaneda v. Partida,2,6324,122,430 U.S. 482,2,5,4,3.5211768,.70208681,.37057066,.061668277,1977,.65810907,.53488123,1.3997213,3.2422669,2.7242446,2.455411
a2736,Castaneda v. Partida,3,6324,3941,430 U.S. 482,2,5,4,1.0950149,.21434027,.04208374,.0053520203,1977,.17128819,.11562914,-.42044607,-.4722023,-1.0325809,-.64174306
a2739,United States v. Martin Linen Supply Co.,1,3845,745,430 U.S. 564,1,7,1,.47392997,.22165865,.102163,.011874139,1977,.28175604,.27124327,-.88639951,-.41646865,-.18009387,-.49432069
a274,Western Pacific Railroad v. Western Pacific Railroad,1,6664,1601,345 U.S. 247,9,8,1,2.5381799,.45696691,.12663734,.014806211,1953,.27125835,.30442834,.66225237,1.3755385,-.26110515,.59222853
a2740,Rosebud Sioux Tribe v. Kneip,1,11352,6261,430 U.S. 584,2,6,3,.20690283,.1085893,.023620499,.0052220821,1977,.22521561,.88210469,-1.08673,-1.2775565,-.61641967,-.99356872
a2741,Ingraham v. Wright,1,10601,6172,430 U.S. 651,1,5,4,.97095215,.19905069,.034173548,.0069863796,1977,.18858254,.83411491,-.51352108,-.58864117,-.89911932,-.66709387
a2741,Ingraham v. Wright,2,10601,447,430 U.S. 651,1,5,4,5.8960419,.63221622,.20187116,.026790917,1977,.52293789,.79677081,3.1814044,2.7101622,1.6811208,2.524229
a2743,Wooley v. Maynard,1,3599,598,430 U.S. 705,3,6,3,5.6117945,.5158242,.23206174,.021492958,1977,.52469432,.50050247,2.9681549,1.8237704,1.6946752,2.1622002
a2743,Wooley v. Maynard,2,3599,1045,430 U.S. 705,3,6,3,1.5624707,.26676321,.13938016,.01239115,1977,.35290092,.22706008,-.069749065,-.07297159,.36893538,.075404905
a2744,United States v. Consumer Life Insurance Co.,1,8942,2976,430 U.S. 725,12,7,2,1.2233362,.15456843,.0397272,.0060179234,1977,.21669459,.15153593,-.32417622,-.92739904,-.68217689,-.64458406
a2745,Trimble v. Gordon,1,4447,3104,430 U.S. 762,2,5,4,2.799705,.39932346,.13743126,.013425529,1977,.41905546,.20580149,.85845506,.93655062,.87945384,.89148653
a2746,Fiallo ex rel. Rodriguez v. Bell,1,4370,5789,430 U.S. 787,2,6,3,.64524966,.12204736,.027388699,.0033348203,1977,.18183392,.13568348,-.75787121,-1.1750656,-.95119876,-.96137851
a2747,Bounds v. Smith,1,5193,763,430 U.S. 817,4,6,3,.89937657,.27472425,.096772499,.011636019,1977,.40020937,.31806964,-.56721884,-.012343751,.73401743,.051484946
a2747,Bounds v. Smith,2,5193,370,430 U.S. 817,4,6,3,.93753695,.37240961,.1687388,.020451725,1977,.35988957,.26423758,-.53858995,.73158622,.42286715,.2052878
a2747,Bounds v. Smith,3,5193,1554,430 U.S. 817,4,6,3,.39126644,.37135386,.090108,.014307737,1977,.33618498,.18431234,-.94841576,.72354615,.23993744,.0050226101
a2751,United States Trust Co. v. New Jersey,1,10517,10299,431 U.S. 1,8,4,3,.8353743,.11062217,.030613059,.0070963502,1977,.17045093,.00067389011,-.61523497,-1.2620751,-1.039042,-.97211736
a2753,Environmental Protection Agency v. Brown,1,1277,165,431 U.S. 99,9,8,1,5.4052362,.42005664,.27879491,.052160382,1977,.4985429,.42880327,2.8131897,1.0944457,1.4928632,1.8001662
a2755,Kremens v. Bartley,1,5554,2547,431 U.S. 119,9,7,2,2.2079735,.27539411,.066375263,.012587845,1977,.25280106,.14887708,.41452327,-.0072423317,-.40354118,.0012465882
a2758,United States v. Washington,1,3100,1040,431 U.S. 181,1,7,2,.39032584,.28824639,.0967445,.010912776,1977,.28045315,.23070168,-.94912142,.090635151,-.19014841,-.34954488
a2759,Territory of Guam v. Olsen,1,3106,1458,431 U.S. 195,9,5,4,2.3544483,.23766211,.065120757,.011860073,1977,.20909142,.1351639,.52441239,-.29459316,-.74085104,-.17034394
a2762,Smith v. United States,1,5812,108,431 U.S. 291,3,5,4,1.2734822,.55469561,.34349227,.067273974,1977,.48620367,.37963414,-.28655544,2.1197984,1.3976406,1.0769612
a2762,Smith v. United States,2,5812,3801,431 U.S. 291,3,5,4,2.948247,.22473,.076764099,.0098004937,1977,.31938434,.23981649,.96989495,-.39307857,.11028589,.2290341
a2764,Connor v. Finch,1,5853,1018,431 U.S. 407,2,7,1,.8000735,.2066458,.051330902,.0069960952,1977,.21877259,.1566205,-.64171851,-.5308001,-.66614091,-.61288649
a2765,Trainor v. Hernandez,1,4564,3243,431 U.S. 434,9,5,4,.690418,.19083893,.038411859,.0075088143,1977,.16947329,.13584596,-.72398478,-.65117842,-1.0465865,-.8072499
a2765,Trainor v. Hernandez,2,4564,3795,431 U.S. 434,9,5,4,1.1377323,.2491696,.061948299,.0065779686,1977,.3247174,.22366774,-.38839844,-.20695698,.15144148,-.14797132
a2766,Moore v. City of East Cleveland,1,3740,3280,431 U.S. 494,8,5,4,5.0696869,.42429924,.2051077,.014921606,1977,.52196592,.3602432,2.5614522,1.1267555,1.67362,1.7872759
a2766,Moore v. City of East Cleveland,2,3740,3436,431 U.S. 494,8,5,4,.58362448,.20897099,.067307599,.0071402788,1977,.23831356,.17186964,-.80410397,-.5130924,-.51534212,-.61084616
a2766,Moore v. City of East Cleveland,3,3740,3371,431 U.S. 494,8,5,4,1.9777311,.26714563,.096089996,.0072376132,1977,.28517818,.17824465,.2417897,-.070059218,-.153685,.0060151592
a2767,"United Air Lines, Inc. v. Evans",1,2408,597,431 U.S. 553,2,7,2,.82200724,.18911549,.091067903,.014259279,1977,.16624242,.17987531,-.62526327,-.66430342,-1.0715193,-.78702867
a2768,Scarborough v. United States,1,4724,895,431 U.S. 563,1,7,1,1.3437158,.31333876,.1137029,.0090405941,1977,.32203388,.31952214,-.23386446,.28172785,.1307326,.059531998
a2769,Splawn v. California,1,1543,164,431 U.S. 595,3,5,4,1.9558399,.53381139,.1974401,.10561961,1977,.49540162,.43455791,.22536634,1.9607532,1.4686216,1.2182471
a2769,Splawn v. California,2,1543,79,431 U.S. 595,3,5,4,2.432318,.53492659,.46523491,.096957982,1977,.71685404,.68170571,.58283216,1.9692461,3.177583,1.9098871
a2769,Splawn v. California,3,1543,1046,431 U.S. 595,3,5,4,3.0279062,.25469351,.10073054,.014170289,1977,.28235316,.25711161,1.0296572,-.16488928,-.17548586,.22976071
a277,United States v. Certain Parcels of Land in the County of Fairfax,1,1691,3346,345 U.S. 344,4,6,2,2.2004471,.1434845,.061170999,.0063521266,1953,.21833771,.13841277,.40887678,-1.0118095,-.66949683,-.42414317
a2770,United States v. Ramsey,1,6185,2699,431 U.S. 606,1,6,3,1.1715971,.19333211,.07130444,.012872875,1977,.36336398,.22096241,-.3629922,-.63219148,.4496794,-.18183476
a2771,Roberts v. Louisiana,1,1697,49,431 U.S. 633,1,5,4,1.9869865,.48782396,.47190785,.10858989,1977,.57952815,.53921378,.24873334,1.6105326,2.117831,1.325699
a2771,Roberts v. Louisiana,2,1697,1114,431 U.S. 633,1,5,4,.51440978,.2585434,.074323103,.015082002,1977,.20272958,.20367682,-.85603058,-.13557014,-.78994572,-.59384882
a2771,Roberts v. Louisiana,3,1697,2758,431 U.S. 633,1,5,4,.9293853,.27863589,.1141827,.015518785,1977,.27034068,.21330267,-.54470557,.017445659,-.2681869,-.26514894
a2772,Stencel Aero Engineering Corp. v. United States,1,2309,914,431 U.S. 666,8,7,2,.5345403,.2483992,.056736302,.011483669,1977,.22696352,.18877536,-.84092814,-.21282406,-.60293102,-.55222774
a2773,Carey v. Population Services International,1,7575,695,431 U.S. 678,5,7,2,1.4431982,.45152247,.11763996,.020654678,1977,.31156999,.25911021,-.15923026,1.3340759,.049982108,.40827593
a2774,Illinois Brick Co. v. Illinois,1,8870,6094,431 U.S. 720,8,6,3,.53509736,.086978443,.040245902,.0025281906,1977,.12657416,.08160913,-.84051025,-1.4421356,-1.3776417,-1.2200959
a2774,Illinois Brick Co. v. Illinois,2,8870,237,431 U.S. 720,8,6,3,.97951221,.60112202,.22456074,.03460598,1977,.41272002,.37906402,-.50709909,2.4733622,.83056289,.93227535
a2775,Ward v. Illinois,1,2901,127,431 U.S. 767,3,5,4,1.1098469,.48676541,.22812399,.057165623,1977,.42371213,.31636703,-.40931872,1.6024711,.91538966,.70284736
a2775,Ward v. Illinois,2,2901,1793,431 U.S. 767,3,5,4,.72137189,.2388843,.05424637,.0048840046,1977,.27496296,.18833828,-.70076239,-.28528544,-.23251648,-.4061881
a2776,United States v. Lovasco,1,4645,950,431 U.S. 783,1,8,1,3.0175755,.24980485,.0620327,.0088299513,1977,.39065838,.19924396,1.021907,-.20211917,.66031188,.49336657
a2777,Lefkowitz v. Cunningham,1,2314,2027,431 U.S. 801,1,7,1,1.1271374,.30079746,.090685248,.011530757,1977,.32556784,.21200687,-.39634696,.18621872,.15800437,-.01737462
a2779,United States v. Larionoff,1,6289,186,431 U.S. 864,2,5,4,3.1088328,.33320284,.1362101,.026704848,1977,.38293779,.31176382,1.0903705,.43300423,.60073161,.70803547
a278,"United States v. Gilbert Associates, Inc.",1,1618,523,345 U.S. 361,12,7,2,4.0116343,.35903239,.1364529,.025923431,1953,.29490912,.25582707,1.7676748,.62971103,-.078590803,.77293169
a2782,Nyquist v. Mauclet,1,3703,822,432 U.S. 1,2,5,4,1.0601555,.3526504,.13640399,.017505169,1977,.29379934,.21758449,-.44659847,.58110857,-.087155029,.015785024
a2782,Nyquist v. Mauclet,2,3703,623,432 U.S. 1,2,5,4,.53626329,.26150361,.076343097,.00893116,1977,.20801425,.23757803,-.83963549,-.11302648,-.74916363,-.56727523
a2782,Nyquist v. Mauclet,3,3703,1911,432 U.S. 1,2,5,4,1.7044632,.2998178,.075665951,.0088813305,1977,.22791415,.15955442,.03677731,.17875804,-.59559488,-.12668651
a2783,Lee v. United States,1,3351,590,432 U.S. 23,1,8,1,.70761341,.30934006,.1356575,.014431477,1977,.3553381,.36354774,-.71108437,.25127551,.38774318,-.024021894
a2784,National Socialist Party of America v. Village of Skokie,1,378,385,432 U.S. 43,3,5,4,2.2267601,.46401936,.2418783,.029746532,1977,.38645583,.39834154,.42861751,1.4292469,.62788057,.82858169
a2785,E. I. du Pont de Nemours & Co. v. Collins,1,3540,1515,432 U.S. 46,8,7,1,1.724825,.2178551,.066735797,.01221174,1977,.17583376,.15032774,.052053224,-.44543487,-.99750239,-.46362802
a2786,"Trans World Airlines, Inc. v. Hardison",1,6603,4283,432 U.S. 63,2,7,2,.78562021,.16414034,.039016701,.0063744187,1977,.17565948,.10881114,-.65256172,-.85450345,-.99884731,-.83530414
a2787,Manson v. Brathwaite,1,6190,5895,432 U.S. 98,1,7,2,1.0782776,.13198507,.038724542,.0049082041,1977,.21247089,.12048334,-.43300283,-1.0993843,-.71477151,-.74905288
a2789,Brown v. Ohio,1,2726,552,432 U.S. 161,1,6,3,.6299262,.38739979,.13861036,.024022877,1977,.28884441,.2837556,-.76936728,.84574503,-.12539256,-.016338268
a279,New Jersey v. New York,1,1511,362,345 U.S. 369,,,,2.0364003,.35711837,.1963781,.022840559,1953,.33849943,.30103076,.28580481,.61513466,.25779817,.38624588
a2790,Mandel v. Bradley,1,1798,518,432 U.S. 173,2,7,1,1.9826801,.25684699,.1798854,.014374495,1977,.34935462,.30088377,.24550255,-.14848925,.34156838,.14619389
a2791,Jones v. Hildebrant,1,1997,2492,432 U.S. 183,9,6,3,1.173351,.1473819,.042724799,.0078961253,1977,.2180258,.13422173,-.36167634,-.98212862,-.67190391,-.67190295
a2792,Patterson v. New York,1,6555,5783,432 U.S. 197,4,5,3,.84478801,.15629864,.047211468,.0078965425,1977,.16165346,.10917705,-.60817254,-.91422254,-1.1069326,-.87644255
a2794,Dobbert v. Florida,1,6413,50,432 U.S. 282,1,6,3,2.2934887,.52048779,.47630981,.11671615,1977,.72082543,.59880114,.47867897,1.8592863,3.2082305,1.8487319
a2794,Dobbert v. Florida,2,6413,2776,432 U.S. 282,1,6,3,2.7644553,.44193301,.084578998,.011818647,1977,.39129269,.25860268,.83200985,1.2610466,.66520691,.91942114
a2795,Third National Bank in Nashville v. Impac Ltd.,1,3882,2736,432 U.S. 312,2,6,3,.35272643,.1636097,.036179539,.0049142838,1977,.23773021,.1666885,-.97732943,-.85854465,-.51984388,-.78523934
a2796,Occidental Life Insurance v. Equal Employment Opportunity Commission,1,5615,3771,432 U.S. 355,2,7,2,1.4358088,.25418603,.0702684,.012498856,1977,.32087916,.21442842,-.16477399,-.16875398,.12182155,-.070568807
a2797,"United Airlines, Inc. v. McDonald",1,3640,2377,432 U.S. 385,9,5,3,1.8289649,.2173765,.057496399,.009457171,1977,.33645284,.15597916,.1301816,-.44907966,.24200456,-.025631169
a2798,Batterton v. Francis,1,5054,1505,432 U.S. 416,2,5,4,1.6372683,.27269346,.092123568,.012047887,1977,.24050742,.17620641,-.013634015,-.027809378,-.49841189,-.17995176
a2799,Beal v. Doe,1,3063,2026,432 U.S. 438,5,6,3,.23192802,.2245716,.053332198,.0073020458,1977,.24641103,.14364582,-1.0679555,-.39428484,-.45285344,-.63836461
a2799,Beal v. Doe,2,3063,2568,432 U.S. 438,5,6,3,1.2145191,.46778476,.1119032,.01766479,1977,.45775926,.28670299,-.330791,1.4579226,1.1781334,.76842165
a2799,Beal v. Doe,3,3063,470,432 U.S. 438,5,6,3,2.4797797,.62076372,.22141039,.040764391,1977,.53733754,.5087074,.61843914,2.6229451,1.7922436,1.677876
a28,Horne v. Dep't of Agric.,1,5036,4519,135 S. Ct. 2419,4,8,1,.71588475,.17914474,.046238799,.0041140914,2015,.29770249,.19923258,-.70487899,-.7402364,-.057034187,-.50071651
a280,Pope v. Atlantic Coast Line Railroad,1,2137,2376,345 U.S. 379,9,8,1,1.5495652,.31121281,.0519705,.0077379942,1953,.22518075,.16036355,-.079431079,.26553756,-.61668879,-.14352743
a2800,Maher v. Roe,1,5125,2799,432 U.S. 464,5,6,3,1.4561191,.13509977,.0277362,.0034489036,1977,.20125818,.16218567,-.14953671,-1.075664,-.80130059,-.67550045
a2801,Morris v. Gressette,1,5391,3538,432 U.S. 491,2,6,3,.31241384,.15999484,.030499101,.0080798864,1977,.19027489,.10961008,-1.007573,-.88607383,-.88605928,-.92656869
a2801,Morris v. Gressette,2,5391,101,432 U.S. 491,2,6,3,2.0517855,.46915421,.31633264,.042535663,1977,.398341,.39807433,.29734713,1.4683517,.71959913,.82843268
a2802,Poelker v. Doe,1,792,1039,432 U.S. 519,5,6,3,3.5777335,.25471511,.1881828,.02656275,1977,.39574629,.2459119,1.4421515,-.16472474,.6995756,.65900081
a2805,United States v. Chadwick,1,4262,2545,433 U.S. 1,1,7,2,.5737502,.196281,.048241001,.0059348345,1977,.27129018,.15785754,-.81151187,-.60973394,-.26085952,-.56070179
a2807,"Continental T. V., Inc. v. GTE Sylvania Inc.",1,7662,47,433 U.S. 36,8,6,2,1.6873276,.52464181,.48453829,.12743354,1977,.5640226,.68053997,.023921737,1.8909216,1.9981738,1.3043391
a2808,Wainwright v. Sykes,1,6320,7147,433 U.S. 72,1,7,2,.55540788,.24444824,.05506897,.0091243386,1977,.38205916,.20347154,-.82527274,-.24291283,.59395117,-.15807813
a2809,"Jones v. North Carolina Prisoners' Labor Union, Inc.",1,5081,2787,433 U.S. 119,3,7,2,.868738,.21221197,.04954255,.013932288,1977,.26806682,.17595541,-.59020466,-.48841053,-.28573439,-.4547832
a281,Poulos v. New Hampshire,1,6104,498,345 U.S. 395,3,7,2,3.0741558,.31528741,.10811824,.013643742,1953,.25908619,.29754442,1.0643549,.29656798,-.35503846,.33529481
a2811,"Puyallup Tribe, Inc. v. Department of Game of Washington",1,4128,2283,433 U.S. 165,2,7,2,1.1684405,.16360736,.0416709,.004748404,1977,.2594012,.18387204,-.36536038,-.85856247,-.35260749,-.52551013
a2815,Hazelwood School District v. United States,1,4455,2176,433 U.S. 299,2,8,1,1.4715159,.17265767,.07340765,.010031343,1977,.19543481,.1126833,-.13798562,-.78963917,-.84623992,-.59128821
a2817,Bates v. State Bar of Arizona,1,11255,392,433 U.S. 350,6,5,4,3.0804503,.35845491,.23729961,.036832809,1977,.30475354,.83232325,1.0690773,.62531322,-.0026208125,.56392324
a2819,Nixon v. Administrator of General Services,1,18443,12862,433 U.S. 425,3,7,2,1.0997537,.1418799,.042368531,.0048385262,1977,.20919353,.00099897385,-.41689089,-1.0240295,-.74006307,-.72699451
a2819,Nixon v. Administrator of General Services,2,18443,5606,433 U.S. 425,3,7,2,1.8890387,.1835489,.068883061,.0080160499,1977,.2823019,.86495745,.17525043,-.70669621,-.17588143,-.23577574
a2820,Zacchini v. Scripps-Howard Broadcasting Co.,1,5632,1207,433 U.S. 562,3,5,4,.93070811,.3148298,.1199534,.012320518,1977,.26197165,.17437768,-.54371315,.29308298,-.33277118,-.19446711
a2820,Zacchini v. Scripps-Howard Broadcasting Co.,2,5632,369,433 U.S. 562,3,5,4,2.0036788,.21503121,.2053096,.014217794,1977,.23110056,.22708619,.26125631,-.4669404,-.57100523,-.25889644
a2821,Coker v. Georgia,1,5071,6229,433 U.S. 584,1,7,2,.64787602,.2243036,.064519167,.014011025,1977,.29411328,.10307407,-.75590086,-.3963258,-.084732354,-.41231966
a2822,Vendo Co. v. Lektro-Vend Corp.,1,6275,7844,433 U.S. 623,8,5,4,.90771484,.20890546,.033124901,.0042943954,1977,.15657443,.10766357,-.56096327,-.51359147,-1.1461278,-.74022752
a2823,School District of Omaha v. United States,1,524,567,433 U.S. 667,2,6,3,.92335671,.28701675,.084519804,.011768043,1977,.21505266,.22882837,-.54922837,.08127071,-.69484776,-.38760179
a2823,School District of Omaha v. United States,2,524,26,433 U.S. 667,2,6,3,5.0968032,.54243833,.56106192,.16091996,1977,.75865561,.79171252,2.5817957,2.0264523,3.5001683,2.7028055
a2824,Brennan v. Armstrong,1,297,674,433 U.S. 672,2,6,3,.50636989,.30069464,.1060016,.015230298,1977,.18728632,.29592019,-.86206228,.18543571,-.90912235,-.52858299
a2825,Finch v. United States,1,534,1141,433 U.S. 676,1,6,3,.29450732,.36404541,.13879199,.016864061,1977,.38747233,.3060497,-1.0210069,.66788805,.63572496,.094202019
a2828,Southern Overlying Carrier Chapter of the California Dump Truck Owners Ass'n v. Public Utilities Commission,1,161,385,434 U.S. 9,8,8,1,.92248297,.4479484,.25769657,.043443501,1977,.49913949,.47136784,-.54988384,1.3068573,1.497467,.75148016
a2829,General Atomic Co. v. Felter,1,2449,763,434 U.S. 12,10,7,2,2.8563638,.3389256,.14737999,.020680308,1977,.3790549,.29653621,.90096188,.47658631,.57076716,.64943844
a283,Terry v. Adams,1,4746,3033,345 U.S. 461,2,8,1,.7727133,.18599769,.070134044,.0080682039,1953,.25472504,.13347924,-.6622448,-.68804723,-.38869372,-.57966191
a2830,Rinaldi v. United States,1,3363,842,434 U.S. 22,1,6,3,1.6477258,.29084721,.061662398,.0079247952,1977,.23672527,.24511909,-.0057885256,.11044187,-.52759898,-.14098188
a2832,Commissioner v. Kowalski,1,6189,806,434 U.S. 77,12,7,2,3.7293653,.32224786,.16298629,.017031074,1977,.29516113,.25687391,1.5559095,.34957582,-.076646037,.60961312
a2833,Idaho Department of Employment v. Smith,1,465,265,434 U.S. 100,2,6,3,5.0056334,.40638727,.2059492,.04936415,1977,.46521455,.39199066,2.5133977,.99034554,1.2356663,1.5798032
a2833,Idaho Department of Employment v. Smith,2,465,591,434 U.S. 100,2,6,3,7.5929713,.70879573,.32349661,.054443538,1977,.59540892,.52443707,4.4544835,3.293359,2.2403839,3.3294089
a2834,Pennsylvania v. Mimms,1,2018,1046,434 U.S. 106,1,6,3,2.1016665,.28553784,.087732263,.010507345,1977,.33311617,.25908917,.3347691,.070007958,.21625529,.20701078
a2834,Pennsylvania v. Mimms,2,2018,3371,434 U.S. 106,1,6,3,1.6970241,.25532839,.061041798,.0092020035,1977,.35372132,.22683388,.031196281,-.16005431,.37526643,.082136132
a2835,New York v. Cathedral Academy,1,2733,85,434 U.S. 125,3,6,3,2.9865015,.57335144,.50811249,.074542344,1977,.67157054,.53888106,.99859446,2.2618732,2.8281276,2.0295317
a2837,United States v. New York Telephone Co.,1,6374,4745,434 U.S. 159,1,5,4,2.6135819,.216656,.07885915,.0070636272,1977,.22041786,.17539155,.71882087,-.45456669,-.65344429,-.12973003
a2838,"United Air Lines, Inc. v. McMann",1,3569,4063,434 U.S. 192,2,7,2,.88707292,.15963259,.041586339,.0060328245,1977,.21278155,.17676914,-.57644933,-.88883257,-.71237409,-.72588533
a284,Wells v. Simonds Abrasive Co.,1,1341,2682,345 U.S. 514,8,5,3,1.3090318,.21090615,.071874999,.010663331,1953,.24748832,.18321508,-.25988522,-.49835509,-.4445399,-.40092674
a2840,"Philadelphia Newspapers, Inc. v. Jerome",1,191,1091,434 U.S. 241,9,7,2,1.9953072,.34931609,.18288094,.025919318,1978,.21997482,.22170401,.25497574,.55571586,-.65686327,.051276106
a2842,Adamo Wrecking Co. v. United States,1,4400,842,434 U.S. 275,8,5,4,2.6915357,.33999574,.11699307,.011530876,1978,.31315887,.21949106,.77730376,.48473606,.062243599,.4414278
a2842,Adamo Wrecking Co. v. United States,2,4400,4761,434 U.S. 275,8,5,4,1.6706725,.23488617,.041545451,.0064446926,1978,.27426785,.12224418,.011426674,-.31573349,-.23788068,-.18072917
a2843,Pfizer Inc. v. Government of India,1,3934,2979,434 U.S. 308,8,5,3,1.2402619,.24840949,.060622599,.0083560944,1978,.22111636,.15312731,-.31147814,-.21274564,-.64805382,-.3907592
a2843,Pfizer Inc. v. Government of India,2,3934,695,434 U.S. 308,8,5,3,1.7530897,.34514266,.097104251,.016914248,1978,.270374,.22739798,.073258065,.52393281,-.26792976,.10975371
a2845,"National Labor Relations Board v. Local Union No. 103, International Ass'n of Bridge, Structural & Ornamental Iron Workers",1,5798,1164,434 U.S. 335,7,6,3,.68320388,.090297602,.047553301,.0073232651,1978,.16839081,.14116293,-.729397,-1.4168582,-1.0549401,-1.0670651
a2846,Bordenkircher v. Hayes,1,2659,1385,434 U.S. 357,1,5,4,1.0481157,.16729534,.0532302,.007594645,1978,.24230111,.18660998,-.45563102,-.8304764,-.48456994,-.59022582
a2846,Bordenkircher v. Hayes,2,2659,1244,434 U.S. 357,1,5,4,.66202694,.17130995,.10543555,.0082960725,1978,.2480967,.20680672,-.7452845,-.79990286,-.43984497,-.66167742
a2847,Zablocki v. Redhail,1,5792,1467,434 U.S. 374,2,8,1,1.7373626,.3107135,.12437886,.0089574456,1978,.38882995,.20734936,.061459247,.26173502,.64620179,.32313201
a2849,United States Steel Corp. v. Multistate Tax Commission,1,9425,5180,434 U.S. 452,10,7,2,1.3904207,.15171945,.039520562,.0064049959,1978,.17672235,.11987144,-.19882528,-.94909567,-.99064511,-.71285534
a285,May v. Anderson,1,2283,1819,345 U.S. 528,4,5,3,1.0716276,.25111985,.0573132,.010970592,1953,.23282528,.19417036,-.4379918,-.19210471,-.55769545,-.39593065
a285,May v. Anderson,2,2283,389,345 U.S. 528,4,5,3,.67966706,.26621187,.18820375,.013317466,1953,.31499231,.29298216,-.73205042,-.077170379,.076392353,-.24427615
a2850,Arizona v. Washington,1,7394,383,434 U.S. 497,1,6,3,2.6132236,.42524719,.30895549,.023808181,1978,.52275044,.4926278,.71855199,1.1339747,1.6796741,1.1774002
a2850,Arizona v. Washington,2,7394,3266,434 U.S. 497,1,6,3,.30838057,.17085457,.035552502,.0066037178,1978,.18218875,.11486691,-1.0105988,-.80337083,-.94846058,-.92081004
a2851,Fulman v. United States,1,3854,414,434 U.S. 528,12,7,1,1.2490237,.24351659,.14237994,.018423915,1978,.35976493,.30086619,-.30490485,-.25000787,.42190534,-.044335794
a2852,Procunier v. Navarette,1,3757,452,434 U.S. 555,2,7,2,1.2098053,.21958965,.137309,.02295059,1978,.36192769,.27626646,-.33432749,-.43222526,.43859544,-.1093191
a2852,Procunier v. Navarette,2,3757,2393,434 U.S. 555,2,7,2,1.6028322,.28695121,.067925751,.0098301172,1978,.21779162,.20372415,-.039468843,.080771618,-.67371112,-.21080278
a2853,J. W. Bateson Co. v. United States ex rel. Board of Trustees,1,2904,4096,434 U.S. 586,8,6,2,1.4022144,.2115248,.091002598,.01330775,1978,.24609965,.16291869,-.18997733,-.4936437,-.45525634,-.3796258
a286,Watson v. Commissioner,1,2907,1781,345 U.S. 544,12,6,3,.59730107,.119362,.07306993,.0079550147,1953,.17473173,.15183634,-.79384345,-1.1955162,-1.0060068,-.99845552
a2866,Mobil Alaska Pipeline Co. v. United States,1,316,711,434 U.S. 949,,,,.53765833,.3701098,.1960635,.036711693,1977,.37938732,.31627011,-.83858889,.71407181,.57333243,.14960511
a2866,Mobil Alaska Pipeline Co. v. United States,2,316,58,434 U.S. 949,,,,4.471653,.4768137,.53261805,.10074574,1977,.53541899,.57741642,2.1127923,1.5266832,1.777438,1.8056378
a2869,Crist v. Cline,1,106,526,434 U.S. 980,,,,1.2000167,.37848496,.20259321,.043047667,1977,.27654886,.33957165,-.34167108,.77785355,-.22027799,.071968161
a288,Tinder v. United States,1,1393,60,345 U.S. 565,1,5,3,5.5058942,.596084,.58575088,.15482676,1953,.75049222,.7925204,2.888706,2.4349947,3.4371707,2.9202905
a2880,Simpson v. United States,1,3515,1199,435 U.S. 6,1,8,1,2.3549085,.2297956,.094777197,.01630187,1978,.27690935,.20306373,.52475756,-.35450107,-.21749608,-.015746528
a2882,Federal Maritime Commission v. Pacific Maritime Ass'n,1,7381,4830,435 U.S. 40,7,5,3,1.277742,.14423899,.026908699,.0037984848,1978,.21964788,.12491852,-.28335962,-1.0060637,-.65938622,-.64960319
a2884,United States v. Board of Commissioners,1,9702,3393,435 U.S. 110,2,6,3,.39329895,.1123091,.039267361,.0043631792,1978,.20362675,.1186676,-.94689095,-1.2492281,-.78302222,-.99304712
a2886,Oliphant v. Suquamish Indian Tribe,1,7162,96,435 U.S. 191,2,6,2,1.5515598,.32921201,.34213907,.039616227,1978,.50199974,.35667259,-.077934675,.40261176,1.5195397,.61473894
a2889,Foley v. Connelie,1,2857,1756,435 U.S. 291,2,6,3,3.4417472,.2607201,.12643591,.012326121,1978,.29496449,.18761575,1.3401312,-.1189933,-.07816349,.38099146
a2889,Foley v. Connelie,2,2857,1758,435 U.S. 291,2,6,3,2.8037171,.3237904,.1099118,.016602993,1978,.32016677,.20486015,.8614651,.36132312,.11632396,.44637072
a289,Times-Picayune Publishing Co. v. United States,1,9611,272,345 U.S. 594,8,5,4,2.3418992,.27268296,.1018176,.0204193,1953,.31654382,.97158593,.51499766,-.027889268,.088365443,.19182462
a2890,Lakeside v. Oregon,1,2921,2343,435 U.S. 333,1,6,2,1.7085859,.2334789,.074445501,.0085918307,1978,.28859609,.24531853,.039870199,-.32645065,-.1273088,-.13796309
a2891,Stump v. Sparkman,1,4506,1693,435 U.S. 349,2,5,3,.50365442,.1942073,.056272399,.0086817741,1978,.16403604,.10720974,-.8640995,-.62552643,-1.0885462,-.85939068
a2891,Stump v. Sparkman,2,4506,400,435 U.S. 349,2,5,3,3.3176007,.4826842,.19657403,.033427835,1978,.494569,.37488073,1.2469934,1.5713904,1.4621964,1.4268601
a2892,City of Lafayette v. Louisiana Power & Light Co.,1,9555,894,435 U.S. 389,8,5,4,2.1838286,.32919809,.1068405,.013085485,1978,.47647554,.29200995,.39640918,.40250579,1.3225679,.70716095
a2893,Massachusetts v. United States,1,8870,1320,435 U.S. 444,10,6,2,1.4857547,.247017,.072290398,.0092795491,1978,.31415415,.25016648,-.12730329,-.22335032,.06992422,-.093576461
a2894,Holloway v. Arkansas,1,4688,2107,435 U.S. 475,2,6,3,1.4253863,.1397666,.0311558,.0062141418,1978,.21244657,.15648544,-.17259319,-1.0401235,-.71495914,-.64255857
a2895,Malone v. White Motor Corp.,1,5324,176,435 U.S. 497,10,4,3,3.4968457,.33002031,.13516045,.030486166,1978,.36186057,.30600947,1.3814675,.40876743,.43807751,.74277079
a2895,Malone v. White Motor Corp.,2,5324,787,435 U.S. 497,10,4,3,2.0513151,.1871714,.1600467,.015193522,1978,.26322114,.20832556,.29699421,-.6791088,-.32312876,-.23508112
a2896,Frank Lyon Co. v. United States,1,7602,1312,435 U.S. 561,12,7,2,.62542081,.17670751,.14578474,.010066807,1978,.3348521,.21414936,-.77274734,-.75879735,.22965153,-.43396437
a2897,"Nixon v. Warner Communications, Inc.",1,7771,362,435 U.S. 589,5,5,4,2.8513932,.3145285,.17255209,.020596385,1978,.26073748,.22095048,.89723289,.29078841,-.34229538,.28190863
a2897,"Nixon v. Warner Communications, Inc.",2,7771,1624,435 U.S. 589,5,5,4,1.971121,.2240217,.048150599,.0072063804,1978,.19293886,.13465273,.23683059,-.39847264,-.86550128,-.34238112
a2899,Elkins v. Moreno,1,6961,3190,435 U.S. 647,2,7,2,.74655646,.1233517,.031596299,.0071012974,1978,.13421118,.10804808,-.68186831,-1.1651323,-1.3187063,-1.0552356
a29,Kingsley v. Hendrickson,1,5353,198,135 S. Ct. 2466,2,5,4,2.9210565,.43559563,.18035381,.028760612,2015,.41939098,.35950661,.94949603,1.2127839,.88204306,1.0147743
a2903,First National Bank v. Bellotti,1,10482,6366,435 U.S. 765,3,5,4,2.0107508,.1650355,.042773198,.0068445802,1978,.21554017,.90071988,.26656187,-.84768635,-.69108564,-.42407003
a2903,First National Bank v. Bellotti,2,10482,2367,435 U.S. 765,3,5,4,1.0186092,.29782021,.04546326,.0069088936,1978,.3429389,.88247907,-.47776759,.16354525,.29205784,-.0073881648
a2921,"Memphis Light, Gas & Water Division v. Craft",1,6953,2880,436 U.S. 1,4,6,3,1.0567374,.1531769,.044185761,.010022104,1978,.18953979,.15244329,-.44916281,-.93799633,-.89173216,-.75963044
a2922,United States v. California,1,3419,2112,436 U.S. 32,10,5,3,1.5414395,.18066204,.065776698,.0071009994,1978,.2427488,.1664443,-.085527159,-.72868133,-.4811151,-.43177453
a2923,Santa Clara Pueblo v. Martinez,1,7841,3754,436 U.S. 49,2,7,1,1.6708834,.1634151,.033753399,.0057247877,1978,.3104822,.13265294,.011584883,-.8600266,.04158761,-.26895136
a2924,Kulko v. Superior Court,1,5372,221,436 U.S. 84,4,6,3,2.6416206,.48302409,.1468761,.031398058,1978,.26314116,.32238078,.73985624,1.5739788,-.32374606,.66336298
a2926,Scott v. United States,1,4573,1627,436 U.S. 128,1,7,2,1.8738444,.24128044,.087096803,.0093387365,1978,.27560431,.2124306,.16385128,-.26703751,-.22756718,-.11025114
a2927,Flagg Bros. v. Brooks,1,5672,810,436 U.S. 149,2,5,3,3.2303028,.36533374,.072476603,.012928605,1978,.42980212,.29160732,1.1815003,.67769939,.96238643,.94052869
a2927,Flagg Bros. v. Brooks,2,5672,3868,436 U.S. 149,2,5,3,2.9251046,.21864957,.0511248,.005251348,1978,.19592792,.10346448,.95253301,-.43938455,-.84243459,-.10976204
a2928,"Sears, Roebuck & Co. v. San Diego County District Council of Carpenters",1,9727,7751,436 U.S. 180,10,6,3,1.8052168,.094346203,.0310844,.00474298,1978,.13731861,.10221606,.11236514,-1.3860258,-1.294726,-.85612887
a2929,Slodov v. United States,1,7247,1946,436 U.S. 238,12,6,3,1.5636712,.18363667,.094079852,.015380502,1978,.20960301,.21343994,-.068848379,-.70602781,-.73690307,-.5039264
a293,United States v. Nugent,1,2690,899,346 U.S. 1,3,5,3,.90758044,.36319816,.1549596,.021993339,1953,.26642913,.20083082,-.56106412,.66143578,-.2983726,-.066000313
a293,United States v. Nugent,2,2690,210,346 U.S. 1,3,5,3,8.196456,.57828498,.35249799,.04398489,1953,.64781618,.57072228,4.9072328,2.2994452,2.6448138,3.2838306
a2930,United States v. Sotelo,1,4489,3618,436 U.S. 268,12,5,4,.87450993,.147928,.032678999,.0062733889,1978,.1841557,.13843042,-.58587444,-.97796977,-.93328148,-.83237523
a2931,Pinkus v. United States,1,3492,52,436 U.S. 293,3,8,1,5.7546186,.4800514,.4621554,.085128486,1978,.60243309,.63337934,3.0753052,1.5513401,2.2945898,2.3070784
a2932,"Marshall v. Barlow's, Inc.",1,6008,4492,436 U.S. 307,1,5,3,1.3790195,.17838204,.048540529,.007861495,1978,.20694453,.13029575,-.20737873,-.74604481,-.75741875,-.57028079
a2934,Baldwin v. Fish & Game Commission,1,6987,4009,436 U.S. 371,2,6,3,.72793299,.14507914,.0439988,.0055975914,1978,.15887833,.087201595,-.69584012,-.9996655,-1.1283485,-.94128472
a2935,Vitek v. Jones,1,922,363,436 U.S. 407,9,8,1,1.61845,.2957471,.30191827,.02425313,1978,.42566913,.30820233,-.027751945,.14775734,.93049192,.35016578
a2936,In re Primus,1,9259,2049,436 U.S. 412,6,7,1,1.0852296,.2194647,.047840402,.0073190331,1978,.25937581,.18373096,-.42778724,-.43317679,-.35280344,-.40458915
a2938,Taylor v. Kentucky,1,4120,699,436 U.S. 478,1,7,2,2.1899157,.23420787,.068651102,.0085885525,1978,.26893747,.25682092,.40097585,-.32089916,-.27901557,-.066312961
a2939,Michigan v. Tyler,1,4013,555,436 U.S. 499,1,7,1,.98792899,.2181529,.090870738,.016122699,1978,.34660268,.26567411,-.50078464,-.44316697,.32033145,-.20787339
a294,Dalehite v. United States,1,10490,4504,346 U.S. 15,8,4,3,1.8114482,.2003853,.054386601,.0058540702,1953,.17573732,.87450945,.11704011,-.57847738,-.99824661,-.4865613
a2940,California v. Southland Royalty Co.,1,3556,5528,436 U.S. 519,8,4,3,.20415024,.072334401,.030695699,.0021800995,1978,.12979698,.07243377,-1.0887951,-1.5536582,-1.3527709,-1.3317415
a2941,Zurcher v. Stanford Daily,1,6553,2044,436 U.S. 547,1,5,3,1.150576,.26006901,.096249461,.0090523362,1978,.31657946,.18085617,-.37876275,-.12395173,.088640504,-.13802466
a2941,Zurcher v. Stanford Daily,2,6553,2457,436 U.S. 547,1,5,3,1.2967217,.28167224,.0715781,.0067987442,1978,.36654735,.33771038,-.2691206,.040569205,.47424561,.081898071
a2942,Robertson v. Wegmann,1,3567,2950,436 U.S. 584,8,6,3,.90586644,.2572152,.039144158,.0064698458,1978,.21016598,.12093228,-.56234998,-.14568514,-.73255861,-.48019791
a2943,Mobil Oil Corp. v. Higginbotham,1,2649,1448,436 U.S. 618,8,6,2,2.0582023,.15937245,.061026599,.0088345408,1978,.23065257,.18356979,.30216116,-.89081371,-.57446235,-.38770497
a2944,Monell v. Department of Social Services,1,16006,3617,436 U.S. 658,2,7,2,1.2228421,.2424718,.052900702,.0086244941,1978,.36669952,.86114573,-.32454693,-.25796458,.47541994,-.035697192
a2945,Agosto v. Immigration & Naturalization Service,1,4237,4475,436 U.S. 748,2,7,2,.19937816,.09775424,.0286895,.0047180057,1978,.14312208,.1319716,-1.0923752,-1.3600717,-1.2499404,-1.2341291
a2946,National Broiler Marketing Ass'n v. United States,1,4084,3402,436 U.S. 816,8,7,2,.79577911,.1862292,.062697403,.0066564679,1978,.1853863,.10391873,-.64494026,-.68628418,-.92378485,-.75166976
a295,Automatic Canteen Co. of America v. Federal Trade Commission,1,7105,969,346 U.S. 61,8,6,3,1.0813019,.1982453,.070648499,.0077523589,1953,.18998712,.17968327,-.43073389,-.59477466,-.88828003,-.63792956
a2955,Crist v. Bretz,1,3378,302,437 U.S. 28,1,6,3,2.2013736,.53584993,.26893359,.03521806,1978,.39754963,.39486313,.40957186,1.9762778,.7134921,1.033114
a2955,Crist v. Bretz,2,3378,4801,437 U.S. 28,1,6,3,.54357165,.1946546,.03424203,.0049270988,1978,.19444007,.15154403,-.83415258,-.62211996,-.85391641,-.77006298
a2956,Sanabria v. United States,1,8375,207,437 U.S. 54,1,7,2,2.2913387,.46843511,.2416544,.038923979,1978,.59634995,.52369702,.47706595,1.4628754,2.2476459,1.3958623
a2957,United States v. Scott,1,6287,4848,437 U.S. 82,1,5,4,.7550627,.16503274,.030117899,.0058091879,1978,.17791331,.14480817,-.67548674,-.84770733,-.98145437,-.8348828
a2959,Tennessee Valley Authority v. Hill,1,13620,5278,437 U.S. 153,8,6,3,.66837829,.1013779,.039883502,.0029116273,1978,.1811921,.87516749,-.74051952,-1.3324754,-.95615178,-1.0097156
a2959,Tennessee Valley Authority v. Hill,2,13620,950,437 U.S. 153,8,6,3,2.4791322,.43955255,.23106724,.019617081,1978,.40044308,.90348488,.6179533,1.2429181,.73582101,.86556417
a296,"Federal Communications Commission v. RCA Communications, Inc.",1,3590,221,346 U.S. 86,9,6,1,2.8106551,.37998691,.1746843,.018587708,1953,.38899213,.34911704,.86667013,.78929174,.64745337,.7678051
a2962,Moorman Manufacturing Co. v. Bair,1,4129,242,437 U.S. 267,8,6,3,.96514541,.2411958,.1355902,.01894033,1978,.33688098,.27090257,-.5178774,-.26768208,.24530853,-.18008365
a2962,Moorman Manufacturing Co. v. Bair,2,4129,294,437 U.S. 267,8,6,3,1.0828552,.46484196,.15704846,.025699794,1978,.48142296,.28935832,-.42956859,1.4355115,1.3607476,.7888968
a2962,Moorman Manufacturing Co. v. Bair,3,4129,4550,437 U.S. 267,8,6,3,1.3484231,.22447731,.060641602,.0078629851,1978,.29431057,.14603966,-.2303329,-.39500296,-.083209842,-.2361819
a2963,United States v. LaSalle National Bank,1,6879,657,437 U.S. 298,1,5,4,4.7665949,.28796315,.092683099,.016275167,1978,.31882864,.26196241,2.334065,.088478103,.10599757,.84284687
a2965,Owen Equipment & Erection Co. v. Kroger,1,3947,2297,437 U.S. 365,9,7,2,.52243614,.12464994,.026915969,.01096499,1978,.15155786,.12699842,-.85000896,-1.1552455,-1.1848409,-1.0633651
a2967,"American Broadcasting Companies v. Writers Guild of America, West, Inc.",1,8586,1316,437 U.S. 411,7,5,4,1.649601,.2650933,.088257901,.010086358,1978,.311593,.23452228,-.0043817321,-.085688934,.050159659,-.013303669
a2969,Wise v. Lipscomb,1,3353,1876,437 U.S. 535,2,6,3,1.7056059,.14028379,.033853099,.0038225651,1978,.17487031,.12511826,.037634533,-1.0361848,-1.0049374,-.66782922
a297,Burns v. Wilson,1,2847,1652,346 U.S. 137,1,6,3,2.0870693,.30498534,.13254946,.013784528,1953,.28699625,.1904394,.32381791,.21811184,-.13965492,.13409162
a2970,"Eastex, Inc. v. National Labor Relations Board",1,7239,1418,437 U.S. 556,7,7,2,1.3526458,.2890943,.087988138,.010487199,1978,.36853421,.25455737,-.22716497,.097092435,.48957834,.11983526
a2971,Parker v. Flook,1,4366,771,437 U.S. 584,8,6,3,.32414791,.18600446,.1322798,.016857684,1978,.30663943,.20193177,-.99876976,-.68799573,.011932719,-.55827761
a2973,City of Philadelphia v. New Jersey,1,3860,1379,437 U.S. 617,8,7,2,2.0771561,.17272985,.080740698,.013525248,1978,.26626313,.16645122,.3163808,-.78908944,-.29965362,-.2574541
a2974,Will v. Calvert Fire Insurance,1,3554,136,437 U.S. 655,9,5,4,4.206274,.53137279,.28085971,.044764876,1978,.55568838,.56374431,1.9136983,1.9421818,1.9338582,1.9299128
a2974,Will v. Calvert Fire Insurance,2,3554,2888,437 U.S. 655,9,5,4,.99656206,.21358889,.04959166,.0048703551,1978,.19844544,.14782083,-.49430788,-.47792447,-.82300669,-.59841299
a2975,Hutto v. Finney,1,7439,2576,437 U.S. 678,6,5,4,.70704144,.21040255,.043645501,.0065478086,1978,.19214761,.12408727,-.71151346,-.50219029,-.87160742,-.6951037
a2977,"Houchins v. KQED, Inc.",1,4158,7686,438 U.S. 1,3,4,3,.65714639,.1446763,.0208039,.002648592,1978,.25640923,.10926807,-.74894601,-1.0027333,-.37569675,-.7091254
a2978,United States v. Grayson,1,4420,1118,438 U.S. 41,4,6,3,2.0713542,.22854817,.084590733,.010363758,1978,.30173677,.20864421,.31202805,-.36400101,-.025901403,-.025958119
a298,Stein v. New York,1,12257,643,346 U.S. 156,1,6,3,2.9969561,.45053729,.10027707,.022797644,1953,.54570878,.81209642,1.0064378,1.3265733,1.8568449,1.3966186
a298,Stein v. New York,2,12257,1445,346 U.S. 156,1,6,3,3.3757093,.37892294,.11917174,.01539284,1953,.4118101,.82460207,1.2905879,.78118896,.82354099,.96510595
a298,Stein v. New York,3,12257,1455,346 U.S. 156,1,6,3,2.3047416,.25899711,.12686497,.012695074,1953,.49430764,.81538904,.48712116,-.13211487,1.4601793,.60506189
a2980,Penn Central Transportation Co. v. New York City,1,10672,5081,438 U.S. 104,4,6,3,.55943066,.099841058,.0365538,.0054037571,1978,.16498899,.87486154,-.82225478,-1.3441794,-1.081192,-1.0825421
a2981,Franks v. Delaware,1,8008,2409,438 U.S. 154,1,7,2,1.6379783,.43815291,.0998016,.021974087,1978,.30911326,.23170888,-.013101348,1.2322592,.03102342,.41672707
a2982,Berry v. Doles,1,930,168,438 U.S. 190,2,7,2,1.8209064,.44300175,.2499608,.04050076,1978,.52921832,.47098833,.12413587,1.2691858,1.7295871,1.0409696
a2983,Swisher v. Brady,1,4661,4883,438 U.S. 204,2,6,3,2.0581086,.18516016,.050839201,.0059669018,1978,.17214942,.14927453,.30209088,-.69442552,-1.0259347,-.47275645
a2984,Allied Structural Steel Co. v. Spannaus,1,5220,4611,438 U.S. 234,8,5,3,.56514984,.14262781,.046623051,.0053495169,1978,.23094988,.12810385,-.81796408,-1.0183338,-.57216805,-.80282199
a2985,Regents of the University of California v. Bakke,1,46569,5146,438 U.S. 265,2,5,4,1.0986625,.1653571,.04060185,.0048763156,1978,.2558949,.83413351,-.41770956,-.8452372,-.37966585,-.54753757
a2988,St. Paul Fire & Marine Insurance v. Barry,1,8289,3366,438 U.S. 531,8,7,2,1.5379976,.2250783,.0536336,.0065379143,1978,.24877053,.13405919,-.088109381,-.39042604,-.43464497,-.30439347
a299,Bridges v. United States,1,5664,2128,346 U.S. 209,1,4,3,1.3420253,.12355465,.063433051,.005045414,1953,.15854877,.15284985,-.23513272,-1.1635867,-1.1308917,-.84320372
a2991,Bell v. Ohio,1,1613,44,438 U.S. 637,1,7,1,2.5208087,.5674088,.6079573,.12184691,1978,.67971951,.5926224,.64922011,2.2166166,2.8910136,1.9189501
a2992,California v. United States,1,11372,5686,438 U.S. 645,8,6,3,1.0459846,.14484155,.048015598,.0044771433,1978,.23368102,.9117018,-.45722982,-1.0014749,-.55109161,-.66993213
a2993,United States v. New Mexico,1,7629,2411,438 U.S. 696,8,5,4,.55554527,.13795197,.046710402,.0041329265,1978,.23946953,.13158923,-.82516968,-1.0539429,-.50642139,-.795178
a2994,Federal Communications Commission v. Pacifica Foundation,1,9551,5119,438 U.S. 726,3,5,4,1.7305797,.1849345,.063912027,.011299908,1978,.2542814,.14949059,.056370553,-.6961441,-.39211729,-.34396362
a2994,Federal Communications Commission v. Pacifica Foundation,2,9551,1270,438 U.S. 726,3,5,4,2.0895975,.29190004,.1152233,.018462777,1978,.41550332,.20466268,.32571465,.11845975,.85204178,.43207207
a2995,Alabama v. Pugh,1,515,170,438 U.S. 781,1,6,3,5.4384027,.42016029,.22933459,.046397448,1978,.5180465,.54383302,2.8380721,1.095235,1.6433735,1.8588935
a2998,National Labor Relations Board v. Baylor University Medical Center,1,455,781,439 U.S. 9,7,6,3,.36990216,.2288059,.15502656,.016101122,1978,.2246455,.20282561,-.9644438,-.36203825,-.62081933,-.64910048
a2999,Presnell v. Georgia,1,1098,2006,439 U.S. 14,1,6,3,.77860391,.2008207,.060288802,.0077192187,1978,.24761558,.20432097,-.65782553,-.57516158,-.44355786,-.55884832
a30,"Tex. Dep't of Hous. & Cmty. Affairs v. Inclusive Cmtys. Project, Inc.",1,6917,14295,135 S. Ct. 2507,2,5,4,.72845441,.1333048,.0240664,.004912138,2015,.25855321,.86039186,-.69544894,-1.0893338,-.35915151,-.71464473
a300,Barrows v. Jackson,1,3118,2964,346 U.S. 249,2,6,1,2.077703,.29523379,.056146141,.0092374086,1953,.18537718,.13496923,.31679112,.14384815,-.92385525,-.15440533
a3000,Board of Trustees of Keene State College v. Sweeney,1,584,1343,439 U.S. 24,2,5,4,.35053891,.2180939,.066724896,.010078788,1978,.23803455,.16985261,-.97897059,-.44361624,-.51749521,-.646694
a3001,Dougherty County v. White,1,4816,4252,439 U.S. 32,2,5,4,.6035558,.1404365,.030419471,.0048435926,1978,.14692873,.084452689,-.78915101,-1.0350218,-1.2205642,-1.0149124
a3002,Holt Civic Club v. City of Tuscaloosa,1,4894,2931,439 U.S. 60,2,6,3,1.6910353,.15734731,.035824802,.0037046671,1978,.16314077,.1219427,.026703307,-.90623635,-1.0954549,-.65832931
a3003,New Motor Vehicle Board v. Orrin W. Fox Co.,1,4450,4622,439 U.S. 96,4,8,1,.64990216,.1542237,.0305016,.0039007068,1978,.20151103,.12965894,-.75438076,-.93002445,-.79934943,-.82791823
a3004,Rakas v. Illinois,1,7672,4813,439 U.S. 128,1,5,4,.41636521,.15590984,.033180099,.0045883656,1978,.21155649,.14692229,-.92958605,-.91718352,-.72182792,-.85619915
a3006,United California Bank v. United States,1,6866,3776,439 U.S. 180,12,6,3,.13754044,.1201896,.03669906,.0044810176,1978,.2007041,.13734525,-1.1387674,-1.1892135,-.8055765,-1.0445192
a3007,Corbitt v. New Jersey,1,4742,2313,439 U.S. 212,1,6,3,1.7287902,.22043574,.069216497,.0075676441,1978,.32774252,.30603856,.055027973,-.42578182,.17478646,-.065322459
a3008,Board of Governors of the Federal Reserve System v. First Lincolnwood Corp.,1,6628,1705,439 U.S. 234,8,7,2,1.2362919,.1990086,.054817799,.012885153,1978,.25844753,.17939204,-.31445655,-.58896172,-.35996705,-.42112845
a3009,Lalli v. Lalli,1,5280,780,439 U.S. 259,2,5,4,1.3912711,.29435119,.10882515,.01241076,1978,.23855537,.1962117,-.19818726,.13712667,-.51347601,-.1915122
a301,Rosenberg v. United States,1,6566,1628,346 U.S. 273,1,6,3,.30449221,.19819224,.09410274,.007439971,1953,.23013151,.16033232,-1.0135159,-.59517878,-.57848346,-.7290594
a301,Rosenberg v. United States,2,6566,3142,346 U.S. 273,1,6,3,1.2958629,.20442766,.076383233,.011128426,1953,.21654576,.13406044,-.26976487,-.54769248,-.68332547,-.50026095
a301,Rosenberg v. United States,3,6566,3542,346 U.S. 273,1,6,3,2.3898747,.30574799,.1330882,.015032709,1953,.29078871,.16132712,.5509901,.22391979,-.11038824,.22150722
a3011,Mobay Chemical Corp. v. Costle,1,266,77,439 U.S. 320,9,8,1,5.0529428,.46842027,.41687441,.052960157,1979,.45730376,.55896991,2.5488904,1.4627624,1.1746182,1.728757
a3012,Parklane Hosiery Co. v. Shore,1,4993,6326,439 U.S. 322,9,8,1,1.7673918,.23864436,.1116334,.012482285,1979,.26248044,.16744989,.083987884,-.28711271,-.32884485,-.17732322
a3013,Duren v. Missouri,1,3963,2633,439 U.S. 357,2,8,1,2.9016254,.22243834,.080435798,.014135242,1979,.27882445,.18745613,.93491828,-.41053089,-.20271716,.10722341
a3014,Colautti v. Franklin,1,7104,2845,439 U.S. 379,5,6,3,.68817681,.18033195,.050025459,.0069470406,1979,.2333082,.16551006,-.72566617,-.73119515,-.55396879,-.6702767
a3016,Leis v. Flynt,1,2484,5159,439 U.S. 438,4,5,4,.97769105,.1801568,.0432317,.0055342913,1979,.24156702,.156578,-.50846535,-.73252898,-.49023497,-.57707644
a3018,Washington v. Confederated Bands & Tribes of the Yakima Indian Nation,1,13715,1789,439 U.S. 463,2,7,2,1.4436215,.2632699,.0375937,.014044523,1979,.34292817,.87144518,-.15891267,-.09957514,.29197505,.011162412
a302,Olberding v. Illinois Central Railroad,1,1179,1243,346 U.S. 338,9,7,2,1.2538538,.2980864,.05665195,.009223938,1953,.18567896,.20899969,-.30128115,.16557246,-.92152637,-.35241169
a3020,Hisquierdo v. Hisquierdo,1,6035,4281,439 U.S. 572,10,7,2,1.1394405,.11698794,.0557275,.0060380101,1979,.17929226,.12391764,-.38711685,-1.213596,-.97081292,-.85717523
a303,"Toolson v. New York Yankees, Inc.",1,193,2546,346 U.S. 356,8,7,2,2.3930478,.54433393,.21325517,.025675416,1953,.5009836,.39230603,.55337065,2.0408883,1.5116981,1.3686523
a305,Arkansas v. Texas,1,948,629,346 U.S. 368,9,5,4,3.171912,.3465111,.11801994,.017086983,1953,.31399393,.21552998,1.137694,.53435421,.068687811,.58024532
a3051,Great Atlantic & Pacific Tea Co. v. Federal Trade Commission,1,4925,2370,440 U.S. 69,8,7,1,1.6181844,.128473,.044601101,.012630224,1979,.23862505,.14978951,-.027951203,-1.1261307,-.51293832,-.55567342
a3052,Vance v. Bradley,1,6391,3889,440 U.S. 93,2,8,1,.57379544,.1358979,.0389826,.0045644641,1979,.23857647,.11376941,-.81147796,-1.0695858,-.51331317,-.79812562
a3053,Montana v. United States,1,4773,2500,440 U.S. 147,8,8,1,2.4509141,.31467384,.085757002,.0089912415,1979,.20470911,.16960818,.59678346,.2918953,-.77466959,.038003057
a3055,Group Life & Health Insurance v. Royal Drug Co.,1,9325,8274,440 U.S. 205,8,5,4,.28377733,.065970659,.024422649,.0033367872,1979,.1301437,.056020617,-1.0290568,-1.6021218,-1.3500953,-1.3270913
a3057,Orr v. Orr,1,5278,1661,440 U.S. 268,2,6,3,1.5255635,.2712568,.073497653,.0071607828,1979,.36159813,.2272352,-.097437769,-.038750298,.43605226,.099954732
a3057,Orr v. Orr,2,5278,3710,440 U.S. 268,2,6,3,1.7752528,.25026241,.03351545,.0056051612,1979,.24254847,.13449126,.089885421,-.19863464,-.48266107,-.19713676
a3058,Detroit Edison Co. v. National Labor Relations Board,1,5925,3764,440 U.S. 301,7,5,4,.49924758,.12766799,.044878699,.0069468021,1979,.17145336,.12370789,-.86740565,-1.1322613,-1.0313063,-1.0103244
a306,Bankers Life & Casualty Co. v. Holland,1,1784,1077,346 U.S. 379,9,6,3,1.5102279,.32094511,.084927902,.0098808408,1953,.30627769,.2747404,-.10894289,.33965462,.0091411462,.079950958
a3060,Scott v. Illinois,1,2104,5391,440 U.S. 367,1,5,4,.58909446,.21980006,.041544899,.0074570775,1979,.17897105,.13602865,-.80000025,-.43062291,-.9732917,-.73463827
a3060,Scott v. Illinois,2,2104,217,440 U.S. 367,1,5,4,1.1672029,.31766534,.14745426,.024953008,1979,.2901805,.31009489,-.36628881,.31467727,-.1150818,-.055564448
a3061,"Lake Country Estates, Inc. v. Tahoe Regional Planning Agency",1,4520,56,440 U.S. 391,8,6,3,3.1361301,.46974221,.5100823,.11285317,1979,.62002718,.56496298,1.1108496,1.4728297,2.4303646,1.671348
a3061,"Lake Country Estates, Inc. v. Tahoe Regional Planning Agency",2,4520,600,440 U.S. 391,8,6,3,3.2215483,.42282569,.1407021,.021913707,1979,.46622509,.27337527,1.1749325,1.1155336,1.2434646,1.1779768
a3061,"Lake Country Estates, Inc. v. Tahoe Regional Planning Agency",3,4520,446,440 U.S. 391,8,6,3,3.5258646,.40297174,.20834285,.021344543,1979,.44743413,.35732365,1.4032382,.96433437,1.0984536,1.1553421
a3062,Nevada v. Hall,1,5468,1967,440 U.S. 410,8,6,3,1.1495165,.2014358,.040802959,.011012077,1979,.26411045,.17810053,-.37955764,-.57047719,-.31626597,-.42210028
a3062,Nevada v. Hall,2,5468,3702,440 U.S. 410,8,6,3,2.0983775,.41021729,.086151063,.007499218,1979,.37100732,.21162802,.33230162,1.0195134,.50866354,.62015951
a3063,New Jersey v. Portash,1,2935,2825,440 U.S. 450,1,7,2,1.5508966,.35747015,.075902157,.011149228,1979,.37404388,.22835439,-.078432195,.61781371,.5320968,.35715944
a3064,National Muffler Dealers Ass'n v. United States,1,5346,91,440 U.S. 472,12,6,3,4.8917284,.56649607,.38836989,.064052641,1979,.62701464,.60949218,2.4279432,2.2096658,2.484287,2.3739653
a3065,New York Telephone Co. v. New York State Department of Labor,1,9207,5842,440 U.S. 519,10,6,3,.51183355,.1372038,.029783599,.0028495789,1979,.14246535,.096276462,-.85796332,-1.0596406,-1.2550083,-1.0575374
a3066,New York City Transit Authority v. Beazer,1,9087,20,440 U.S. 568,2,6,3,4.2318926,.63268191,.53297108,.19362134,1979,.81246787,.82774663,1.9329181,2.7137089,3.9154406,2.8540225
a3066,New York City Transit Authority v. Beazer,2,9087,5512,440 U.S. 568,2,6,3,1.3462988,.12298465,.038709499,.0044651031,1979,.20773816,.10323137,-.23192661,-1.1679276,-.75129426,-.71704948
a3067,Connor v. Coleman,1,538,3136,440 U.S. 612,2,7,1,.35028926,.25548649,.10702693,.014396667,1979,.32380754,.24208474,-.97915787,-.15885028,.14442,-.33119604
a3068,County of Los Angeles v. Davis,1,2507,847,440 U.S. 625,2,5,4,1.6428651,.25486341,.1616569,.013937712,1979,.35749459,.27325666,-.009435188,-.16359538,.404385,.077118143
a3068,County of Los Angeles v. Davis,2,2507,3929,440 U.S. 625,2,5,4,.59124339,.14065367,.0501449,.0055087209,1979,.19625837,.11753047,-.79838806,-1.033368,-.83988446,-.89054686
a3069,Delaware v. Prouse,1,4632,1147,440 U.S. 648,1,8,1,.85625648,.23372287,.081065401,.015480697,1979,.29197764,.21646255,-.59956861,-.32459274,-.10121317,-.34179151
a307,Dickinson v. United States,1,2240,1262,346 U.S. 389,3,6,3,2.1734807,.28046393,.1609609,.01398623,1953,.32089967,.2282244,.38864598,.031367265,.12197977,.18066433
a3070,Federal Communications Commission v. Midwest Video Corp.,1,6322,1688,440 U.S. 689,8,6,3,1.8132985,.12072206,.0316751,.0056798458,1979,.25163305,.13285303,.11842822,-1.1851585,-.4125548,-.49309504
a3071,United States v. Caceres,1,4848,4383,440 U.S. 741,1,7,2,1.28371,.19045439,.067612298,.010480225,1979,.26545459,.14641684,-.27888229,-.65410691,-.30589315,-.4129608
a3080,"Broadcast Music, Inc. v. Columbia Broadcasting System, Inc.",1,7415,4410,441 U.S. 1,8,8,1,.67517698,.085744143,.0215484,.0024101734,1979,.17790377,.11265171,-.73541898,-1.4515355,-.98152798,-1.0561608
a3081,Ambach v. Norwick,1,4242,2761,441 U.S. 68,2,5,4,.4564136,.19636583,.059361931,.0046705604,1979,.15721363,.12059212,-.89954072,-.60908794,-1.1411951,-.88327456
a3082,Gladstone v. Village of Bellwood,1,8194,4730,441 U.S. 91,9,7,2,.49296519,.13513459,.034114059,.0083414316,1979,.14805025,.081546903,-.87211883,-1.0753989,-1.2119094,-1.0531424
a3085,Herbert v. Lando,1,8461,6301,441 U.S. 153,3,6,3,.97433561,.2280502,.082545042,.0097028017,1979,.18131149,.12192547,-.51098269,-.36779332,-.95523041,-.61133546
a3085,Herbert v. Lando,2,8461,1242,441 U.S. 153,3,6,3,.45284078,.25840735,.086169697,.0077930689,1979,.25411016,.21209139,-.90222114,-.13660622,-.39343879,-.47742206
a3085,Herbert v. Lando,3,8461,2605,441 U.S. 153,3,6,3,.79870868,.24328786,.05174667,.010159194,1979,.24030304,.14687872,-.6427424,-.25174981,-.49998915,-.46482712
a3086,Douglas Oil Co. v. Petrol Stops Northwest,1,6823,1368,441 U.S. 211,1,6,3,1.3834115,.2528373,.10405266,.012688279,1979,.36257738,.20195097,-.20408373,-.17902537,.44360915,.020166686
a3087,Dalia v. United States,1,6733,6424,441 U.S. 238,1,5,4,1.0902927,.1429573,.038770001,.004753232,1979,.2380085,.17506057,-.42398879,-1.0158244,-.51769626,-.65250313
a3089,Hughes v. Oklahoma,1,5404,2544,441 U.S. 322,10,7,2,.84180075,.1267935,.034095172,.004383564,1979,.14523727,.12070471,-.61041367,-1.138921,-1.2336173,-.99431735
a309,"Pope & Talbot, Inc. v. Hawn",1,2344,2387,346 U.S. 406,8,6,3,.99788755,.3483108,.075909398,.013875723,1953,.23780316,.22066265,-.49331346,.54806,-.51928085,-.15484478
a3090,Parham v. Hughes,1,3489,2756,441 U.S. 347,2,5,4,.32551593,.18240561,.047425002,.0058735609,1979,.22653198,.1393739,-.99774349,-.71540302,-.60626119,-.7731359
a3091,North Carolina v. Butler,1,2541,784,441 U.S. 369,1,5,3,1.4532356,.25998485,.1143818,.031216979,1979,.25487,.20181018,-.15169993,-.12459268,-.38757506,-.22128922
a3092,Caban v. Mohammed,1,4775,2197,441 U.S. 380,2,5,4,.76213801,.1788204,.050471071,.0093380213,1979,.14957935,.14298171,-.67017865,-.74270642,-1.2001092,-.87099808
a3092,Caban v. Mohammed,2,4775,6161,441 U.S. 380,2,5,4,.5462997,.1487395,.042661551,.0082790256,1979,.15668082,.15276587,-.83210593,-.97178972,-1.1453067,-.98306745
a3093,"Smith v. Arkansas State Highway Employees, Local 1315",1,951,268,441 U.S. 463,3,7,1,1.2259917,.38390595,.18193769,.01537776,1979,.36593693,.3131842,-.322184,.81913739,.46953505,.32216281
a3097,Bell v. Wolfish,1,14364,5247,441 U.S. 520,4,6,3,1.1538194,.1379689,.024425151,.0031088591,1979,.23263747,.79514241,-.37632945,-1.0538141,-.55914485,-.66309613
a3097,Bell v. Wolfish,2,14364,7719,441 U.S. 520,4,6,3,1.23875,.16792905,.032009661,.0066167116,1979,.19381875,.79514027,-.31261244,-.82565027,-.85871118,-.665658
a3098,Chapman v. Houston Welfare Rights Organization,1,7615,1327,441 U.S. 600,9,6,3,2.3343709,.29316521,.061799649,.010888219,1979,.30488449,.22503841,.50934976,.12809473,-.0016102528,.21194474
a3099,Cannon v. University of Chicago,1,15799,4324,441 U.S. 677,9,6,3,.23068835,.13349926,.0265931,.0027039647,1979,.2383287,.84743977,-1.0688854,-1.0878528,-.51522529,-.8906545
a3099,Cannon v. University of Chicago,2,15799,7371,441 U.S. 677,9,6,3,2.1880136,.2583662,.074827552,.0084717274,1979,.25677305,.85927814,.39954886,-.13691965,-.37288907,-.036753286
a31,Johnson v. United States,1,10717,6331,135 S. Ct. 2551,4,8,1,.79145193,.20363045,.045133948,.0034580231,2015,.14190108,.8670513,-.64818662,-.55376375,-1.2593629,-.82043779
a310,Wilko v. Swan,1,3871,606,346 U.S. 427,8,7,2,2.9690437,.3317644,.12466246,.023370266,1953,.42718774,.28929436,.98549724,.42204967,.94221115,.78325272
a3101,Kentucky v. Whorton,1,1022,529,441 U.S. 786,1,6,3,2.0068405,.32511449,.18361044,.023166239,1979,.29747111,.2352457,.26362827,.37140679,-.058819801,.19207175
a311,United States v. Five Gambling Devices,1,3681,3123,346 U.S. 441,1,5,4,.93465805,.29581666,.050036199,.0087387562,1953,.21155876,.14882523,-.54074979,.14828706,-.72181046,-.37142441
a3110,Greenholtz v. Inmates of the Nebraska Penal & Correctional Complex,1,4547,6649,442 U.S. 1,4,5,4,.80073839,.1434592,.026981059,.0062120557,1979,.20414889,.099568188,-.64121968,-1.0120022,-.77899283,-.81073827
a3112,Parker v. Randolph,1,4646,3882,442 U.S. 62,1,5,3,.9770928,.16640329,.041632529,.0079951882,1979,.18987399,.15208679,-.50891417,-.83726984,-.88915306,-.74511236
a3113,Great Western Sugar Co. v. Nelson,1,645,53,442 U.S. 92,9,8,1,1.5342946,.59730119,.51708561,.098975897,1979,.74847025,.76057303,-.090887457,2.4442644,3.4215672,1.9249814
a3114,Green v. Georgia,1,848,400,442 U.S. 95,1,8,1,1.2724919,.31353915,.30067927,.039197803,1979,.36384326,.31481814,-.28729838,.28325394,.45337805,.14977787
a3115,County Court v. Allen,1,10077,3267,442 U.S. 140,4,5,4,3.0670929,.1561577,.042212371,.0070743561,1979,.31479675,.16616046,1.0590562,-.91529584,.074883185,.07288117
a3116,Dunaway v. New York,1,5616,2034,442 U.S. 200,1,6,2,.45764345,.18587476,.04436636,.0076398849,1979,.16964078,.13532037,-.8986181,-.68898344,-1.0452939,-.87763184
a3117,Davis v. Passman,1,7224,545,442 U.S. 228,2,5,4,3.6033356,.48997205,.36820641,.036525428,1979,.54314804,.43935031,1.4613589,1.6268916,1.8370836,1.641778
a3117,Davis v. Passman,2,7224,219,442 U.S. 228,2,5,4,1.5249602,.50374109,.22880507,.027170539,1979,.58070463,.51559305,-.097890392,1.7317506,2.12691,1.2535901
a3117,Davis v. Passman,3,7224,1367,442 U.S. 228,2,5,4,2.4437492,.39675957,.1229638,.013583779,1979,.40854949,.30007291,.59140813,.91702509,.79837865,.76893729
a3118,Personnel Administrator v. Feeney,1,7885,2308,442 U.S. 256,2,7,2,.74147785,.15855384,.036678098,.00977391,1979,.19665718,.092846096,-.68567842,-.89704788,-.83680683,-.80651104
a312,"National Labor Relations Board v. Local Union No. 1229, International Brotherhood of Electrical Workers",1,4326,996,346 U.S. 464,7,6,3,1.7283809,.32760483,.10667384,.018943548,1953,.27785528,.27815205,.054720946,.39037219,-.21019632,.078298941
a3121,Great American Federal Savings & Loan Ass'n v. Novotny,1,4118,4099,442 U.S. 366,2,6,3,1.398774,.26021719,.077877402,.0069736242,1979,.26294607,.12954414,-.19255839,-.12282328,-.32525155,-.21354441
a3122,Moore v. Sims,1,5996,3107,442 U.S. 415,9,5,4,1.5177999,.17894185,.038351201,.0047492981,1979,.21773738,.13293219,-.10326224,-.74178153,-.67412972,-.50639117
a3124,United States v. Helstoski,1,4943,133,442 U.S. 477,8,6,2,2.3849039,.29109013,.27590823,.039214969,1979,.46687096,.45511532,.54726094,.11229184,1.2484488,.63600051
a3125,Helstoski v. Meanor,1,2254,404,442 U.S. 500,8,7,1,2.6716576,.3956278,.1992476,.036961734,1979,.37664038,.25059527,.76239067,.90840602,.55213416,.74097693
a3127,Touche Ross & Co. v. Redington,1,7015,1040,442 U.S. 560,8,7,1,1.3523142,.19051206,.088411003,.0094147921,1979,.17820114,.15268564,-.22741368,-.65366775,-.97923321,-.62010491
a313,United States v. Morgan,1,3413,2337,346 U.S. 502,1,5,4,.84073955,.2271837,.06194675,.0075616241,1954,.20389658,.21784687,-.61120981,-.37439221,-.78093994,-.58884734
a3131,Fare v. Michael C.,1,6808,1422,442 U.S. 707,1,5,4,.28560343,.1698034,.051785,.011993945,1979,.185637,.15085202,-1.0276868,-.81137609,-.9218502,-.92030436
a3131,Fare v. Michael C.,2,6808,846,442 U.S. 707,1,5,4,.36425218,.20350844,.086774647,.0085024238,1979,.25939125,.24075466,-.96868253,-.55469292,-.35268432,-.62535328
a3132,Smith v. Maryland,1,3295,720,442 U.S. 735,1,5,3,.82966053,.25883716,.1353242,.014573157,1979,.33587277,.26119494,-.61952156,-.13333297,.2375281,-.17177548
a3132,Smith v. Maryland,2,3295,1264,442 U.S. 735,1,5,3,1.27163,.28156674,.071424499,.011912942,1979,.28600317,.245547,-.28794497,.039765757,-.14731853,-.13183258
a3133,Arkansas v. Sanders,1,4308,1540,442 U.S. 753,1,7,2,.21504727,.23248774,.064260073,.0096963644,1979,.2475096,.17371279,-1.0806198,-.33399892,-.44437569,-.61966479
a314,Salsburg v. Maryland,1,2957,79,346 U.S. 545,1,7,1,4.5991087,.52114266,.42946199,.054998219,1954,.57151365,.55564266,2.2084126,1.8642735,2.0559828,2.0428896
a3140,Mackey v. Montrym,1,5331,3928,443 U.S. 1,4,5,4,2.5100489,.1933296,.046750661,.0066779852,1979,.26439047,.1473648,.64114779,-.63221055,-.31410503,-.1017226
a3141,Michigan v. DeFillippo,1,2443,1914,443 U.S. 31,1,6,3,.57714677,.27341914,.063855998,.010086596,1979,.29012567,.20704085,-.80896372,-.022282859,-.11550498,-.31558385
a3145,Hutchinson v. Proxmire,1,7338,74,443 U.S. 111,3,8,1,3.1676154,.41576076,.27309671,.051572204,1979,.44971466,.48373246,1.1344707,1.06173,1.1160527,1.1040845
a3146,Baker v. McCollan,1,2774,111,443 U.S. 137,2,6,3,2.4581647,.38360244,.2487386,.043686092,1979,.43412131,.37534702,.60222298,.81682605,.99571788,.80492228
a3146,Baker v. McCollan,2,2774,2558,443 U.S. 137,2,6,3,1.2043059,.3155216,.1284187,.010307014,1979,.31945205,.25572461,-.33845326,.29835144,.11080842,.023568867
a3147,Wolston v. Reader's Digest Ass'n,1,3809,239,443 U.S. 157,3,8,1,1.9767437,.35550621,.16087639,.028553069,1979,.38224351,.32463908,.24104892,.60285717,.59537387,.47975999
a3148,Leroy v. Great Western United Corp.,1,4545,1870,443 U.S. 173,9,6,3,1.4752429,.21036591,.071651101,.006704092,1979,.17512429,.15581161,-.13518956,-.50246936,-1.0029774,-.54687876
a3149,United Steelworkers of America v. Weber,1,4122,958,443 U.S. 193,2,5,2,1.1858793,.4696902,.1679101,.028334022,1979,.4171201,.31776136,-.35227731,1.4724337,.86451852,.66155827
a3149,United Steelworkers of America v. Weber,2,4122,12774,443 U.S. 193,2,5,2,.82320166,.17271709,.032627199,.0057041645,1979,.27259606,.93499959,-.62436718,-.7891866,-.25078198,-.55477858
a315,Madruga v. Superior Court of California,1,2522,1063,346 U.S. 556,9,7,2,1.2880343,.30999711,.0837567,.010755897,1954,.25120175,.19709748,-.27563807,.25627932,-.41588315,-.14508064
a3150,Edmonds v. Compagnie Generale Transatlantique,1,5724,2451,443 U.S. 256,8,5,3,.74304789,.1435013,.034299001,.0058693886,1979,.16402298,.14881861,-.68450052,-1.0116817,-1.0886469,-.92827636
a3151,Califano v. Boles,1,5015,3143,443 U.S. 282,2,5,4,.46213773,.14296037,.047594301,.0058514476,1979,.26461476,.15617788,-.89524639,-1.0158011,-.31237414,-.74114054
a3153,Federal Open Market Committee of Federal Reserve System v. Merrill,1,7679,1232,443 U.S. 340,5,7,2,1.1265057,.1704779,.076866753,.010776639,1979,.21226388,.20634252,-.39682087,-.80623937,-.71636897,-.63980973
a3155,Columbus Board of Education v. Penick,1,5849,3225,443 U.S. 449,2,7,2,.79568207,.28792906,.085673332,.012924194,1979,.40358216,.22257739,-.64501303,.088218458,.76004541,.067750275
a3155,Columbus Board of Education v. Penick,2,5849,12477,443 U.S. 449,2,7,2,.38914528,.10605305,.019207099,.004430294,1979,.22096801,.88233507,-.95000714,-1.2968715,-.64919871,-.96535915
a3156,Dayton Board of Education v. Brinkman,1,4905,680,443 U.S. 526,2,5,4,1.0190915,.29410887,.084029101,.023405015,1979,.35303628,.23222166,-.47740573,.13528125,.36997995,.0092851566
a3157,Rose v. Mitchell,1,9437,1848,443 U.S. 545,1,5,4,1.4976885,.17339534,.057052732,.0046077967,1979,.21979028,.1336903,-.11835025,-.78402144,-.65828735,-.52021968
a3157,Rose v. Mitchell,2,9437,179,443 U.S. 545,1,5,4,4.9813514,.64543205,.37094283,.04947716,1979,.75706083,.69307983,2.4951808,2.8108084,3.4878612,2.9312835
a3158,Jones v. Wolf,1,4350,3944,443 U.S. 595,3,5,4,.84308153,.11883354,.0388841,.0042404532,1979,.17515022,.09129411,-.60945278,-1.1995407,-1.0027773,-.93725693
a3159,Bellotti v. Baird,1,9865,245,443 U.S. 622,5,8,1,1.6951236,.25721419,.1590998,.024984002,1979,.31092691,.34729934,.029770439,-.14569286,.045019466,-.023634316
a316,United States v. Lindsay,1,1083,509,346 U.S. 568,8,8,1,.99903733,.34758794,.14695686,.014197052,1954,.32372648,.18862498,-.49245086,.54255503,.14379443,.06463287
a3160,Washington v. Washington State Commercial Passenger Fishing Vessel Ass'n,1,12916,4016,443 U.S. 658,2,6,3,1.7055731,.13280094,.02899575,.0040739179,1979,.22527432,.90296674,.037609939,-1.093171,-.61596662,-.55717587
a3161,Morland v. Sprecher,1,644,322,443 U.S. 709,9,7,2,1.1314174,.32373965,.23682326,.048436761,1979,.27646345,.34361595,-.39313602,.36093661,-.22093713,-.084378846
a3165,United States v. Benmar Transport & Leasing Corp.,1,1008,1041,444 U.S. 4,9,8,1,1.1674854,.18074609,.061665501,.0091925859,1979,.23467952,.19612581,-.36607695,-.72804117,-.54338616,-.54583478
a3166,"Transamerica Mortgage Advisors, Inc. v. Lewis",1,4577,4278,444 U.S. 11,8,5,4,1.1876631,.16149163,.0393399,.0066100359,1979,.19779491,.10815936,-.3509391,-.87467492,-.82802683,-.68454695
a3167,Ybarra v. Illinois,1,3437,607,444 U.S. 85,1,6,3,.85849619,.40778434,.13175879,.015911222,1979,.37642014,.31722468,-.59788835,1.000985,.55043453,.31784374
a3167,Ybarra v. Illinois,2,3437,4021,444 U.S. 85,1,6,3,.70706123,.15769875,.0578175,.0086761713,1979,.22496194,.12869096,-.71149862,-.90355986,-.61837733,-.74447858
a3168,United States v. Kubrick,1,4905,1395,444 U.S. 111,8,6,3,2.371666,.2177597,.059144001,.011049569,1979,.25256938,.14921606,.53732949,-.44616139,-.40532908,-.10472032
a3169,Board of Education of the City School District v. Harris,1,6970,4193,444 U.S. 130,2,6,3,.81288171,.15624833,.0347532,.0096634626,1979,.16656882,.11439699,-.63210946,-.91460568,-1.0690005,-.87190521
a317,"Chicago, Rock Island & Pacific Railroad v. Stude",1,2322,434,346 U.S. 574,10,7,2,2.0294333,.41349649,.2490883,.028374732,1954,.46109939,.33272737,.28057793,1.0444864,1.2039093,.84299123
a317,"Chicago, Rock Island & Pacific Railroad v. Stude",2,2322,797,346 U.S. 574,10,7,2,1.6119363,.31882083,.1215034,.015185714,1954,.38833493,.30702007,-.032638695,.32347703,.64238167,.31107333
a3170,Kaiser Aetna v. United States,1,5278,4061,444 U.S. 164,4,6,3,.54994839,.1273167,.03604484,.0039107203,1979,.20467526,.12560093,-.82936859,-1.1349366,-.77493083,-.91307867
a3171,Vaughn v. Vermilion Corp.,1,1006,313,444 U.S. 206,4,6,3,2.4646285,.34827721,.1184986,.018945813,1979,.41361648,.3471083,.60707229,.54780418,.8374809,.66411912
a3172,"Strycker's Bay Neighborhood Council, Inc. v. Karlen",1,1535,1064,444 U.S. 223,9,8,1,.81177235,.210023,.093122102,.010433078,1980,.23654383,.18900877,-.63294172,-.50508076,-.52899915,-.5556739
a3173,Vance v. Terrazas,1,5852,783,444 U.S. 252,2,5,4,1.3810643,.25854489,.11453414,.01288867,1980,.19489789,.21531528,-.20584467,-.13555878,-.85038334,-.39726228
a3174,World-Wide Volkswagen Corp. v. Woodson,1,3836,4649,444 U.S. 286,4,6,3,.47367799,.18678769,.042978171,.0058068037,1980,.2346558,.23549449,-.88658857,-.68203092,-.54356927,-.70406294
a3174,World-Wide Volkswagen Corp. v. Woodson,2,3836,1559,444 U.S. 286,4,6,3,.33184525,.182428,.055710431,.0078955889,1980,.17540622,.1538502,-.99299502,-.71523249,-1.0008018,-.90300977
a3174,World-Wide Volkswagen Corp. v. Woodson,3,3836,630,444 U.S. 286,4,6,3,.81583273,.3931987,.137466,.02124238,1980,.27923179,.25640994,-.62989551,.88990706,-.19957371,.020145947
a3175,Rush v. Savchuk,1,3901,478,444 U.S. 320,4,7,2,1.139588,.23053217,.14070439,.017059445,1980,.32172102,.25624448,-.38700622,-.34889171,.12831819,-.20252658
a3176,Ohio v. Kentucky,1,1829,1957,444 U.S. 335,11,6,3,1.022909,.2063327,.035038769,.0070197582,1980,.30128068,.15160638,-.47454169,-.53318453,-.029421113,-.34571579
a3177,Brown v. Glines,1,4353,4140,444 U.S. 348,3,5,3,1.4722792,.21942431,.077067852,.010124207,1980,.26383251,.14489025,-.13741298,-.43348444,-.31841084,-.29643607
a3177,Brown v. Glines,2,4353,1603,444 U.S. 348,3,5,3,1.4071604,.16091301,.080310941,.012865305,1980,.26283348,.17277205,-.18626672,-.87908149,-.32612044,-.46382287
a3177,Brown v. Glines,3,4353,288,444 U.S. 348,3,5,3,7.3122659,.70821196,.2812911,.033407331,1980,.66654134,.36933684,4.2438912,3.2889135,2.7893169,3.4407072
a3178,United States v. Bailey,1,7537,5958,444 U.S. 394,1,6,2,2.6044486,.23297954,.1020326,.017358184,1980,.27979207,.18021035,.71196878,-.3302536,-.19524996,.062155072
a3180,Hatzlachh Supply Co. v. United States,1,2022,526,444 U.S. 460,8,8,1,1.8545123,.23987454,.1064465,.012952805,1980,.21332431,.25332761,.14934789,-.2777442,-.70818561,-.27886063
a3181,Boeing Co. v. Van Gemert,1,3079,2626,444 U.S. 472,6,8,1,1.5496311,.23628829,.082602598,.010932446,1980,.40056986,.27110976,-.079381622,-.30505553,.73679936,.11745407
a3182,Norfolk & Western Railway Co. v. Liepelt,1,2649,2152,444 U.S. 490,8,7,2,1.8246046,.19312906,.065707862,.0071866512,1980,.22001642,.13375938,.12691039,-.6337378,-.65654218,-.38778988
a3183,Snepp v. United States,1,3146,3889,444 U.S. 507,3,6,3,.94622642,.21992993,.039164301,.0047119856,1980,.14489824,.10786176,-.53207093,-.4296338,-1.2362336,-.73264611
a3184,Stafford v. Briggs,1,5136,3178,444 U.S. 527,9,5,2,.54707801,.1450734,.046271101,.0053992867,1980,.19782025,.14465201,-.83152205,-.99970919,-.82783139,-.88635421
a3186,California Brewers Ass'n v. Bryant,1,3739,2838,444 U.S. 598,2,4,3,.86805731,.17715466,.042533301,.0076009035,1980,.19874394,.10261959,-.59071535,-.75539201,-.82070315,-.72227019
a3187,Village of Schaumburg v. Citizens for a Better Environment,1,5950,1864,444 U.S. 620,3,8,1,.9413718,.25509059,.066729203,.011139154,1980,.24527568,.19719571,-.53571296,-.16186525,-.46161503,-.38639775
a3188,Committee for Public Education & Religious Liberty v. Regan,1,4846,2643,444 U.S. 646,3,5,4,2.0938532,.12745389,.036892701,.006167829,1980,.23477197,.14997643,.32890743,-1.1338918,-.54267275,-.44921905
a3188,Committee for Public Education & Religious Liberty v. Regan,2,4846,273,444 U.S. 646,3,5,4,2.0500646,.4744246,.1793347,.034114838,1980,.45610511,.35303754,.29605606,1.5084888,1.1653682,.98997104
a3189,National Labor Relations Board v. Yeshiva University,1,6107,5097,444 U.S. 672,7,5,4,.68805414,.10595465,.028390801,.0040468574,1980,.10673714,.084141791,-.72575819,-1.2976209,-1.5307251,-1.1847014
a3190,United States v. Euge,1,3753,396,444 U.S. 707,1,6,3,1.7252529,.29307985,.18545485,.029873967,1980,.3338843,.20139664,.052374203,.12744471,.22218296,.13400063
a3190,United States v. Euge,2,3753,244,444 U.S. 707,1,6,3,3.5399742,.6213305,.25187349,.036496997,1980,.4877916,.38533241,1.4138236,2.6272614,1.4098947,1.8169932
a3209,Goldwater v. Carter,1,126,110,444 U.S. 996,,,,.74794245,.50178421,.28305581,.091733217,1979,.48524106,.62875164,-.68082851,1.7168479,1.3902119,.80874377
a3209,Goldwater v. Carter,2,126,318,444 U.S. 996,,,,2.6810775,.57883215,.66842151,.11091089,1979,.7117281,.63454401,.76945776,2.303612,3.1380258,2.0703652
a321,Radio Officers' Union of the Commercial Telegraphers Union v. National Labor Relations Board,1,11118,1530,347 U.S. 17,7,7,2,.68848258,.1821091,.0489446,.017238736,1954,.22049928,.92810404,-.72543681,-.71766108,-.65281594,-.69863796
a3218,United States v. Clark,1,3823,504,445 U.S. 23,2,7,2,6.6432681,.55524731,.30507225,.030672193,1980,.65835929,.56801158,3.7419922,2.1240001,2.7261755,2.8640559
a322,Partmar Corp. v. Paramount Pictures Theatres Corp.,1,4339,1885,347 U.S. 89,8,5,2,.96083015,.16276133,.074235857,.0088142753,1954,.17087173,.14288425,-.52111483,-.86500543,-1.0357946,-.80730498
a3220,Bloomer v. Liberty Mutual Insurance,1,4928,2521,445 U.S. 74,8,8,1,.73799634,.1602367,.079479933,.008223176,1980,.2159903,.13026357,-.68829036,-.88423193,-.68761194,-.75337809
a3223,Chiarella v. United States,1,4865,4450,445 U.S. 222,1,6,3,.88975734,.16335531,.038318198,.0048128366,1980,.21664339,.14496678,-.57443541,-.86048198,-.68257201,-.7058298
a3225,Vance v. Universal Amusement Co.,1,3261,954,445 U.S. 308,3,5,4,1.1386516,.29125381,.079224348,.012179434,1980,.41784281,.26245344,-.38770872,.11353831,.87009573,.19864178
a3225,Vance v. Universal Amusement Co.,2,3261,1770,445 U.S. 308,3,5,4,.72884732,.18301487,.0549003,.0095962882,1980,.243801,.18563122,-.69515413,-.71076316,-.47299519,-.62630415
a3227,United States v. Gillock,1,4225,41,445 U.S. 360,9,7,2,4.981688,.67385089,.59557974,.17200649,1980,.83688819,.8137688,2.4954333,3.0272341,4.1038938,3.2088537
a3228,United States Parole Commission v. Geraghty,1,6730,5958,445 U.S. 388,9,5,4,.66542953,.1401844,.0228801,.0052059889,1980,.18880993,.14325643,-.74273175,-1.0369416,-.8973645,-.89234596
a3229,Mobil Oil Corp. v. Commissioner of Taxes,1,7211,4538,445 U.S. 425,8,6,1,.78449482,.1349453,.047607899,.0051196814,1980,.204036,.11121434,-.65340602,-1.0768404,-.77986407,-.83670348
a323,"Kern-Limerick, Inc. v. Scurlock",1,3868,377,347 U.S. 110,8,6,3,4.9791422,.43113583,.2475159,.022491753,1954,.38525826,.33750552,2.4935234,1.17882,.61863881,1.4303274
a323,"Kern-Limerick, Inc. v. Scurlock",2,3868,1015,347 U.S. 110,8,6,3,3.6251993,.27832353,.11282086,.012481391,1954,.27239174,.2436657,1.4777615,.015066873,-.25235876,.41348988
a3231,Vitek v. Jones,1,4681,1774,445 U.S. 480,4,5,4,1.1840789,.36733764,.0927549,.016699433,1980,.49754679,.27435774,-.35362801,.69296032,1.4851761,.60816944
a3232,Branti v. Finkel,1,2662,211,445 U.S. 507,3,6,3,1.9767584,.34976786,.1642046,.018756092,1980,.31975472,.23692137,.24105991,.55915636,.11314416,.30445349
a3232,Branti v. Finkel,2,2662,4420,445 U.S. 507,3,6,3,2.3876858,.23667499,.10235584,.011443734,1980,.31562471,.20689142,.54934794,-.30211058,.081272662,.10950334
a3233,United States v. Mitchell,1,3737,1467,445 U.S. 535,8,5,3,1.2944198,.29361373,.066932,.011412919,1980,.23012251,.17328197,-.27084756,.13151051,-.5785529,-.23929664
a3234,Roberts v. United States,1,2957,3106,445 U.S. 552,1,8,1,1.8378742,.1851829,.036522571,.006252408,1980,.25675052,.15951937,.13686553,-.69425237,-.37306294,-.31014994
a3235,Payton v. New York,1,10441,5595,445 U.S. 573,1,6,3,.5719341,.094178438,.021523301,.0029943585,1980,.15939236,.83238518,-.81287438,-1.3873035,-1.1243817,-1.1081865
a3235,Payton v. New York,2,10441,247,445 U.S. 573,1,6,3,.83041126,.39313519,.2013066,.024374723,1980,.43267733,.88707066,-.61895835,.88942337,.98457462,.41834655
a3236,Owen v. City of Independence,1,12294,8852,445 U.S. 622,2,5,4,1.0896457,.13668869,.022628799,.0036803484,1980,.12263829,.81261563,-.42447415,-1.0635635,-1.408015,-.96535087
a3237,Whalen v. United States,1,3665,5298,445 U.S. 684,1,7,2,1.2039353,.20261469,.04478085,.0059593916,1980,.18332714,.10989743,-.33873129,-.56149924,-.93967551,-.61330199
a3238,Andrus v. Idaho,1,5344,381,445 U.S. 715,8,8,1,1.4073013,.237545,.34344399,.019789219,1980,.3645314,.23392308,-.18616101,-.29548499,.45868844,-.0076525211
a324,Irvine v. California,1,3072,1110,347 U.S. 128,1,5,4,3.2046111,.43851781,.16856325,.01054728,1954,.46394014,.37765747,1.1622257,1.235038,1.2258316,1.2076985
a324,Irvine v. California,2,3072,2074,347 U.S. 128,1,5,4,2.3890185,.3557235,.1735822,.02201587,1954,.33672667,.2905407,.55034781,.60451198,.24411766,.46632582
a324,Irvine v. California,3,3072,1780,347 U.S. 128,1,5,4,2.1187413,.41155714,.11573875,.012402534,1954,.35454273,.22417241,.34757906,1.0297171,.3816053,.58630049
a3246,Carlson v. Green,1,3387,731,446 U.S. 14,8,7,2,2.6492531,.41641486,.1151476,.029243469,1980,.37433612,.31337285,.74558228,1.0667114,.53435206,.78221524
a3246,Carlson v. Green,2,3387,7969,446 U.S. 14,8,7,2,1.0624223,.27932,.052793398,.0064921379,1980,.33033836,.20797652,-.44489789,.022655565,.19481874,-.075807862
a3247,City of Mobile v. Bolden,1,7954,73,446 U.S. 55,2,6,3,5.6440349,.50599825,.36530769,.081083179,1980,.61027777,.57636493,2.9923425,1.7489402,2.3551278,2.3654702
a3247,City of Mobile v. Bolden,2,7954,3045,446 U.S. 55,2,6,3,.64639926,.19679061,.0375521,.0067259073,1980,.20634764,.12379777,-.75700873,-.60585302,-.76202494,-.70829558
a3247,City of Mobile v. Bolden,3,7954,13539,446 U.S. 55,2,6,3,.96604317,.1663208,.026609501,.0027319193,1980,.18367529,.90589827,-.51720387,-.83789802,-.93698883,-.76403022
a3249,City of Rome v. United States,1,9888,4800,446 U.S. 156,2,6,3,.6412608,.1823373,.05410945,.0050880909,1980,.23258257,.15604752,-.76086378,-.71592325,-.55956846,-.67878515
a3249,City of Rome v. United States,2,9888,4975,446 U.S. 156,2,6,3,1.3240584,.19866049,.05422217,.011226475,1980,.2737658,.16748911,-.24861191,-.59161276,-.24175502,-.3606599
a3250,Baldasar v. Illinois,1,487,1745,446 U.S. 222,1,5,4,.5247879,.24261381,.15375775,.021873355,1980,.2736693,.22330624,-.84824467,-.25688311,-.24249972,-.44920915
a3254,Rhode Island v. Innis,1,3630,657,446 U.S. 291,1,6,3,.17527731,.20842254,.090542734,.013501465,1980,.27877039,.2869941,-1.1104562,-.51726919,-.20313436,-.61028659
a3254,Rhode Island v. Innis,2,3630,3606,446 U.S. 291,1,6,3,.11956824,.12978506,.048176769,.0055477023,1980,.17600787,.11925679,-1.1522505,-1.1161386,-.99615878,-1.0881827
a3256,Nachman Corp. v. Pension Benefit Guaranty Corp.,1,9339,3942,446 U.S. 359,8,5,4,.93603313,.0995735,.0331062,.0035906434,1980,.15964204,.12236214,-.53971821,-1.3462169,-1.1224549,-1.0027966
a3256,Nachman Corp. v. Pension Benefit Guaranty Corp.,2,9339,289,446 U.S. 359,8,5,4,2.5259545,.31305549,.11592674,.019478023,1980,.36447048,.31730407,.65308058,.27957058,.45821834,.46362317
a3257,Busic v. United States,1,4941,1322,446 U.S. 398,1,6,3,.55072945,.12543595,.05613875,.0081797838,1980,.21029937,.15941036,-.82878262,-1.1492596,-.73152924,-.90319049
a3257,Busic v. United States,2,4941,593,446 U.S. 398,1,6,3,1.2466394,.2918328,.10942745,.028709531,1980,.34641117,.30202824,-.30669361,.11794773,.31885356,.043369222
a3258,Godfrey v. Georgia,1,3964,410,446 U.S. 420,1,6,3,2.5574722,.35800695,.23764759,.03504777,1980,.37342483,.28846425,.67672598,.62190175,.52731955,.60864908
a3258,Godfrey v. Georgia,2,3964,4651,446 U.S. 420,1,6,3,1.0383188,.15101349,.03405875,.0050985217,1980,.15099806,.099050641,-.46298096,-.95447195,-1.1891609,-.86887127
a3259,Navarro Savings Ass'n v. Lee,1,2626,4111,446 U.S. 458,9,8,1,.7098664,.1680847,.052789751,.0066434741,1980,.24874985,.13386583,-.7093941,-.82446498,-.43480459,-.65622121
a326,United States v. Employing Plasterers Ass'n,1,975,2025,347 U.S. 186,7,7,2,1.8873839,.26824325,.1244382,.013335228,1954,.35286999,.28704727,.174009,-.061700214,.36869663,.16033514
a3260,Board of Regents v. Tomanio,1,4368,2013,446 U.S. 478,9,7,2,1.3412204,.40005609,.070064999,.010807395,1980,.24829257,.16920459,-.23573658,.94213003,-.43833351,.089353316
a3261,Andrus v. Utah,1,7521,6660,446 U.S. 500,8,5,4,.40656149,.1033739,.024115101,.0085300207,1980,.18057048,.091423213,-.93694103,-1.3172747,-.96094882,-1.0717216
a3263,United States v. Mendenhall,1,4598,4118,446 U.S. 544,1,5,4,1.567685,.1282371,.0476689,.005669713,1980,.17232919,.16856432,-.065837145,-1.1279272,-1.0245473,-.73943722
a3264,"Harrison v. PPG Industries, Inc.",1,5167,2463,446 U.S. 578,8,7,2,.36316815,.192873,.073204041,.0067396164,1980,.23578501,.1847719,-.96949583,-.63568783,-.53485507,-.71334624
a3264,"Harrison v. PPG Industries, Inc.",2,5167,2026,446 U.S. 578,8,7,2,1.0217209,.2598094,.085654303,.0060728788,1980,.25369978,.1622479,-.47543308,-.1259288,-.3966057,-.33265585
a3265,United States v. Havens,1,2351,1749,446 U.S. 620,1,5,4,2.361623,.29798627,.085461497,.018770337,1980,.30890852,.2855854,.52979505,.16480988,.029443415,.24134944
a3266,Harris v. Rosario,1,400,1500,446 U.S. 651,2,6,3,.6910097,.40044695,.18426603,.018881738,1980,.28127348,.20378923,-.7235409,.94510663,-.1838178,.01258264
a3267,Andrus v. Shell Oil Co.,1,5265,1906,446 U.S. 657,8,6,3,1.0831981,.10809624,.038967852,.0047056675,1980,.14933491,.13370019,-.42931136,-1.2813114,-1.2019956,-.97087276
a3269,Hanrahan v. Hampton,1,1921,325,446 U.S. 754,6,7,1,1.4575835,.42441297,.11195016,.022967219,1980,.28782958,.30348808,-.14843802,1.1276215,-.13322404,.28198647
a328,"International Longshoremen's & Warehousemen's Union, Local 37 v. Boyd",1,554,708,347 U.S. 222,2,7,2,1.0504982,.26961339,.1208,.024740577,1954,.26993763,.2020669,-.45384359,-.051265877,-.27129722,-.25880224
a3283,Jenkins v. Anderson,1,2938,3149,447 U.S. 231,1,7,2,1.6117064,.2233371,.047735199,.0083875656,1980,.26748276,.19758362,-.032811213,-.40368629,-.29024166,-.24224639
a3284,United States v. Henry,1,3527,4066,447 U.S. 264,1,6,3,.65107256,.19310963,.085318454,.015014172,1980,.29949057,.17009771,-.75350273,-.63388574,-.04323547,-.47687465
a3284,United States v. Henry,2,3527,4563,447 U.S. 264,1,6,3,.88634378,.21905285,.087619998,.014348984,1980,.31003082,.20843524,-.57699639,-.4363133,.03810424,-.32506847
a3285,Diamond v. Chakrabarty,1,4509,1275,447 U.S. 303,8,5,4,1.1327231,.19817591,.0666463,.0095442533,1980,.24542248,.19099027,-.39215645,-.59530318,-.46048209,-.48264724
a3286,Brown v. Louisiana,1,4733,1424,447 U.S. 323,1,6,3,.35707453,.1485589,.087238997,.0083520412,1980,.22189754,.16536051,-.97406739,-.97316509,-.64202547,-.86308599
a3287,Hicks v. Oklahoma,1,1384,1181,447 U.S. 343,4,8,1,1.8251481,.17379117,.080132402,.012747288,1980,.26415604,.21293008,.12731811,-.78100693,-.31591409,-.32320097
a3288,Bifulco v. United States,1,6291,334,447 U.S. 381,1,6,3,.95860052,.2886979,.1553441,.014240921,1980,.33644438,.325243,-.52278757,.094073616,.24193925,-.062258236
a3289,Illinois v. Vitale,1,3635,2162,447 U.S. 410,1,5,4,.65302795,.13846719,.044220701,.0075706244,1980,.16992664,.17150831,-.75203574,-1.0500193,-1.043088,-.94838101
a329,Federal Power Commission v. Niagara Mohawk Power Corp.,1,5724,469,347 U.S. 239,8,4,3,1.0323603,.35018921,.138917,.017285526,1954,.2516554,.22580361,-.46745113,.56236517,-.4123823,-.10582275
a3290,"Reeves, Inc. v. Stake",1,6002,2321,447 U.S. 429,8,5,4,1.3345884,.1367612,.04619455,.0050414801,1980,.22741121,.12155086,-.24071205,-1.0630113,-.59947616,-.63439983
a3291,Carey v. Brown,1,5188,5873,447 U.S. 455,3,6,3,.80993664,.12602609,.03607285,.0060750246,1980,.15736276,.11280227,-.63431895,-1.1447653,-1.1400442,-.97304279
a3292,National Labor Relations Board v. International Longshoremen's Ass'n,1,9389,2379,447 U.S. 490,7,5,4,.58612967,.1687144,.070110798,.010450959,1980,.2082333,.13870752,-.80222452,-.81966937,-.74747324,-.78978902
a3293,Consolidated Edison Co. of New York v. Public Service Commission,1,4130,2845,447 U.S. 530,3,7,2,3.7651412,.31788301,.1015337,.012163877,1980,.30088037,.20447677,1.5827495,.31633499,-.032510288,.62219137
a3294,Central Hudson Gas & Electric Corp. v. Public Service Commission,1,4445,7813,447 U.S. 557,3,8,1,.47792414,.12840104,.03634727,.005165875,1980,.14231479,.085717797,-.883403,-1.1266787,-1.2561703,-1.0887506
a3295,"National Labor Relations Board v. Retail Store Employees Union, Local 1001",1,2678,1658,447 U.S. 607,7,6,3,1.2447282,.24643075,.089549057,.014983416,1980,.26532549,.21878231,-.3081274,-.22781488,-.30688944,-.2809439
a3296,Beck v. Alabama,1,7368,594,447 U.S. 625,1,7,2,3.3429675,.45402294,.21256065,.02665925,1980,.43282723,.34286058,1.2660242,1.3531185,.98573142,1.2016248
a3297,Walter v. United States,1,3285,1300,447 U.S. 649,1,5,4,.67777646,.19659054,.0565596,.0082495809,1980,.27438831,.18961889,-.73346877,-.60737664,-.23695107,-.52593213
a3298,United States v. Raddatz,1,4941,9437,447 U.S. 667,4,5,4,1.4869266,.19040036,.0329029,.0056350231,1980,.13572502,.087966383,-.12642415,-.65451843,-1.3070239,-.69598883
a33,Mullenix v. Luna,1,4207,2156,136 S. Ct. 305,1,8,1,.68657094,.1833047,.046193499,.0066455603,2015,.1962418,.094486356,-.72687095,-.70855594,-.84001237,-.75847977
a330,United States ex rel. Accardi v. Shaughnessy,1,2463,804,347 U.S. 260,2,5,4,1.203418,.43393099,.1829306,.02996254,1954,.3878212,.31911039,-.33911934,1.2001067,.63841718,.49980152
a3300,"Roadway Express, Inc. v. Piper",1,4665,629,447 U.S. 752,6,9,0,2.9119055,.32062361,.1261328,.015988529,1980,.35427451,.35426015,.94263071,.33720616,.37953544,.55312407
a3301,O'Bannon v. Town Court Nursing Center,1,5783,616,447 U.S. 773,4,7,1,1.993773,.2346047,.093930237,.012867332,1980,.25360483,.20100451,.25382471,-.31787705,-.39733845,-.15379693
a3302,Mohasco Corp. v. Silver,1,6335,3198,447 U.S. 807,2,6,3,.56445539,.1480514,.037493501,.0070604086,1980,.20321393,.16554189,-.81848508,-.97703004,-.78620797,-.86057436
a3306,Maine v. Thiboutot,1,3181,7969,448 U.S. 1,2,6,3,.44794667,.21015219,.059877299,.006341815,1980,.28697336,.18067044,-.90589285,-.50409687,-.13983154,-.51660711
a3306,Maine v. Thiboutot,2,3181,1062,448 U.S. 1,2,6,3,7.5273981,.71847153,.34736705,.062138021,1980,.56610388,.41668969,4.4052887,3.3670459,2.0142353,3.2621899
a3307,Adams v. Texas,1,3777,1279,448 U.S. 38,1,8,1,.35880467,.15169691,.053674459,.0082061291,1980,.22519249,.17672169,-.97276938,-.94926739,-.61659819,-.84621167
a3308,Ohio v. Roberts,1,6723,1750,448 U.S. 56,1,6,3,1.1806773,.2201428,.089948297,.0075938702,1980,.16454536,.15963572,-.35618001,-.42801273,-1.0846157,-.62293613
a3309,United States v. Salvucci,1,3601,771,448 U.S. 83,1,7,2,1.0512661,.2225838,.077963397,.0092493296,1980,.23710549,.19281334,-.45326754,-.40942308,-.52466482,-.46245182
a331,Alabama v. Texas,1,266,1352,347 U.S. 272,10,6,2,4.1553459,.48003241,.26378691,.039852977,1954,.53990865,.40595829,1.8754908,1.5511955,1.812085,1.7462571
a331,Alabama v. Texas,2,266,827,347 U.S. 272,10,6,2,4.1668544,.54502952,.29090539,.062649488,1954,.54506052,.40219086,1.8841248,2.0461857,1.8518423,1.9273843
a3310,Rawlings v. Kentucky,1,3907,2445,448 U.S. 98,1,7,2,4.4552035,.33994839,.11598796,.017666519,1980,.32084382,.26480156,2.1004515,.48437542,.12154878,.90212524
a3312,White Mountain Apache Tribe v. Bracker,1,5342,2480,448 U.S. 136,2,6,3,1.2100598,.23410165,.092812099,.014974058,1980,.37068939,.17629594,-.33413655,-.32170805,.50621003,-.049878191
a3313,Central Machinery Co. v. Arizona State Tax Commission,1,1937,1491,448 U.S. 160,2,5,4,.4186945,.18085355,.05797625,.01350987,1980,.24933088,.16226548,-.92783856,-.72722286,-.43032077,-.69512737
a3313,Central Machinery Co. v. Arizona State Tax Commission,2,1937,1486,448 U.S. 160,2,5,4,.87058657,.26639801,.059593141,.006243825,1980,.29631871,.19397855,-.58881783,-.07575278,-.06771291,-.24409451
a3314,Dawson Chemical Co. v. Rohm & Haas Co.,1,14796,6338,448 U.S. 176,8,5,4,.076023348,.082494847,.022207599,.0026274323,1980,.16258317,.89113885,-1.184919,-1.4762807,-1.0997579,-1.2536526
a3314,Dawson Chemical Co. v. Rohm & Haas Co.,2,14796,312,448 U.S. 176,8,5,4,.49905986,.25775784,.1076964,.018235505,1980,.33122653,.917575,-.86754644,-.14155263,.20167278,-.26914209
a3315,United States v. Ward,1,3845,1037,448 U.S. 242,1,8,1,5.3711629,.31326663,.1277944,.01039964,1980,.26334661,.22153306,2.787627,.28117862,-.32216054,.91554832
a3316,Thomas v. Washington Gas Light Co.,1,8232,2168,448 U.S. 261,8,7,2,1.7257712,.2251581,.070970997,.0097221136,1980,.21207643,.17435968,.052763063,-.38981837,-.71781558,-.35162362
a3317,Harris v. McRae,1,8762,2789,448 U.S. 297,5,5,4,1.0765153,.20673764,.0374224,.010106325,1980,.30098975,.21417379,-.43432492,-.5301007,-.031666242,-.33203062
a3317,Harris v. McRae,2,8762,3529,448 U.S. 297,5,5,4,1.1014036,.30741429,.046012159,.0084772706,1980,.2968418,.20921087,-.41565311,.23660968,-.063676193,-.08090654
a3317,Harris v. McRae,3,8762,236,448 U.S. 297,5,5,4,1.1822042,.54832339,.16798866,.044677258,1980,.5681349,.49762124,-.35503444,2.0712705,2.0299087,1.2487149
a3317,Harris v. McRae,4,8762,2959,448 U.S. 297,5,5,4,1.154106,.24633706,.061366301,.0078431964,1980,.2821027,.21257043,-.37611446,-.22852844,-.17741866,-.26068717
a3318,United States v. Sioux Nation of Indians,1,18504,4420,448 U.S. 371,2,8,1,2.4563909,.20069151,.063943997,.0055900812,1980,.23851192,.8856771,.60089219,-.57614547,-.51381129,-.16302152
a3319,Reid v. Georgia,1,1154,44,448 U.S. 438,1,8,1,3.5371006,.46160701,.46183324,.087809384,1980,.56681418,.661538,1.4116677,1.4108754,2.0197167,1.6140866
a332,St. Joe Paper Co. v. Atlantic Coast Line Railroad,1,6808,3974,347 U.S. 298,8,4,3,1.0812027,.2152501,.066082299,.0081184506,1954,.25534284,.13039035,-.43080831,-.46527338,-.38392609,-.42666927
a3321,Fullilove v. Klutznick,1,13078,3590,448 U.S. 448,2,6,3,2.0133314,.28437185,.1359846,.013812959,1980,.38745177,.84956902,.26849794,.061128307,.63556629,.32173085
a3321,Fullilove v. Klutznick,2,13078,7728,448 U.S. 448,2,6,3,4.5902047,.34729031,.1156944,.0097880363,1980,.38015401,.8119849,2.2017326,.54028839,.57924908,1.10709
a3322,"Richmond Newspapers, Inc. v. Virginia",1,8187,758,448 U.S. 555,3,7,1,1.5370622,.35634589,.20943239,.011969149,1980,.39327681,.29585767,-.088811167,.6092518,.68051845,.4003197
a3323,Industrial Union Department v. American Petroleum Institute,1,18889,12198,448 U.S. 607,7,5,4,.20922314,.12242067,.067833073,.0051066875,1980,.1558122,.00061136484,-1.0849892,-1.1722227,-1.15201,-1.1364073
a3324,Hammett v. Texas,1,227,2695,448 U.S. 725,1,6,3,.69814229,.37489569,.1486007,.0249843,1980,.46450853,.40429401,-.71818984,.75051916,1.2302179,.42084908
a3324,Hammett v. Texas,2,227,44,448 U.S. 725,1,6,3,.80571592,.46299621,.37141359,.09367615,1980,.51985443,.63355613,-.63748538,1.4214551,1.6573254,.81376505
a3326,Hughes v. Rowe,1,3561,2120,449 U.S. 5,6,7,2,2.9345174,.23706859,.087424301,.0086501241,1980,.31677151,.21157777,.95959467,-.29911309,.090122536,.25020137
a3327,"Allied Chemical Corp. v. Daiflon, Inc.",1,1418,211,449 U.S. 33,9,5,2,1.519063,.41676691,.16689651,.03008312,1980,.38730592,.42991495,-.10231459,1.0693924,.63444072,.53383952
a3328,Stone v. Graham,1,1242,1146,449 U.S. 39,3,5,4,1.7792439,.26044935,.089850657,.014269114,1980,.31600022,.17414623,.09287966,-.12105525,.084170491,.018664965
a3329,County of Imperial v. Munoz,1,1696,566,449 U.S. 54,9,6,3,2.7380245,.32896829,.094483256,.013335109,1980,.39927846,.25844443,.81218082,.40075567,.72683358,.64658999
a333,Thompson v. Lawson,1,762,617,347 U.S. 334,8,6,3,1.7091061,.27435684,.13301121,.016057372,1954,.22703785,.30130178,.040260486,-.015141736,-.60235745,-.1924129
a3330,Pacileo v. Walker,1,703,65,449 U.S. 86,9,8,1,4.4652624,.54187697,.39842731,.074935675,1980,.57643425,.60784376,2.1079979,2.0221772,2.0939553,2.0747101
a3331,Allen v. McCurry,1,5372,3906,449 U.S. 90,2,6,3,1.0240924,.26912045,.047851998,.0073181391,1980,.24072897,.17340207,-.47365388,-.055019822,-.49670219,-.34179196
a3332,United States v. DiFrancesco,1,9021,3378,449 U.S. 117,1,5,4,.495572,.1583835,.03088516,.0063642263,1980,.23910987,.1347065,-.87016314,-.89834511,-.50919688,-.75923502
a3332,United States v. DiFrancesco,2,9021,450,449 U.S. 117,1,5,4,2.0526948,.39163136,.13472944,.021719158,1980,.46450573,.42207158,.29802933,.87797087,1.2301962,.80206549
a3333,United States Railroad Retirement Board v. Fritz,1,4292,4953,449 U.S. 166,2,7,2,1.8627068,.1853563,.073148496,.0054309964,1980,.24136907,.16049922,.15549557,-.69293177,-.49176255,-.34306625
a3335,Delaware State College v. Ricks,1,3647,898,449 U.S. 250,2,5,4,.35453558,.19830513,.072654098,.0077134371,1980,.21935791,.16628051,-.97597218,-.59431905,-.66162395,-.74397171
a3335,Delaware State College v. Ricks,2,3647,671,449 U.S. 250,2,5,4,.87858218,.31600869,.1153143,.010803819,1980,.29111713,.28286684,-.58281934,.3020609,-.10785379,-.1295374
a3336,"Potomac Electric Power Co. v. Director, Office of Workers' Compensation Programs",1,5797,2627,449 U.S. 268,8,8,1,1.0044073,.078109398,.023500901,.004444778,1980,.21454346,.11787117,-.48842219,-1.5096784,-.69877732,-.89895928
a3337,Allstate Insurance v. Hague,1,5722,2740,449 U.S. 302,4,5,3,1.0432763,.16925865,.038614869,.0068159103,1981,.16988218,.13955021,-.45926166,-.81552464,-1.043431,-.77273911
a3338,Watkins v. Sowders,1,2435,3660,449 U.S. 341,1,7,2,.72773325,.1917515,.037939601,.0086521506,1981,.20536458,.19107342,-.69598997,-.64422876,-.76961124,-.70327663
a334,Miller Bros. v. Maryland,1,6536,512,347 U.S. 340,8,5,4,1.2807037,.32047549,.20953083,.029622197,1954,.26943076,.24601066,-.28113773,.33607817,-.27520883,-.073422797
a3341,Mariscal v. United States,1,213,485,449 U.S. 405,1,7,2,1.6271275,.49182874,.2637929,.061658502,1981,.36363053,.44339931,-.021241879,1.6410313,.45173639,.6905086
a3344,Cuyler v. Adams,1,5404,1671,449 U.S. 433,1,6,3,3.6928961,.4091641,.1268121,.012426376,1981,.29519165,.22507954,1.5285494,1.0114927,-.076410532,.82121056
a3345,Minnesota v. Clover Leaf Creamery Co.,1,5425,4852,449 U.S. 456,8,7,1,2.6550207,.32551679,.092556238,.012199163,1981,.26497263,.15522534,.74990928,.37447056,-.30961248,.27158913
a3346,Fedorenko v. United States,1,8968,1245,449 U.S. 490,2,7,2,1.516083,.1880834,.080503598,.0083454847,1981,.20452982,.19514078,-.10455026,-.67216343,-.77605319,-.51758897
a3346,Fedorenko v. United States,2,8968,2818,449 U.S. 490,2,7,2,.65601498,.12926219,.06178933,.0064307451,1981,.19753027,.14782631,-.74979478,-1.1201205,-.83006912,-.89999479
a3347,Sumner v. Mata,1,4003,2430,449 U.S. 539,1,6,3,.74225682,.2156596,.05825853,.0067744255,1981,.18000942,.14799106,-.685094,-.46215481,-.96527851,-.70417577
a3349,Equal Employment Opportunity Commission v. Associated Dry Goods Corp.,1,4698,500,449 U.S. 590,2,6,1,3.0541601,.23592129,.12968135,.021055579,1981,.40893364,.30985826,1.0493537,-.30785045,.80134314,.51428211
a335,"Railway Express Agency, Inc. v. Virginia",1,2899,891,347 U.S. 359,8,5,4,1.2466345,.3680124,.1119184,.023115456,1954,.32742673,.26088971,-.30669728,.69809896,.17234953,.18791707
a336,Franklin National Bank v. New York,1,1747,313,347 U.S. 373,10,8,1,1.5375807,.25588536,.093507648,.019767165,1954,.27948344,.22170663,-.088422127,-.15581262,-.1976317,-.14728881
a337,United States v. Dixon,1,1621,325,347 U.S. 381,1,5,4,1.9246162,.3889128,.1441424,.02532053,1954,.30031389,.28846192,.20194158,.85726744,-.036881868,.34077573
a3377,Klutznick v. Carey,1,140,952,449 U.S. 1068,,,,1.3801774,.45556605,.25738764,.040738106,1980,.43213367,.28019285,-.20651005,1.3648701,.98037916,.71291304
a338,Sacher v. Association of the Bar of New York,1,313,2046,347 U.S. 388,8,6,2,1.4630888,.31609121,.1088883,.020329058,1954,.35981125,.25542289,-.14430787,.30268937,.42226273,.19354808
a3386,HCSC-Laundry v. United States,1,2365,5415,450 U.S. 1,12,7,2,.41343904,.1074687,.037803799,.0050529242,1981,.21011257,.12455356,-.93178135,-1.2860905,-.73297077,-.98361421
a3388,Steadman v. Securities & Exchange Commission,1,4700,635,450 U.S. 91,8,7,2,2.7138584,.41270089,.14738375,.013592243,1981,.26743907,.21524811,.79405075,1.0384274,-.29057881,.51396644
a3389,Democratic Party of United States v. Wisconsin ex rel. La Follette,1,6346,4059,450 U.S. 107,3,6,3,.91419154,.13472331,.068695404,.0056390166,1981,.16610432,.10630488,-.5561043,-1.078531,-1.0725851,-.90240681
a3390,Florida Department of Health & Rehabilitative Services v. Florida Nursing Home Ass'n,1,1190,69,450 U.S. 147,2,6,3,3.6286366,.52542132,.41716415,.065914154,1981,.62095225,.55632126,1.4803402,1.896858,2.4375033,1.9382339
a3391,Diamond v. Diehr,1,6158,9543,450 U.S. 175,8,5,4,.27397567,.12758696,.078391299,.0099961162,1981,.24432796,.87577724,-1.0364102,-1.1328784,-.46892858,-.87940574
a3392,Schweiker v. Wilson,1,6218,2512,450 U.S. 221,2,5,4,1.0139296,.1889744,.052108299,.0066130161,1981,.16978562,.12462342,-.4812783,-.66537797,-1.0441762,-.73027748
a3393,Wood v. Georgia,1,4333,4295,450 U.S. 261,2,6,3,1.0467123,.16159225,.043786399,.0038958788,1981,.19437677,.14122659,-.4566839,-.8739087,-.85440493,-.72833252
a3394,Carter v. Kentucky,1,5577,905,450 U.S. 288,1,8,1,2.6454074,.2622602,.12794435,.013103843,1981,.33120668,.23046982,.74269718,-.1072646,.20151961,.27898407
a3396,"Delta Air Lines, Inc. v. August",1,6036,5486,450 U.S. 346,9,6,3,.43200484,.1106602,.040915601,.0047516227,1981,.16895401,.11612386,-.91785282,-1.2617854,-1.0505937,-1.076744
a3398,H. L. v. Matheson,1,4586,11131,450 U.S. 398,5,6,3,.41334429,.15117989,.02378035,.0041567683,1981,.20250189,.83567059,-.9318524,-.95320469,-.79170281,-.89225328
a34,"Directv, Inc. v. Imburgia",1,3178,4424,136 S. Ct. 463,,,,.52287704,.28931844,.080058753,.0073781013,2015,.22415268,.17894077,-.84967822,.098799415,-.6246224,-.45850042
a3400,Michael M. v. Superior Court of Sonoma County,1,3707,3214,450 U.S. 464,2,5,4,.71905404,.15392977,.041681651,.0055269003,1981,.15824872,.10658491,-.7025013,-.93226284,-1.1332072,-.92265713
a3400,Michael M. v. Superior Court of Sonoma County,2,3707,2286,450 U.S. 464,2,5,4,2.0275939,.2817854,.087273963,.016229391,1981,.25106823,.19720173,.27919796,.041430976,-.41691351,-.032094859
a3401,Rosewell v. LaSalle National Bank,1,8666,5590,450 U.S. 503,9,5,4,1.2043651,.14864624,.0318234,.0041384101,1981,.18171012,.10994112,-.3384088,-.97249997,-.95215416,-.7543543
a3402,Montana v. United States,1,7194,4679,450 U.S. 544,2,6,3,.25994647,.16969067,.038139299,.0048866272,1981,.29874647,.17162359,-1.0469353,-.81223458,-.048977766,-.63604921
a3403,Federal Communications Commission v. WNCN Listeners Guild,1,7231,5105,450 U.S. 582,8,7,2,.5446744,.083781697,.017431499,.0033463836,1981,.18485677,.091152966,-.83332527,-1.4664806,-.92787129,-1.0758924
a3404,San Diego Gas & Electric Co. v. City of San Diego,1,3718,9125,450 U.S. 621,4,5,4,.81898415,.18969774,.060213149,.0084355474,1981,.18690175,.11978674,-.62753123,-.65986925,-.91209006,-.73316354
a3405,Kassel v. Consolidated Freightways Corp.,1,4734,6773,450 U.S. 662,8,6,3,.8220154,.11584455,.038116399,.0048745275,1981,.17270499,.097851157,-.62525713,-1.2223036,-1.0216472,-.95640266
a3406,Thomas v. Review Board of the Indiana Employment Security Division,1,3497,2554,450 U.S. 707,3,8,1,2.5091789,.32318321,.1205428,.013967633,1981,.30792272,.23097104,.64049512,.35669899,.021835929,.33967668
a3407,"Barrentine v. Arkansas-Best Freight System, Inc.",1,5725,2344,450 U.S. 728,7,7,2,3.6438079,.4217189,.090730667,.014827728,1981,.30818039,.24854845,1.4917221,1.1071047,.02382439,.87421703
a3408,Schweiker v. Hansen,1,1728,1602,450 U.S. 785,2,7,2,1.3216541,.24981046,.09810257,.01409018,1981,.28890496,.22117871,-.25041571,-.20207651,-.12492522,-.19247249
a341,Maryland Casualty Co. v. Cushing,1,4446,3563,347 U.S. 409,8,5,4,1.9230561,.2312807,.062494751,.0054199696,1954,.21556264,.17800599,.20077115,-.34319124,-.69091225,-.27777743
a3426,Pennhurst State School & Hospital v. Halderman,1,9085,7569,451 U.S. 1,2,6,3,.4210937,.0978017,.020193599,.0036276579,1981,.10886544,.076768279,-.92603862,-1.3597102,-1.5143008,-1.2666832
a3428,City of Memphis v. Greene,1,10294,7554,451 U.S. 100,2,6,3,1.4892808,.12556225,.027680499,.005230546,1981,.15848649,.094163597,-.12465793,-1.1482978,-1.1313723,-.80144268
a343,Barsky v. Board of Regents of the University of the State of New York,1,4375,3309,347 U.S. 442,3,6,3,2.025074,.32760251,.073992401,.0105685,1954,.2064485,.15471125,.27730751,.39035448,-.76124668,-.031194896
a343,Barsky v. Board of Regents of the University of the State of New York,2,4375,1254,347 U.S. 442,3,6,3,1.851145,.33520067,.099772297,.012224317,1954,.33862627,.1992411,.14682165,.44821882,.25877699,.28460583
a343,Barsky v. Board of Regents of the University of the State of New York,3,4375,1009,347 U.S. 442,3,6,3,2.6852977,.55306673,.17007506,.024783373,1954,.44601578,.29589778,.7726239,2.1073937,1.0875082,1.3225086
a3430,Rosales-Lopez v. United States,1,3477,2886,451 U.S. 182,1,6,3,1.4586251,.26688111,.068099998,.012172818,1981,.25692761,.16142988,-.14765663,-.072073728,-.37169635,-.19714224
a3431,Steagald v. United States,1,6288,3144,451 U.S. 204,1,7,2,1.6187158,.1816631,.048989061,.0077140927,1981,.20787442,.17878664,-.027552595,-.72105765,-.75024271,-.49961767
a3432,Arizona v. Manypenny,1,6371,2269,451 U.S. 232,9,7,2,1.6091138,.22674111,.04822135,.0062838793,1981,.29824632,.1336022,-.034756221,-.37776282,-.052837398,-.15511881
a3433,Watt v. Alaska,1,4688,3627,451 U.S. 259,10,6,3,.37964794,.13715726,.049617048,.0059103966,1981,.2169342,.13128412,-.95713228,-1.0599951,-.68032783,-.89915174
a3435,City of Milwaukee v. Illinois,1,8939,7641,451 U.S. 304,8,6,3,.5579651,.12335116,.019634699,.0031157732,1981,.17109078,.07127434,-.8233543,-1.1651365,-1.0341042,-1.0075316
a3436,Ball v. James,1,5324,4916,451 U.S. 355,2,5,4,.99606246,.13098043,.046016,.0041622519,1981,.2108742,.12002724,-.49468267,-1.1070352,-.72709322,-.77627033
a3438,"Complete Auto Transit, Inc. v. Reis",1,5435,1895,451 U.S. 401,7,7,2,.93335927,.25250447,.089727759,.01365155,1981,.2220099,.26351333,-.54172421,-.18156007,-.6411584,-.45481423
a3439,Bullington v. Missouri,1,5375,2169,451 U.S. 430,1,5,4,1.8132529,.15642756,.054876301,.0077166557,1981,.19096559,.16472489,.11839405,-.91324073,-.88072914,-.55852526
a344,Galvan v. Press,1,2932,458,347 U.S. 522,2,7,2,1.6490935,.43267083,.20068884,.022614241,1954,.3912552,.32538557,-.0047624516,1.1905099,.66491759,.61688834
a344,Galvan v. Press,2,2932,401,347 U.S. 522,2,7,2,1.3611344,.43553245,.32227471,.023473263,1954,.45007068,.40695822,-.22079657,1.2123028,1.1188002,.70343548
a3442,Webb v. Webb,1,2795,290,451 U.S. 493,9,8,1,2.4078436,.26144046,.1184715,.018529534,1981,.29087859,.28102809,.56447083,-.11350741,-.10969461,.11375627
a3444,J. Truett Payne Co. v. Chrysler Motors Corp.,1,3629,572,451 U.S. 557,8,9,0,2.1830106,.31764701,.072029799,.012361884,1981,.27915782,.21153253,.39579549,.31453767,-.20014453,.17006288
a3445,United States v. Swank,1,5109,3495,451 U.S. 571,12,7,2,.34540462,.1207392,.05754197,.0070558786,1981,.28191173,.14860219,-.98282248,-1.1850281,-.17889242,-.78224766
a3446,Flynt v. Ohio,1,1006,484,451 U.S. 619,3,5,4,1.2558892,.37956569,.13801944,.02209568,1981,.32381076,.25424731,-.29975417,.78608382,.14444484,.21025816
a3448,Western & Southern Life Insurance v. State Board of Equalization,1,8613,1200,451 U.S. 648,8,7,2,1.4539393,.2784436,.0843869,.016856432,1981,.29359943,.2654714,-.15117201,.015981302,-.088697776,-.074629493
a3449,"Clayton v. International Union, United Automobile, Aerospace, & Agricultural Implement Workers",1,5519,377,451 U.S. 679,7,5,4,1.3458921,.28406286,.18163985,.013743162,1981,.28329098,.3066532,-.23223175,.058775168,-.16824865,-.11390175
a3449,"Clayton v. International Union, United Automobile, Aerospace, & Agricultural Implement Workers",2,5519,1672,451 U.S. 679,7,5,4,.86045355,.19502276,.0615195,.01048851,1981,.24487931,.17550337,-.59641987,-.61931616,-.46467382,-.56013662
a345,Leyra v. Denno,1,9027,1758,347 U.S. 556,1,5,3,5.3608422,.24330604,.3356069,.067914248,1954,.25678706,.20130944,2.7798843,-.25161135,-.37278098,.71849734
a3451,Maryland v. Louisiana,1,11795,3800,451 U.S. 725,8,7,1,1.6967481,.29847619,.1280463,.01383543,1981,.37801158,.83592337,.030989243,.16854091,.56271583,.25408199
a346,"Braniff Airways, Inc. v. Nebraska State Board of Equalization & Assessment",1,3867,22,347 U.S. 590,8,7,2,1.8912011,.73845619,.4158521,.14596337,1954,.6433326,.62654573,.17687275,3.5192406,2.6102138,2.102109
a346,"Braniff Airways, Inc. v. Nebraska State Board of Equalization & Assessment",2,3867,1786,347 U.S. 590,8,7,2,2.2782583,.31812221,.071164802,.015523016,1954,.30791372,.19799149,.46725273,.31815657,.021766473,.26905859
a347,Alton v. Alton,1,175,76,347 U.S. 610,9,6,1,5.166965,.30446041,.35036859,.072549462,1954,.47800863,.41798502,2.6344328,.21411414,1.3343989,1.3943152
a3472,Lassiter v. Department of Social Services,1,4740,8118,452 U.S. 18,1,5,4,.46988955,.14113915,.03366727,.0063376427,1981,.1771825,.11031795,-.88943076,-1.0296707,-.9870941,-.96873188
a3472,Lassiter v. Department of Social Services,2,4740,378,452 U.S. 18,1,5,4,2.404774,.3722786,.2153583,.024935186,1981,.39345372,.38674062,.56216794,.7305885,.68188369,.65821338
a3473,Schad v. Borough of Mount Ephraim,1,4950,1091,452 U.S. 61,3,7,2,1.0017694,.27122647,.113006,.018919587,1981,.27455127,.1916275,-.49040118,-.038981345,-.23569351,-.25502536
a3474,Minnick v. California Department of Corrections,1,7439,486,452 U.S. 105,2,8,1,2.1242082,.63838273,.22029901,.03481549,1981,.50238168,.35842299,.35168049,2.7571239,1.5224872,1.5437639
a3475,McDaniel v. Sanchez,1,7807,118,452 U.S. 130,2,7,2,1.427767,.40707529,.28867507,.043863714,1981,.44616282,.36168826,-.17080711,.9955852,1.088643,.63780701
a3476,County of Washington v. Gunther,1,6029,8045,452 U.S. 161,2,5,4,.59509426,.1021593,.0253317,.0033849478,1981,.18088794,.12017071,-.79549903,-1.3265246,-.95849901,-1.0268409
a3477,Anderson Bros. Ford v. Valencia,1,5768,3300,452 U.S. 205,8,5,4,.62211663,.1589371,.057823699,.011378169,1981,.26250416,.11061662,-.77522618,-.89412916,-.32866177,-.66600573
a3478,Rowan Cos. v. United States,1,5231,61,452 U.S. 247,12,6,3,3.2837512,.63417411,.57717395,.12066978,1981,.65417016,.63301563,1.2215986,2.7250729,2.6938479,2.2135065
a348,United States v. Harriss,1,5033,1576,347 U.S. 612,3,5,3,1.2841588,.30827093,.093048297,.013325214,1954,.22776532,.20375812,-.27854559,.24313347,-.59674346,-.21071853
a348,United States v. Harriss,2,5033,980,347 U.S. 612,3,5,3,1.5971017,.3971293,.138862,.022340059,1954,.33075446,.25198466,-.043768015,.91984081,.1980298,.35803419
a3480,Rhodes v. Chapman,1,4675,3115,452 U.S. 337,1,8,1,.92060095,.14892256,.042974502,.0051065683,1981,.17753959,.10385704,-.55129582,-.97039557,-.9843384,-.83534324
a3481,"Federated Department Stores, Inc. v. Moitie",1,2598,2515,452 U.S. 394,9,8,1,1.9625596,.35383159,.0943022,.0085166693,1981,.3124817,.23595417,.23040764,.59010398,.057017852,.29250982
a3483,Connecticut Board of Pardons v. Dumschat,1,2381,1512,452 U.S. 458,4,7,2,1.7460703,.27012539,.068289198,.010223448,1981,.26631343,.17527294,.067991935,-.047366671,-.29926538,-.09288004
a3484,Howe v. Smith,1,4060,76,452 U.S. 473,4,9,0,5.1283922,.56630439,.42165151,.05699718,1981,.75161517,.6002816,2.6054945,2.2082059,3.4458368,2.7531791
a3485,"American Textile Manufacturers Institute, Inc. v. Donovan",1,17489,649,452 U.S. 490,7,5,3,.66245872,.25913119,.15018046,.019208431,1981,.27569038,.98191077,-.74496055,-.13109377,-.22690298,-.36765242
a3485,"American Textile Manufacturers Institute, Inc. v. Donovan",2,17489,1535,452 U.S. 490,7,5,3,.59208238,.23455571,.17876637,.019655347,1981,.33852106,.93624264,-.79775864,-.31825018,.25796515,-.28601456
a3486,Monroe v. Standard Oil Co.,1,5111,2822,452 U.S. 549,2,5,4,.61900872,.069736958,.022765899,.0035216808,1981,.14539707,.12109357,-.77755785,-1.5734394,-1.2323841,-1.1944604
a3487,Donovan v. Dewey,1,3725,1828,452 U.S. 594,1,8,1,1.3639057,.26798874,.048168,.010620236,1981,.23720807,.15213734,-.2187175,-.063638471,-.52387321,-.26874307
a3488,"United Ass'n of Journeymen & Apprentices of the Plumbing & Pipefitting Industry of the United States & Canada v. Local 334, United Ass'n of Journeymen & Apprentices of the Plumbing & Pipefitting Industry of the United States & Canada",1,4025,1103,452 U.S. 615,9,6,3,1.8373662,.3392154,.074205503,.01512152,1981,.36684155,.22717214,.13648444,.47879329,.47651604,.36393127
a3488,"United Ass'n of Journeymen & Apprentices of the Plumbing & Pipefitting Industry of the United States & Canada v. Local 334, United Ass'n of Journeymen & Apprentices of the Plumbing & Pipefitting Industry of the United States & Canada",2,4025,3092,452 U.S. 615,9,6,3,5.8828392,.26131576,.077999353,.014047265,1981,.3867082,.21530867,3.1714995,-.11445702,.6298281,1.2289568
a349,Barber v. Gonzales,1,1805,480,347 U.S. 637,2,6,3,1.3171186,.33815619,.19571289,.029511333,1954,.42360193,.36897969,-.2538183,.47072685,.91453916,.37714922
a3490,First National Maintenance Corp. v. National Labor Relations Board,1,7461,1103,452 U.S. 666,7,7,2,2.8964815,.16176635,.064010903,.0091785192,1981,.24905032,.16109818,.93105924,-.87258279,-.43248588,-.12466981
a3491,Michigan v. Summers,1,4745,2414,452 U.S. 692,1,6,3,.77994657,.1392061,.035825551,.0063561797,1981,.24229044,.21687847,-.65681821,-1.044392,-.48465228,-.72862083
a3492,New York State Liquor Authority v. Bellanca,1,1399,2573,452 U.S. 714,3,7,2,.97565204,.1820987,.0482971,.0080247521,1981,.15938425,.14309299,-.5099951,-.7177403,-1.1244442,-.78405988
a35,Hurst v. Florida,1,3054,1283,136 S. Ct. 616,1,8,1,.23869768,.17913485,.04585075,.0094658136,2016,.20619637,.13796514,-1.0628767,-.74031174,-.76319236,-.85546029
a350,United Construction Workers v. Laburnum Construction Corp.,1,4200,588,347 U.S. 656,10,6,2,1.6507273,.44551253,.1334839,.01767242,1954,.35926378,.30381227,-.0035367615,1.2883068,.41803789,.56760263
a3503,Schweiker v. Gray Panthers,1,4898,2414,453 U.S. 34,2,6,3,.48186746,.1011343,.05945015,.0085849762,1981,.23406279,.15473163,-.88044465,-1.3343306,-.54814553,-.9209736
a3504,Rostker v. Goldberg,1,7905,859,453 U.S. 57,2,6,3,1.1730273,.17992321,.096634202,.02255106,1981,.33023471,.26450384,-.36191925,-.73430794,.19401884,-.30073613
a3504,Rostker v. Goldberg,2,7905,8670,453 U.S. 57,2,6,3,.95965338,.1245234,.046765301,.0058830976,1981,.17440289,.088621497,-.52199769,-1.1562092,-1.0085444,-.89558381
a3505,United States Postal Service v. Council of Greenburgh Civic Associations,1,6353,3427,453 U.S. 114,3,7,2,1.2470812,.19069239,.039557341,.0082570314,1981,.16621637,.091896057,-.30636218,-.6522944,-1.0717204,-.67679232
a3505,United States Postal Service v. Council of Greenburgh Civic Associations,2,6353,1228,453 U.S. 114,3,7,2,1.0312508,.238207,.098360501,.011114419,1981,.26882547,.1627757,-.46828347,-.29044351,-.27987987,-.34620228
a3506,Lehman v. Nakshian,1,4365,4959,453 U.S. 156,1,5,4,.054621514,.11129,.0187875,.0022690892,1981,.081582785,.059191346,-1.2009752,-1.2569891,-1.7248427,-1.394269
a3507,California Medical Ass'n v. Federal Election Commission,1,6235,1786,453 U.S. 182,3,5,0,1.5441326,.3722094,.1294222,.011368573,1981,.47290462,.29042929,-.083506756,.73006153,1.295011,.6471886
a3508,McCarty v. McCarty,1,9188,3535,453 U.S. 210,10,6,3,.76692718,.1730568,.061820749,.011567235,1981,.30492985,.16392082,-.66658568,-.78659958,-.0012602137,-.48481515
a3509,"City of Newport v. Fact Concerts, Inc.",1,7789,2693,453 U.S. 247,2,6,3,3.0601752,.33466101,.1130314,.013118148,1981,.29320645,.30791259,1.0538663,.44410899,-.091730379,.4687483
a351,Phillips Petroleum Co. v. Wisconsin,1,3648,990,347 U.S. 672,8,5,3,.25958684,.25135371,.088685699,.014162958,1954,.25100529,.18178862,-1.0472051,-.19032376,-.41739923,-.55164272
a351,Phillips Petroleum Co. v. Wisconsin,2,3648,2397,347 U.S. 672,8,5,3,.16325834,.13574845,.0476459,.0092069507,1954,.1715064,.13271648,-1.1194731,-1.070724,-1.0308968,-1.0736979
a3510,Haig v. Agee,1,9445,4007,453 U.S. 280,3,7,2,.8451485,.1266413,.041899301,.0057175756,1981,.18601465,.10515004,-.60790211,-1.1400801,-.91893584,-.8889727
a3511,National Labor Relations Board v. Amax Coal Co.,1,5176,5241,453 U.S. 322,7,8,1,.49207437,.10728407,.040651102,.0058621168,1981,.16730797,.11629891,-.87278718,-1.2874966,-1.0632964,-1.0745268
a3512,California v. Prysock,1,2305,1412,453 U.S. 355,1,6,3,.46020302,.16522914,.070476532,.0080860853,1981,.24379104,.26872045,-.89669782,-.84621167,-.47307202,-.73866051
a3513,"CBS, Inc. v. Federal Communications Commission",1,8541,6947,453 U.S. 367,8,6,3,.34524143,.064206056,.016048299,.0031388998,1981,.13589227,.090980291,-.98294491,-1.6155603,-1.3057332,-1.3014128
a3513,"CBS, Inc. v. Federal Communications Commission",2,8541,340,453 U.S. 367,8,6,3,1.6001909,.23927504,.28571737,.0098650455,1981,.2845332,.23179364,-.04145043,-.28230977,-.15866236,-.16080752
a3514,Robbins v. California,1,2432,283,453 U.S. 420,1,6,3,3.0026395,.43513769,.16783629,.032114387,1981,.44624108,.37457085,1.0107017,1.2092965,1.0892469,1.1030817
a3514,Robbins v. California,2,2432,2314,453 U.S. 420,1,6,3,.54192859,.1988223,.10182095,.011665702,1981,.29707557,.25028485,-.83538526,-.59038049,-.061872177,-.49587932
a3514,Robbins v. California,3,2432,3523,453 U.S. 420,1,6,3,.52669799,.1864801,.064415298,.0065553784,1981,.26988792,.26382768,-.84681165,-.68437338,-.27168083,-.60095531
a3515,New York v. Belton,1,2639,2906,453 U.S. 454,1,6,3,.11954719,.099909663,.040207502,.0054198503,1981,.23112768,.11791569,-1.1522664,-1.3436569,-.57079595,-1.0222397
a3515,New York v. Belton,2,2639,265,453 U.S. 454,1,6,3,.50226134,.28461015,.12308776,.019874215,1981,.37024206,.39259046,-.86514461,.062943093,.50275797,-.099814519
a3517,"Metromedia, Inc. v. City of San Diego",1,9941,5263,453 U.S. 490,3,6,3,.31146324,.12687296,.024254439,.0043000579,1981,.21561778,.86537248,-1.0082861,-1.1383159,-.69048679,-.94569629
a3517,"Metromedia, Inc. v. City of San Diego",2,9941,4554,453 U.S. 490,3,6,3,.53897923,.15335099,.041605949,.0066916347,1981,.15947729,.88019246,-.83759797,-.93667054,-1.1237262,-.96599823
a3517,"Metromedia, Inc. v. City of San Diego",3,9941,389,453 U.S. 490,3,6,3,.61046147,.45004493,.18720025,.024973452,1981,.47675174,.88827181,-.78397018,1.3228236,1.3246995,.62118435
a3518,Arkansas Louisiana Gas Co. v. Hall,1,4478,307,453 U.S. 571,10,5,3,1.8977625,.31198424,.1000375,.021259665,1981,.36883521,.31919295,.18179527,.27141246,.49190122,.31503633
a3518,Arkansas Louisiana Gas Co. v. Hall,2,4478,8392,453 U.S. 571,10,5,3,1.0934823,.1092644,.033756141,.0051817894,1981,.23329067,.10965264,-.4215959,-1.2724152,-.55410397,-.74937165
a3519,Commonwealth Edison Co. v. Montana,1,8583,5740,453 U.S. 609,8,6,3,1.3214607,.12344563,.018598801,.002984643,1981,.19276208,.10585034,-.25056076,-1.164417,-.86686558,-.76061445
a352,Offutt v. United States,1,2267,97,348 U.S. 11,1,5,3,.8077696,.3811799,.30166817,.043496311,1954,.50960153,.52776974,-.63594466,.79837698,1.5782032,.58021182
a3525,Iran National Airlines Corp. v. Marschalk Co.,1,109,127,453 U.S. 919,,,,3.6172304,.3507227,.2846365,.071767926,1981,.3693611,.42950445,1.471783,.56642801,.49595955,.84472352
a3526,Chardon v. Fernandez,1,694,315,454 U.S. 6,2,6,3,3.573719,.36206913,.20459825,.032555103,1981,.41348225,.37601,1.4391397,.65283757,.83644503,.9761408
a3526,Chardon v. Fernandez,2,694,1037,454 U.S. 6,2,6,3,.63889349,.2068942,.11232555,.01597321,1981,.31666821,.29339147,-.76263976,-.52890837,.089325406,-.40074092
a3527,Jago v. Van Curen,1,2644,1018,454 U.S. 14,4,6,3,1.1983588,.29912233,.063925497,.010224879,1981,.30276245,.2762776,-.34291491,.17346166,-.017986195,-.062479816
a3529,Ridgway v. Ridgway,1,5564,2725,454 U.S. 46,10,5,3,1.3102183,.1547257,.0714145,.0070730448,1981,.21827257,.15569389,-.25899509,-.92620134,-.6699996,-.61839867
a3529,Ridgway v. Ridgway,2,5564,3945,454 U.S. 46,10,5,3,1.4680028,.13006,.038143702,.005063355,1981,.16121149,.10275674,-.14062123,-1.1140448,-1.1103433,-.78833646
a353,National Union of Marine Cooks & Stewards v. Arnold,1,2353,632,348 U.S. 37,1,6,2,1.9512209,.4986375,.1606331,.017604351,1954,.3854931,.30419004,.22190104,1.6928838,.62045109,.84507865
a3530,Leeke v. Timmerman,1,1340,517,454 U.S. 83,9,6,3,1.9692194,.3815178,.13481665,.019226909,1981,.36371195,.27288097,.23540403,.80095029,.45236471,.49623966
a3531,California ex rel. Cooper v. Mitchell Brothers' Santa Ana Theater,1,1244,218,454 U.S. 90,3,6,2,2.9280591,.4975265,.22874141,.044943571,1981,.50653672,.44807285,.95474952,1.684423,1.554552,1.3979082
a3531,California ex rel. Cooper v. Mitchell Brothers' Santa Ana Theater,2,1244,1560,454 U.S. 90,3,6,2,2.369101,.395717,.099028468,.017331123,1981,.33408725,.21592474,.53540522,.90908533,.22374916,.55607992
a3535,Ralston v. Robinson,1,6295,4325,454 U.S. 201,2,6,3,.850339,.1127976,.04557693,.0065985918,1981,.22479463,.16233283,-.60400808,-1.2455078,-.61966848,-.82306147
a3536,Piper Aircraft Co. v. Reyno,1,8350,226,454 U.S. 235,9,4,3,1.8498178,.37874293,.18518615,.02525568,1981,.34977221,.34320974,.14582589,.77981812,.34479094,.42347831
a3537,Widmar v. Vincent,1,4528,2707,454 U.S. 263,3,8,1,.27179447,.16011059,.042902801,.0051753521,1981,.16654056,.14029908,-1.0380466,-.88519233,-1.0692185,-.99748582
a3538,Citizens Against Rent Control/Coalition for Fair Housing v. City of Berkeley,1,2604,2700,454 U.S. 290,3,8,1,1.0469351,.1783291,.053672429,.0056037307,1981,.2245906,.18957973,-.45651677,-.74644798,-.621243,-.60806924
a3539,Polk County v. Dodson,1,4660,3704,454 U.S. 312,2,8,1,.64426833,.18945867,.029374801,.0052139759,1981,.21662861,.11668146,-.75860745,-.66168994,-.68268609,-.70099449
a3540,Harris v. Rivera,1,3523,238,454 U.S. 339,1,8,1,5.7954516,.73803443,.34865129,.04029429,1981,.81190634,.80755019,3.1059391,3.5160286,3.9111073,3.511025
a3541,"Central Trust Co. v. Official Creditors' Committee of Geiger Enterprises, Inc.",1,1901,1296,454 U.S. 354,8,7,2,1.6970819,.19476201,.07627517,.0095829368,1982,.2127431,.13636416,.031239657,-.62130201,-.7126708,-.43424439
a3542,Boag v. MacDougall,1,543,895,454 U.S. 364,1,6,3,2.0082684,.40163419,.11953557,.013959408,1982,.3425774,.35788149,.26469949,.95414811,.28926811,.50270522
a3543,Hutto v. Davis,1,1610,2640,454 U.S. 370,1,6,3,1.6081363,.25462651,.051008798,.0080190897,1982,.27968484,.16416699,-.035489578,-.16539949,-.19607745,-.13232218
a3546,"Charles D. Bonanno Linen Service, Inc. v. National Labor Relations Board",1,4722,2233,454 U.S. 404,7,5,4,.41373771,.12777746,.03980225,.0033680201,1982,.16958565,.14126474,-.93155724,-1.1314276,-1.0457195,-1.0362349
a3546,"Charles D. Bonanno Linen Service, Inc. v. National Labor Relations Board",2,4722,1223,454 U.S. 404,7,5,4,.51841009,.14532995,.093311504,.010061979,1982,.26681703,.20772547,-.85302943,-.99775535,-.2953791,-.71538794
a3547,Cabell v. Chavez-Salido,1,4807,5091,454 U.S. 432,2,5,4,.89911228,.15803057,.034171101,.004003942,1982,.15789354,.10595006,-.56741714,-.90103292,-1.1359482,-.86813277
a3548,"Valley Forge Christian College v. Americans United for Separation of Church & State, Inc.",1,8615,8361,454 U.S. 464,9,5,4,.56011963,.16989255,.0460441,.0034531355,1982,.21172035,.11302316,-.82173789,-.81069714,-.72056347,-.78433281
a3548,"Valley Forge Christian College v. Americans United for Separation of Church & State, Inc.",2,8615,647,454 U.S. 464,9,5,4,1.6225988,.3271879,.11831474,.01327908,1982,.30537307,.24142754,-.024639469,.38719699,.0021601424,.12157255
a3549,"Texaco, Inc. v. Short",1,8698,5450,454 U.S. 516,4,5,4,.61559141,.11296695,.026032301,.0042262077,1982,.15760535,.11367303,-.78012156,-1.2442182,-1.1381721,-1.0541706
a3553,Davis v. Jacobs,1,1594,1372,454 U.S. 911,,,,.18023616,.23774759,.056707859,.0060964227,1981,.25167614,.21089154,-1.1067359,-.29394212,-.41222224,-.60430008
a356,United States v. Brown,1,1092,366,348 U.S. 110,2,5,3,.82236755,.2587069,.1518532,.015307784,1954,.29047543,.22982442,-.62499297,-.13432503,-.11280586,-.29070795
a3564,Vasquez v. United States,1,298,2329,454 U.S. 975,,,,4.0156775,.72132325,.3473922,.052822351,1981,.6883229,.54830855,1.770708,3.3887634,2.9574065,2.705626
a3564,Vasquez v. United States,2,298,1968,454 U.S. 975,,,,4.1328583,.72743511,.36652863,.043880582,1981,.74192965,.57288969,1.85862,3.4353087,3.371093,2.8883405
a357,"Baltimore Contractors, Inc. v. Bodinger",1,2866,495,348 U.S. 176,9,6,2,2.3147821,.37428901,.15889037,.031332731,1955,.31522167,.23368561,.49465382,.7458989,.078162327,.43957168
a3578,Novack Investment Co. v. Setser,1,270,840,454 U.S. 1064,,,,5.2689071,.32978207,.1877441,.018172622,1981,.33224738,.33346796,2.7109122,.4069531,.20955074,1.1091387
a358,Commissioner v. Estate of Sternberger,1,3987,2083,348 U.S. 187,12,6,2,.3504599,.1433952,.034398202,.0049124956,1955,.23850703,.15068108,-.97902983,-1.0124896,-.51384902,-.83512282
a359,"United States v. International Boxing Club of New York, Inc.",1,3502,780,348 U.S. 236,8,6,2,2.6152179,.3992956,.17041069,.028512478,1955,.36261392,.28376263,.72004825,.93633842,.44389111,.70009261
a359,"United States v. International Boxing Club of New York, Inc.",2,3502,667,348 U.S. 236,8,6,2,.69770628,.32061434,.1278055,.025336146,1955,.29169101,.26335156,-.71851695,.33713558,-.10342518,-.16160218
a3592,Washington v. Chrisman,1,2447,2137,455 U.S. 1,1,6,3,2.5503495,.17003703,.097696297,.0066196322,1982,.28245884,.16559899,.67138231,-.80959684,-.17467032,-.10429495
a3593,United States v. Vogel Fertilizer Co.,1,5675,1581,455 U.S. 16,12,7,2,2.3994415,.12798931,.064526439,.0096070766,1982,.2547158,.19039291,.55816734,-1.1298143,-.38876501,-.32013732
a3594,Community Communications Co. v. City of Boulder,1,5106,3924,455 U.S. 40,8,5,3,2.6595244,.23217051,.091045402,.0085224509,1982,.33830965,.27312392,.75328809,-.33641481,.25633362,.22440229
a3595,Kaiser Steel Corp. v. Mullins,1,5520,3352,455 U.S. 72,7,6,3,1.0932499,.2199097,.088685997,.0099170804,1982,.31563169,.18822736,-.42177022,-.4297879,.081326477,-.25674388
a3596,Eddings v. Oklahoma,1,4107,3076,455 U.S. 104,1,5,4,.63101178,.17822389,.035992399,.007021606,1982,.167602,.10389704,-.76855284,-.74724919,-1.0610273,-.8589431
a3597,Merrion v. Jicarilla Apache Tribe,1,9415,12437,455 U.S. 130,2,6,3,1.132539,.17987406,.029236199,.0068112612,1982,.21219927,.92952108,-.39229453,-.7346822,-.71686757,-.61461478
a3598,Smith v. Phillips,1,3840,7493,455 U.S. 209,4,6,3,1.2089206,.1399505,.060570359,.0043287277,1982,.23887849,.13477898,-.33499119,-1.038723,-.51098251,-.62823224
a3599,Tully v. Mobil Oil Corp.,1,1208,787,455 U.S. 245,9,7,2,.78932524,.29574639,.077543847,.010540724,1982,.28053445,.20006853,-.64978212,.14775188,-.189521,-.23051707
a36,Kansas v. Kansas,1,5189,2713,136 S. Ct. 633,1,8,1,2.5210171,.31369364,.0906718,.011594832,2016,.27152306,.16468352,.64937639,.28443053,-.25906241,.22491483
a360,Tee-Hit-Ton Indians v. United States,1,6093,1414,348 U.S. 272,4,5,3,2.6797547,.18190813,.068141997,.011282384,1955,.36348528,.29233634,.7684654,-.71919161,.45061547,.16662975
a3601,Vir v. Ray,1,4015,1117,455 U.S. 265,2,8,1,.31579056,.1880604,.080568403,.012593985,1982,.2350629,.16138315,-1.0050397,-.67233855,-.54042763,-.7392686
a3603,Jewett v. Commissioner,1,4777,3098,455 U.S. 305,12,6,3,.87459236,.1518818,.06537807,.0078737736,1982,.21245289,.11744678,-.58581257,-.94785929,-.71491039,-.74952739
a3607,G. D. Searle & Co. v. Cohn,1,3269,419,455 U.S. 404,8,8,1,1.587862,.34010229,.18923479,.021185338,1982,.31618881,.30857778,-.050699849,.48554745,.085625842,.17349115
a361,Wilburn Boat Co. v. Fireman's Fund Insurance,1,3588,3940,348 U.S. 310,8,6,2,1.138757,.24648106,.05501974,.0073471665,1955,.21368152,.13411796,-.38762966,-.22743177,-.70542902,-.44016349
a3611,Murphy v. Hunt,1,1815,1511,455 U.S. 478,9,8,1,1.8092731,.2333387,.085871927,.0093712807,1982,.19256908,.20740038,.1154083,-.32751837,-.86835498,-.36015502
a3613,Rose v. Lundy,1,4168,4691,455 U.S. 509,1,5,4,1.1799645,.23262881,.086339101,.0080884099,1982,.2639823,.15310186,-.35671473,-.3329246,-.31725493,-.33563143
a3614,Wainwright v. Torna,1,725,859,455 U.S. 586,1,7,2,.25776348,.28882229,.086955301,.024157047,1982,.26147139,.23022449,-1.048573,.095020957,-.33663172,-.43006125
a3615,Sumner v. Mata,1,2629,574,455 U.S. 591,1,6,3,1.2560998,.47517851,.10839844,.020854115,1982,.258573,.28160626,-.29959616,1.5142303,-.35899881,.28521177
a3615,Sumner v. Mata,2,2629,703,455 U.S. 591,1,6,3,.83702618,.32434225,.1891246,.018727243,1982,.27021796,.22194558,-.61399567,.36552578,-.26913399,-.17253463
a3616,"U. S. Industries/Federal Sheet Metal, Inc. v. Director, Office of Workers' Compensation Programs",1,2786,2475,455 U.S. 608,8,6,2,.95337474,.15114284,.064208753,.0080353022,1982,.23609364,.15305573,-.52670807,-.95348692,-.53247333,-.67088944
a3617,Lane v. Williams,1,3150,2267,455 U.S. 624,9,6,3,2.329402,.25819281,.058671001,.0092220306,1982,.29182613,.19175446,.50562197,-.13824011,-.10238242,.088333145
a3618,McElroy v. United States,1,6346,5217,455 U.S. 642,1,8,1,1.2876384,.20668525,.039022449,.0051274896,1982,.15515327,.10942101,-.27593508,-.5304997,-1.157095,-.6545099
a362,Securities & Exchange Commission v. Drexel & Co.,1,2583,435,348 U.S. 341,8,6,2,.49557465,.1759053,.1133838,.024008036,1955,.19509715,.18066424,-.87016118,-.76490659,-.84884566,-.82797116
a3620,Santosky v. Kramer,1,7957,7788,455 U.S. 745,2,5,4,.60972184,.1108187,.03319025,.0066208839,1982,.17651063,.10182518,-.7845251,-1.2605783,-.99227893,-1.0124607
a363,National City Bank v. Republic of China,1,3363,2060,348 U.S. 356,9,4,3,.69554162,.22564375,.0539173,.0057269931,1955,.22636557,.12259746,-.72014093,-.38611978,-.60754544,-.57126874
a3630,Anderson v. Fuller,1,687,1199,455 U.S. 1028,,,,2.5382009,.26027465,.1194566,.014054656,1982,.36082292,.2356807,.6622681,-.1223857,.43006986,.32331741
a3633,United States v. MacDonald,1,3074,4433,456 U.S. 1,1,6,3,.57824159,.1749611,.032995459,.0050376654,1982,.18227261,.11226493,-.80814236,-.77209717,-.94781339,-.84268433
a3635,American Tobacco Co. v. Patterson,1,4455,3306,456 U.S. 63,2,5,4,.83985031,.1221914,.028876301,.0024218559,1982,.13361043,.10720217,-.61187696,-1.1739687,-1.3233423,-1.036396
a3635,American Tobacco Co. v. Patterson,2,4455,1450,456 U.S. 63,2,5,4,.83812398,.2302662,.072303534,.012889266,1982,.25978303,.17742014,-.61317205,-.35091722,-.3496609,-.43791673
a3637,Engle v. Isaac,1,9888,4696,456 U.S. 107,1,7,2,.96291655,.14793789,.0496336,.0087122321,1982,.18147725,.84755415,-.51954955,-.97789443,-.95395124,-.81713176
a3638,United States v. Frady,1,7815,3404,456 U.S. 152,1,6,1,2.9835961,.29296637,.088951401,.010371864,1982,.31132728,.1928488,.99641478,.12658045,.048109103,.3903681
a3639,Larson v. Valente,1,9173,1873,456 U.S. 228,3,5,4,1.092981,.28853154,.061378099,.014102936,1982,.23182672,.20056158,-.42197198,.092806719,-.56540138,-.29818887
a3639,Larson v. Valente,2,9173,3247,456 U.S. 228,3,5,4,1.3618821,.19107234,.062604398,.0071588755,1982,.36105055,.18723917,-.22023565,-.64940089,.4318265,-.14593668
a3640,Pullman-Standard v. Swint,1,6541,3677,456 U.S. 273,2,7,2,.76961762,.1397254,.0286269,.0050644875,1982,.11595869,.096046686,-.66456729,-1.0404372,-1.4595618,-1.0548555
a3641,Weinberger v. Romero-Barcelo,1,4952,4900,456 U.S. 305,8,8,1,1.6832231,.1281105,.045578599,.0072362423,1982,.17260498,.11709672,.020842442,-1.1288913,-1.0224191,-.71015602
a3642,"Merrill Lynch, Pierce, Fenner & Smith, Inc. v. Curran",1,14505,5200,456 U.S. 353,9,5,4,1.2659559,.1737503,.073058367,.0085187554,1982,.2845301,.90698564,-.29220185,-.78131819,-.15868628,-.41073543
a3643,Zant v. Stephens,1,2258,3914,456 U.S. 410,1,6,3,1.4293114,.22568333,.04701424,.010601044,1982,.2847411,.15390283,-.16964848,-.38581839,-.15705799,-.23750828
a3643,Zant v. Stephens,2,2258,140,456 U.S. 410,1,6,3,.73027354,.38796961,.30840749,.04244864,1982,.45237774,.48171997,-.69408417,.85008454,1.1366038,.43086806
a3645,Greene v. Lindsey,1,3651,1352,456 U.S. 444,4,6,3,1.724964,.2101904,.059122998,.01088357,1982,.218714,.17422593,.052157506,-.50380594,-.66659307,-.37274718
a3646,Kremer v. Chemical Construction Corp.,1,8586,8102,456 U.S. 461,2,5,4,1.2058313,.17774355,.028174199,.0044811368,1982,.22248018,.14579844,-.33730885,-.75090724,-.63752919,-.57524842
a3646,Kremer v. Chemical Construction Corp.,2,8586,1078,456 U.S. 461,2,5,4,2.7681956,.34034291,.1111473,.011669874,1982,.24431694,.22920841,.83481598,.48737994,-.46901366,.28439409
a3647,North Haven Board of Education v. Bell,1,9306,5132,456 U.S. 512,2,6,3,.43510136,.15191969,.0255016,.0041989684,1982,.18348408,.91280413,-.91552973,-.94757074,-.9384644,-.93385494
a3648,"American Society of Mechanical Engineers, Inc. v. Hydrolevel Corp.",1,6956,6150,456 U.S. 556,8,6,3,1.4744016,.1890825,.059280161,.0056508183,1982,.21091402,.16772622,-.1358207,-.66455466,-.72678596,-.50905377
a3650,Federal Bureau of Investigation v. Abramson,1,5307,274,456 U.S. 615,5,5,4,.52378708,.27571449,.1119439,.025339127,1982,.27888054,.28898436,-.84899551,-.0048024929,-.20228432,-.35202745
a3650,Federal Bureau of Investigation v. Abramson,2,5307,3941,456 U.S. 615,5,5,4,.94016612,.17364229,.064303197,.014762402,1982,.28849518,.17187703,-.53661752,-.78214067,-.12808754,-.48228192
a3654,United States v. Ross,1,9257,47,456 U.S. 798,1,6,3,6.8519025,.53982812,.56608403,.13664532,1982,.71823692,.70487201,3.898515,2.0065742,3.1882548,3.0311146
a3654,United States v. Ross,2,9257,5491,456 U.S. 798,1,6,3,.34381106,.13250729,.0350913,.0081883669,1982,.2075578,.14209914,-.98401797,-1.0954072,-.75268608,-.94403708
a366,Sicurella v. United States,1,1944,195,348 U.S. 385,3,6,2,.7300474,.3085323,.2318895,.022593319,1955,.39256912,.34831351,-.6942538,.24512392,.67505723,.07530912
a366,Sicurella v. United States,2,1944,973,348 U.S. 385,3,6,2,.56364757,.24356399,.1047089,.011423051,1955,.26209289,.18763334,-.81909114,-.2496469,-.3318356,-.46685788
a367,Simmons v. United States,1,2877,69,348 U.S. 397,3,6,2,1.3119199,.6137321,.38376755,.0641312,1955,.57823443,.54834527,-.2577185,2.5693951,2.1078475,1.4731747
a3671,Tibbs v. Florida,1,5947,1415,457 U.S. 31,1,5,4,1.5163912,.27718973,.054682799,.012354732,1982,.24224973,.18332565,-.10431907,.0064323405,-.48496643,-.19428438
a3672,Johnson v. Board of Education,1,510,266,457 U.S. 52,9,5,3,4.0658565,.58872783,.24653,.029185057,1982,.58834088,.58567321,1.8083535,2.3789732,2.1858394,2.1243887
a3673,Zobel v. Williams,1,3376,1279,457 U.S. 55,2,8,1,1.4295738,.2439703,.11515653,.0072672367,1982,.27779424,.15390211,-.16945165,-.24655262,-.21066733,-.20889053
a3674,Cory v. White,1,1981,3259,457 U.S. 85,9,6,3,1.4669944,.24636793,.089010596,.010727525,1982,.2354514,.1799686,-.14137775,-.22829331,-.53742951,-.30236685
a3675,United Steelworkers of America v. Sadlowski,1,5856,3332,457 U.S. 102,8,5,4,1.0587233,.1470989,.078611247,.0090893507,1982,.22119164,.15613419,-.44767293,-.9842838,-.64747292,-.69314325
a3677,California v. Texas,1,1708,542,457 U.S. 164,9,5,4,1.711967,.30298394,.10060114,.014854252,1982,.28597182,.24705851,.042406809,.20287,-.14756046,.032572113
a3678,Diedrich v. Commissioner,1,2839,585,457 U.S. 191,12,8,1,.33468717,.2291573,.1375778,.011443555,1982,.27548355,.32771826,-.99086297,-.35936213,-.22849908,-.52624142
a3679,Plyler v. Doe,1,9237,4465,457 U.S. 202,2,5,4,1.9323062,.15164819,.031145699,.0052412748,1982,.25389391,.12187409,.20771077,-.94963837,-.39510757,-.37901172
a368,Gonzales v. United States,1,3247,130,348 U.S. 407,3,5,3,.36361381,.3789573,.26364243,.036642611,1955,.35965538,.41026998,-.96916145,.78145063,.42105991,.077783026
a368,Gonzales v. United States,2,3247,69,348 U.S. 407,3,5,3,.31407562,.50135344,.36634049,.052761197,1955,.61291063,.62079912,-1.0063263,1.7135674,2.3754456,1.0275623
a3680,Hathorn v. Lovorn,1,5281,381,457 U.S. 255,2,8,1,.69857818,.55086863,.29514739,.019394159,1982,.49734133,.28030467,-.71786284,2.0906539,1.4835906,.95212722
a3683,Arizona v. Maricopa County Medical Society,1,7836,3561,457 U.S. 332,8,4,3,.63379937,.12690026,.047648251,.0044983029,1982,.23517936,.14074302,-.76646149,-1.138108,-.53952885,-.81469947
a3684,United States v. Goodwin,1,5450,1845,457 U.S. 368,1,7,2,1.0480345,.27429849,.059305798,.011929333,1982,.19873822,.16373265,-.4556919,-.015586127,-.82074732,-.43067512
a3685,California v. Grace Brethren Church,1,8608,880,457 U.S. 393,9,7,2,2.0109048,.28528991,.070688248,.01377821,1982,.30599809,.22879034,.26667741,.068119861,.0069834148,.11392689
a3687,Connecticut v. Teal,1,4592,2892,457 U.S. 440,2,5,4,1.2933745,.16799366,.057140801,.0060209036,1982,.24638438,.18962771,-.27163172,-.82515824,-.45305908,-.51661634
a3688,Blue Shield v. McCready,1,6716,2457,457 U.S. 465,8,5,4,1.6028199,.1880783,.03957415,.010913372,1982,.15415329,.10880256,-.039478056,-.67220223,-1.1648118,-.6254974
a3688,Blue Shield v. McCready,2,6716,1197,457 U.S. 465,8,5,4,1.3512411,.25355881,.12279046,.025069892,1982,.26216495,.22350913,-.22821876,-.17353062,-.33127949,-.24434295
a3689,Patsy v. Board of Regents,1,6574,6471,457 U.S. 496,9,7,2,2.2534084,.28704023,.084943198,.0074433088,1982,.3190577,.17203134,.44860971,.081449553,.10776524,.21260817
a369,Lewis v. United States,1,1181,700,348 U.S. 419,1,5,3,1.4586475,.34179324,.15722996,.012730062,1955,.31202251,.26380205,-.14763983,.49842504,.053474221,.13475314
a369,Lewis v. United States,2,1181,72,348 U.S. 419,1,5,3,4.3416333,.56850988,.38905111,.065420628,1955,.5596174,.52555311,2.0152483,2.2250021,1.9641787,2.0681429
a3690,United States v. Johnson,1,9076,1514,457 U.S. 537,1,5,4,2.1689615,.21401536,.056658741,.012485027,1982,.34966528,.25023377,.38525555,-.47467664,.34396574,.084848218
a3691,Globe Newspaper Co. v. Superior Court for the Norfolk,1,4737,3953,457 U.S. 596,3,6,3,.79005605,.17307734,.027428599,.005084157,1982,.13013941,.1037069,-.64923382,-.78644311,-1.3501284,-.9286018
a3692,Edgar v. MITE Corp.,1,6794,4333,457 U.S. 624,8,6,3,4.0901437,.39704731,.1964936,.017807782,1982,.57938218,.32275599,1.8265744,.91921645,2.1167047,1.6208318
a3693,Foremost Insurance v. Richardson,1,2802,3126,457 U.S. 668,8,5,4,1.4091474,.2489817,.056772299,.010551989,1982,.25745434,.20476514,-.18477604,-.20838797,-.36763158,-.25359854
a3694,Taylor v. Alabama,1,1960,2484,457 U.S. 687,1,5,4,.38935772,.21456265,.050214048,.0062420368,1982,.14495081,.17173964,-.94984776,-.47050869,-1.2358279,-.88539481
a3695,"Jacksonville Bulk Terminals, Inc. v. International Longshoremen's Ass'n",1,6847,2157,457 U.S. 702,7,6,3,.52684939,.17187923,.036236759,.0052505136,1982,.17024469,.14007258,-.84669805,-.79556739,-1.0406336,-.89429969
a3696,Nixon v. Fitzgerald,1,8959,12179,457 U.S. 731,8,5,4,1.5899303,.13317275,.055314299,.0066179037,1982,.26126599,.82466042,-.049148172,-1.0903394,-.33821678,-.49256814
a3697,Harlow v. Fitzgerald,1,6581,2431,457 U.S. 800,8,8,1,3.7639551,.2457899,.1034398,.013328671,1982,.34769315,.2346679,1.5818596,-.23269536,.32874665,.55930364
a3698,Rendell-Baker v. Kohn,1,3964,2564,457 U.S. 830,2,7,2,2.2329779,.26135549,.075528599,.0091075301,1982,.19059068,.15173876,.4332822,-.11415448,-.88362235,-.18816487
a3699,Board of Education v. Pico ex rel. Pico,1,6764,12282,457 U.S. 853,3,5,4,1.6030691,.18569434,.0510014,.0090444088,1982,.16289651,.85319549,-.03929114,-.69035745,-1.0973399,-.60899615
a37,Montanile v. Bd. of Trs. of the Nat'l Elevator Indus. Health Benefit Plan,1,4326,201,136 S. Ct. 651,8,8,1,2.6938946,.3428033,.1571763,.032568693,2016,.40691769,.35752851,.77907348,.50611722,.78578597,.69032556
a370,Association of Westinghouse Salaried Employees v. Westinghouse Electric Corp.,1,7651,866,348 U.S. 437,9,6,2,3.7868502,.33956641,.1254175,.019703567,1955,.30981481,.27675784,1.5990361,.48146644,.036437299,.70564663
a3700,Lugar v. Edmondson Oil Co.,1,6995,4800,457 U.S. 922,2,5,4,1.0139154,.13246226,.026803849,.0032612681,1982,.12085778,.099428773,-.48128894,-1.0957502,-1.4217553,-.99959815
a3701,Clements v. Fashing,1,4405,5024,457 U.S. 957,2,5,4,.40797824,.113956,.03810215,.003842473,1982,.21831691,.11657351,-.93587816,-1.236686,-.66965741,-.94740719
a3702,Blum v. Yaretsky,1,6486,5989,457 U.S. 991,2,7,2,.88808727,.17827994,.043789569,.0060405135,1982,.24230683,.12663192,-.57568836,-.74682236,-.4845258,-.60234553
a3703,Toll v. Moreno,1,5718,8209,458 U.S. 1,2,6,3,1.8086864,.13466109,.033713002,.0049980879,1982,.1863181,.10629028,.11496811,-1.0790049,-.91659409,-.62687695
a3704,Northern Pipeline Construction Co. v. Marathon Pipe Line Co.,1,13257,240,458 U.S. 50,9,6,3,1.1095482,.39690167,.13015009,.026994348,1982,.46290004,.93976593,-.40954283,.91810727,1.217805,.5754565
a3704,Northern Pipeline Construction Co. v. Marathon Pipe Line Co.,2,13257,8974,458 U.S. 50,9,6,3,.71055722,.16246291,.027552599,.0052092075,1982,.17690063,.80849671,-.70887583,-.8672781,-.98926932,-.8551411
a3705,Union Labor Life Insurance v. Pireno,1,4159,1760,458 U.S. 119,8,6,3,2.0316947,.2282718,.096255399,.0087112188,1982,.29873818,.21442968,.28227448,-.36610574,-.049041703,-.044290986
a3706,Fidelity Federal Savings & Loan Ass'n v. De La Cuesta,1,10044,1110,458 U.S. 141,10,6,2,1.4292368,.17868631,.052407861,.0070121288,1982,.22403771,.98682356,-.16970448,-.74372762,-.62550968,-.51298058
a3707,Board of Education of the Hendrick Hudson Central School District v. Rowley ex rel. Rowley,1,10744,2267,458 U.S. 176,2,6,3,.26600748,.12295085,.034058999,.004327774,1982,.18029749,.86264211,-1.0423882,-1.168185,-.96305549,-1.0578762
a3708,Ford Motor Co. v. Equal Employment Opportunity Commission,1,7716,5731,458 U.S. 219,2,6,3,.5018658,.1109027,.042372201,.005133152,1982,.16776365,.091964126,-.86544138,-1.2599386,-1.0597799,-1.0617199
a3709,United States v. Hollywood Motor Car Co.,1,2316,1468,458 U.S. 263,9,6,3,.75689822,.2055869,.05708617,.0074089766,1982,.26120698,.17099893,-.6741097,-.53886425,-.33867216,-.51721537
a371,Amalgamated Clothing Workers v. Richman Bros.,1,3018,878,348 U.S. 511,9,5,3,1.7047157,.41772187,.1294003,.016844809,1955,.33212864,.24656469,.03696673,1.076665,.20863447,.44075543
a371,Amalgamated Clothing Workers v. Richman Bros.,2,3018,934,348 U.S. 511,9,5,3,1.5411502,.36274505,.055421948,.0094814301,1955,.26009399,.2048406,-.08574421,.65798503,-.34726122,.074993201
a3710,Williams v. United States,1,3903,480,458 U.S. 279,1,5,4,.9446618,.27148783,.1573038,.025991559,1982,.30162185,.21787721,-.53324473,-.036990888,-.026788231,-.19900794
a3710,Williams v. United States,2,3903,4880,458 U.S. 279,1,5,4,.89816153,.15477467,.050804559,.0061133504,1982,.16627747,.11348921,-.56813037,-.92582846,-1.0712489,-.85506922
a3711,ASARCO Inc. v. Idaho State Tax Commission,1,7883,7547,458 U.S. 307,8,6,3,.94360596,.15562546,.041312341,.0075280666,1982,.23086578,.10838556,-.53403687,-.91934919,-.57281709,-.67540103
a3712,F. W. Woolworth Co. v. Taxation & Revenue Department,1,6108,310,458 U.S. 354,8,6,3,.79058689,.24469626,.24873376,.021522522,1982,.36876965,.22361916,-.6488356,-.24102405,.49139524,-.13282147
a3713,General Building Contractors Ass'n v. Pennsylvania,1,9055,3845,458 U.S. 375,2,7,2,1.0933013,.21132946,.041006699,.0064086914,1982,.19044727,.1176281,-.42173168,-.49513134,-.88472903,-.60053068
a3714,Loretto v. Teleprompter Manhattan CATV Corp.,1,7455,5110,458 U.S. 419,4,6,3,.72346473,.127923,.040435299,.0054137707,1982,.1613521,.090612769,-.69919229,-1.1303194,-1.1092582,-.97958994
a3715,Washington v. Seattle School District No. 1,1,10085,4739,458 U.S. 457,2,5,4,.35280249,.14436364,.031688198,.0048172474,1982,.22589064,.91366917,-.97727239,-1.0051144,-.61121053,-.86453247
a3716,Lehman ex rel. Lehman v. Lycoming County Children's Services Agency,1,4664,3983,458 U.S. 502,1,6,3,.64632046,.1870904,.039328929,.0077132583,1982,.19765747,.10093302,-.75706786,-.67972571,-.82908756,-.75529373
a3717,Crawford v. Board of Education,1,5945,5051,458 U.S. 527,2,8,1,.63970327,.1146574,.027147049,.0047063231,1982,.22922933,.1114167,-.76203227,-1.2313445,-.58544558,-.85960746
a3718,"Griffin v. Oceanic Contractors, Inc.",1,4194,4828,458 U.S. 564,8,7,2,1.6416831,.16991913,.032626901,.0040179491,1982,.20782536,.14038652,-.010321924,-.81049466,-.75062132,-.52381265
a372,Granville-Smith v. Granville-Smith,1,4919,4023,349 U.S. 1,13,5,3,1.8377669,.2064181,.05556595,.0065814257,1955,.23051685,.13009334,.13678503,-.53253418,-.57550973,-.32375297
a3720,Rogers v. Lodge,1,4730,990,458 U.S. 613,2,6,3,.96901405,.31575781,.081498399,.019273341,1982,.35128343,.23804533,-.51497507,.30015033,.35645309,.047209453
a3720,Rogers v. Lodge,2,4730,7867,458 U.S. 613,2,6,3,.99770612,.21461651,.054877941,.011232018,1982,.23398763,.15871841,-.49344957,-.47009858,-.54872555,-.50409126
a3723,Mississippi University for Women v. Hogan,1,4863,84,458 U.S. 718,2,5,4,5.8038931,.4569293,.29637811,.054404795,1982,.48203766,.40536034,3.112272,1.375252,1.3654913,1.9510051
a3723,Mississippi University for Women v. Hogan,2,4863,458,458 U.S. 718,2,5,4,1.1270107,.43853337,.12863123,.02672708,1982,.37044072,.2827698,-.39644203,1.2351565,.50429106,.44766852
a3723,Mississippi University for Women v. Hogan,3,4863,4111,458 U.S. 718,2,5,4,.75153685,.21819484,.052024301,.0073429346,1982,.33162928,.1743716,-.67813194,-.44284752,.20478082,-.30539954
a3725,Enmund v. Florida,1,6337,10881,458 U.S. 782,1,5,4,.12305698,.075256467,.0197515,.0023257732,1982,.13489008,.88451976,-1.1496332,-1.5314051,-1.3134671,-1.3315018
a3726,"Ramah Navajo School Board, Inc. v. Bureau of Revenue",1,4496,3540,458 U.S. 832,2,6,3,1.1048092,.16954905,.0374646,.0055304766,1982,.21507508,.12461144,-.41309819,-.81331307,-.69467485,-.64036202
a3727,United States v. Valenzuela-Bernal,1,4918,1800,458 U.S. 858,1,7,2,1.7201879,.20667577,.046007399,.0061876178,1982,.19995737,.17261356,.04857434,-.53057188,-.81133908,-.4311122
a3728,Sporhase v. Nebraska ex rel. Douglas,1,6144,1777,458 U.S. 941,10,7,2,.98408735,.17066181,.036366601,.0035421252,1982,.26060677,.1384753,-.5036667,-.80483878,-.3433041,-.55060321
a3729,Board of Education v. McCluskey ex rel. McCluskey,1,1478,653,458 U.S. 966,8,6,3,5.9574337,.69436342,.2261032,.04409194,1982,.67818552,.5470925,3.2274621,3.1834488,2.8791759,3.0966957
a373,Norwood v. Kirkpatrick,1,1050,3566,349 U.S. 29,9,5,3,3.2950318,.3584629,.072845459,.011404097,1955,.22287321,.2308737,1.2300617,.62537402,-.63449615,.40697983
a3733,Anderson v. Harless,1,1200,1868,459 U.S. 4,1,6,3,.24508025,.17926501,.059994102,.013221622,1982,.1654107,.15919596,-1.0580883,-.73932052,-1.0779377,-.95844883
a3734,Immigration & Naturalization Service v. Miranda,1,1594,168,459 U.S. 14,2,8,1,4.9559078,.51605624,.29944277,.042922378,1982,.60899711,.54078078,2.4760923,1.8255376,2.3452446,2.2156248
a3736,Wyrick v. Fields,1,1974,1878,459 U.S. 42,1,8,1,1.0076182,.22459599,.065258697,.011809349,1982,.2666986,.23572421,-.48601329,-.39409909,-.29629305,-.39213514
a3737,Griggs v. Provident Consumer Discount Co.,1,1849,2596,459 U.S. 56,9,8,1,.32753494,.24647699,.056289431,.0068203211,1982,.34295821,.28069371,-.99622875,-.22746275,.29220688,-.31049487
a374,Natural Gas Pipeline Co. v. Panoma Corp.,1,147,46,349 U.S. 44,8,7,1,.84710002,.36742675,.52256942,.062711775,1955,.46295232,.41355103,-.60643804,.69363892,1.2182084,.43513644
a3740,"Larkin v. Grendel's Den, Inc.",1,3542,1111,459 U.S. 116,3,8,1,2.4124913,.28478324,.0971784,.015382051,1982,.24684811,.20597124,.5679577,.064261287,-.44948047,.060912836
a3741,Xerox Corp. v. County of Harris,1,2740,1044,459 U.S. 145,8,8,1,1.9831363,.21941639,.081326962,.0108881,1982,.24336118,.18509084,.2458448,-.4335447,-.47638932,-.22136307
a3742,City of Port Arthur v. United States,1,2796,2228,459 U.S. 159,2,6,3,.47631276,.1662086,.060146451,.009318471,1982,.2058621,.16913164,-.8846119,-.83875257,-.76577187,-.82971209
a3744,Bowen v. United States Postal Service,1,6173,460,459 U.S. 212,7,5,4,3.8514047,.3784256,.17850053,.031094074,1983,.49079669,.31777209,1.6474664,.77740145,1.4330851,1.2859843
a3745,Pillsbury Co. v. Conboy,1,4965,5316,459 U.S. 248,1,7,2,1.0580666,.1891032,.05147386,.0066943169,1983,.19447643,.17320716,-.44816563,-.664397,-.85363585,-.6553995
a3746,"Director, Office of Workers' Compensation Programs v. Perini North River Associates",1,10051,6538,459 U.S. 297,8,8,1,.95182115,.1135361,.034464698,.0031374693,1983,.22722501,.91661161,-.52787364,-1.2398838,-.60091311,-.78955686
a3747,Shepard v. National Labor Relations Board,1,2380,1895,459 U.S. 344,7,8,1,.65073961,.1549052,.069185853,.009401083,1983,.15321183,.13091552,-.75375253,-.92483437,-1.1720772,-.95022136
a3748,Missouri v. Hunter,1,2744,2052,459 U.S. 359,1,7,2,1.0779141,.28913009,.078158259,.01158011,1983,.28507614,.1876744,-.43327552,.097365022,-.15447247,-.16346098
a375,Shaughnessy v. Pedreiro,1,1598,925,349 U.S. 48,2,6,3,2.3280511,.29821175,.096209049,.016487479,1955,.28922099,.25410175,.50460851,.16652708,-.12248644,.18288305
a3750,Marshall v. Lonberger,1,5579,2619,459 U.S. 422,1,5,4,.53042877,.1131594,.0462908,.0076485872,1983,.2927469,.19197154,-.84401274,-1.2427526,-.095276766,-.72734737
a3750,Marshall v. Lonberger,2,5579,4404,459 U.S. 422,1,5,4,2.4625053,.16721994,.053492401,.0085381269,1983,.40378559,.23062879,.60547948,-.83105063,.76161534,.17868139
a3751,Hewitt v. Helms,1,5272,6459,459 U.S. 460,4,5,4,.41306081,.09860003,.031468801,.0039124489,1983,.22490764,.098820508,-.93206507,-1.3536305,-.61879635,-.96816397
a3752,Community Television v. Gottfried,1,4648,1952,459 U.S. 498,8,7,2,1.9679791,.2701371,.1225881,.01155889,1983,.32550573,.17562377,.23447348,-.047277477,.15752508,.11490703
a3753,"Associated General Contractors of California, Inc. v. California State Council of Carpenters",1,9493,2434,459 U.S. 519,8,8,1,1.0807309,.2030351,.046625849,.0056307912,1983,.2791031,.14825994,-.4311623,-.55829763,-.20056678,-.39667559
a3754,South Dakota v. Neville,1,4590,1914,459 U.S. 553,1,7,2,4.8133049,.45167419,.19864255,.018351614,1983,.40650553,.33864605,2.369108,1.3352314,.78260523,1.4956481
a376,Regan v. New York,1,1941,939,349 U.S. 58,1,6,2,3.7456253,.40177417,.15948796,.021808505,1955,.31361276,.276425,1.5681081,.95521414,.065746292,.86302286
a3766,Castorr v. Brundage,1,786,295,459 U.S. 928,,,,1.6739565,.51383454,.10077846,.012331724,1982,.37695551,.30862242,.013890397,1.8086181,.55456603,.79235816
a377,"Rice v. Sioux City Memorial Park Cemetery, Inc.",1,3092,192,349 U.S. 70,9,5,3,2.7469773,.50863659,.22240525,.042334139,1955,.42258286,.36069375,.81889743,1.7690327,.90667504,1.1648684
a378,Bell v. United States,1,794,249,349 U.S. 81,1,6,3,3.1621051,.44927746,.27114666,.035076857,1955,.35841352,.30698144,1.1303366,1.3169789,.41147637,.95293063
a3784,Kerr-McGee Chemical Corp. v. Illinois,1,448,641,459 U.S. 1049,,,,2.6158581,.4298867,.17507887,.024373531,1982,.43022847,.36027902,.72052848,1.1693071,.96567661,.95183742
a3787,Smith v. North Carolina,1,754,51,459 U.S. 1056,,,,3.0689485,.48227096,.52579957,.099048495,1982,.49912697,.53756464,1.0604483,1.5682433,1.4973704,1.3753539
a3788,Brooks v. Estelle,1,449,1462,459 U.S. 1061,,,,.81428027,.47924849,.21495855,.041687012,1982,.47606385,.32401013,-.63106024,1.5452255,1.3193909,.7445187
a379,Bisso v. Inland Waterways Corp.,1,3471,8084,349 U.S. 85,8,5,3,.13821656,.1020583,.031611599,.0043859482,1955,.17732263,.10951519,-1.1382601,-1.3272938,-.9860127,-1.1505222
a38,Campbell-Ewald Co. v. Gomez,1,9623,1711,136 S. Ct. 663,9,6,3,2.3101416,.1793084,.0516988,.0069201589,2016,.37024969,.89589298,.49117234,-.73899007,.5028168,.084999688
a380,Boston Metals Co. v. The Winding Gulf,1,367,93,349 U.S. 122,8,6,2,1.586207,.33439401,.2987839,.043593347,1955,.4597286,.42971849,-.051941458,.44207567,1.1933309,.52782172
a3808,Moses H. Cone Memorial Hospital v. Mercury Construction Corp.,1,9320,2445,460 U.S. 1,9,6,3,1.3678751,.28727889,.059099801,.0088385344,1983,.34385335,.23459649,-.21573953,.083267063,.29911473,.05554742
a3809,Perry Education Ass'n v. Perry Local Educators' Ass'n,1,6207,5911,460 U.S. 37,3,5,4,1.255921,.1731219,.045485731,.0066357851,1983,.20434725,.14392823,-.2997303,-.78610379,-.77746207,-.6210987
a381,United States v. Nielson,1,720,133,349 U.S. 129,8,6,2,2.602941,.30435926,.26217085,.034313679,1955,.36280221,.38389742,.71083784,.21334383,.44534418,.45650861
a3810,Connecticut v. Johnson,1,4856,84,460 U.S. 73,1,5,4,2.3148084,.38929796,.42494535,.069615483,1983,.45270491,.55158794,.49467349,.8602007,1.1391286,.83133423
a3810,Connecticut v. Johnson,2,4856,4328,460 U.S. 73,1,5,4,1.1067795,.1216229,.0413789,.0042073131,1983,.1615724,.09337616,-.41162002,-1.1782981,-1.1075581,-.89915878
a3811,"Dickerson v. New Banner Institute, Inc.",1,6228,752,460 U.S. 103,1,5,4,2.4787266,.26315725,.1055436,.0099320412,1983,.2616775,.25060344,.61764908,-.10043305,-.33504114,.060724963
a3813,"Jefferson County Pharmaceutical Ass'n, Inc. v. Abbott Laboratories",1,7781,1075,460 U.S. 150,8,5,4,1.0451362,.20184314,.13769305,.013282299,1988,.28682077,.20869297,-.45786631,-.56737506,-.14100908,-.38875014
a3813,"Jefferson County Pharmaceutical Ass'n, Inc. v. Abbott Laboratories",2,7781,5509,460 U.S. 150,8,5,4,.82807189,.089852452,.0166377,.0026857257,1988,.16651845,.10790235,-.62071341,-1.4202483,-1.0693892,-1.0367837
a3814,Lockheed Aircraft Corp. v. United States,1,2692,1609,460 U.S. 190,8,7,2,1.4163661,.17227951,.056763899,.0070708394,1983,.30626738,.18946052,-.17936037,-.79251909,.0090615703,-.3209393
a3816,Equal Employment Opportunity Commission v. Wyoming,1,5623,8627,460 U.S. 226,2,5,4,2.1658943,.2759617,.083194263,.007188201,1983,.19318324,.15999997,.38295442,-.0029198453,-.86361539,-.16119361
a3819,Briscoe v. LaHue,1,7406,132,460 U.S. 325,2,6,3,2.2336304,.36975279,.19818264,.040920734,1983,.33193266,.32508081,.43377176,.71135306,.20712207,.45074898
a3819,Briscoe v. LaHue,2,7406,8727,460 U.S. 325,2,6,3,.56236166,.1189307,.02975595,.0040106177,1983,.2189573,.1030668,-.82005584,-1.1988008,-.66471541,-.89452404
a3819,Briscoe v. LaHue,3,7406,187,460 U.S. 325,2,6,3,3.5398686,.53103828,.27433321,.038545668,1983,.60222262,.57304049,1.4137443,1.9396344,2.2929657,1.8821148
a382,In re Murchison,1,1989,1138,349 U.S. 133,4,6,3,.44288722,.24904346,.066352673,.0094511509,1955,.24820709,.18879253,-.90968859,-.2079176,-.4389931,-.51886642
a3820,Hillsboro National Bank v. Commissioner,1,12150,1833,460 U.S. 370,12,7,2,.74512088,.23086065,.11180943,.0086205006,1983,.27505016,.9078154,-.68294531,-.34639013,-.23184355,-.42039299
a3821,District of Columbia Court of Appeals v. Feldman,1,8947,834,460 U.S. 462,9,8,1,1.9523131,.33428323,.098939396,.013793707,1983,.29185802,.19300175,.22272044,.44123203,-.10213634,.18727204
a3822,Florida v. Royer,1,5445,2274,460 U.S. 491,1,5,4,.23445979,.16095537,.044371251,.0084511638,1983,.17436117,.13956439,-1.066056,-.87875885,-1.0088664,-.98456043
a3822,Florida v. Royer,2,5445,4938,460 U.S. 491,1,5,4,.37836599,.14865637,.053088959,.0048339963,1983,.17786103,.12538832,-.958094,-.97242284,-.98185778,-.97079152
a3823,Washington v. United States,1,3481,3154,460 U.S. 536,8,5,4,.93053788,.17305195,.026616801,.0033794045,1983,.17085797,.094970524,-.54384089,-.78663647,-1.0359008,-.78879273
a3825,Minneapolis Star & Tribune Co. v. Minnesota Commissioner of Revenue,1,6345,2702,460 U.S. 575,3,8,1,.78792638,.16016835,.032776698,.0036046505,1983,.17069709,.098056972,-.65083158,-.88475245,-1.0371424,-.85757548
a3827,"Local 926, International Union of Operating Engineers v. Jones",1,4734,2942,460 U.S. 669,10,6,3,.85135144,.16951559,.068680048,.0078486204,1983,.18417966,.17252278,-.60324848,-.81356788,-.93309653,-.78330427
a383,Quinn v. United States,1,4737,5281,349 U.S. 155,1,8,1,1.6664842,.17127764,.038585499,.006752789,1955,.21294731,.14023066,.0082845073,-.80014884,-.71109492,-.5009864
a3830,United States v. Rylander,1,3000,827,460 U.S. 752,1,8,1,.43905413,.24392503,.073055901,.01292789,1983,.26199335,.23792678,-.91256428,-.24689737,-.33260375,-.49735513
a3832,Anderson v. Celebrezze,1,8725,5795,460 U.S. 780,2,5,4,.45286009,.11755574,.023785699,.0040382147,1983,.17755067,.084877551,-.90220666,-1.2092719,-.98425287,-1.0319104
a384,Emspak v. United States,1,3657,4924,349 U.S. 190,1,6,3,1.6466566,.1790894,.0601651,.010417283,1955,.21289241,.14190626,-.0065906569,-.74065787,-.71151859,-.48625571
a3846,Smith v. Wade,1,10254,14130,461 U.S. 30,2,5,4,.39363167,.13944919,.029033801,.0051922798,1983,.19045347,.00083190203,-.94664133,-1.0425407,-.88468122,-.95795441
a3846,Smith v. Wade,2,10254,643,461 U.S. 30,2,5,4,1.6612507,.34922826,.17849106,.021517992,1983,.43059766,.92726976,.0043581855,.55504698,.96852571,.50931031
a3847,City of Los Angeles v. Lyons,1,5691,8849,461 U.S. 95,9,5,4,.55725724,.1224977,.0253327,.0036108494,1983,.18138576,.10612577,-.82388532,-1.1716361,-.95465732,-.98339289
a3848,Connick ex rel. Parish of Orleans v. Myers,1,5314,4953,461 U.S. 138,3,5,4,1.1672102,.094076157,.0483291,.0050470829,1983,.16451544,.096166492,-.36628336,-1.3880824,-1.0848466,-.9464041
a3849,United States v. Grace,1,3949,1614,461 U.S. 171,3,9,0,3.529144,.245607,.088806152,.01731652,1983,.31542909,.17998177,1.4056985,-.23408821,.079763032,.41712445
a385,Bart v. United States,1,1113,1005,349 U.S. 219,1,6,3,1.5863405,.35900769,.13812339,.016481578,1955,.31597483,.20823997,-.051841293,.62952292,.08397454,.22055206
a385,Bart v. United States,2,1113,1257,349 U.S. 219,1,6,3,2.9937103,.30286601,.21935266,.037584901,1955,.33963019,.24957991,1.0040027,.20197192,.26652431,.49083298
a3851,Alabama v. Evans,1,1161,793,461 U.S. 230,1,7,2,.19337021,.37041959,.19200814,.019843578,1983,.31352073,.20580745,-1.0968825,.71643108,.065036088,-.10513843
a3852,Olim v. Wakinekona,1,3889,2772,461 U.S. 238,4,6,3,1.2860248,.139691,.03834134,.0047303438,1983,.1833111,.092141032,-.27714568,-1.0406992,-.93979925,-.75254804
a3853,Block v. North Dakota ex rel. Board of University & School Lands,1,6523,2462,461 U.S. 273,10,8,1,1.7990814,.27608514,.07329607,.0076079369,1983,.27667695,.20737755,.10776225,-.0019797697,-.21928951,-.037835676
a3855,Martinez ex rel. Morales v. Bynum,1,4156,6731,461 U.S. 321,2,8,1,.4326767,.15489189,.02777344,.0029833913,1983,.18524325,.11053467,-.91734874,-.9249357,-.92488879,-.92239106
a3856,Kolender v. Lawson,1,3263,1815,461 U.S. 352,4,7,2,3.0695648,.32620069,.082356103,.0099462867,1983,.31002367,.29524946,1.0609107,.37967888,.038049042,.49287954
a3857,Arkansas Electric Cooperative Corp. v. Arkansas Public Service Commission,1,6625,2062,461 U.S. 375,10,7,2,.94134033,.16034234,.048469801,.0080936551,1983,.24043238,.14883512,-.53573656,-.8834275,-.49899101,-.63938504
a386,Lewyt Corp. v. Commissioner,1,1881,3404,349 U.S. 237,12,5,3,.42254192,.1957708,.080712497,.015056849,1955,.27284724,.22825861,-.92495215,-.61361945,-.24884367,-.59580511
a3862,United States v. Eight Thousand Eight Hundred & Fifty Dollars,1,4549,170,461 U.S. 555,1,8,1,2.8295252,.40297854,.27649829,.024456143,1983,.38764876,.34424108,.88082695,.96438611,.63708651,.82743317
a3863,Bob Jones University v. United States,1,9938,3535,461 U.S. 574,2,8,1,1.7567455,.2126509,.063867502,.0061122179,1983,.21219987,.83646333,.076000735,-.48506784,-.71686298,-.37531003
a3864,"Morrison-Knudsen Construction Co. v. Director, Office of Workers' Compensation Programs",1,4257,3214,461 U.S. 624,8,8,1,1.2300885,.2022977,.0540521,.0061743259,1983,.23276997,.11802429,-.31911051,-.56391335,-.55812234,-.48038206
a3878,"Watt v. Western Nuclear, Inc.",1,8631,5246,462 U.S. 36,8,5,4,.285703,.1228142,.02383035,.0047637224,1983,.18624282,.076022267,-1.0276121,-1.1692257,-.91717505,-1.0380043
a3878,"Watt v. Western Nuclear, Inc.",2,8631,357,462 U.S. 36,8,5,4,2.5952327,.56267226,.26050735,.044854045,1983,.58077395,.42458653,.70505488,2.1805453,2.127445,1.671015
a3879,Maggio v. Fulford,1,2370,104,462 U.S. 111,1,6,3,4.6320882,.53143924,.3079474,.081642449,1983,.71219289,.57637417,2.2331548,1.942688,3.1416128,2.4391518
a3879,Maggio v. Fulford,2,2370,394,462 U.S. 111,1,6,3,5.5288463,.54500151,.27198169,.035009682,1983,.58483344,.46854693,2.905925,2.0459723,2.1587722,2.3702233
a388,Shaughnessy v. United States ex rel. Accardi,1,976,2975,349 U.S. 280,2,6,2,1.2887303,.2470566,.087031104,.010156274,1955,.24804997,.15720677,-.27511597,-.22304869,-.4402056,-.3127901
a3880,Bankamerica Corp. v. United States,1,5283,3275,462 U.S. 122,8,5,3,.30893126,.17283213,.050241351,.0058072209,1983,.17045444,.10495692,-1.0101857,-.78831053,-1.0390149,-.94583708
a3881,DelCostello v. International Brotherhood of Teamsters,1,6872,652,462 U.S. 151,7,7,2,1.3301595,.37360275,.13585734,.013877332,1983,.25722396,.21216708,-.24403469,.74067265,-.36940938,.042409524
a3881,DelCostello v. International Brotherhood of Teamsters,2,6872,456,462 U.S. 151,7,7,2,2.7179027,.3489638,.1350235,.018554568,1983,.34384257,.23548383,.79708493,.55303293,.2990315,.54971647
a3882,Illinois v. Gates,1,10818,5958,462 U.S. 213,1,6,3,.83775139,.1333752,.034002598,.0037674904,1983,.31046063,.83496284,-.6134516,-1.0887977,.0414211,-.55360937
a3882,Illinois v. Gates,2,10818,1567,462 U.S. 213,1,6,3,1.2460306,.18231523,.060837701,.0076488853,1983,.35722274,.82823759,-.30715036,-.71609133,.40228707,-.20698488
a3884,Bell v. United States,1,1913,1610,462 U.S. 356,1,8,1,2.1243606,.37208131,.095913768,.010837138,1983,.37192088,.29384851,.35179478,.72908604,.51571351,.53219813
a3887,"City of Akron v. Akron Center for Reproductive Health, Inc.",1,11883,8189,462 U.S. 416,5,6,3,.93843758,.091674268,.024315059,.0047500134,1983,.13755059,.78231227,-.53791428,-1.4063741,-1.2929358,-1.0790747
a3889,Simopoulos v. Virginia,1,4165,614,462 U.S. 506,5,8,1,1.4551971,.22818804,.070373356,.011344969,1983,.36250681,.23609233,-.1502284,-.36674362,.44306454,-.024635827
a389,Marcello v. Bonds,1,3697,1260,349 U.S. 302,2,5,3,1.0043274,.36833036,.084995151,.011994302,1955,.33467931,.26186806,-.48848209,.7005204,.22831807,.14678545
a389,Marcello v. Bonds,2,3697,895,349 U.S. 302,2,5,3,4.0812821,.53852236,.23421293,.025969744,1955,.59431046,.42053246,1.8199263,1.99663,2.2319071,2.0161545
a3890,United States v. Villamonte-Marquez,1,4773,6051,462 U.S. 579,1,6,3,1.0503188,.222093,.080201797,.0082589984,1983,.31786859,.22538733,-.45397818,-.4131608,.098588787,-.25618339
a3894,Chardon v. Fumero Soto,1,4382,1989,462 U.S. 650,2,6,3,1.350053,.23332465,.0437975,.0051665306,1983,.24113488,.21177292,-.22911015,-.32762539,-.49356976,-.35010177
a3895,Newport News Shipbuilding & Dry Dock Co. v. Equal Employment Opportunity Commission,1,5626,3243,462 U.S. 669,2,7,2,.33618176,.1541056,.042844798,.0074481964,1983,.19501537,.10165113,-.98974168,-.93092376,-.84947675,-.92338073
a3897,Karcher v. Daggett,1,6024,6283,462 U.S. 725,2,5,4,.35954967,.1158297,.037030641,.0031003952,1983,.18910116,.085163116,-.97221047,-1.2224166,-.8951171,-1.0299147
a3897,Karcher v. Daggett,2,6024,2046,462 U.S. 725,2,5,4,1.5150803,.2322782,.077687003,.0051289797,1983,.30728334,.16196334,-.10530249,-.33559471,.016901802,-.14133181
a3898,Mennonite Board of Missions v. Adams,1,3011,2881,462 U.S. 791,4,6,3,1.5210038,.11946553,.068200953,.012059093,1983,.27097744,.15695667,-.10085852,-1.1947278,-.263273,-.51961976
a3899,Brown v. Thomson,1,3945,3574,462 U.S. 835,2,5,4,1.7081707,.10017073,.032149401,.0057581663,1983,.17665178,.12935984,.039558697,-1.3416687,-.99118972,-.76443326
a39,Montgomery v. Louisiana,1,11379,3057,136 S. Ct. 718,1,6,3,2.8705883,.32579839,.090059198,.0053579807,2016,.27258188,.87736052,.91163349,.37661511,-.25089148,.34578571
a390,Peters v. Hobby,1,4904,1648,349 U.S. 331,3,7,2,1.3816841,.21472479,.03705823,.0041158199,1955,.29020649,.17640525,-.20537971,-.46927392,-.11488125,-.26317829
a3900,Zant v. Stephens,1,9427,4858,462 U.S. 862,1,7,2,1.0290389,.16181153,.02182436,.0054854155,1983,.21953654,.14942718,-.46994293,-.8722387,-.66024542,-.6674757
a3901,Immigration & Naturalization Service v. Chadha,1,12743,15918,462 U.S. 919,13,7,2,.91728729,.2283508,.0628573,.0060676336,1983,.21455365,.00078988075,-.55378181,-.36550406,-.6986987,-.53932822
a3901,Immigration & Naturalization Service v. Chadha,2,12743,857,462 U.S. 919,13,7,2,1.2933249,.3891505,.1234075,.011824369,1983,.33866751,.90738714,-.27166891,.85907769,.25909528,.28216803
a3902,Idaho ex rel. Evans v. Oregon,1,3917,3265,462 U.S. 1017,11,6,3,.51478404,.1410618,.056230661,.0071924329,1983,.23367274,.10617912,-.85574979,-1.0302598,-.55115557,-.81238842
a3903,Oregon v. Bradshaw,1,2106,1738,462 U.S. 1039,1,5,4,.6215995,.1742444,.067710303,.0094703436,1983,.23189348,.18396145,-.77561414,-.77755529,-.56488621,-.70601857
a391,Williams v. Georgia,1,5791,3658,349 U.S. 375,2,6,3,1.0190243,.2026614,.050399799,.0067706704,1955,.22359073,.098296642,-.47745615,-.56114364,-.628959,-.55585295
a391,Williams v. Georgia,2,5791,1352,349 U.S. 375,2,6,3,.74159443,.24443424,.065710001,.0055668354,1955,.28836918,.24849504,-.68559098,-.24301951,-.12905991,-.35255679
a3914,Container Corp. of America v. Franchise Tax Board,1,11676,2603,463 U.S. 159,8,5,3,.51500255,.1347236,.0999595,.0079368949,1983,.24514335,.95403117,-.85558587,-1.0785288,-.46263614,-.79891694
a3915,United States v. Mitchell,1,7320,3573,463 U.S. 206,8,6,3,.85427326,.16871464,.048500799,.010249257,1983,.25042123,.12850571,-.60105646,-.81966758,-.4219065,-.61421019
a3917,Lehr v. Robertson,1,6778,2924,463 U.S. 248,2,6,3,1.2004956,.16715896,.048992801,.0040795803,1983,.17396724,.14703345,-.34131181,-.83151495,-1.0119064,-.72824436
a3918,Solem v. Helm,1,8800,4557,463 U.S. 277,1,5,4,1.1594557,.17072091,.073786557,.006515801,1983,.25810087,.15210497,-.37210101,-.8043887,-.36264226,-.513044
a3919,Public Service Commission v. Mid-Louisiana Gas Co.,1,7369,3383,463 U.S. 319,9,5,4,.062559828,.09386903,.0283034,.0036052465,1983,.19536418,.10115516,-1.1950197,-1.3896598,-.84678501,-1.1438215
a392,Carroll v. Lanza,1,1684,4139,349 U.S. 408,10,6,3,.88904977,.13089471,.054484699,.0055913329,1955,.27001506,.15341222,-.57496625,-1.1076881,-.27069971,-.65111804
a3920,Jones v. United States,1,5562,5773,463 U.S. 354,4,5,4,.52116585,.1584778,.03962874,.0069568753,1983,.1858905,.08801645,-.85096198,-.897627,-.91989398,-.8894943
a3920,Jones v. United States,2,5562,199,463 U.S. 354,4,5,4,1.0222512,.3617495,.2097933,.025286913,1983,.48513544,.35028547,-.47503519,.65040338,1.3893969,.52158839
a3921,Mueller v. Allen,1,5031,4408,463 U.S. 388,3,5,4,.73332667,.1793797,.027905701,.0046393871,1983,.18787903,.12505174,-.69179362,-.73844701,-.90454835,-.77826297
a3922,"United States v. Sells Engineering, Inc.",1,8929,9737,463 U.S. 418,1,5,4,.55604833,.078307003,.018521801,.0022006035,1983,.1612711,.10424089,-.82479227,-1.5081735,-1.1098833,-1.1476164
a3923,United States v. Baggot,1,2459,2072,463 U.S. 476,1,8,1,1.5820165,.2574105,.1144664,.0085327625,1983,.37434298,.20523518,-.055085324,-.14419787,.53440499,.11170727
a3924,"Belknap, Inc. v. Hale",1,6914,7678,463 U.S. 491,10,6,3,.77629578,.1186191,.034723699,.0058188438,1983,.13620281,.10548687,-.65955716,-1.2011738,-1.3033367,-1.0546892
a3925,Arizona v. San Carlos Apache Tribe,1,7987,241,463 U.S. 545,9,6,3,.87214887,.32757461,.09889853,.021474957,1983,.33999318,.39533508,-.58764577,.39014205,.26932555,.023940613
a3925,Arizona v. San Carlos Apache Tribe,2,7987,2812,463 U.S. 545,9,6,3,1.0713618,.1424036,.0362406,.0060807467,1983,.26920044,.14615273,-.43819124,-1.0200412,-.27698615,-.57840621
a3926,Guardians Ass'n v. Civil Service Commission,1,8272,6947,463 U.S. 582,2,5,4,.57227981,.1485326,.036850698,.006044805,1983,.20328838,.089223862,-.81261504,-.97336537,-.7856335,-.85720462
a3926,Guardians Ass'n v. Civil Service Commission,2,8272,3873,463 U.S. 582,2,5,4,.73031992,.1489221,.04920375,.004580617,1983,.24975836,.13964361,-.69404936,-.97039908,-.42702186,-.69715679
a3927,Dirks v. Securities & Exchange Commission,1,7542,4367,463 U.S. 646,8,6,3,.55249244,.08237946,.026008699,.0037645102,1983,.19049746,.12098229,-.82745999,-1.4771594,-.88434178,-1.0629871
a3928,Ruckelshaus v. Sierra Club,1,4648,6859,463 U.S. 680,6,5,4,.48324162,.1397073,.035434999,.0024847984,1983,.15128881,.1050871,-.87941372,-1.0405751,-1.1869172,-1.0356354
a3929,Rice v. Rehner,1,7476,3347,463 U.S. 713,2,6,3,.32441935,.1563452,.035726398,.0038955212,1983,.18801475,.13793612,-.99856615,-.91386795,-.90350097,-.93864501
a393,Mitchell v. C. W. Vollmer & Co.,1,901,1159,349 U.S. 427,7,6,2,1.5882456,.38024324,.14203286,.014735162,1955,.28746241,.2680487,-.050412051,.79124385,-.13605747,.20159145
a3930,Jones v. Barnes,1,2645,3317,463 U.S. 745,1,7,2,2.4800792,.25030684,.10306776,.015605271,1983,.36339682,.25222212,.61866379,-.19829623,.44993284,.29010013
a3931,Illinois v. Andreas,1,2326,2907,463 U.S. 765,1,6,3,1.3995645,.1666926,.092394002,.018439412,1983,.25925243,.21488279,-.19196536,-.83506656,-.35375559,-.46026251
a3931,Illinois v. Andreas,2,2326,233,463 U.S. 765,1,6,3,1.02777,.33668801,.27327865,.034853101,1983,.52977389,.4052549,-.47089484,.45954582,1.7338746,.57417518
a3932,Marsh v. Chambers,1,3994,9544,463 U.S. 783,3,6,3,1.1712475,.20470241,.065327048,.01098156,1983,.25674725,.13781869,-.36325449,-.54560012,-.37308824,-.42731428
a3932,Marsh v. Chambers,2,3994,589,463 U.S. 783,3,6,3,1.9173322,.35453251,.24873996,.030433118,1983,.38829625,.25250387,.19647691,.59544188,.64208317,.47800064
a3933,"United Brotherhood of Carpenters & Joiners of America, Local 610 v. Scott",1,4226,5525,463 U.S. 825,2,5,4,1.9522417,.22076289,.056002401,.0070537925,1983,.24097472,.14452606,.22266687,-.42329034,-.49480572,-.23180974
a3934,American Bank & Trust Co. v. Dallas County,1,6102,1970,463 U.S. 855,8,6,2,1.344602,.18705165,.047976851,.0078579783,1983,.17437333,.13135207,-.23319961,-.68002075,-1.0087726,-.64066434
a3935,Barefoot v. Estelle,1,7953,3451,463 U.S. 880,1,6,3,2.3853359,.29751489,.093944997,.0084773898,1983,.33855569,.24743456,.54758501,.16122003,.25823238,.32234579
a3935,Barefoot v. Estelle,2,7953,7938,463 U.S. 880,1,6,3,6.3647637,.1952133,.089180402,.012643039,1983,.34490031,.20201951,3.5330513,-.61786509,.30719417,1.0741267
a3936,Barclay v. Florida,1,5601,5417,463 U.S. 939,1,6,3,.68068862,.15322983,.022287371,.0027780533,1983,.19772518,.1228075,-.73128402,-.93759328,-.828565,-.83248079
a3936,Barclay v. Florida,2,5601,227,463 U.S. 939,1,6,3,1.7563608,.40714324,.19735309,.030482233,1983,.45419228,.36053979,.075712129,.99610269,1.1506068,.74080718
a3937,California v. Ramos,1,7658,5000,463 U.S. 992,1,5,4,.25408971,.14657015,.0344956,.0064980388,1983,.22468174,.11752176,-1.0513291,-.98831058,-.62053967,-.88672644
a3937,California v. Ramos,2,7658,209,463 U.S. 992,1,5,4,.67712831,.35979915,.17373735,.032602549,1983,.40681356,.32768428,-.73395503,.63555032,.78498238,.22885923
a3937,California v. Ramos,3,7658,738,463 U.S. 992,1,5,4,.61628926,.3007915,.22479101,.017667353,1983,.37094194,.29508811,-.77959806,.18617333,.50815892,-.028421933
a394,Federal Power Commission v. Oregon,1,5718,1599,349 U.S. 435,8,7,1,1.5183952,.24956229,.091968797,.010305285,1955,.30807674,.23235607,-.10281561,-.20396642,.023024498,-.094585843
a3940,Illinois v. Batchelder,1,2134,301,463 U.S. 1112,4,6,3,6.6515694,.60485226,.33024573,.043214619,1983,.61894834,.49891084,3.74822,2.50177,2.422039,2.8906763
a3941,California v. Beheler,1,1494,635,463 U.S. 1121,1,6,3,.90672827,.34827566,.19860595,.028380752,1983,.36699009,.3693617,-.56170344,.54779238,.4776623,.15458374
a3943,Process Gas Consumers Group v. Consumer Energy Council of America,1,134,959,463 U.S. 1216,,,,10.174361,.67384362,.52436358,.095736265,1983,.77697688,.69362974,6.3911066,3.0271788,3.6415546,4.3532801
a3949,Autry v. Estelle,1,601,66,464 U.S. 1,1,5,4,4.0394669,.51283729,.53820491,.12590718,1983,.56439453,.57378209,1.7885554,1.8010234,2.001044,1.8635409
a3949,Autry v. Estelle,2,601,867,464 U.S. 1,1,5,4,.1188044,.4008522,.14307237,.013827682,1983,.31185442,.23133743,-1.1528236,.94819283,.052177098,-.050817877
a395,United States ex rel. Toth v. Quarles,1,3725,7293,350 U.S. 11,2,6,3,.69134033,.16993549,.04279137,.0038151741,1955,.20666438,.12599498,-.72329283,-.81037009,-.75958061,-.76441449
a395,United States ex rel. Toth v. Quarles,2,3725,348,350 U.S. 11,2,6,3,2.1267872,.3057743,.1663947,.026797295,1955,.43226945,.3397001,.35361528,.2241202,.98142701,.51972085
a3950,Torres-Valencia v. United States,1,109,232,464 U.S. 44,1,6,3,.063099779,.35913861,.38742334,.049250007,1983,.36852324,.4136765,-1.1946146,.63051993,.4894937,-.024867008
a3951,Maggio v. Williams,1,1856,3225,464 U.S. 46,1,6,3,.38266036,.21386504,.061702698,.011837244,1983,.24715728,.14682007,-.95487225,-.47582144,-.44709459,-.62592942
a3951,Maggio v. Williams,2,1856,146,464 U.S. 46,1,6,3,.81301653,.4051384,.24251521,.037418127,1983,.48465061,.3646704,-.63200831,.98083472,1.3856555,.57816064
a3952,Iron Arrow Honor Society v. Heckler,1,1664,48,464 U.S. 67,9,5,4,3.3066134,.38593909,.31204161,.066455007,1983,.46448416,.47585422,1.2387505,.83462095,1.2300297,1.1011337
a3952,Iron Arrow Honor Society v. Heckler,2,1664,1635,464 U.S. 67,9,5,4,1.6046571,.25961751,.089189202,.0093277693,1983,.32563668,.19306982,-.038099792,-.12739021,.15853563,-.0023181227
a3953,Wainwright v. Goode,1,2545,251,464 U.S. 78,1,7,2,2.956049,.51949519,.23601469,.045182168,1983,.61036956,.49446726,.97574824,1.8517271,2.3558362,1.7277706
a3954,Sullivan v. Wainwright,1,932,341,464 U.S. 109,1,7,2,.92573458,.40938991,.146501,.023551345,1983,.39648873,.31963354,-.5474444,1.0132124,.70530504,.3903577
a3955,Rushen v. Spain,1,2702,7106,464 U.S. 114,1,6,3,.46846923,.1794789,.045708898,.0064375401,1983,.1751436,.12155718,-.89049631,-.73769158,-1.0028284,-.8770054
a3955,Rushen v. Spain,2,2702,1102,464 U.S. 114,1,6,3,1.1685606,.25662816,.1124814,.010338426,1983,.28370547,.2216174,-.36527023,-.15015583,-.16505,-.22682536
a3957,Silkwood v. Kerr-McGee Corp.,1,5942,5025,464 U.S. 238,9,5,4,1.0465188,.15809864,.034830101,.0072259903,1984,.23330408,.13442057,-.45682907,-.90051454,-.5540005,-.6371147
a3957,Silkwood v. Kerr-McGee Corp.,2,5942,4317,464 U.S. 238,9,5,4,1.0941831,.17892027,.039593901,.0056144595,1984,.21391743,.12372196,-.42107013,-.74194586,-.70360839,-.62220812
a3958,Michigan v. Clifford,1,3436,2058,464 U.S. 287,1,5,4,.47495851,.1579801,.05795515,.0053154826,1984,.19819731,.13281423,-.88562787,-.90141726,-.82492161,-.8706556
a3959,Secretary of the Interior v. California,1,10130,11328,464 U.S. 312,8,5,4,.29925579,.067624196,.02373785,.0027346611,1984,.11512804,.00045073032,-1.0174445,-1.5895292,-1.4659719,-1.3576485
a396,Indian Towing Co. v. United States,1,2745,2238,350 U.S. 61,8,5,4,1.425227,.2206914,.072819501,.0072897077,1955,.17530894,.13582599,-.17271267,-.42383483,-1.0015525,-.5327
a3960,Woodard v. Hutchins,1,129,753,464 U.S. 377,1,5,4,.41981506,.40905529,.21801865,.047322273,1984,.42743719,.34532481,-.9269979,1.0106641,.94413608,.34260076
a3960,Woodard v. Hutchins,2,129,150,464 U.S. 377,1,5,4,.65796459,.35702026,.3525328,.075706601,1984,.55561233,.60032797,-.74833214,.61438751,1.9332713,.59977555
a3960,Woodard v. Hutchins,3,129,687,464 U.S. 377,1,5,4,.3186526,.44126815,.21576047,.056179404,1984,.36346024,.31006908,-1.0028925,1.2559834,.45042226,.23450437
a3961,Badaracco v. Commissioner,1,4721,2026,464 U.S. 386,12,8,1,.51535231,.16568863,.045079399,.0060757995,1984,.18876797,.13887829,-.85532343,-.84271234,-.89768833,-.86524135
a3962,"Sony Corp. of America v. Universal City Studios, Inc.",1,13208,16175,464 U.S. 417,8,5,4,.98564649,.066703103,.030326299,.002923131,1984,.08608228,.00026661158,-.50249702,-1.5965438,-1.6901199,-1.2630535
a397,Michel v. Louisiana,1,3354,838,350 U.S. 91,2,6,3,3.9699557,.28735369,.14059865,.016563892,1955,.2903387,.25920469,1.7364064,.083836734,-.11386104,.56879407
a397,Michel v. Louisiana,2,3354,588,350 U.S. 91,2,6,3,.62190771,.3253122,.10490435,.014079094,1955,.26075691,.26229775,-.77538294,.37291247,-.34214541,-.24820529
a398,Ryan Stevedoring Co. v. Pan-Atlantic Steamship Corp.,1,3114,3979,350 U.S. 124,8,5,4,1.9355943,.1995129,.041795131,.012225628,1956,.21419221,.17679262,.21017763,-.58512121,-.70148796,-.35881051
a399,Secretary of Agriculture v. United States,1,3394,851,350 U.S. 162,9,6,3,1.1512047,.20570517,.075418502,.010202467,1956,.24450576,.21067113,-.37829107,-.53796357,-.46755648,-.46127036
a4,Marvin M. Brandt Revocable Trust v. United States,1,5623,2767,134 S. Ct. 1257,14,8,1,.77339035,.12624259,.039293651,.0047883391,2014,.22132421,.11744106,-.66173685,-1.1431166,-.64644992,-.81710112
a401,"Bernhardt v. Polygraphic Co. of America, Inc.",1,2373,129,350 U.S. 198,8,6,3,1.8539571,.36432469,.2405746,.030287683,1956,.35685718,.30766565,.14893131,.67001492,.39946604,.40613741
a4010,Southland Corp. v. Keating,1,4580,4926,465 U.S. 1,8,6,3,1.3020805,.3322376,.071191899,.0083640814,1984,.45384479,.3634243,-.26510027,.4256534,1.1479251,.43615943
a4011,Pulley v. Harris,1,5746,4851,465 U.S. 37,1,7,2,.88598245,.22174215,.05770516,.0076087713,1984,.28612721,.1669842,-.57726747,-.41583273,-.14636132,-.3798205
a4013,Pennhurst State School & Hospital v. Halderman,1,12831,263,465 U.S. 89,10,5,4,1.9346359,.41668311,.11577475,.029906392,1984,.45901,.85817808,.20945857,1.0687543,1.1877854,.82199943
a4013,Pennhurst State School & Hospital v. Halderman,2,12831,16008,465 U.S. 89,10,5,4,.43673199,.1323501,.0188656,.0033059716,1984,.15560293,.00033348799,-.9143064,-1.0966043,-1.1536249,-1.0548452
a4014,McKaskle v. Wiggins,1,5972,3850,465 U.S. 168,1,6,3,.48972127,.1319297,.044718601,.0070211887,1984,.17569095,.1228174,-.87455249,-1.099806,-.99860448,-.99098766
a4015,Antone v. Dugger,1,2079,58,465 U.S. 200,1,7,2,3.4134903,.59469718,.46690905,.10199064,1984,.62388563,.55836618,1.3189322,2.4244332,2.4601405,2.0678353
a4016,United Building & Construction Trades Council v. Mayor & Council of Camden,1,4739,4403,465 U.S. 208,2,8,1,1.5990667,.21367615,.053989049,.0074003935,1984,.28061962,.1325838,-.042293791,-.4772599,-.18886371,-.23613913
a4017,Minnesota State Board for Community Colleges v. Knight,1,6400,1554,465 U.S. 271,3,6,3,1.1957031,.22714309,.085265763,.0087245703,1984,.27568471,.16747516,-.34490725,-.37470147,-.22694667,-.31551847
a4017,Minnesota State Board for Community Colleges v. Knight,2,6400,8427,465 U.S. 271,3,6,3,.41434607,.089971237,.0285857,.0042780638,1984,.19545197,.11057103,-.93110085,-1.4193437,-.84610748,-1.0655173
a4019,Dickman v. Commissioner,1,4687,3194,465 U.S. 330,12,7,2,.40114716,.14866686,.052755602,.0072692633,1984,.28143537,.18917853,-.94100302,-.97234291,-.18256852,-.69863814
a402,Rea v. United States,1,1151,1134,350 U.S. 214,1,5,4,4.4751549,.4176904,.10707045,.018717587,1956,.38585919,.31713927,2.1154194,1.0764253,.62327629,1.2717071
a4021,Minnesota v. Murphy,1,6469,7838,465 U.S. 420,1,6,3,.55674636,.11176383,.025889751,.0035722256,1984,.17367518,.10838246,-.82426858,-1.2533807,-1.0141603,-1.0306032
a4022,Dixson v. United States,1,6095,3674,465 U.S. 482,8,5,4,1.2503178,.16077185,.0465932,.0060459375,1984,.4018563,.21676856,-.30393395,-.88015652,.74672693,-.14578785
a4026,Solem v. Stumes,1,4401,4712,465 U.S. 638,1,6,3,.82320708,.2227719,.037818499,.0054252148,1984,.2288183,.19533432,-.62436312,-.4079906,-.58861756,-.54032373
a4027,Lynch v. Donnelly,1,5507,11310,465 U.S. 668,3,5,4,.6776464,.1291194,.0299845,.0030634403,1984,.18001854,.89285696,-.73356634,-1.1212081,-.96520817,-.93999422
a4027,Lynch v. Donnelly,2,5507,371,465 U.S. 668,3,5,4,1.6906195,.27568471,.19492389,.029688537,1984,.36749393,.28908718,.026391363,-.0050292281,.48155046,.16763753
a403,United States v. Twin City Power Co.,1,1888,5852,350 U.S. 222,4,5,4,1.4094301,.1901698,.057220802,.0067871809,1956,.21255577,.12943542,-.18456391,-.65627426,-.71411651,-.51831824
a4030,"National Labor Relations Board v. City Disposal Systems, Inc.",1,5988,1858,465 U.S. 822,7,5,4,.71762931,.16155314,.0432376,.0072823167,1984,.22330528,.1834957,-.70357019,-.87420648,-.63116181,-.73631281
a4031,Kosak v. United States,1,5155,2701,465 U.S. 848,8,8,1,3.370398,.2464727,.084937327,.012317598,1984,.29755276,.13982648,1.2866032,-.22749543,-.058189638,.33363938
a4038,Texas v. Mead,1,1022,2677,465 U.S. 1041,,,,1.5865461,.3193064,.10636723,.017007113,1984,.35164344,.20233518,-.05168711,.3271749,.35923132,.21157303
a404,Mastro Plastics Corp. v. National Labor Relations Board,1,6067,2904,350 U.S. 270,7,6,3,.11712604,.17578727,.046326801,.0046702623,1956,.23084348,.18090403,-1.1540828,-.76580548,-.57298911,-.83095914
a4042,Lehman v. Trout,1,111,2391,465 U.S. 1056,,,,3.828398,.46222201,.28264105,.049388885,1984,.48410189,.37376356,1.6302062,1.4155591,1.381421,1.4757288
a405,Shields v. Atlantic Coast Line Railroad,1,2096,2069,350 U.S. 318,8,5,3,.83029896,.18577079,.039470851,.0043010116,1956,.22745627,.15132552,-.61904258,-.68977523,-.59912843,-.6359821
a4055,Escambia County v. McMillan,1,1197,330,466 U.S. 48,9,8,1,1.0652161,.37163541,.1827084,.01895225,1984,.38210171,.31848419,-.44280192,.72569025,.59427959,.2923893
a4057,United States v. Jacobsen,1,5752,3005,466 U.S. 109,1,7,2,.67706269,.16641057,.067525446,.010935545,1984,.27016097,.18795377,-.73400426,-.83721441,-.26957372,-.61359745
a4058,Baldwin County Welcome Center v. Brown,1,1817,6162,466 U.S. 147,9,6,3,1.7494245,.2465795,.058827501,.0074892044,1984,.21961576,.16632515,.070508339,-.22668211,-.65963411,-.27193597
a4059,Oliver v. United States,1,4126,4663,466 U.S. 170,1,6,3,.47802895,.1692028,.040267199,.0039997697,1984,.16318041,.1417594,-.88332438,-.81594992,-1.095149,-.93147445
a4061,"Trans World Airlines, Inc. v. Franklin Mint Corp.",1,5597,8509,466 U.S. 243,8,8,1,1.0334531,.13832235,.095790148,.011426032,1984,.21459758,.13183123,-.46663129,-1.0511223,-.69835967,-.73870444
a4063,Florida v. Meyers,1,931,1591,466 U.S. 380,1,6,3,4.2263169,.56766611,.10762525,.019641936,1984,.5070017,.40217817,1.928735,2.2185762,1.5581402,1.9018171
a4064,"Helicopteros Nacionales de Colombia, S. A. v. Hall",1,3498,3018,466 U.S. 408,4,8,1,1.3141596,.24876654,.051183201,.008872807,1984,.19102496,.13916028,-.25603822,-.21002653,-.88027102,-.4487786
a4066,Bose Corp. v. Consumers Union,1,10243,101,466 U.S. 485,3,6,3,4.0790854,.47141075,.36502701,.045489252,1984,.39661467,.49796891,1.8182782,1.4855366,.70627695,1.3366972
a4066,Bose Corp. v. Consumers Union,2,10243,1965,466 U.S. 485,3,6,3,.89840162,.23652446,.085437544,.0060129166,1984,.17048407,.1334663,-.56795031,-.30325696,-1.0387863,-.63666451
a4067,Pulliam v. Allen,1,7439,4843,466 U.S. 522,2,5,4,.67981094,.18577665,.023875531,.0028070807,1984,.23559982,.12343323,-.73194247,-.68973058,-.53628421,-.65265244
a4068,Hoover v. Ronwin,1,8569,6745,466 U.S. 558,8,4,3,1.4762971,.19719577,.054338802,.0062657595,1984,.25394213,.10787338,-.13439861,-.60276747,-.39473546,-.3773005
a4070,Strickland v. Washington,1,9350,4294,466 U.S. 668,2,8,1,.49440905,.158463,.061627999,.008221209,1984,.24734801,.14635152,-.87103564,-.89773971,-.44562268,-.73813266
a4072,Welsh v. Wisconsin,1,4722,2698,466 U.S. 740,1,6,3,1.4296937,.22995649,.041258339,.0038861632,1984,.17588311,.1514256,-.16936168,-.35327581,-.99712151,-.50658631
a4073,Members of the City Council of Los Angeles v. Taxpayers for Vincent,1,9323,4321,466 U.S. 789,3,6,3,.8387906,.1681699,.059148099,.0092827678,1984,.26841104,.16552114,-.61267197,-.82381606,-.28307804,-.57318866
a409,"United States v. Contract Steel Carriers, Inc.",1,760,193,350 U.S. 409,8,7,2,3.102056,.63535631,.36714864,.034974813,1956,.54917467,.49502045,1.0852864,2.7340758,1.8835914,1.9009845
a41,Luis v. United States,1,9326,634,136 S. Ct. 1083,1,5,3,2.4451699,.1941009,.059638862,.0099514723,2016,.26728356,.89327157,.59247398,-.62633669,-.29177889,-.1085472
a410,United States v. Green,1,1795,199,350 U.S. 415,1,6,3,6.5295229,.54067862,.32071537,.027243257,1956,.48018014,.42894894,3.6566577,2.013051,1.3511566,2.3402884
a4101,"South-Central Timber Development, Inc. v. Wunnicke",1,5951,635,467 U.S. 82,10,6,2,3.7523711,.33553731,.094143152,.015471935,1984,.41904199,.2896015,1.573169,.4507826,.87934989,.96776718
a4102,Heckler v. Day,1,4964,6141,467 U.S. 104,2,5,4,.10709284,.1130899,.033877902,.0036102533,1984,.23821312,.13047069,-1.1616099,-1.2432818,-.51611716,-.97366965
a4103,"Three Affiliated Tribes of the Fort Berthold Reservation v. Wold Engineering, P. C.",1,6503,2437,467 U.S. 138,2,7,2,.90439773,.1910058,.039464101,.0086584091,1984,.18191904,.13429058,-.56345183,-.64990765,-.95054191,-.72130048
a4104,United States v. Gouveia,1,3681,1125,467 U.S. 180,1,8,1,1.8185772,.2922318,.088124901,.011383474,1984,.2988624,.21147078,.12238843,.12098629,-.048083119,.065097198
a4105,Arizona v. Rumsey,1,2550,681,467 U.S. 203,1,7,2,.34285483,.25949931,.065654643,.01235342,1984,.22888595,.160676,-.98473537,-.12829034,-.58809549,-.56704038
a4106,Bernal v. Fainter,1,3583,23,467 U.S. 216,2,8,1,2.7426419,.61941987,.60482132,.16923368,1984,.69272518,.7956816,.81564492,2.6127107,2.9913793,2.1399117
a4107,New York v. Uplinger,1,846,53,467 U.S. 246,9,5,4,2.4454172,.47519326,.4215396,.084185481,1984,.43883467,.4741022,.59265947,1.5143425,1.0320911,1.0463644
a4108,Schall v. Martin,1,9818,9681,467 U.S. 253,2,6,3,.94978225,.10751045,.0285524,.0047977567,1984,.14998031,.00072199106,-.52940327,-1.2857726,-1.197015,-1.0040636
a4109,Colorado v. New Mexico,1,3845,5058,467 U.S. 310,11,8,1,1.0297642,.1122632,.05498457,.0071498156,1984,.17141694,.10786128,-.4693988,-1.2495776,-1.0315872,-.91685456
a411,Ullmann v. United States,1,5617,5155,350 U.S. 422,1,7,2,1.8800265,.33802831,.10839504,.0098366141,1956,.35193592,.26871425,.16848922,.46975297,.3614884,.33324352
a4110,Interstate Commerce Commission v. American Trucking Associations,1,5370,2368,467 U.S. 354,8,5,4,.79623318,.1592451,.059500299,.0068363547,1984,.21309364,.11772776,-.64459962,-.89178354,-.70996571,-.74878293
a4111,Aluminum Co. of America v. Central Lincoln Peoples' Utility District,1,6052,2325,467 U.S. 380,9,8,1,.22258942,.11738706,.054902852,.0045740604,1984,.21578187,.14582747,-1.0749615,-1.2105565,-.68922049,-.99157953
a4112,Nix v. Williams,1,5532,615,467 U.S. 431,1,7,2,1.6291884,.28706145,.11912894,.015206873,1984,.26983702,.30784303,-.019695748,.081611149,-.27207366,-.07005275
a4114,Ohio v. Johnson,1,3194,203,467 U.S. 493,1,6,3,.94273287,.35656089,.12859774,.02383697,1984,.27754551,.24750394,-.53469187,.61088914,-.21258679,-.045463175
a4115,"Local No. 82, Furniture & Piano Moving, Furniture Store Drivers, Helpers, Warehousemen & Packers v. Crowley",1,8497,3106,467 U.S. 526,7,8,1,1.6108918,.1464282,.039026141,.0063349009,1984,.17447788,.11582637,-.033422314,-.98939162,-1.0079658,-.67692655
a4116,Firefighters Local Union No. 1784 v. Stotts,1,7000,9944,467 U.S. 561,2,6,3,.57217836,.13643295,.033313598,.0036981106,1984,.23434627,.10947621,-.81269115,-1.0655112,-.54595786,-.80805343
a4117,Armco Inc. v. Hardesty,1,2526,870,467 U.S. 638,8,8,1,.62114155,.17778593,.066508047,.008685708,1984,.27959639,.19078714,-.7759577,-.75058448,-.19676006,-.5744341
a4118,New York v. Quarles,1,3391,5440,467 U.S. 649,1,5,4,.85522062,.1626545,.0476177,.0051038265,1984,.20323682,.15175205,-.60034573,-.86581898,-.78603137,-.750732
a4119,Copperweld Corp. v. Independence Tube Corp.,1,7843,6819,467 U.S. 752,8,5,3,1.109562,.10757744,.027776361,.002333045,1984,.22301042,.10014647,-.40953246,-1.2852623,-.63343728,-.77607739
a412,General Stores Corp. v. Shlensky,1,1645,1273,350 U.S. 462,8,6,2,1.2646347,.31045091,.098147303,.011083543,1956,.30380434,.23194373,-.29319304,.25973526,-.009945876,-.014467888
a4122,Washington Metropolitan Area Transit Authority v. Johnson,1,4638,1884,467 U.S. 925,8,6,3,1.604538,.16221213,.034904841,.011675179,1984,.25414175,.18368459,-.038189135,-.86918789,-.393195,-.43352401
a4123,Secretary of Maryland v. Joseph H. Munson Co.,1,7444,3296,467 U.S. 947,3,5,4,1.4963987,.1045636,.042477969,.0048511624,1984,.23159504,.14421046,-.11931793,-1.3082144,-.56718928,-.66490722
a4125,Patton v. Yount,1,5251,4885,467 U.S. 1025,1,6,2,.35478351,.12244046,.0282699,.0035740733,1984,.20679116,.1097697,-.97578621,-1.1720719,-.75860226,-.96882015
a413,Pennsylvania v. Nelson,1,4263,2681,350 U.S. 497,3,6,3,2.1048048,.27972186,.051642202,.0085529089,1956,.21319747,.10531658,.33712351,.025715919,-.70916444,-.11544167
a414,International Harvester Credit Corp. v. Goodrich,1,3604,695,350 U.S. 537,8,6,2,1.0465403,.30442861,.091145404,.013532579,1956,.29451078,.23031712,-.45681298,.21387197,-.081664801,-.10820194
a4142,Reed v. Ross,1,6109,2129,468 U.S. 1,1,5,4,1.8113433,.25119531,.04412866,.0078964233,1984,.14897054,.14727396,.11696141,-.19153005,-1.2048074,-.42645869
a4143,Thigpen v. Roberts,1,1699,2308,468 U.S. 27,1,6,3,1.5374724,.50999302,.093451403,.0097424984,1984,.28727597,.32129234,-.08850342,1.7793627,-.13749626,.51778769
a4143,Thigpen v. Roberts,2,1699,538,468 U.S. 27,1,6,3,1.5164647,.36196715,.17650899,.010429323,1984,.38791496,.35446358,-.10426389,.65206087,.63914073,.39564589
a4145,United States v. Yermian,1,3861,2951,468 U.S. 63,1,5,4,.6719569,.26322529,.066862203,.011984169,1984,.23276925,.1389029,-.73783475,-.099914901,-.55812782,-.46529248
a4146,National Collegiate Athletic Ass'n v. Board of Regents of the University of Oklahoma,1,12034,5111,468 U.S. 85,8,7,2,.58574486,.05929327,.027812099,.0035332441,1984,.16308224,.92526931,-.80251318,-1.652974,-1.0959066,-1.183798
a4147,Securities Industry Ass'n v. Board of Governors of the Federal Reserve System,1,7042,7450,468 U.S. 137,8,6,3,.53176069,.095807903,.023523031,.0039130449,1984,.17853504,.078265131,-.84301347,-1.3748941,-.97665644,-1.0648546
a4149,Regan v. Wald,1,6996,5869,468 U.S. 222,3,5,4,.85695106,.1246239,.093821898,.006989181,1984,.22778416,.13073194,-.59904754,-1.1554438,-.59659809,-.78369647
a4149,Regan v. Wald,2,6996,146,468 U.S. 222,3,5,4,2.0905244,.32361454,.20466299,.034222126,1984,.41120589,.35585469,.32641008,.35998383,.81887823,.50175738
a415,Slochower v. Board of Higher Education,1,2396,1826,350 U.S. 551,3,5,4,.97428799,.1903349,.050871901,.0062065125,1956,.20316219,.1112836,-.51101846,-.6550169,-.78660727,-.65088087
a415,Slochower v. Board of Higher Education,2,2396,808,350 U.S. 551,3,5,4,2.3766785,.23610011,.1293191,.015325546,1956,.30535656,.19480056,.54109001,-.30648866,.0020327298,.078878023
a4150,"Bacchus Imports, Ltd. v. Dias",1,4316,3424,468 U.S. 263,8,5,3,.76229703,.1579393,.0372058,.0046873093,1984,.18814337,.1390202,-.67005932,-.90172797,-.90250838,-.82476521
a4151,Clark v. Community for Creative Non-Violence,1,3742,5003,468 U.S. 288,3,7,2,1.7005832,.16211081,.070011497,.0069096684,1984,.2197935,.1285938,.033866417,-.86995959,-.65826249,-.49811855
a4152,Richardson v. United States,1,3057,2094,468 U.S. 317,1,7,2,.91694236,.24491113,.041057002,.0070162416,1984,.15870911,.18398076,-.55404055,-.23938766,-1.1296543,-.64102751
a4153,Hobby v. United States,1,3262,4141,468 U.S. 339,2,6,3,.42763379,.17891391,.043481201,.0068893433,1984,.22843236,.16008836,-.92113209,-.74199432,-.59159589,-.7515741
a4153,Hobby v. United States,2,3262,172,468 U.S. 339,2,6,3,2.4873583,.54802263,.2196894,.038588822,1984,.42988122,.33691317,.62412477,2.06898,.96299684,1.2187005
a4154,Federal Communications Commission v. League of Women Voters of California,1,12925,36,468 U.S. 364,3,5,4,2.1101294,.47786343,.50469363,.08152163,1984,.55893779,.95480394,.34111819,1.5346775,1.9589341,1.2782433
a4154,Federal Communications Commission v. League of Women Voters of California,2,12925,2014,468 U.S. 364,3,5,4,.68746543,.26638401,.05085725,.0060322285,1984,.24418122,.95375508,-.72619987,-.07585945,-.47006103,-.42404011
a4154,Federal Communications Commission v. League of Women Voters of California,3,12925,3911,468 U.S. 364,3,5,4,.75136673,.1707685,.04150784,.009057343,1984,.26570708,.92653263,-.67825955,-.80402625,-.30394471,-.59541017
a4157,Brown v. Hotel & Restaurant Employees & Bartenders International Union Local 54,1,6405,1070,468 U.S. 491,10,4,3,3.2513084,.32366911,.079341769,.011567116,1984,.26837349,.20163441,1.1972593,.3603994,-.28336781,.42476362
a4160,Block v. Rutherford,1,4825,4118,468 U.S. 576,4,6,3,.68117183,.1673483,.0386598,.0054069757,1984,.2369709,.15446496,-.73092151,-.83007306,-.52570343,-.695566
a4164,Allen v. Wright,1,9335,5617,468 U.S. 737,9,5,3,.19260147,.1076138,.017123461,.0035175681,1984,.1409179,.07576102,-1.0974592,-1.2849854,-1.2669501,-1.2164649
a4164,Allen v. Wright,2,9335,4536,468 U.S. 737,9,5,3,.39037085,.12836111,.033138629,.0049613714,1984,.18448102,.088848293,-.94908768,-1.1269828,-.93077093,-1.0022805
a4165,Segura v. United States,1,6616,8422,468 U.S. 796,1,5,4,.43041506,.11244303,.038620599,.0049450397,1984,.21503961,.14181978,-.91904551,-1.2482082,-.69494849,-.95406741
a4166,Selective Service System v. Minnesota Public Interest Research Group,1,5387,77,468 U.S. 841,1,6,2,3.6170712,.47114471,.32343096,.049234211,1984,.33014536,.36251009,1.4716636,1.4835105,.19332933,1.0495012
a4166,Selective Service System v. Minnesota Public Interest Research Group,2,5387,6901,468 U.S. 841,1,6,2,1.4285553,.19526935,.047109101,.0036189556,1984,.23571867,.14960927,-.17021577,-.61743832,-.53536701,-.44100702
a4168,United States v. Leon,1,9351,11130,468 U.S. 897,1,6,3,.63934398,.15292597,.0277794,.0053044558,1984,.20298469,.86981326,-.7623018,-.93990737,-.78797704,-.83006209
a4169,Smith v. Robinson,1,9716,3225,468 U.S. 992,6,6,3,1.0815175,.14898694,.042810861,.0068123937,1984,.22863364,.12812376,-.43057221,-.96990538,-.59004259,-.66350675
a4170,Immigration & Naturalization Service v. Lopez-Mendoza,1,5754,205,468 U.S. 1032,1,5,4,1.0781453,.44926879,.1199152,.025976658,1984,.30739051,.28900224,-.4331021,1.3169129,.017728833,.30051321
a4170,Immigration & Naturalization Service v. Lopez-Mendoza,2,5754,2795,468 U.S. 1032,1,5,4,1.0743766,.2441377,.02640426,.0070780516,1984,.21096659,.16499889,-.43592948,-.24527778,-.72638029,-.46919584
a4170,Immigration & Naturalization Service v. Lopez-Mendoza,3,5754,205,468 U.S. 1032,1,5,4,2.4581716,.56451225,.19316401,.05227983,1984,.41371185,.37637687,.60222816,2.1945579,.83821684,1.2116677
a4170,Immigration & Naturalization Service v. Lopez-Mendoza,4,5754,53,468 U.S. 1032,1,5,4,3.9212499,.4998548,.52164048,.1258921,1984,.75592923,.66898179,1.6998661,1.7021544,3.4791286,2.2937164
a418,Squire v. Capoeman,1,2645,66,351 U.S. 1,2,7,1,1.5466232,.50479674,.32505625,.062207341,1956,.5567748,.43626243,-.081638217,1.7397901,1.942242,1.2001313
a4181,Florida v. Rodriguez,1,1662,2065,469 U.S. 1,1,6,3,2.9395242,.29268479,.1382902,.01881361,1984,.30722988,.25430989,.96335089,.12443611,.016489208,.36809206
a4182,United States Department of Justice v. Provenzano,1,484,58,469 U.S. 14,9,8,1,1.1485306,.46217835,.3274343,.055713832,1984,.46211755,.49707234,-.38029727,1.4152266,1.2117666,.74889863
a4185,Garcia v. United States,1,3065,3735,469 U.S. 70,1,6,3,2.4357562,.21355057,.095814466,.011527956,1984,.28693444,.20375609,.58541161,-.47821632,-.14013191,-.010978873
a4186,Smith v. Illinois,1,3172,1345,469 U.S. 91,1,6,3,.43732485,.19691604,.062730201,.012915969,1984,.22530669,.2430439,-.91386163,-.60489774,-.61571687,-.71149206
a4187,Paulsen v. Commissioner,1,3669,2708,469 U.S. 131,12,6,2,.40246266,.1142395,.05342513,.0066696405,1985,.19262826,.12326765,-.94001609,-1.234527,-.86789823,-1.014147
a4188,"Mills Music, Inc. v. Snyder",1,8487,3804,469 U.S. 153,8,5,4,.42667747,.080242999,.02658576,.003595829,1985,.12265587,.081520736,-.92184955,-1.4934298,-1.4078794,-1.2743862
a4189,"Park 'N Fly, Inc. v. Dollar Park & Fly, Inc.",1,5126,5310,469 U.S. 189,8,8,1,.69992852,.1509333,.041761041,.0040900707,1985,.18874902,.10938317,-.71684974,-.95508271,-.8978346,-.85658902
a4192,Lawrence County v. Lead-Deadwood School District No. 40-1,1,4474,897,469 U.S. 256,10,7,2,1.799966,.2470559,.0830715,.011580586,1985,.35051352,.18728536,.10842585,-.22305402,.35051161,.07862781
a4195,Evitts v. Lucey,1,6229,65,469 U.S. 387,1,7,2,2.4399216,.70132488,.55252224,.10131967,1985,.67824459,.65455896,.58853656,3.2364643,2.8796318,2.2348776
a4195,Evitts v. Lucey,2,6229,1926,469 U.S. 387,1,7,2,.72348052,.21555656,.04277515,.0068653226,1985,.25873256,.23572707,-.69918048,-.46293953,-.35776746,-.50662917
a4196,Wainwright v. Witt,1,7655,8490,469 U.S. 412,1,7,2,1.2138131,.1560259,.041626099,.0083138943,1985,.28453523,.16875589,-.33132073,-.91629958,-.15864673,-.46875569
a4197,Brandon v. Holt,1,3016,1258,469 U.S. 464,2,8,1,2.4703622,.3771956,.125337,.019959211,1985,.40480477,.3292163,.61137384,.76803428,.76948041,.7162962
a4198,United States v. Johns,1,2797,584,469 U.S. 478,1,7,2,.81674033,.25734189,.086056799,.020450473,1985,.28833008,.26650387,-.62921464,-.14472033,-.12936166,-.30109888
a4199,"National Labor Relations Board v. Action Automotive, Inc.",1,2497,1507,469 U.S. 490,7,6,3,1.0600382,.20427066,.05598307,.0087953806,1985,.33566695,.22869503,-.44668648,-.54888815,.23593982,-.25321162
a42,Welch v. United States,1,4620,4613,136 S. Ct. 1257,1,7,1,.99489701,.2116984,.038340099,.0045531392,2016,.14757991,.12568951,-.49555704,-.49232167,-1.215539,-.73447257
a420,Frozen Food Express v. United States,1,1249,1208,351 U.S. 40,9,8,1,2.9734385,.3254638,.099072598,.017670751,1956,.28221375,.19342864,.98879427,.37406701,-.17656174,.39543319
a4200,Garcia v. San Antonio Metropolitan Transit Authority,1,9233,7810,469 U.S. 528,7,5,4,1.0062109,.139192,.056841251,.0043964982,1985,.23907626,.1576038,-.48706904,-1.0444994,-.50945628,-.6803416
a4200,Garcia v. San Antonio Metropolitan Transit Authority,2,9233,159,469 U.S. 528,7,5,4,2.1768045,.57130361,.29986095,.038693726,1985,.55405229,.4932797,.39113957,2.2462778,1.9212323,1.5195498
a4200,Garcia v. San Antonio Metropolitan Transit Authority,3,9233,3005,469 U.S. 528,7,5,4,2.1412935,.28842759,.089250557,.0071424246,1985,.38446051,.31160498,.36449832,.092015073,.61248255,.35633197
a4203,Bottoson v. Florida,1,313,51,469 U.S. 873,,,,6.9635324,.31955606,.80467331,.19536084,1984,.51085657,.63817024,3.9822626,.32907617,1.5878884,1.9664091
a421,"East Texas Motor Freight Lines, Inc. v. Frozen Food Express",1,1467,277,351 U.S. 49,8,5,4,1.8589399,.51152676,.2249577,.031064093,1956,.40327525,.31066388,.15266955,1.791043,.75767702,.90046322
a422,United Mine Workers of America v. Arkansas Oak Flooring Co.,1,4441,826,351 U.S. 62,10,7,1,2.961179,.36147743,.17006826,.026586235,1956,.40595078,.3100276,.97959691,.64833146,.77832431,.80208421
a423,"American Airlines, Inc. v. North American Airlines, Inc.",1,2165,999,351 U.S. 79,8,7,2,2.8445346,.28578705,.1113385,.014416814,1956,.24647504,.16776282,.8920874,.071905814,-.45235944,.17054459
a424,United States v. Zucca,1,2863,1460,351 U.S. 91,2,5,3,2.3534608,.2839146,.05764043,.0053329468,1956,.24804813,.17162377,.52367151,.057646032,-.44021985,.047032565
a425,Communist Party v. Subversive Activities Control Board,1,3010,1562,351 U.S. 115,3,6,3,1.4689633,.34849319,.10268176,.014076769,1956,.21011204,.14618951,-.13990067,.54944897,-.73297489,-.10780887
a426,Berra v. United States,1,1309,1659,351 U.S. 131,1,7,2,2.2549763,.39260349,.1011934,.011747718,1956,.33396018,.27932274,.44978595,.88537419,.2227685,.51930952
a4273,United States v. Young,1,6060,1162,470 U.S. 1,1,5,4,3.4517334,.29340029,.0879208,.016320646,1985,.29320097,.24177325,1.347623,.129885,-.091772698,.46191177
a4274,Shea v. Louisiana,1,3214,1898,470 U.S. 51,1,5,4,2.7325482,.31413159,.11245334,.017822266,1985,.37813526,.28658384,.80807239,.28776571,.56367028,.55316949
a4274,Shea v. Louisiana,2,3214,285,470 U.S. 51,1,5,4,4.2925739,.40279639,.16574717,.024873316,1985,.49262053,.43132621,1.9784427,.96299893,1.4471598,1.4628671
a4275,Ake v. Oklahoma,1,5823,1873,470 U.S. 68,2,8,1,2.3102176,.23270696,.084825799,.011786461,1985,.20966607,.13342774,.49122939,-.33232939,-.7364164,-.19250546
a4276,"Chemical Manufacturers Ass'n v. Natural Resources Defense Council, Inc.",1,5962,9821,470 U.S. 116,8,5,4,.16984616,.089871638,.039148029,.0034433603,1985,.13704562,.84824431,-1.1145308,-1.4201022,-1.2968327,-1.2771553
a4276,"Chemical Manufacturers Ass'n v. Natural Resources Defense Council, Inc.",2,5962,86,470 U.S. 116,8,5,4,6.6915979,.56052828,.51975048,.062974513,1985,.65781498,.58095706,3.7782505,2.1642177,2.7219751,2.8881478
a4278,County of Oneida v. Oneida Indian Nation,1,8861,7295,470 U.S. 226,2,5,4,1.1732966,.1856779,.0527023,.0064308047,1985,.25616658,.1591351,-.36171722,-.69048262,-.37756929,-.47658971
a4279,Supreme Court v. Piper,1,4715,2811,470 U.S. 274,2,8,1,.99011451,.19043744,.0532564,.011246145,1985,.21820664,.13057357,-.49914497,-.65423608,-.67050833,-.60796314
a428,General Box Co. v. United States,1,2657,1416,351 U.S. 159,8,7,2,1.1612259,.40913117,.084928401,.010302842,1956,.26542336,.18863577,-.37077293,1.0112419,-.30613416,.11144494
a4280,Oregon v. Elstad,1,6368,16042,470 U.S. 298,1,6,3,.49112898,.10073864,.027178049,.0045807362,1985,.22761691,.87745225,-.87349641,-1.3373438,-.59788877,-.936243
a4280,Oregon v. Elstad,2,6368,3177,470 U.S. 298,1,6,3,.42116803,.15608454,.046018898,.0069462061,1985,.24548161,.22486192,-.92598283,-.91585302,-.46002582,-.76728725
a4282,St. Louis Southwestern Railway Co. v. Dickerson,1,1064,30,470 U.S. 409,8,7,1,5.2567778,.70715135,.57492095,.12945694,1985,.78477228,.89004058,2.7018125,3.2808363,3.7017121,3.2281203
a4283,"Herb's Welding, Inc. v. Gray",1,4532,7870,470 U.S. 414,8,5,4,.7525245,.1008869,.044551849,.0046527982,1985,.14413279,.10051578,-.67739093,-1.3362147,-1.2421407,-1.0852487
a4284,Federal Election Commission v. National Conservative Political Action Committee,1,6079,5732,470 U.S. 480,3,7,2,.77153474,.12875116,.037323002,.0058835745,1985,.18039447,.11866766,-.66312897,-1.1240124,-.9623071,-.91648281
a4284,Federal Election Commission v. National Conservative Political Action Committee,2,6079,898,470 U.S. 480,3,7,2,2.6892097,.29606289,.14193296,.018375754,1985,.42708355,.30777395,.77555871,.15016222,.94140708,.62237602
a4285,United States v. Gagnon,1,2384,391,470 U.S. 522,1,6,2,3.1388085,.49076819,.29459286,.0503546,1985,.52531934,.4864676,1.112859,1.6329546,1.6994984,1.4817706
a4286,Cleveland Board of Education v. Loudermill,1,4502,1487,470 U.S. 532,4,8,1,2.3949327,.22517291,.13094974,.011842787,1985,.2570402,.20755064,.55478477,-.38970557,-.37082747,-.068582751
a4288,Wayte v. United States,1,4842,5609,470 U.S. 598,3,7,2,2.1207976,.23049766,.1207113,.0072450638,1985,.24785894,.20435768,.34912178,-.34915453,-.44167981,-.14723752
a4289,Bennett v. New Jersey,1,4468,3286,470 U.S. 632,10,6,2,.40325817,.20431316,.06718117,.0075090528,1985,.21147114,.18101561,-.93941927,-.54856449,-.72248662,-.73682344
a429,"Cahill v. New York, New Haven & Hartford Railroad",1,293,2353,351 U.S. 183,1,5,4,1.053387,.41489124,.119956,.016852796,1956,.48731011,.38684243,-.45167634,1.0551082,1.4061791,.66987032
a4290,United States v. Sharpe,1,3953,6693,470 U.S. 675,1,7,2,.85793281,.13896,.040082801,.0071289539,1985,.26879054,.1352973,-.59831101,-1.0462662,-.2801494,-.64157552
a4290,United States v. Sharpe,2,3953,2858,470 U.S. 675,1,7,2,2.665916,.54354233,.1849376,.029459715,1985,.44437307,.31246734,.75808316,2.0348599,1.0748314,1.2892581
a4291,Florida Power & Light Co. v. Lorion,1,5581,1931,470 U.S. 729,9,8,1,1.7589725,.28590071,.049731731,.0049960613,1985,.2492888,.17483515,.077671535,.072771445,-.43064553,-.093400851
a4293,Lindahl v. Office of Personnel Management,1,10461,3648,470 U.S. 768,9,5,4,2.0815735,.15142876,.062418759,.010440469,1985,.28254378,.88610673,.31969485,-.95130944,-.17401487,-.26854315
a4297,Metropolitan Life Insurance v. Ward,1,4229,5939,470 U.S. 869,8,5,4,.9575386,.21546429,.0358168,.0059850812,1985,.1434989,.10026944,-.52358425,-.46364221,-1.2470324,-.74475294
a430,United States v. Storer Broadcasting Co.,1,4111,392,351 U.S. 192,8,7,2,2.8375885,.56312078,.27060321,.031678855,1956,.44355243,.33844882,.88687623,2.1839609,1.0684985,1.3797785
a431,Johnston v. United States,1,2270,568,351 U.S. 215,3,6,3,2.569181,.46789131,.2592327,.023644924,1956,.29911244,.2190882,.68551016,1.458734,-.046153534,.69936353
a4320,Tennessee v. Garner,1,7302,3442,471 U.S. 1,1,6,3,1.4324236,.1366621,.048955139,.010115445,1985,.16496038,.10607886,-.16731364,-1.0637661,-1.0814129,-.77083087
a4321,"Southern Motor Carriers Rate Conference, Inc. v. United States",1,5462,4874,471 U.S. 48,8,7,2,1.1271837,.1187298,.040386699,.0040485859,1985,.16907752,.12866038,-.39631227,-1.2003307,-1.0496408,-.88209462
a4322,United States v. Locke,1,8740,1912,471 U.S. 84,4,6,3,.49867141,.12669945,.040273961,.0039242506,1985,.22567648,.15491641,-.86783791,-1.1396374,-.61286318,-.87344617
a4322,United States v. Locke,2,8740,4523,471 U.S. 84,4,6,3,.58114767,.1266674,.0413424,.0046572089,1985,.21533686,.1242975,-.80596215,-1.1398814,-.69265461,-.87949938
a4323,Honig v. Students of the California School for the Blind,1,479,806,471 U.S. 148,9,5,3,1.7392229,.57412302,.19376224,.033594966,1985,.50193983,.39108455,.062854864,2.2677493,1.5190774,1.2832272
a4326,Webb v. County Board of Education,1,3232,5939,471 U.S. 234,6,6,2,.52491564,.2036494,.062759757,.0067385435,1985,.24031132,.17266929,-.84814882,-.55361938,-.4999252,-.63389778
a4327,Wilson v. Garcia,1,6575,2577,471 U.S. 261,2,7,1,2.1283076,.26759049,.035135031,.005753994,1985,.29689914,.15501004,.35475594,-.066671357,-.063233696,.074950293
a4328,Francis v. Franklin,1,6358,1377,471 U.S. 307,1,5,4,.84900981,.1651824,.0543934,.0082044601,1985,.2323187,.18229949,-.60500526,-.84656763,-.5616048,-.67105925
a4328,Francis v. Franklin,2,6358,3898,471 U.S. 307,1,5,4,.29752618,.13874876,.034614701,.0054393411,1985,.18457729,.11673814,-1.0187421,-1.0478749,-.93002808,-.9988817
a4329,California v. Carney,1,2496,4814,471 U.S. 386,1,6,3,.90787268,.22130381,.050911602,.0072459579,1985,.21309733,.17987579,-.56084484,-.41917098,-.70993716,-.56331766
a4330,Tennessee v. Street,1,2027,232,471 U.S. 409,1,8,0,.90063566,.34896871,.12041605,.022467554,1985,.288553,.32283473,-.56627423,.55307037,-.12764135,-.046948403
a4331,Liparota v. United States,1,5206,3440,471 U.S. 419,1,6,2,.80085677,.14528701,.067889698,.0083472133,1985,.21853858,.14158267,-.64113086,-.9980824,-.66794676,-.76905334
a4332,United States v. Benchimol,1,1158,197,471 U.S. 453,1,7,2,4.9126043,.54369265,.26636311,.09057498,1985,.65176135,.60609531,2.4436049,2.0360045,2.6752589,2.3849561
a4333,Burger King Corp. v. Rudzewicz,1,8004,914,471 U.S. 462,4,6,2,1.6334183,.24676764,.089736342,.022405088,1985,.27821493,.22773027,-.016522368,-.22524931,-.20742084,-.14973083
a4334,Ponte v. Real,1,3008,6465,471 U.S. 491,4,6,2,1.7224808,.2173201,.04850674,.0069503784,1985,.24413502,.17131996,.050294511,-.44950917,-.4704175,-.28987738
a4335,"Harper & Row, Publishers, Inc. v. Nation Enterprises",1,12570,9782,471 U.S. 539,8,6,3,.52839148,.0887371,.034316301,.0039904118,1985,.13639575,.89407909,-.84554112,-1.4287423,-1.3018478,-1.1920438
a4338,Landreth Timber Co. v. Landreth,1,4961,1231,471 U.S. 681,8,8,1,.94373155,.21235895,.093145497,.0081012249,1985,.30954736,.20890248,-.53394264,-.48729116,.034373403,-.32895347
a4339,Montana v. Blackfeet Tribe of Indians,1,2932,1480,471 U.S. 759,2,6,3,.61048049,.15520966,.075832397,.0072398186,1985,.23654497,.17089397,-.78395593,-.92251575,-.52899039,-.74515402
a434,Offutt Housing Co. v. County of Sarpy,1,2725,850,351 U.S. 253,8,5,4,1.9273554,.27901271,.1559104,.014365375,1956,.34273386,.27267396,.20399658,.020315364,.29047555,.17159583
a4340,Garrett v. United States,1,6753,2888,471 U.S. 773,1,5,3,1.0473903,.24036396,.065953098,.0070645809,1985,.22468328,.15344661,-.45617521,-.27401704,-.62052768,-.45023999
a4341,City of Oklahoma v. Tuttle,1,5114,4188,471 U.S. 808,2,7,1,1.0783898,.30201775,.079454541,.013543904,1985,.28225213,.30461353,-.43291867,.19551191,-.17626551,-.13789076
a435,"United Automobile, Aircraft & Agricultural Implement Workers of America v. Wisconsin Employment Relations Board",1,2712,337,351 U.S. 266,10,6,3,6.0611668,.52541971,.19112337,.025581241,1956,.42266434,.33557868,3.3052852,1.8968458,.90730381,2.0364783
a436,Durley v. Mayo,1,2580,1891,351 U.S. 277,9,5,4,.71990472,.2877686,.060766101,.0076775551,1956,.25444335,.17111462,-.70186311,.086996496,-.39086756,-.33524472
a4368,"Chevron U. S. A., Inc. v. Sheffield",1,330,1029,471 U.S. 1140,,,,8.3375683,.55074471,.28579557,.033772707,1985,.46527398,.39654166,5.0130987,2.0897102,1.2361249,2.7796445
a437,Black v. Cutter Laboratories,1,2253,1471,351 U.S. 292,9,6,3,2.1367974,.44233936,.10155153,.015767336,1956,.31518078,.21148014,.36112523,1.2641413,.077846788,.56770444
a4371,Williams v. Vermont,1,4593,2997,472 U.S. 14,8,5,3,.22233111,.11750096,.031663898,.0040997863,1985,.18859929,.1175009,-1.0751553,-1.209689,-.89899004,-1.0612781
a4372,Wallace v. Jaffree,1,8190,1976,472 U.S. 38,3,6,3,.97945201,.20416605,.04457283,.0091759562,1985,.27718943,.16847539,-.50714427,-.54968476,-.21533467,-.42405456
a4372,Wallace v. Jaffree,2,8190,258,472 U.S. 38,3,6,3,.98950851,.3481231,.22694606,.027746201,1985,.35796231,.25150824,-.49959961,.54663056,.40799439,.15167512
a4372,Wallace v. Jaffree,3,8190,7466,472 U.S. 38,3,6,3,1.2498521,.28269631,.095135868,.0080276728,1985,.39367086,.2289865,-.30428338,.048368063,.68355936,.14254801
a4373,Atkins v. Parker,1,5078,9246,472 U.S. 115,4,7,2,.54749751,.079761453,.026583901,.0056536794,1985,.15226895,.086536527,-.83120733,-1.497097,-1.1793535,-1.1692193
a4373,Atkins v. Parker,2,5078,112,472 U.S. 115,4,7,2,1.9202049,.3414669,.3164427,.037261605,1985,.51974493,.51623225,.19863208,.49593982,1.6564804,.78368413
a4376,Mountain States Telephone & Telegraph Co. v. Pueblo of Santa Ana,1,5813,10676,472 U.S. 237,2,5,3,.87582225,.13570446,.02299786,.00698632,1985,.29636019,.88586354,-.58488989,-1.071059,-.067392766,-.57444721
a4377,Caldwell v. Mississippi,1,286,2922,472 U.S. 343,,,,.99492747,.27486575,.08450985,.014811873,1985,.31148279,.26934081,-.49553418,-.011266137,.049309168,-.15249705
a4378,Baldwin v. Alabama,1,5599,87,472 U.S. 372,1,6,3,1.3626115,.45752001,.3334012,.063341379,1985,.52463031,.42203635,-.2196884,1.3797506,1.6941812,.95141447
a4378,Baldwin v. Alabama,2,5599,2630,472 U.S. 372,1,6,3,.43423182,.28434819,.075601697,.010725915,1985,.2870236,.17729646,-.9161821,.0609481,-.13944378,-.33155927
a4379,Richardson-Merrell Inc. v. Koller ex rel. Koller,1,5066,586,472 U.S. 424,9,8,1,1.1527197,.1968957,.077120841,.0090374351,1985,.27884632,.23963469,-.37715447,-.60505265,-.20254834,-.3949185
a438,"United States v. McKesson & Robbins, Inc.",1,3293,1116,351 U.S. 305,8,6,3,1.2682458,.23428079,.081431746,.0091407299,1956,.30053437,.23132885,-.29048392,-.32034379,-.035180431,-.21533605
a4381,Maryland v. Macon,1,2287,1756,472 U.S. 463,1,7,2,2.2332618,.3617368,.089971073,.013168335,1985,.33671862,.30970669,.43349522,.6503067,.24405557,.44261917
a4383,"Brockett v. Spokane Arcades, Inc.",1,5134,119,472 U.S. 491,3,6,2,1.9604084,.31752059,.22150403,.038361669,1985,.28863817,.32177061,.2287938,.31357491,-.12698406,.13846155
a4386,Hooper v. Bernalillo County Assessor,1,3672,3156,472 U.S. 612,2,5,3,.27348146,.1313936,.039601699,.0047930479,1985,.20236301,.12156034,-1.0367811,-1.1038888,-.79277456,-.97781479
a4387,Cornelius v. Nutt,1,5531,2895,472 U.S. 648,4,6,2,.91405624,.2189077,.071079969,.0099047422,1985,.16746366,.15482742,-.55620581,-.4374187,-1.0620949,-.68523979
a4388,United States v. Albertini,1,4644,3995,472 U.S. 675,3,6,3,.55227548,.14498943,.047736902,.0074377656,1985,.23146909,.14201701,-.82762277,-1.0003487,-.56816119,-.79871088
a439,Denver & Rio Grande Western Railroad v. Union Pacific Railroad,1,3908,2833,351 U.S. 321,8,7,2,.18349256,.14367115,.038178202,.0055373311,1956,.22150809,.11587548,-1.104293,-1.010388,-.64503092,-.91990399
a439,Denver & Rio Grande Western Railroad v. Union Pacific Railroad,2,3908,93,351 U.S. 321,8,7,2,.96607471,.3966175,.32525456,.052240908,1956,.44527853,.3637358,-.51718026,.91594321,1.0818188,.49352726
a4390,United States v. National Bank of Commerce,1,7089,6361,472 U.S. 713,12,5,4,.3350144,.11837816,.01442957,.0037015676,1985,.12560785,.077328563,-.99061745,-1.2030087,-1.3850987,-1.1929083
a4391,"Dun & Bradstreet, Inc. v. Greenmoss Builders, Inc.",1,4469,7866,472 U.S. 749,3,5,4,.38072523,.116479,.027063301,.0049954653,1985,.11428094,.081440628,-.95632404,-1.2174718,-1.4725091,-1.215435
a4393,Jean v. Nelson,1,3319,8085,472 U.S. 846,9,6,2,1.2538637,.18963151,.05350196,.0069749951,1985,.26751673,.13737577,-.30127373,-.66037369,-.28997946,-.41720897
a44,Ocasio v. United States,1,6034,5027,136 S. Ct. 1423,1,5,3,1.403644,.20113313,.059604049,.005004406,2016,.25385702,.13339216,-.18890484,-.57278222,-.3953923,-.38569313
a440,Jay v. Boyd,1,4962,376,351 U.S. 345,2,5,4,2.6272109,.342361,.38612175,.026464701,1956,.32972854,.29748905,.72904563,.50274891,.19011275,.4739691
a440,Jay v. Boyd,2,4962,2726,351 U.S. 345,2,5,4,1.6982425,.51611954,.128821,.022042453,1956,.29318231,.29161638,.032110386,1.8260196,-.091916665,.58873779
a440,Jay v. Boyd,3,4962,1222,351 U.S. 345,2,5,4,1.323701,.43757915,.16054744,.022366345,1956,.22457814,.22929525,-.24888003,1.2278897,-.62133908,.11922351
a440,Jay v. Boyd,4,4962,908,351 U.S. 345,2,5,4,7.0941339,.70149636,.41649747,.051535308,1956,.61269522,.47535104,4.0802431,3.2377703,2.3737833,3.2305989
a4400,Marek v. Chesny,1,2966,11394,473 U.S. 1,6,6,3,.52782655,.1901007,.033670399,.0056847334,1985,.23388433,.9584021,-.84596497,-.65680051,-.5495227,-.68409604
a4400,Marek v. Chesny,2,2966,2459,473 U.S. 1,6,6,3,1.662416,.67727953,.35957205,.072964311,1985,.48739725,.46025687,.0052324007,3.0533452,1.4068515,1.4884764
a4402,National Labor Relations Board v. International Longshoremen's Ass'n,1,7878,3181,473 U.S. 61,7,6,3,.28888011,.10691696,.037087861,.0082221627,1985,.1273489,.12156576,-1.0252286,-1.2902924,-1.3716629,-1.2290612
a4403,Pattern Makers' League v. National Labor Relations Board,1,7296,5563,473 U.S. 95,7,5,4,.19719782,.10734546,.038324829,.0080729723,1985,.21896577,.16229051,-1.0940109,-1.287029,-.66465014,-1.0152301
a4403,Pattern Makers' League v. National Labor Relations Board,2,7296,56,473 U.S. 95,7,5,4,4.8746243,.48871434,.35699999,.055998683,1985,.46334124,.41688818,2.4151113,1.6173133,1.2212098,1.7512114
a4406,Dowling v. United States,1,7308,1531,473 U.S. 207,1,6,3,1.296289,.21326876,.066953301,.0069944263,1985,.18679732,.12809163,-.26944524,-.48036247,-.91289592,-.55423456
a4407,Atascadero State Hospital v. Scanlon,1,4220,19200,473 U.S. 234,10,5,4,.74206096,.3612102,.083724901,.016125798,1985,.30012918,.89474809,-.68524098,.64629626,-.038307324,-.025750682
a4407,Atascadero State Hospital v. Scanlon,2,4220,553,473 U.S. 234,10,5,4,.52916956,.43440676,.05874455,.013621688,1985,.33788866,.25010937,-.84495741,1.20373,.25308484,.20395248
a4407,Atascadero State Hospital v. Scanlon,3,4220,207,473 U.S. 234,10,5,4,1.453549,.47833991,.25030994,.030996084,1985,.64240181,.51048803,-.15146481,1.5383061,2.6030309,1.3299574
a4408,Walters v. National Ass'n of Radiation Survivors,1,9893,7542,473 U.S. 305,6,6,3,3.0211344,.3841379,.1076718,.011444151,1985,.30310518,.21365064,1.0245769,.82090384,-.015341354,.61004645
a4408,Walters v. National Ass'n of Radiation Survivors,2,9893,5116,473 U.S. 305,6,6,3,2.3711123,.2041478,.066679202,.0066752434,1985,.30280507,.17016476,.53691411,-.54982376,-.017657315,-.010188988
a4409,School District of Grand Rapids v. Ball,1,7647,199,473 U.S. 373,3,5,4,1.031351,.40378404,.19923221,.042474151,1985,.53545678,.4958095,-.46820834,.97052044,1.7777296,.76001394
a4409,School District of Grand Rapids v. Ball,2,7647,272,473 U.S. 373,3,5,4,.52638513,.276241,.13036907,.026552081,1985,.37539178,.3503021,-.84704638,-.00079275982,.54249865,-.10178016
a441,United States v. E. I. du Pont de Nemours & Co.,1,9928,3819,351 U.S. 377,8,4,3,1.0264454,.1482078,.051442701,.014114082,1956,.17884094,.8714397,-.47188863,-.9758389,-.97429585,-.8073411
a4410,Aguilar v. Felton,1,3671,560,473 U.S. 402,3,5,4,1.5412035,.30134267,.12090635,.019096434,1985,.43213093,.30060464,-.085704237,.19037077,.980358,.36167485
a4410,Aguilar v. Felton,2,3671,127,473 U.S. 402,3,5,4,1.8616761,.34152675,.2830556,.044622421,1985,.41926783,.4214083,.15472232,.49639556,.88109273,.51073688
a4410,Aguilar v. Felton,3,3671,3370,473 U.S. 402,3,5,4,.84071505,.16036683,.041947659,.0081121922,1985,.24645215,.13160944,-.61122817,-.88324094,-.45253608,-.64900172
a4412,"Sedima, S. P. R. L. v. Imrex Co.",1,7270,7314,473 U.S. 479,1,5,4,.98363632,.13235199,.0383761,.0040633678,1985,.25084233,.15037602,-.50400507,-1.0965899,-.4186568,-.6730839
a4412,"Sedima, S. P. R. L. v. Imrex Co.",2,7270,2102,473 U.S. 479,1,5,4,1.7032171,.23378471,.079982162,.0072430372,1985,.31875217,.18718433,.035842456,-.32412177,.10540742,-.060957298
a4413,United States v. Montoya de Hernandez,1,4001,7691,473 U.S. 531,1,7,2,.88166422,.18324125,.064557597,.0066212416,1985,.25338483,.17620134,-.5805071,-.70903915,-.3990362,-.56286085
a4415,"Mitsubishi Motors Corp. v. Soler Chrysler-Plymouth, Inc.",1,8585,8848,473 U.S. 614,8,5,3,.64667362,.1308663,.0208076,.0026818514,1985,.14756531,.08310622,-.75680292,-1.1079043,-1.2156518,-1.0267863
a4416,United States v. Bagley,1,5306,8201,473 U.S. 667,1,5,3,.3102524,.1941472,.040868599,.0086331964,1985,.15067726,.1412276,-1.0091945,-.62598407,-1.1916366,-.94227171
a4416,United States v. Bagley,2,5306,2247,473 U.S. 667,1,5,3,1.426141,.19427291,.050655842,.0106107,1985,.22023708,.23599905,-.17202698,-.62502676,-.6548394,-.48396438
a4417,Carchman v. Nash,1,5278,6545,473 U.S. 716,1,6,3,.44935051,.1689661,.033621602,.010412157,1985,.14344072,.11511594,-.90483963,-.8177526,-1.2474813,-.99002451
a4418,Oregon Department of Fish & Wildlife v. Klamath Indian Tribe,1,7474,4245,473 U.S. 753,2,6,2,.12958968,.095905498,.023887631,.0048049092,1985,.137667,.098748326,-1.1447322,-1.3741509,-1.2920375,-1.2703068
a4419,"Cornelius v. NAACP Legal Defense & Educational Fund, Inc.",1,7407,7786,473 U.S. 788,3,4,3,1.5708545,.14209175,.0538252,.0063793659,1985,.17956614,.11204994,-.063459277,-1.0224161,-.96869934,-.68485826
a443,United States ex rel. Darcy v. Handy,1,3954,827,351 U.S. 454,1,6,3,1.8451623,.3130503,.1248322,.017402649,1956,.37232506,.21178031,.14233324,.27953109,.51883262,.31356564
a4431,California State Board of Equalization v. Chemehuevi Indian Tribe,1,1017,696,474 U.S. 9,2,5,4,3.3022428,.50143021,.12367654,.01572299,1985,.38182384,.38482857,1.2354715,1.714152,.59213519,1.1805862
a4434,Pennsylvania v. Goldhammer,1,768,577,474 U.S. 28,1,5,4,.68730676,.24269366,.17931575,.026003242,1985,.32412654,.31749135,-.7263189,-.25627497,.14688177,-.27857071
a4435,Pennsylvania Bureau of Correction v. United States Marshals Service,1,2912,2952,474 U.S. 34,9,8,1,3.0854118,.2634258,.14961064,.014819145,1985,.28417563,.20674694,1.0727994,-.098387897,-.16142175,.2709966
a4437,Green v. Mansour,1,2995,1484,474 U.S. 64,2,5,4,.99721122,.26277411,.0476062,.010577857,1985,.25530028,.22371727,-.49382085,-.10335087,-.38425452,-.32714209
a4437,Green v. Mansour,2,2995,755,474 U.S. 64,2,5,4,4.2415285,.31241471,.1143153,.014331222,1985,.36847866,.32092857,1.9401472,.27469069,.48914966,.90132916
a4437,Green v. Mansour,3,2995,199,474 U.S. 64,2,5,4,4.2581434,.49830693,.1901107,.052052617,1985,.59099793,.53623223,1.952612,1.6903664,2.2063441,1.9497741
a4438,Heath v. Alabama,1,3456,450,474 U.S. 82,1,7,2,1.2749974,.4675256,.24789169,.026179194,1985,.41471857,.40937895,-.28541875,1.4559489,.84598577,.67217201
a4438,Heath v. Alabama,2,3456,2701,474 U.S. 82,1,7,2,.37256959,.17596394,.034605801,.008648634,1985,.26322848,.16831118,-.96244264,-.76446003,-.3230722,-.68332493
a4439,Miller v. Fenton,1,4330,326,474 U.S. 104,1,8,1,1.7455152,.30651811,.2288962,.019040465,1985,.41080481,.2445522,.067575537,.22978471,.81578308,.37104777
a444,Kinsella v. Krueger,1,4808,143,351 U.S. 470,2,5,4,2.1913815,.41097254,.35174391,.044048965,1956,.53107482,.44310844,.40207553,1.025265,1.7439139,1.0570848
a4440,Thomas v. Arn,1,5078,404,474 U.S. 140,1,6,3,1.0144188,.30290359,.13749224,.016677797,1985,.30668819,.26324743,-.48091125,.20225811,.012308977,-.088781387
a4440,Thomas v. Arn,2,5078,476,474 U.S. 140,1,6,3,1.2722121,.37751129,.1326997,.020361125,1985,.40156168,.30851281,-.28750828,.77043849,.74445331,.40912783
a4441,Maine v. Moulton,1,6695,4181,474 U.S. 159,1,5,4,.65071911,.165144,.0520957,.0076422095,1985,.27680361,.18503833,-.75376791,-.84686011,-.21831207,-.60631335
a4442,Cleavinger v. Saxner,1,4704,1219,474 U.S. 193,8,6,3,2.4405143,.2338526,.088464141,.011050403,1985,.3283425,.20821333,.58898121,-.32360476,.17941655,.14826433
a4446,Vasquez v. Hillery,1,3775,5701,474 U.S. 254,2,6,3,.67608124,.1801655,.031661302,.0052838326,1986,.24438244,.13176697,-.73474061,-.73246276,-.46850815,-.64523721
a4448,United States v. Loud Hawk,1,4450,3061,474 U.S. 302,1,5,4,.64644074,.23685341,.051820502,.0087512732,1986,.24744725,.20987827,-.75697762,-.30075186,-.44485682,-.50086212
a445,Reed v. Pennsylvania Railroad,1,1594,1249,351 U.S. 502,8,5,4,3.3279307,.35442007,.10505027,.012088537,1956,.32866758,.25232011,1.2547432,.59458554,.18192524,.67708468
a4450,Davidson v. Cannon,1,1251,125,474 U.S. 344,2,6,3,1.494699,.38246071,.22281784,.036979675,1986,.31496453,.35344434,-.12059307,.80813116,.076178007,.25457203
a4450,Davidson v. Cannon,2,1251,3782,474 U.S. 344,2,6,3,.92503345,.1563914,.067891359,.0066087842,1986,.20556378,.17256379,-.54797041,-.91351616,-.76807404,-.74318689
a4451,Cabana v. Bullock,1,5310,74,474 U.S. 376,1,5,4,.96380961,.54162818,.44686556,.089137673,1986,.59000516,.57815301,-.51887959,2.0202825,2.1986828,1.233362
a4451,Cabana v. Bullock,2,5310,4922,474 U.S. 376,1,5,4,1.2898223,.1793503,.041353341,.0098692179,1986,.23984534,.11244196,-.27429667,-.73867095,-.50352126,-.50549626
a4451,Cabana v. Bullock,3,5310,353,474 U.S. 376,1,5,4,1.0063059,.33405834,.1627384,.021472752,1986,.38988268,.30841655,-.48699775,.43951938,.65432578,.20228247
a4452,Transcontinental Gas Pipe Line Corp. v. State Oil & Gas Board,1,4681,4098,474 U.S. 409,10,5,4,.26252365,.123107,.03118366,.0030777454,1986,.14247924,.079581141,-1.0450019,-1.1669959,-1.2549012,-1.155633
a4455,Midlantic National Bank v. New Jersey Department of Environmental Protection,1,3665,3334,474 U.S. 494,8,5,4,2.328826,.1381142,.080036297,.010350406,1986,.17815834,.10071325,.50518984,-1.0527074,-.97956342,-.509027
a446,Parr v. United States,1,2546,973,351 U.S. 513,9,5,4,.82154512,.3495928,.095366597,.010992885,1956,.19913673,.25608498,-.62560993,.55782318,-.81767195,-.2951529
a448,Cole v. Young,1,8549,1417,351 U.S. 536,3,6,3,1.282791,.20826244,.085118353,.011461794,1956,.30481595,.22673702,-.27957174,-.51848841,-.0021392212,-.26673311
a4496,Hyde v. Van Wormer,1,92,126,474 U.S. 992,,,,5.7416091,.44354141,.2804167,.071199477,1985,.38586605,.46161258,3.0655451,1.2732956,.62332916,1.6540567
a450,Mesarosh v. United States,1,3882,4968,352 U.S. 1,1,5,3,.52035779,.1908143,.035862859,.0062231421,1956,.16288233,.099013031,-.85156822,-.651366,-1.0974493,-.86679453
a451,Bank of America National Trust & Savings Ass'n v. Parnell,1,1449,344,352 U.S. 29,10,7,2,3.6529493,.35210851,.1755434,.022084892,1956,.46031046,.46263075,1.4985803,.57698172,1.1978211,1.0911278
a452,United States v. Bergh,1,2495,3269,352 U.S. 40,8,5,3,.052722201,.10466546,.037840601,.0030026436,1956,.16169411,.11218387,-1.2024001,-1.3074387,-1.1066189,-1.2054859
a4524,Pacific Gas & Electric Co. v. Public Utilities Commission,1,5642,3059,475 U.S. 1,3,5,3,2.5332873,.2305236,.065024301,.0049368143,1986,.29436785,.16838497,.65858185,-.34895697,-.082767814,.07561902
a4524,Pacific Gas & Electric Co. v. Public Utilities Commission,2,5642,1844,475 U.S. 1,3,5,3,1.5172516,.21292721,.092253201,.009358108,1986,.25963515,.18468374,-.10367354,-.48296356,-.35080209,-.31247973
a4525,"City of Renton v. Playtime Theatres, Inc.",1,4070,3296,475 U.S. 41,3,7,2,1.0740736,.12563014,.024619,.0053572655,1986,.18343008,.10582936,-.43615681,-1.1477808,-.93888116,-.84093958
a4526,United States v. Mechanik,1,2174,2885,475 U.S. 66,1,8,1,1.2498971,.25860083,.058672398,.0091344118,1986,.26752931,.20666921,-.30424955,-.13513277,-.28988242,-.24308825
a4527,New York v. Class,1,4094,461,475 U.S. 106,1,5,4,.60297781,.30722415,.17035291,.031195223,1986,.29754955,.27024156,-.78958464,.23516166,-.058214474,-.20421249
a4528,Texas v. McCullough,1,3074,3609,475 U.S. 134,1,6,3,.311102,.18104863,.047039028,.0045660734,1986,.15254849,.11522931,-1.0085572,-.72573715,-1.1771961,-.97049683
a453,United States v. Western Pacific Railroad,1,5474,58,352 U.S. 59,9,6,1,4.190558,.62809485,.45829269,.083163917,1956,.66853118,.59380889,1.9019078,2.6787758,2.8046727,2.4617853
a4532,Morris v. Mathews,1,3628,312,475 U.S. 237,1,7,2,1.0001862,.4180572,.1084825,.046283185,1986,.35088867,.32572842,-.49158895,1.0792187,.3534067,.31367883
a4532,Morris v. Mathews,2,3628,514,475 U.S. 237,1,7,2,1.1668817,.49597439,.1429033,.029755116,1986,.38268334,.28550541,-.36652982,1.6726028,.598768,.634947
a4533,Fisher v. City of Berkeley,1,2898,2488,475 U.S. 260,8,8,1,1.1926451,.13862896,.038281139,.0053374171,1986,.19831353,.11894858,-.3472015,-1.0487872,-.82402462,-.74000442
a4535,Whitley v. Albers,1,4601,2266,475 U.S. 312,1,5,4,.44385725,.1458644,.034931,.0069475174,1986,.24569249,.15499651,-.90896082,-.99368525,-.45839843,-.78701484
a4537,Exxon Corp. v. Hunt,1,6610,3411,475 U.S. 355,10,7,1,.55534822,.1360804,.042799652,.0051012039,1986,.16581863,.10110021,-.8253175,-1.0681961,-1.0747898,-.98943442
a4538,United States v. Inadi,1,3890,3602,475 U.S. 387,1,7,2,1.2068731,.17132956,.045167498,.0067914128,1986,.19768679,.16157138,-.33652729,-.79975349,-.82886124,-.65504736
a4539,Moran v. Burbine,1,6307,13181,475 U.S. 412,1,6,3,.39085948,.13142645,.0289618,.0047888756,1986,.24358594,.84386766,-.94872111,-1.1036385,-.47465476,-.84233814
a454,United States v. Chesapeake & Ohio Railway Co.,1,1253,58,352 U.S. 77,9,6,1,3.9058375,.63972503,.34091717,.073648274,1956,.65207291,.5876134,1.6883034,2.7673461,2.6776633,2.3777709
a4540,Pembaur v. City of Cincinnati,1,5040,3620,475 U.S. 469,2,6,3,1.1817392,.27299139,.060629249,.006988883,1986,.28825396,.16748327,-.35538334,-.025540441,-.12994903,-.17029093
a4541,Goldman v. Weinberger,1,1956,3428,475 U.S. 503,3,5,4,.65217632,.1998778,.062079601,.012506127,1986,.206034,.16147858,-.75267464,-.58234227,-.7644453,-.69982076
a4541,Goldman v. Weinberger,2,1956,1125,475 U.S. 503,3,5,4,.63021606,.28193647,.090781502,.015599906,1986,.23968506,.1894567,-.76914978,.042581446,-.50475812,-.41044214
a4541,Goldman v. Weinberger,3,1956,1675,475 U.S. 503,3,5,4,.796754,.28968656,.096313544,.010922849,1986,.24893612,.18047994,-.64420885,.10160284,-.43336719,-.32532439
a4542,Bender v. Williamsport Area School District,1,4544,1295,475 U.S. 534,3,5,4,2.6155105,.28486079,.14695585,.015899062,1986,.32912999,.27060241,.72026771,.064851843,.18549371,.32353777
a4542,Bender v. Williamsport Area School District,2,4544,413,475 U.S. 534,3,5,4,3.7592118,.3890956,.26085305,.030250251,1986,.44629693,.40045285,1.5783011,.85865963,1.0896779,1.1755462
a4544,Matsushita Electric Industrial Co. v. Zenith Radio Corp.,1,7612,2970,475 U.S. 574,8,5,4,.62356871,.12541971,.060904741,.006452322,1986,.22784913,.13228548,-.77413678,-1.1493833,-.59609675,-.8398723
a4545,Golden State Transit Corp. v. City of Los Angeles,1,3681,1278,475 U.S. 608,10,8,1,2.1025996,.26201761,.11179334,.011810958,1986,.27827466,.23225385,.33546919,-.10911207,-.20695995,.0064657233
a4546,Michigan v. Jackson,1,3675,1858,475 U.S. 625,1,6,3,.56692469,.27080721,.068207502,.0098925233,1986,.2509554,.25031644,-.81663257,-.042174242,-.41778421,-.42553034
a4548,Delaware v. Van Arsdall,1,3569,957,475 U.S. 673,1,7,2,1.4405413,.26637983,.0750264,.011598825,1986,.26853383,.21834934,-.16122356,-.075891227,-.28213051,-.17308177
a4548,Delaware v. Van Arsdall,2,3569,7289,475 U.S. 673,1,7,2,5.8533502,.70708269,.18510497,.025668561,1986,.50230622,.35383344,3.1493762,3.2803133,1.5219049,2.6505315
a4549,"Icicle Seafoods, Inc. v. Worthington",1,1610,531,475 U.S. 709,9,8,1,1.7452948,.214448,.06107473,.010099649,1986,.18484622,.21787405,.067410171,-.47138184,-.92795265,-.44397476
a455,Putnam v. Commissioner,1,3734,3058,352 U.S. 82,12,8,1,.290077,.097747698,.037261371,.0076812506,1956,.14218545,.15763396,-1.0243306,-1.3601215,-1.2571684,-1.2138735
a4550,Evans v. Jeff D. ex rel. Johnson,1,9235,8374,475 U.S. 717,6,6,3,.88828737,.12026465,.050142001,.0049085617,1986,.33958763,.15944129,-.57553828,-1.188642,.26619589,-.49932814
a4551,"Philadelphia Newspapers, Inc. v. Hepps",1,3850,3868,475 U.S. 767,3,5,4,.74071187,.16119576,.0362795,.0058298111,1986,.22278666,.16552615,-.68625307,-.87692821,-.63516402,-.73278177
a4553,City of Los Angeles v. Heller,1,908,55,475 U.S. 796,2,6,2,6.1904988,.69045037,.3831785,.097204506,1986,.81756175,.82407093,3.4023135,3.1536486,3.9547503,3.5035708
a4553,City of Los Angeles v. Heller,2,908,3301,475 U.S. 796,2,6,2,1.0994357,.4208903,.1244811,.014641345,1986,.33058304,.27284282,-.41712949,1.1007944,.19670692,.2934573
a4554,Dennison Manufacturing Co. v. Panduit Corp.,1,666,56,475 U.S. 809,8,8,1,3.9563844,.65596265,.4613336,.13171351,1986,.82110173,.83467489,1.7262249,2.891005,3.9820685,2.8664329
a4557,Sorenson v. Secretary of the Treasury,1,4464,615,475 U.S. 851,12,8,1,.94407737,.29090571,.13753501,.023719072,1986,.35328716,.26261073,-.53368318,.1108874,.371916,-.016959928
a4558,"New York v. P. J. Video, Inc.",1,4655,1593,475 U.S. 868,3,6,3,2.1741312,.29715249,.10940605,.010786653,1986,.21176898,.19105601,.38913393,.15846017,-.72018814,-.057531346
a456,Walker v. City of Hutchinson,1,1804,2651,352 U.S. 112,4,6,2,.65614605,.2371493,.070905574,.010836422,1956,.27372342,.20130217,-.74969649,-.29849848,-.24208207,-.43009233
a456,Walker v. City of Hutchinson,2,1804,395,352 U.S. 112,4,6,2,2.1810799,.31893849,.1848409,.015043497,1956,.37626344,.28336084,.39434701,.32437307,.54922527,.42264846
a457,Massachusetts Bonding & Insurance v. United States,1,1807,2110,352 U.S. 128,8,5,4,.56679589,.23889244,.051821351,.0081958771,1956,.22284091,.18953347,-.81672919,-.28522348,-.63474548,-.57889938
a459,United States v. Interstate Commerce Commission,1,5363,825,352 U.S. 158,8,6,2,.72552991,.1907115,.094195962,.012998998,1956,.20741522,.19144928,-.69764298,-.6521489,-.75378639,-.70119274
a460,Fikes v. Alabama,1,2159,578,352 U.S. 191,1,6,3,1.795802,.30517715,.10850406,.01434958,1957,.40126967,.27427584,.10530192,.21957257,.7421999,.35569146
a4604,Equal Employment Opportunity Commission v. Federal Labor Relations Authority,1,1446,27,476 U.S. 19,9,7,2,5.100491,.71685749,.62728453,.1780799,1986,.8460148,.74421322,2.5845623,3.354754,4.174324,3.3712134
a4604,Equal Employment Opportunity Commission v. Federal Labor Relations Authority,2,1446,1140,476 U.S. 19,9,7,2,2.5496092,.2412964,.1347089,.0087568164,1986,.32494557,.22293103,.67082691,-.26691598,.15320225,.1857044
a4605,Turner v. Murray,1,3205,2948,476 U.S. 28,1,7,2,.59986436,.17310876,.022386551,.002997458,1986,.15384799,.1388824,-.79192042,-.78620386,-1.1671679,-.91509742
a4607,Batson v. Kentucky,1,6863,7453,476 U.S. 79,2,7,2,.97792685,.2102021,.05478853,.011160374,1986,.30708677,.17683578,-.50828844,-.50371683,.015384814,-.33220682
a4607,Batson v. Kentucky,2,6863,1786,476 U.S. 79,2,7,2,.4059957,.18022215,.05044603,.011589944,1986,.27996105,.19342029,-.93736553,-.73203129,-.19394594,-.62111425
a4608,Poland v. Arizona,1,2983,1184,476 U.S. 147,1,6,3,.24081689,.18637574,.051102899,.0076927543,1986,.15622592,.15416658,-1.0612868,-.68516821,-1.1488173,-.96509075
a4609,Lockhart v. McCree,1,6647,7559,476 U.S. 162,1,6,3,.36539134,.1295979,.031123601,.0036842823,1986,.25489247,.18062872,-.96782792,-1.117564,-.38740167,-.82426453
a461,"Leiter Minerals, Inc. v. United States",1,2950,587,352 U.S. 220,9,8,1,4.2796869,.4409152,.13548601,.017027915,1957,.44706994,.29669291,1.9687746,1.2532955,1.0956433,1.4392378
a4610,California v. Ciraolo,1,2109,3603,476 U.S. 207,1,5,4,.49486437,.169478,.059369899,.0075175762,1986,.16901183,.14839631,-.87069404,-.81385416,-1.0501477,-.9115653
a4612,Wygant v. Jackson Board of Education,1,5017,5789,476 U.S. 267,2,5,4,.84205467,.1245892,.033514261,.0031349659,1986,.22545046,.1033327,-.61022317,-1.1557081,-.61460739,-.79351288
a4612,Wygant v. Jackson Board of Education,2,5017,2633,476 U.S. 267,2,5,4,2.8518224,.21842229,.04550004,.0052919984,1986,.29774004,.12872994,.89755481,-.44111535,-.056744404,.13323168
a4613,Henderson v. United States,1,3717,2443,476 U.S. 321,1,5,4,.97591382,.1836326,.0515876,.007543385,1986,.26670557,.20409608,-.50979871,-.7060588,-.29623923,-.50403225
a4614,Bowen v. Owens,1,2958,1071,476 U.S. 340,2,6,3,.39273813,.32529649,.1203017,.010018647,1986,.21579307,.19030023,-.9473117,.37279287,-.689134,-.42121762
a4614,Bowen v. Owens,2,2958,116,476 U.S. 340,2,6,3,1.0344788,.35961723,.19066983,.037596464,1986,.38729721,.379767,-.4658618,.63416493,.63437355,.2675589
a4616,"Square D Co. v. Niagara Frontier Tariff Bureau, Inc.",1,5054,60,476 U.S. 409,8,8,1,4.9700556,.46896821,.45982915,.077998757,1986,.65639198,.62985551,2.4867063,1.4669353,2.7109938,2.2215452
a4617,Federal Deposit Insurance v. Philadelphia Gear Corp.,1,4404,1371,476 U.S. 426,8,6,3,.94877076,.1816386,.057788201,.012088537,1986,.28528911,.14570904,-.5301621,-.72124422,-.15282899,-.46807843
a4619,"South Carolina v. Catawba Indian Tribe, Inc.",1,4577,6551,476 U.S. 498,2,6,3,.8595559,.1619543,.028783601,.0039466619,1986,.19011754,.091919959,-.59709328,-.87115145,-.88727361,-.78517276
a462,Paoli v. United States,1,4356,565,352 U.S. 232,1,5,4,3.2968009,.35443091,.15028507,.029080391,1957,.4760915,.33634818,1.2313888,.59466815,1.3196044,1.0485538
a4620,Lee v. Illinois,1,5496,3504,476 U.S. 530,1,5,4,.23617361,.19052909,.0426258,.010622799,1986,.26458466,.12600148,-1.0647703,-.65353805,-.31260645,-.67697161
a4621,Brown-Forman Distillers Corp. v. New York State Liquor Authority,1,3657,2242,476 U.S. 573,8,5,3,.33908242,.1226884,.046552058,.0064305067,1986,.29239804,.15077484,-.98756552,-1.1701838,-.097968988,-.7519061
a4622,"United States v. Hughes Properties, Inc.",1,3968,811,476 U.S. 593,12,7,2,1.1286392,.2270305,.097500302,.010364771,1986,.3062067,.22483492,-.39522028,-.37555891,.008593319,-.25406197
a4623,Bowen v. American Hospital Ass'n,1,12739,6127,476 U.S. 610,2,5,3,1.2807082,.109602,.041524049,.006703496,1986,.16641641,.87163472,-.28113434,-1.2698442,-1.0701766,-.87371838
a4623,Bowen v. American Hospital Ass'n,2,12739,132,476 U.S. 610,2,5,3,2.8401558,.42729676,.21834266,.04153192,1986,.44804454,.94230747,.88880229,1.1495833,1.1031643,1.0471833
a4624,Bowen v. Roy,1,5950,42,476 U.S. 693,3,8,1,3.6699386,.67259377,.5714795,.10659742,1986,.64133459,.71477079,1.5113261,3.0176604,2.594795,2.3745937
a4625,Thornburgh v. American College of Obstetricians & Gynecologists,1,7582,1206,476 U.S. 747,5,5,4,2.4637504,.29439709,.12702054,.012563825,1986,.38612193,.30226445,.60641348,.13747619,.6253038,.45639783
a4625,Thornburgh v. American College of Obstetricians & Gynecologists,2,7582,9852,476 U.S. 747,5,5,4,2.0227692,.22957049,.067034237,.012304306,1986,.2985093,.16493529,.27557841,-.35621542,-.050807998,-.043815002
a4625,Thornburgh v. American College of Obstetricians & Gynecologists,3,7582,6433,476 U.S. 747,5,5,4,1.2497525,.2202397,.076323867,.011351466,1986,.24543244,.14892489,-.30435804,-.42727476,-.46040529,-.39734602
a4626,"Three Affiliated Tribes of the Fort Berthold Reservation v. Wold Engineering, P. C.",1,5103,1149,476 U.S. 877,2,6,3,1.8678013,.1747307,.041217498,.0085815191,1986,.21796745,.20812386,.15931761,-.77385181,-.67235422,-.4289628
a4627,Attorney General of New York v. Soto-Lopez,1,4457,681,476 U.S. 898,2,6,3,.64180166,.41531551,.1988226,.012859285,1986,.44844413,.32778245,-.76045799,1.0583392,1.1062479,.46804306
a4627,Attorney General of New York v. Soto-Lopez,2,4457,2423,476 U.S. 898,2,6,3,.35673776,.20711195,.035069201,.0071064234,1986,.16974801,.13334858,-.97432005,-.52725005,-1.0444665,-.84867889
a4628,Lyng v. Payne,1,5210,3311,476 U.S. 926,4,8,1,.87252104,.1117804,.0244749,.0033922195,1986,.18022108,.11528629,-.58736652,-1.2532544,-.96364516,-.93475538
a4629,Young v. Community Nutrition Institute,1,2782,1654,476 U.S. 974,9,8,1,1.5895028,.22419129,.1029834,.0096392035,1986,.23320282,.19847548,-.049468882,-.39718112,-.55478197,-.33381066
a463,La Buy v. Howes Leather Co.,1,3215,3146,352 U.S. 249,9,5,4,1.9276317,.34781635,.094282798,.009807229,1957,.30674434,.20879948,.20420389,.54429448,.012742271,.25374687
a4658,Wardair Canada Inc. v. Florida Department of Revenue,1,3410,767,477 U.S. 1,10,8,1,1.0821579,.25550205,.11880547,.014442027,1986,.24654657,.19052052,-.43009177,-.1587318,-.45180747,-.34687701
a4659,Schiavone v. Fortune,1,3566,2889,477 U.S. 21,9,6,3,1.2381806,.21288466,.0479187,.0066795349,1986,.15379775,.13406008,-.31303957,-.48328757,-1.1675556,-.65462756
a4661,McMillan v. Pennsylvania,1,4465,483,477 U.S. 79,4,5,4,.77618331,.26256746,.12991905,.015253365,1986,.38125515,.30797243,-.6596415,-.10492463,.58774662,-.058939837
a4661,McMillan v. Pennsylvania,2,4465,3303,477 U.S. 79,4,5,4,.49218345,.24446416,.053782701,.0050094128,1986,.18060547,.1595571,-.87270534,-.24279164,-.96067882,-.69205862
a4662,United States v. American Bar Endowment,1,4210,4043,477 U.S. 105,12,6,1,.53952324,.15518874,.049412299,.006749332,1986,.21846896,.16658992,-.83718979,-.92267507,-.66848397,-.80944961
a4663,Maine v. Taylor,1,7016,505,477 U.S. 131,8,8,1,2.5055659,.35541919,.11360943,.018599272,1986,.3387413,.25996393,.63778454,.60219443,.25966474,.49988124
a4664,Darden v. Wainwright,1,6466,55,477 U.S. 168,1,5,4,3.8496053,.56635696,.49119055,.12617856,1986,.64734524,.60514015,1.6461165,2.2086062,2.6411796,2.1653008
a4664,Darden v. Wainwright,2,6466,6530,477 U.S. 168,1,5,4,1.1498706,.14061411,.0357951,.0087059736,1986,.21495187,.12786275,-.37929195,-1.0336692,-.6956256,-.70286226
a4666,"Anderson v. Liberty Lobby, Inc.",1,4594,4048,477 U.S. 242,3,6,3,.78734064,.23269621,.052507501,.0065816641,1986,.32602149,.23174822,-.65127099,-.33241135,.16150522,-.27405903
a4666,"Anderson v. Liberty Lobby, Inc.",2,4594,1480,477 U.S. 242,3,6,3,1.6122175,.28185409,.084645398,.012197196,1986,.35375106,.24946046,-.032427721,.041954122,.37549594,.12834078
a4667,"International Union, United Automobile, Aerospace, & Agricultural Implement Workers v. Brock",1,5463,881,477 U.S. 274,9,5,4,1.7110444,.35985017,.091357403,.010621369,1986,.35997152,.34831959,.041714679,.63593888,.42349961,.36705106
a4667,"International Union, United Automobile, Aerospace, & Agricultural Implement Workers v. Brock",2,5463,723,477 U.S. 274,9,5,4,1.6930281,.26826555,.17113984,.014010072,1986,.34796381,.23726219,.028198373,-.061530448,.33083537,.099167764
a4669,Celotex Corp. v. Catrett,1,3208,3103,477 U.S. 317,9,5,4,.57735449,.25869584,.055473998,.0078324676,1986,.25699586,.22812665,-.80880785,-.13440922,-.37116969,-.43812892
a4669,Celotex Corp. v. Catrett,2,3208,807,477 U.S. 317,9,5,4,1.3201454,.28724724,.113945,.029287815,1986,.3235566,.2122581,-.25154757,.083026029,.14248352,-.0086793425
a467,Rayonier Inc. v. United States,1,1794,103,352 U.S. 315,8,7,2,3.3165121,.4091717,.30928609,.045799017,1957,.4543072,.41329819,1.2461767,1.0115505,1.1514935,1.1364069
a4670,MacDonald v. County of Yolo,1,4174,3404,477 U.S. 340,4,5,4,.82977569,.076403439,.024225529,.0042729378,1986,.20996237,.11530089,-.61943519,-1.5226703,-.73412991,-.95874512
a4670,MacDonald v. County of Yolo,2,4174,146,477 U.S. 340,4,5,4,1.6058443,.31135091,.24829775,.039265573,1986,.45122671,.44641978,-.03720912,.26658928,1.1277213,.45236716
a4672,Ford v. Wainwright,1,5502,1549,477 U.S. 399,1,5,4,2.3473716,.26162469,.073298037,.0048543811,1986,.26294726,.205401,.51910323,-.11210433,-.32524234,.027252184
a4673,Kuhlmann v. Wilson,1,7953,5093,477 U.S. 436,1,6,3,.74836218,.12901939,.024211651,.0025907755,1986,.11342055,.085803747,-.68051362,-1.1219696,-1.4791489,-1.0938773
a4673,Kuhlmann v. Wilson,2,7953,180,477 U.S. 436,1,6,3,3.2513919,.47173321,.2322503,.026657462,1986,.43178356,.36102492,1.1973219,1.4879923,.97767729,1.2209971
a4674,Murray v. Carrier,1,5287,3469,477 U.S. 478,1,7,2,2.2952306,.22375681,.049185801,.0060552955,1986,.31026471,.24392921,.47998577,-.40048999,.039909169,.039801653
a4675,Smith v. Murray,1,3565,6094,477 U.S. 527,1,5,4,1.705133,.2103584,.070316099,.0075535774,1986,.27088857,.15319878,.037279747,-.50252652,-.26395881,-.24306853
a4676,City of Riverside v. Rivera,1,5830,272,477 U.S. 561,6,5,4,2.6497877,.44584981,.17996369,.028020382,1986,.56771076,.44079238,.74598336,1.2908753,2.0266356,1.3544981
a4676,City of Riverside v. Rivera,2,5830,2753,477 U.S. 561,6,5,4,.37839398,.1796917,.053578261,.00651443,1986,.20460659,.1349194,-.95807302,-.73607099,-.77546072,-.8232016
a4677,United States Department of Transportation v. Paralyzed Veterans of America,1,4998,1643,477 U.S. 597,2,6,3,.71593934,.2063017,.054338042,.0058389306,1986,.17121482,.12475342,-.70483804,-.53342056,-1.033147,-.75713521
a4679,Lyng v. Castillo,1,2801,24,477 U.S. 635,2,6,3,1.146906,.49684101,.57191396,.1166119,1986,.6003623,.66939116,-.38151607,1.6792026,2.2786095,1.1920986
a4679,Lyng v. Castillo,2,2801,29,477 U.S. 635,2,6,3,2.2391331,.47840631,.61827099,.1483041,1986,.66538286,.71062088,.43790004,1.5388118,2.7803769,1.5856962
a4679,Lyng v. Castillo,3,2801,1183,477 U.S. 635,2,6,3,.75944388,.1810417,.061225999,.009747386,1986,.31672341,.18133867,-.67219985,-.72578996,.08975134,-.4360795
a468,In re Groban,1,1571,5526,352 U.S. 330,1,5,4,2.818927,.26978251,.1216328,.014790297,1957,.28906322,.22985905,.87287593,-.049977869,-.12370399,.2330647
a4683,Press-Enterprise Co. v. Superior Court of California,1,4071,5105,478 U.S. 1,3,7,2,1.3637614,.15392137,.030045999,.0078904629,1986,.16989797,.10849077,-.21882571,-.93232685,-1.0433092,-.73148727
a4686,Bowers v. Hardwick,1,3141,5701,478 U.S. 186,5,5,4,1.6358817,.2316187,.083803199,.012445629,1986,.25779617,.15425587,-.01467431,-.34061715,-.36499363,-.24009503
a4686,Bowers v. Hardwick,2,3141,2369,478 U.S. 186,5,5,4,1.491856,.32830921,.091062397,.013721287,1986,.33621317,.16813749,-.12272598,.39573643,.24015501,.17105515
a4687,Japan Whaling Ass'n v. American Cetacean Society,1,6262,2584,478 U.S. 221,8,5,4,.66614091,.158749,.03446364,.0086504817,1986,.16917926,.10709292,-.74219805,-.89556164,-1.0488555,-.89553839
a4688,Acosta v. Louisiana Department of Health & Human Resources,1,903,58,478 U.S. 251,9,7,2,.81553042,.4231579,.40459359,.12916666,1986,.71856558,.749614,-.6301223,1.1180636,3.1907911,1.2262441
a4689,Allen v. Hardy,1,1864,1140,478 U.S. 255,1,6,3,1.4735496,.30116931,.082847357,.017874122,1986,.34037262,.25442392,-.13645987,.18905053,.27225372,.10828146
a469,Pollard v. United States,1,2739,1707,352 U.S. 354,1,5,4,.85850263,.21363395,.082669497,.0097338557,1957,.19988912,.24941194,-.59788352,-.47758129,-.81186575,-.62911022
a4691,Library of Congress v. Shaw,1,4055,1570,478 U.S. 310,6,6,3,2.0094175,.34060276,.072604664,.0069825053,1986,.26335126,.14789939,.26556164,.48935881,-.32212466,.14426526
a4692,Posadas de Puerto Rico Associates v. Tourism Co. of Puerto Rico,1,6123,3454,478 U.S. 328,3,5,4,1.0690629,.20235294,.039573301,.011515975,1986,.27637142,.12555933,-.4399159,-.56349266,-.22164732,-.40835196
a4692,Posadas de Puerto Rico Associates v. Tourism Co. of Puerto Rico,2,6123,1641,478 U.S. 328,3,5,4,1.2538315,.28692967,.074524298,.01604414,1986,.37248975,.19099957,-.3012979,.080607526,.52010351,.099804379
a4693,Allen v. Illinois,1,3389,3003,478 U.S. 364,1,5,4,.88696015,.13258225,.049113501,.0061321259,1986,.23098338,.17269367,-.57653397,-1.0948365,-.57190955,-.74776
a4694,Bazemore v. Friday,1,854,3940,478 U.S. 385,2,9,0,6.0789752,.39423451,.14679265,.016102612,1986,.51665485,.27922815,3.3186455,.89779532,1.632634,1.9496917
a4695,Local 28 of the Sheet Metal Workers' International Ass'n v. Equal Employment Opportunity Commission,1,19871,303,478 U.S. 421,2,5,4,1.1290857,.29868391,.1073588,.021341145,1986,.34232914,.98303634,-.39488533,.17012283,.28735232,.020863274
a4695,Local 28 of the Sheet Metal Workers' International Ass'n v. Equal Employment Opportunity Commission,2,19871,209,478 U.S. 421,2,5,4,1.2624546,.41318119,.2051897,.030732393,1986,.41420937,.93101037,-.29482862,1.0420852,.84205621,.52977091
a4696,"Local Number 93, International Ass'n of Firefighters v. City of Cleveland",1,9264,1326,478 U.S. 501,2,6,3,2.2932415,.21562016,.084288999,.013690114,1986,.30249959,.1606341,.47849348,-.46245518,-.020014675,-.0013254589
a4696,"Local Number 93, International Ass'n of Firefighters v. City of Cleveland",2,9264,3442,478 U.S. 501,2,6,3,.43865672,.1418474,.0340636,.0046203136,1986,.19837904,.10243613,-.91286242,-1.024277,-.82351911,-.92021948
a4698,Rose v. Clark,1,4428,2068,478 U.S. 570,1,6,3,1.0423132,.19583416,.056191798,.0052636862,1986,.17781085,.14625424,-.45998421,-.61313689,-.98224509,-.68512207
a4699,United States v. James,1,4842,2729,478 U.S. 597,8,6,3,1.1461374,.20894617,.07007724,.0075259209,1986,.2451002,.17472994,-.38209274,-.51328146,-.46296918,-.45278114
a470,Senko v. LaCrosse Dredging Corp.,1,1332,1813,352 U.S. 370,8,6,3,2.2994668,.34689981,.085889302,.011157453,1957,.27851492,.18231106,.48316389,.53731447,-.2051058,.27179086
a4700,Baker v. General Motors Corp.,1,5698,2821,478 U.S. 621,10,6,3,.95051998,.1693345,.057905439,.008410871,1986,.21405166,.11410928,-.52884978,-.81494701,-.70257258,-.68212312
a4701,Randall v. Loftsgaarden,1,6014,1424,478 U.S. 647,8,8,1,1.2210431,.19318664,.098743603,.0092906952,1986,.19829524,.17005491,-.32589656,-.63329929,-.82416582,-.59445387
a4702,Bethel School District No. 403 v. Fraser,1,3066,173,478 U.S. 675,3,7,2,2.1703112,.31451875,.21800697,.033111155,1986,.47663552,.44320303,.38626811,.29071417,1.3238025,.66692823
a4702,Bethel School District No. 403 v. Fraser,2,3066,2043,478 U.S. 675,3,7,2,.86673403,.210354,.04604423,.006251812,1986,.25937611,.17493451,-.59170812,-.50256002,-.35280114,-.48235643
a4703,"Arcara v. Cloud Books, Inc.",1,3004,1588,478 U.S. 697,3,6,3,1.1005415,.23482525,.059986599,.012206614,1986,.19592923,.15473592,-.41629991,-.31619743,-.84242445,-.52497393
a4704,Bowsher v. Synar,1,6069,6450,478 U.S. 714,13,7,2,1.0803223,.14094985,.034339398,.0068951845,1986,.20482421,.1785332,-.43146887,-1.0311124,-.77378136,-.74545419
a4704,Bowsher v. Synar,2,6069,3827,478 U.S. 714,13,7,2,.77912295,.18868481,.029931299,.0052577257,1986,.25250876,.11465418,-.65743613,-.66758335,-.40579689,-.57693881
a4706,Merrell Dow Pharmaceuticals Inc. v. Thompson ex rel. Thompson,1,4915,5433,478 U.S. 804,9,5,4,.82671142,.22957391,.0256673,.0041117072,1986,.23402667,.10170221,-.62173408,-.35618943,-.54842424,-.50878257
a4707,Commodity Futures Trading Commission v. Schor,1,7651,2795,478 U.S. 833,9,7,2,1.8317312,.2747992,.077234097,.012062669,1986,.33487451,.13810551,.13225691,-.011772942,.22982448,.11676949
a471,Nilva v. United States,1,3066,3219,352 U.S. 385,1,5,4,3.078212,.32619071,.096591063,.013242066,1957,.27318281,.221605,1.067398,.37960285,-.24625403,.40024891
a472,United States v. Turley,1,3309,338,352 U.S. 407,1,6,3,1.3381313,.41485286,.19926894,.036661148,1957,.39962137,.36466503,-.23805407,1.0548159,.72947979,.51541388
a4722,Rose v. Arkansas State Police,1,980,46,479 U.S. 1,10,8,1,5.8017201,.64844292,.54296041,.12695873,1986,.78950959,.90967572,3.110642,2.8337379,3.7382703,3.22755
a4723,"North Carolina Department of Transportation v. Crest Street Community Council, Inc.",1,3011,3380,479 U.S. 6,6,6,3,2.3243403,.3282361,.0611757,.0077052116,1986,.3344,.179241,.50182462,.39517969,.22616264,.37438899
a4724,Kelly v. Robinson,1,5238,2006,479 U.S. 36,8,7,2,1.8087137,.2032889,.0362872,.0052984357,1986,.18672192,.12452853,.11498859,-.55636483,-.91347778,-.45161802
a4726,Immigration & Naturalization Service v. Hector,1,2086,46,479 U.S. 85,2,7,2,5.2379141,.61368477,.56685042,.11507583,1986,.86137354,.88030905,2.6876605,2.5690348,4.2928486,3.1831813
a4727,City of Newport v. Iacobucci,1,1639,46,479 U.S. 92,3,5,4,5.5896282,.68654382,.55385405,.1214726,1986,.82180107,.86586273,2.9515252,3.123898,3.9874654,3.3542962
a4727,City of Newport v. Iacobucci,2,1639,2331,479 U.S. 92,3,5,4,2.0277219,.2972973,.1010922,.012802362,1986,.33456087,.23140669,.27929401,.15956298,.2274041,.22208703
a4728,"Cargill, Inc. v. Monfort of Colorado, Inc.",1,6460,2512,479 U.S. 104,8,6,2,.42674205,.19460845,.0816755,.0051042438,1986,.22918087,.15459257,-.92180109,-.62247139,-.58581954,-.71003067
a4729,Colorado v. Connelly,1,3881,4849,479 U.S. 157,1,7,2,.50035065,.130769,.0256733,.003158927,1986,.20638359,.12561244,-.8665781,-1.1086453,-.7617476,-.91232365
a473,Breithaupt v. Abram,1,2509,868,352 U.S. 432,1,6,3,3.5990851,.29258025,.24522901,.029543698,1957,.33574194,.27469325,1.4581701,.12363993,.23651846,.6061095
a473,Breithaupt v. Abram,2,2509,512,352 U.S. 432,1,6,3,4.9510622,.3330512,.32918954,.038879931,1957,.42197281,.37922657,2.4724569,.43184945,.90196723,1.2687578
a4730,Munro v. Socialist Workers Party,1,3008,2335,479 U.S. 189,2,7,2,.30200607,.1432731,.041461769,.0070623159,1986,.23116803,.14504838,-1.0153811,-1.0134195,-.57048452,-.86642838
a4731,Tashjian v. Republican Party of Connecticut,1,6625,1519,479 U.S. 208,2,5,4,4.462954,.33195066,.14393771,.019261122,1986,.30112082,.24300027,2.106266,.4234682,-.03065476,.83302647
a4731,Tashjian v. Republican Party of Connecticut,2,6625,1073,479 U.S. 208,2,5,4,1.2449718,.2255822,.11811113,.013051391,1986,.28626186,.25489521,-.30794472,-.38658857,-.14532223,-.27995184
a4732,"Federal Election Commission v. Massachusetts Citizens for Life, Inc.",1,7894,46,479 U.S. 238,3,5,4,1.5075874,.54601771,.44534481,.11926204,1986,.62138331,.56478482,-.11092385,2.0537112,2.4408298,1.4612057
a4733,California Federal Savings & Loan Ass'n v. Guerra,1,6323,2678,479 U.S. 272,2,6,3,1.0923781,.1425937,.04544365,.0066859126,1987,.18306106,.10853839,-.42242426,-1.0185935,-.94172883,-.79424888
a4734,Griffith v. Kentucky,1,4191,151,479 U.S. 314,1,6,3,2.3817608,.34576124,.22762419,.032839477,1987,.39780527,.3646735,.54490292,.52864361,.71546489,.59633714
a4734,Griffith v. Kentucky,2,4191,1752,479 U.S. 314,1,6,3,2.9901395,.25996211,.0975473,.010965824,1987,.3178007,.24125981,1.0013238,-.12476585,.098064885,.32487428
a4735,324 Liquor Corp. v. Duffy,1,5632,2498,479 U.S. 335,8,7,2,2.2937763,.37485296,.1223879,.014703631,1987,.34916657,.24063021,.47889468,.75019372,.34011716,.52306855
a4736,Burke v. Barnes,1,1051,471,479 U.S. 361,9,6,2,2.5787404,.26636034,.1517607,.018125474,1987,.26613939,.19672024,.69268185,-.076039657,-.30060852,.10534456
a4737,Colorado v. Bertine,1,2582,3588,479 U.S. 367,1,7,2,.50463027,.13030505,.04490906,.0058057308,1987,.18346071,.14931774,-.86336738,-1.1121786,-.93864477,-.97139692
a4738,Clarke v. Securities Industry Ass'n,1,3110,3935,479 U.S. 388,8,8,0,1.2573112,.17643321,.054035369,.006238997,1987,.1400795,.10784507,-.29868731,-.76088631,-1.2734201,-.77766454
a4739,Wright v. City of Roanoke Redevelopment & Housing Authority,1,4753,3052,479 U.S. 418,9,5,4,.6837607,.1441772,.06064713,.0047320127,1987,.22676992,.12028241,-.72897929,-1.0065342,-.60442501,-.77997953
a474,Radovich v. National Football League,1,2788,395,352 U.S. 445,8,6,3,2.7404494,.51233619,.3172709,.024335861,1957,.40729398,.40148151,.81400007,1.7972072,.78868979,1.133299
a474,Radovich v. National Football League,2,2788,196,352 U.S. 445,8,6,3,2.8371048,.35988796,.27763519,.025790989,1957,.4178291,.39688802,.88651335,.63622665,.86998993,.79757667
a4740,City of Pleasant Grove v. United States,1,3235,2583,479 U.S. 462,2,6,3,.89511472,.1782421,.054902259,.0069829226,1987,.23720676,.20095003,-.57041621,-.74711049,-.52388334,-.61380333
a4742,Connecticut v. Barrett,1,1941,505,479 U.S. 523,1,7,2,.86271131,.36948311,.13708305,.013534069,1987,.36662984,.34548217,-.59472603,.70929927,.47488222,.19648515
a4743,California v. Brown,1,1480,4922,479 U.S. 538,1,5,4,.33282223,.1937751,.082181796,.011608243,1987,.22441745,.17999792,-.99226207,-.6288178,-.62257922,-.74788636
a4743,California v. Brown,2,1480,625,479 U.S. 538,1,5,4,3.2179265,.35926941,.1541678,.018621743,1987,.37436342,.32418966,1.1722153,.6315161,.53456277,.7794314
a4744,Colorado v. Spring,1,3865,1576,479 U.S. 564,1,7,2,.62640667,.12487316,.042716861,.0092563033,1987,.21291661,.16059732,-.7720077,-1.1535455,-.71133184,-.87896168
a4747,McDougall v. North Carolina,1,348,51,479 U.S. 870,,,,6.7944531,.31766367,.77765638,.21569246,1986,.49164933,.59257686,3.8554151,.31466454,1.439665,1.8699149
a475,United States Gypsum Co. v. National Gypsum Co.,1,5585,787,352 U.S. 457,8,5,3,3.0818515,.23922575,.1018053,.023351908,1957,.30475241,.25955123,1.0701284,-.28268516,-.002629552,.26160458
a477,"Ferguson v. Moore-McCormack Lines, Inc.",1,814,10614,352 U.S. 521,8,5,3,2.9947009,.37862235,.18656117,.022496462,1957,.49749911,.98363936,1.0047458,.77889985,1.4848081,1.0894846
a478,"United States v. International Union United Automobile, Aircraft & Agricultural Implement Workers",1,7523,1765,352 U.S. 567,3,5,3,1.9521525,.2226709,.1208139,.012929797,1957,.37799823,.21563578,.22259998,-.4087598,.56261277,.12548432
a48,Foster v. Chatman,1,11398,4492,136 S. Ct. 1737,1,7,1,1.3408407,.1346681,.0248619,.0046012998,2016,.1580047,.86118156,-.23602141,-1.0789515,-1.1350902,-.8166877
a4808,Commissioner v. Groetzinger,1,4709,759,480 U.S. 23,12,6,3,1.7767116,.27228269,.12850875,.013715208,1987,.29422528,.22782737,.090979822,-.030937592,-.083868064,-.0079419445
a4809,Pennsylvania v. Ritchie,1,6638,2122,480 U.S. 39,1,5,4,2.0157878,.34475476,.0986607,.011267424,1987,.46939176,.33523875,.2703408,.52097869,1.267902,.68640715
a4809,Pennsylvania v. Ritchie,2,6638,2260,480 U.S. 39,1,5,4,1.9314085,.30199051,.08979857,.0070549846,1987,.34150386,.25293094,.20703733,.19530445,.28098354,.22777511
a4810,Maryland v. Garrison,1,3588,4361,480 U.S. 79,1,6,3,.41522527,.16159581,.034192398,.0055640936,1987,.21303767,.11034501,-.93044126,-.87388158,-.7103976,-.83824015
a4813,Hobbie v. Unemployment Appeals Commission,1,2912,33,480 U.S. 136,3,8,1,2.4684937,.51907802,.48548424,.10797238,1987,.66160131,.68258107,.60997206,1.8485501,2.7511945,1.7365723
a4814,United States v. Paradise,1,11236,42,480 U.S. 149,2,5,4,1.5996354,.66515702,.46261954,.091205657,1987,.63002074,.96829939,-.041867189,2.9610255,2.5074854,1.8088813
a4814,United States v. Paradise,2,11236,1755,480 U.S. 149,2,5,4,.41872087,.13530961,.062003501,.008895874,1987,.24123049,.91060102,-.92781878,-1.074066,-.49283198,-.83157229
a4815,California v. Cabazon Band of Mission Indians,1,6630,1833,480 U.S. 202,2,6,3,1.0961068,.16200539,.0373975,.0048701763,1987,.22173387,.13468218,-.41962692,-.87076235,-.64328855,-.64455926
a4816,Martin v. Ohio,1,2355,2676,480 U.S. 228,4,5,4,.66148382,.14092261,.073796868,.0083189011,1987,.19337565,.13476795,-.74569196,-1.0313199,-.86213058,-.87971413
a4818,City of Springfield v. Kibbe,1,827,4008,480 U.S. 257,2,5,4,1.4556296,.36096129,.1116688,.019847631,1987,.34359801,.24490607,-.14990392,.64440072,.29714423,.26388034
a482,Lawlor v. National Screen Service Corp.,1,122,1067,352 U.S. 992,,,,.40835494,.3773804,.24634534,.048564434,1957,.26009679,.26526672,-.93559557,.76944166,-.34723961,-.17113118
a4820,United States v. Dunn,1,3211,5143,480 U.S. 294,1,7,2,1.0890489,.1822658,.062043671,.0072816014,1987,.23975468,.15604907,-.42492196,-.71646774,-.5042209,-.5485369
a4821,Arizona v. Hicks,1,1853,159,480 U.S. 321,1,6,3,.77846009,.43820849,.180179,.02465409,1987,.42449999,.44991153,-.65793341,1.2326823,.92146957,.49873951
a4821,Arizona v. Hicks,2,1853,243,480 U.S. 321,1,6,3,.31071022,.34558517,.1516795,.019398808,1987,.46264499,.35024089,-1.0088511,.52730274,1.2158369,.24476285
a4821,Arizona v. Hicks,3,1853,1160,480 U.S. 321,1,6,3,.29366541,.20950794,.072060756,.01491046,1987,.20347452,.20166516,-1.0216385,-.50900322,-.78419697,-.77161288
a4821,Arizona v. Hicks,4,1853,2123,480 U.S. 321,1,6,3,.28685936,.2049222,.0541123,.0078877807,1987,.25264895,.2031616,-1.0267446,-.5439263,-.40471503,-.65846199
a4822,Illinois v. Krull,1,6628,65,480 U.S. 340,1,5,4,2.7350864,.59679621,.48878753,.13271409,1987,.77805674,.76934952,.80997664,2.4404187,3.6498878,2.3000944
a4822,Illinois v. Krull,2,6628,2658,480 U.S. 340,1,5,4,2.635535,.35428631,.063111998,.0083637238,1987,.26742548,.19182724,.73529065,.59356695,-.29068369,.34605798
a4824,Town of Newton v. Rumery,1,3275,6316,480 U.S. 386,2,5,4,1.5620729,.1616261,.046790838,.0074702501,1987,.1236276,.1274513,-.070047513,-.87365085,-1.4003804,-.78135955
a4825,Immigration & Naturalization Service v. Cardoza-Fonseca,1,10317,4601,480 U.S. 421,2,6,3,1.0622959,.10054606,.051807798,.0054017305,1987,.1815756,.88019192,-.44499269,-1.3388103,-.95319229,-.91233176
a4826,Keystone Bituminous Coal Ass'n v. DeBenedictis,1,11386,5020,480 U.S. 470,4,5,4,1.381986,.1035604,.031299099,.0029619336,1987,.18303478,.92453659,-.20515317,-1.3158544,-.94193172,-.82097977
a4829,California Coastal Commission v. Granite Rock Co.,1,6138,2689,480 U.S. 572,8,5,4,1.5087025,.16824806,.056997299,.005426228,1987,.22844392,.14383763,-.11008728,-.82322091,-.59150666,-.50827163
a483,Guss v. Utah Labor Relations Board,1,2912,2485,353 U.S. 1,10,6,2,.74428612,.16283524,.027640341,.0030428171,1957,.21235526,.1766119,-.68357158,-.86444259,-.71566385,-.75455934
a4830,Johnson v. Transportation Agency,1,8261,137,480 U.S. 616,2,6,3,1.167785,.36548641,.26567733,.043580353,1987,.5050506,.44734824,-.36585209,.67886209,1.5430834,.61869782
a4830,Johnson v. Transportation Agency,2,8261,6671,480 U.S. 616,2,6,3,.93549991,.14725995,.0378948,.0078078508,1987,.25589222,.12813216,-.54011822,-.98305732,-.37968653,-.63428736
a4831,O'Connor v. Ortega,1,5827,5859,480 U.S. 709,1,5,4,.84405893,.13108456,.0414639,.0072438121,1987,.19411409,.10187066,-.60871953,-1.1062422,-.85643202,-.85713124
a4842,CTS Corp. v. Dynamics Corp. of America,1,7702,1461,481 U.S. 69,8,6,3,1.9591202,.2130755,.086131901,.0075774193,1987,.24843776,.16288501,.2278273,-.4818342,-.437213,-.23040664
a4843,"United States v. John Doe, Inc. I",1,4623,3861,481 U.S. 102,1,5,3,.76381189,.13483816,.034708299,.003616333,1987,.25066376,.17720824,-.66892284,-1.0776564,-.42003489,-.72220469
a4844,Tison v. Arizona,1,6899,9699,481 U.S. 137,1,5,4,.61786133,.099541798,.025784001,.0057725906,1987,.14038813,.083852708,-.7784186,-1.3464584,-1.2710384,-1.1319718
a4845,Cruz v. New York,1,2052,1739,481 U.S. 186,1,5,4,.55158895,.26271886,.070903897,.0092571974,1987,.1922245,.27040422,-.82813781,-.10377166,-.87101406,-.6009745
a4846,Richardson v. Marsh,1,3616,3116,481 U.S. 200,1,6,3,.70663512,.1155373,.038719948,.0068781376,1987,.19604087,.15923578,-.71181834,-1.2246435,-.84156293,-.92600822
a4847,"Arkansas Writers' Project, Inc. v. Ragland",1,3547,1096,481 U.S. 221,8,7,2,2.4793015,.3487128,.18471146,.013293743,1987,.44818884,.32169521,.61808032,.55112147,1.1042778,.75782657
a4848,United States v. General Dynamics Corp.,1,2283,1488,481 U.S. 239,12,6,3,1.6499183,.22208861,.089304902,.011872053,1987,.24019682,.16690052,-.004143659,-.4131943,-.50080884,-.30604893
a4849,"Brock v. Roadway Express, Inc.",1,4229,2019,481 U.S. 252,4,6,3,1.4474169,.21585441,.071771443,.0096715093,1987,.23598593,.15594256,-.15606529,-.46067128,-.53330451,-.38334703
a485,Roviaro v. United States,1,3850,1794,353 U.S. 53,1,6,1,2.131012,.30641073,.094161898,.012493134,1957,.29075956,.18398702,.35678482,.22896697,-.11061317,.15837954
a4850,McCleskey v. Kemp,1,13650,8435,481 U.S. 279,1,5,4,.96090078,.1137584,.0348377,.0055283904,1987,.16579688,.84954238,-.52106184,-1.2381908,-1.0749576,-.94473672
a4850,McCleskey v. Kemp,2,13650,7326,481 U.S. 279,1,5,4,.91171342,.1381231,.032650951,.0023448467,1987,.16953629,.83386242,-.55796343,-1.0526397,-1.0461003,-.88556778
a4850,McCleskey v. Kemp,3,13650,607,481 U.S. 279,1,5,4,1.0592365,.21581259,.069545567,.010238767,1987,.29027122,.91248035,-.44728792,-.46098971,-.11438172,-.34088644
a4851,Lukhard v. Reed,1,4352,2849,481 U.S. 368,2,5,4,.49199483,.118253,.026982799,.0034071803,1987,.14451742,.12039769,-.87284684,-1.2039618,-1.2391725,-1.105327
a4852,Montana v. Hall,1,1360,1854,481 U.S. 400,1,6,3,4.9741645,.71521032,.39687559,.040458679,1987,.85737109,.69775498,2.489789,3.3422098,4.2619615,3.3646533
a4852,Montana v. Hall,2,1360,439,481 U.S. 400,1,6,3,2.2628412,.3548719,.22330797,.033415318,1987,.50510317,.35056061,.45568645,.59802651,1.5434891,.86573404
a4854,Meese v. Keene,1,6503,3560,481 U.S. 465,3,5,3,1.6490287,.15241843,.028434901,.0047816038,1987,.2010749,.10352236,-.0048111035,-.94377249,-.802715,-.58376622
a4855,Pope v. Illinois,1,2134,120,481 U.S. 497,3,5,4,3.3568625,.5480864,.31181669,.044738889,1987,.62512779,.55632079,1.2764486,2.0694656,2.4697261,1.9385468
a4855,Pope v. Illinois,2,2134,4273,481 U.S. 497,3,5,4,1.111886,.1870959,.075255699,.0067421198,1987,.22880518,.19269246,-.40778893,-.6796838,-.58871877,-.55873048
a4856,Arizona v. Mauro,1,3049,2222,481 U.S. 520,1,5,4,.1396905,.18542475,.052748561,.0051535368,1987,.18379235,.13983089,-1.1371543,-.69241059,-.93608546,-.92188346
a4857,Pennsylvania v. Finley,1,2093,3467,481 U.S. 551,2,6,3,1.0010091,.1954515,.082174003,.0069676638,1987,.28359151,.21428639,-.49097157,-.61605108,-.16592947,-.42431736
a4857,Pennsylvania v. Finley,2,2093,681,481 U.S. 551,2,6,3,2.5039487,.45591354,.17920345,.020546615,1987,.53906429,.40074795,.63657129,1.3675165,1.8055691,1.2698857
a4858,"National Labor Relations Board v. International Brotherhood of Electrical Workers, Local 340",1,6987,1819,481 U.S. 573,7,6,3,.66541523,.1051223,.033464551,.0055089593,1987,.19217014,.16598386,-.74274248,-1.3039597,-.87143356,-.97271192
a486,United States ex rel. Hintopoulos v. Shaughnessy,1,1938,261,353 U.S. 72,2,6,2,2.8300817,.4485158,.16835611,.02570349,1957,.35404229,.3436107,.88124442,1.3111784,.37774339,.85672212
a4860,Rose v. Rose,1,4856,977,481 U.S. 619,10,8,1,.49241391,.2022751,.062835202,.0063406229,1987,.33915901,.22391266,-.87253243,-.56408548,.26288822,-.39124322
a4861,Gray v. Mississippi,1,6598,2551,481 U.S. 648,1,5,4,.83326036,.1786941,.039389431,.0083795786,1987,.22828484,.18604439,-.61682087,-.74366832,-.59273434,-.65107453
a4862,United States v. Johnson,1,3662,3963,481 U.S. 681,8,5,4,1.557987,.21677864,.050930001,.0084940791,1987,.24591976,.17814142,-.073112853,-.45363274,-.45664454,-.3277967
a4864,United States v. Salerno,1,4631,4197,481 U.S. 739,4,6,3,1.9957515,.22396123,.037915401,.00735569,1987,.32996446,.21990699,.25530905,-.39893314,.19193332,.016103074
a4864,United States v. Salerno,2,4631,670,481 U.S. 739,4,6,3,6.9730778,.35535157,.090941802,.015268564,1987,.39822799,.28752506,3.9894238,.60167944,.71872699,1.7699434
a4865,Hilton v. Braunskill,1,2784,2054,481 U.S. 770,1,6,3,1.3376734,.2413231,.085255302,.0089746118,1987,.31111872,.20513189,-.23839758,-.26671261,.046499658,-.15287018
a4866,Young v. United States ex rel. Vuitton et Fils S. A.,1,8909,176,481 U.S. 787,1,5,4,1.8573933,.42651635,.28163761,.035066783,1987,.43580908,.44943655,.15150924,1.14364,1.0087425,.76796389
a4867,United States v. Mendoza-Lopez,1,4580,1329,481 U.S. 828,2,5,4,3.200007,.28461516,.076117098,.011839509,1987,.23396635,.1744194,1.1587716,.062981218,-.54888976,.2242877
a4867,United States v. Mendoza-Lopez,2,4580,1382,481 U.S. 828,2,5,4,.91805816,.26246631,.051514,.0108127,1987,.26384473,.18662429,-.55320346,-.10569493,-.31831655,-.32573831
a487,Haynes v. United States,1,1308,69,353 U.S. 81,12,6,2,5.5663939,.65127903,.52739477,.092586517,1957,.70325124,.71513295,2.9340942,2.8553364,3.0726094,2.9540133
a488,United States v. Ohio Power Co.,1,311,4168,353 U.S. 98,9,4,3,.73742878,.4321461,.1247858,.02814281,1957,.38767254,.28965676,-.68871611,1.1865138,.63727003,.37835589
a4885,Fort Halifax Packing Co. v. Coyne,1,6543,1190,482 U.S. 1,10,5,4,1.5625688,.1252194,.05485886,.0053297877,1987,.23055923,.22376096,-.069675468,-1.1509087,-.57518268,-.59858894
a4886,Fall River Dyeing & Finishing Corp. v. National Labor Relations Board,1,8714,3209,482 U.S. 27,7,6,3,.37899229,.098270297,.042382699,.0045223236,1987,.19473231,.12375283,-.95762414,-1.3561416,-.85166115,-1.0551423
a489,United States v. Union Pacific Railroad,1,2491,5742,353 U.S. 112,8,5,3,.65239,.14182615,.038384259,.0059167147,1957,.17688537,.11427516,-.75251436,-1.0244389,-.98938709,-.92211342
a4890,Bowen v. Yuckert,1,5236,7503,482 U.S. 137,2,6,3,.27139357,.065754399,.025365001,.006266892,1987,.20405251,.16561228,-1.0383474,-1.6037688,-.77973664,-1.1406176
a4891,Utah Division of State Lands v. United States,1,4681,4023,482 U.S. 193,10,5,4,.31480378,.1624919,.051947951,.0079042315,1987,.17982602,.097458541,-1.00578,-.86705732,-.96669388,-.94651037
a4894,First English Evangelical Lutheran Church v. County of Los Angeles,1,5660,6775,482 U.S. 304,4,6,3,.6046012,.1416595,.041354999,.0049055815,1987,.22864938,.13723773,-.78836668,-1.025708,-.58992112,-.80133194
a4895,O'Lone v. Estate of Shabazz,1,2959,4896,482 U.S. 342,3,5,4,.55578095,.1530672,.042362101,.0053060055,1987,.26651394,.17491388,-.8249929,-.93883181,-.29771805,-.68718094
a4896,Board of Pardons v. Allen,1,4003,1523,482 U.S. 369,4,6,3,1.4924854,.2335331,.054886598,.01247561,1987,.30451727,.17569715,-.12225377,-.32603791,-.0044441437,-.15091194
a4897,California v. Superior Court of California,1,3534,3454,482 U.S. 400,1,7,2,1.626123,.12810419,.046581801,.0065283775,1987,.16514033,.11608851,-.021995539,-1.1289394,-1.0800242,-.74365306
a4898,"Crawford Fitting Co. v. J. T. Gibbons, Inc.",1,2300,1746,482 U.S. 437,9,7,2,1.5984645,.1973673,.049918231,.006107986,1987,.24514151,.22575414,-.042745609,-.60146123,-.46265042,-.36895242
a4899,City of Houston v. Hill,1,7142,77,482 U.S. 451,3,8,1,4.1702161,.41606739,.4734945,.11112988,1987,.56529546,.53981024,1.8866467,1.0640652,2.0079966,1.6529028
a49,Green v. Brennan,1,9642,3287,136 S. Ct. 1769,2,7,1,.50638872,.1096314,.0301299,.0030987263,2016,.15224016,.98505199,-.86204815,-1.2696203,-1.1795756,-1.103748
a490,"Benz v. Compania Naviera Hidalgo, S. A.",1,2870,968,353 U.S. 138,7,7,1,.7272175,.256863,.086634159,.010488093,1957,.33851147,.21824831,-.69637692,-.14836738,.25789109,-.19561774
a4900,Perry v. Thomas,1,3197,709,482 U.S. 483,10,7,2,1.9303027,.40601251,.11824155,.013811409,1987,.37934291,.28324431,.20620775,.98749149,.57298976,.58889633
a4901,Booth v. Maryland,1,6177,2122,482 U.S. 496,1,5,4,1.6273893,.32134926,.1197052,.014570475,1987,.30082178,.19270813,-.021045484,.34273246,-.032962441,.096241511
a4904,Edwards v. Aguillard,1,5752,10608,482 U.S. 578,3,7,2,1.1882647,.17124359,.0425434,.0079810619,1987,.1691469,.91229862,-.35048774,-.80040818,-1.0491053,-.73333371
a4905,Frazier v. Heebe,1,3059,1602,482 U.S. 641,2,6,3,5.2764854,.46387541,.1658406,.019202232,1987,.34100258,.3159737,2.7165978,1.4281507,.27711517,1.4739546
a4907,New York v. Burger,1,8969,3847,482 U.S. 691,1,6,3,2.2556081,.15788984,.049506068,.006398201,1987,.16581124,.12039548,.45025995,-.90210462,-1.0748467,-.50889713
a4908,Kentucky v. Stincer,1,5825,2241,482 U.S. 730,1,6,3,1.13726,.2088277,.052961599,.0084137917,1987,.18057346,.15026718,-.38875279,-.51418364,-.96092582,-.62128741
a4909,Hewitt v. Helms,1,2346,1755,482 U.S. 755,6,5,4,.32855687,.25994736,.109123,.0086579323,1987,.18580121,.19718701,-.99546206,-.1248782,-.92058301,-.68030775
a491,Alleghany Corp. v. Breswick & Co.,1,7020,1239,353 U.S. 151,8,5,3,1.5381097,.25085926,.056857001,.007366538,1957,.24013448,.17403132,-.088025309,-.19408928,-.50128996,-.26113486
a492,Automobile Club v. Commissioner,1,2773,901,353 U.S. 180,12,5,3,.79232037,.18385136,.071117997,.010476708,1957,.2026208,.21357346,-.64753509,-.70439279,-.79078519,-.71423769
a4922,Ricketts v. Adamson,1,3252,4882,483 U.S. 1,1,5,4,2.7639532,.2409551,.098989502,.0091930628,1987,.24043047,.1767695,.83163315,-.26951513,-.49900573,.02103743
a4923,"Citicorp Industrial Credit, Inc. v. Brock",1,3947,1339,483 U.S. 27,7,7,2,2.9285131,.2750459,.075972103,.01287353,1987,.29069501,.24066865,.95509011,-.0098941531,-.11111132,.27802822
a4924,Rock v. Arkansas,1,6267,1004,483 U.S. 44,1,5,4,1.6883541,.19032849,.05935156,.017005503,1987,.2055735,.21731216,.024691852,-.65506572,-.76799905,-.4661243
a4925,Sumner v. Shuman,1,6874,675,483 U.S. 66,1,6,3,1.6904705,.2244072,.085522532,.010736763,1987,.2934007,.25743341,.026279571,-.3955369,-.090231329,-.15316288
a4926,Commissioner v. Fink,1,3568,1853,483 U.S. 89,12,8,1,1.2852855,.3681438,.2232857,.024039626,1987,.52806318,.31858414,-.27770033,.6990996,1.7206728,.71402407
a4929,Bourjaily v. United States,1,3578,5677,483 U.S. 171,1,6,3,1.3134029,.22495329,.052962899,.0084129572,1987,.24105495,.17471993,-.25660595,-.39137805,-.49418658,-.38072354
a493,United States v. Witkovich,1,2470,2310,353 U.S. 194,2,6,2,1.3956492,.26313883,.069616698,.0072167516,1957,.25490111,.20263445,-.19490272,-.10057332,-.38733497,-.22760367
a4930,Dakota v. Dole,1,2396,72,483 U.S. 203,10,7,2,2.0838225,.3335377,.37686574,.047927976,1987,.40761745,.40829182,.32138211,.43555436,.79118603,.5160408
a4930,Dakota v. Dole,2,2396,2225,483 U.S. 203,10,7,2,1.3967439,.25534534,.051973939,.0044218302,1987,.18104023,.14717591,-.19408144,-.15992518,-.95732379,-.43711013
a4933,American Trucking Associations v. Scheiner,1,10150,1866,483 U.S. 266,8,5,4,.45912784,.25550491,.066789031,.014907956,1987,.28514618,.90408695,-.89750445,-.15871002,-.15393201,-.40338215
a4933,American Trucking Associations v. Scheiner,2,10150,938,483 U.S. 266,8,5,4,.36495754,.25292224,.14334035,.012699723,1987,.3064453,.90539658,-.96815336,-.17837852,.010434588,-.37869909
a4934,California v. Rooney,1,2263,4207,483 U.S. 307,1,6,3,1.2720613,.2267718,.066795401,.0097237229,1987,.2046479,.15027761,-.28762141,-.37752905,-.77514195,-.48009747
a4936,McNally v. United States,1,3822,5887,483 U.S. 350,8,7,2,1.6036315,.28862861,.0537038,.0090100765,1987,.25152671,.18173498,-.038869191,.093545936,-.41337538,-.11956621
a4937,Rankin v. McPherson,1,4531,2637,483 U.S. 378,3,5,4,2.1153998,.1295711,.051199902,.0067658424,1987,.27022988,.11649156,.34507221,-1.117768,-.26904199,-.34724593
a4938,Buchanan v. Kentucky,1,8098,2992,483 U.S. 402,1,6,3,1.1429667,.2334993,.036705501,.0072566271,1987,.24271888,.14181012,-.38447142,-.32629529,-.48134601,-.3973709
a4939,Solorio v. United States,1,5387,5667,483 U.S. 435,2,6,3,1.1634514,.14491886,.027435901,.0057954788,1987,.21153247,.10083508,-.36910328,-1.0008861,-.72201329,-.69733423
a4940,Welch v. Texas Department of Highways & Public Transportation,1,9113,8652,483 U.S. 468,8,5,4,.21725219,.080347598,.02829003,.0049855113,1987,.17050672,.07161063,-1.0789657,-1.4926332,-1.0386115,-1.2034035
a4941,"San Francisco Arts & Athletics, Inc. v. United States Olympic Committee",1,8548,8980,483 U.S. 522,3,5,4,1.102448,.094420202,.022034099,.0025891066,1987,.1680879,.078058243,-.41486961,-1.3854623,-1.0572777,-.95253652
a4942,Rivera v. Minnich,1,2633,1258,483 U.S. 574,4,8,1,1.6224878,.30049899,.064107202,.010037065,1987,.34288812,.22623378,-.024722733,.1839457,.29166594,.1502963
a4943,Bowen v. Gilliard,1,7459,8203,483 U.S. 587,2,6,3,1.4444937,.28499603,.083792299,.010032117,1987,.4365443,.27211475,-.15825838,.065881796,1.0144162,.30734655
a4943,Bowen v. Gilliard,2,7459,35,483 U.S. 587,2,6,3,5.4759912,.6608212,.6785714,.16125095,1987,.82979482,.85395569,2.866272,2.9280057,4.0491538,3.2811439
a4944,Anderson v. Creighton,1,3464,7977,483 U.S. 635,8,6,3,.41587985,.14944863,.03983045,.0041683912,1987,.1802004,.11603391,-.92995018,-.96638924,-.96380478,-.95338142
a4946,Pennsylvania v. Delaware Valley Citizens' Council for Clean Air,1,6615,7707,483 U.S. 711,6,5,4,.90414029,.10494536,.0362221,.0029624701,1987,.19073075,.11399597,-.56364501,-1.3053071,-.88254142,-.9171645
a4947,Greer v. Miller,1,3235,2348,483 U.S. 756,1,6,3,.56570584,.18756837,.047823198,.0067129731,1987,.20893615,.16266036,-.81754696,-.67608565,-.74204922,-.74522728
a4948,Burger v. Kemp,1,6361,7673,483 U.S. 776,1,5,4,.49508357,.16011846,.040315501,.0035461187,1987,.19002604,.12661892,-.87052959,-.88513243,-.88797969,-.8812139
a4948,Burger v. Kemp,2,6361,2505,483 U.S. 776,1,5,4,2.1825943,.28764361,.1058977,.0087251067,1987,.29517919,.16632664,.3954832,.086044617,-.076506667,.13500705
a4949,Nollan v. California Coastal Commission,1,5383,8090,483 U.S. 825,4,5,4,.45221761,.1324649,.038243201,.0058459044,1987,.21101129,.14192206,-.90268868,-1.0957301,-.7260353,-.90815133
a4949,Nollan v. California Coastal Commission,2,5383,351,483 U.S. 825,4,5,4,1.1154574,.27934539,.13322806,.013080835,1987,.28256285,.26580447,-.40510958,.022848938,-.17386767,-.18537611
a4949,Nollan v. California Coastal Commission,3,5383,456,483 U.S. 825,4,5,4,.85578072,.63639718,.24940586,.029571891,1987,.59636569,.44111973,-.59992552,2.7420027,2.2477674,1.4632815
a495,Konigsberg v. State Bar,1,6668,762,353 U.S. 252,6,5,3,6.5416656,.64209431,.2563453,.02487433,1957,.59270042,.48894268,3.6657674,2.7853897,2.2194822,2.890213
a495,Konigsberg v. State Bar,2,6668,10862,353 U.S. 252,6,5,3,1.4442493,.17426944,.0785781,.020250201,1957,.16693407,.11649299,-.15844172,-.77736461,-1.0661818,-.66732937
a4950,Griffin v. Wisconsin,1,3638,3214,483 U.S. 868,1,5,4,.78064305,.21946734,.037982799,.0050145388,1987,.16787279,.13610673,-.65629572,-.4331567,-1.0589377,-.71613002
a4950,Griffin v. Wisconsin,2,3638,59,483 U.S. 868,1,5,4,2.8385997,.50272131,.3694239,.066703916,1987,.4662509,.43546432,.88763481,1.7239845,1.2436638,1.2850944
a497,Baltimore & Ohio Railway Co. v. Jackson,1,2699,3821,353 U.S. 325,8,5,4,.70643848,.20315534,.041212901,.0052182674,1957,.16234225,.14152008,-.71196586,-.55738193,-1.1016171,-.79032165
a4975,Commissioner v. McCoy,1,1248,319,484 U.S. 3,9,7,1,4.9180174,.79416287,.38391995,.064544082,1987,.81050324,.79360616,2.4476659,3.9434788,3.9002795,3.4304748
a498,Kremen v. United States,1,430,121,353 U.S. 346,1,6,2,5.9785252,.41491929,.30130744,.044828951,1957,.55571252,.52125561,3.2432854,1.0553218,1.9340445,2.0775506
a4980,"Mullins Coal Co. v. Director, Office of Workers' Compensation Programs",1,8641,3054,484 U.S. 135,8,6,2,.55116647,.075639702,.03760004,.0056710243,1987,.19554949,.098273635,-.82845479,-1.5284865,-.84535491,-1.067432
a4983,Lowenfield v. Phelps,1,4643,4426,484 U.S. 231,1,5,3,1.1747304,.16896141,.056090832,.0085237026,1988,.20732564,.1473701,-.36064151,-.8177883,-.75447768,-.64430249
a4984,Hazelwood School District v. Kuhlmeier,1,4888,4528,484 U.S. 260,3,5,3,2.3696637,.20333666,.043319698,.010437012,1988,.19781941,.12116081,.53582734,-.55600113,-.82783782,-.28267053
a4985,Honig v. Doe,1,7232,3217,484 U.S. 305,2,6,2,3.2074101,.36955655,.19094761,.020107627,1988,.50244236,.30349958,1.1643256,.70985854,1.5229554,1.1323799
a4986,Carnegie-Mellon University v. Cohill,1,4489,2127,484 U.S. 343,9,5,3,.23649769,.15361506,.048121039,.0065970421,1988,.16867638,.15450084,-1.0645272,-.93465954,-1.0527363,-1.0173076
a4988,Taylor v. Illinois,1,6268,6404,484 U.S. 400,1,5,3,.91786075,.16041887,.033693429,.0056078434,1988,.17301863,.14552277,-.55335158,-.88284463,-1.0192269,-.81847435
a4988,Taylor v. Illinois,2,6268,91,484 U.S. 400,1,5,3,5.9298162,.56418222,.42040151,.052014709,1988,.58879125,.60021436,3.2067428,2.1920445,2.1893148,2.5293674
a4989,United States v. Fausto,1,4810,4858,484 U.S. 439,8,5,3,.64975524,.1418049,.045651101,.0038076639,1988,.17677087,.11678374,-.75449103,-1.0246006,-.99027067,-.9231208
a499,Arnold v. Panhandle & Santa Fe Railway Co.,1,347,74,353 U.S. 360,8,5,4,2.4606583,.42920035,.4158515,.057224214,1957,.60121417,.5984751,.60409379,1.1640803,2.2851834,1.3511192
a499,Arnold v. Panhandle & Santa Fe Railway Co.,2,347,863,353 U.S. 360,8,5,4,1.0422705,.35531569,.25351626,.018928826,1957,.26450795,.24707663,-.46001622,.60140622,-.31319842,-.057269473
a4990,Phillips Petroleum Co. v. Mississippi,1,4584,3268,484 U.S. 469,13,5,3,.74118412,.134856,.027387399,.0044504404,1988,.19126582,.15223986,-.68589878,-1.0775205,-.87841225,-.88061053
a4991,Department of the Navy v. Egan,1,4730,1655,484 U.S. 518,3,5,3,2.4661527,.17815711,.05564874,.0071639419,1988,.26709145,.2082414,.60821575,-.74775779,-.29326138,-.14426781
a4992,United States v. Owens,1,2763,2713,484 U.S. 554,1,6,2,.95057189,.16946244,.046986159,.0074795485,1988,.19078743,.14965129,-.52881086,-.81397265,-.88210398,-.74162918
a4997,Marquez v. Texas,1,194,51,484 U.S. 872,,,,6.9589224,.27946997,.6464842,.26445824,1987,.52673298,.61110187,3.9788039,.023797637,1.7104076,1.9043363
a500,Achilli v. United States,1,2007,512,353 U.S. 373,1,7,2,1.9024262,.30252039,.18721545,.023679018,1957,.32793152,.27658325,.18529411,.19933984,.17624503,.18695965
a502,Rabang v. Boyd,1,1894,527,353 U.S. 427,2,8,1,3.7072945,.31726399,.1718781,.020269275,1957,.2572087,.21839267,1.5393513,.31162077,-.36952713,.493815
a503,Pan-Atlantic Steamship Corp. v. Atlantic Coast Line Railroad,1,983,2433,353 U.S. 436,8,6,3,1.3408357,.24082625,.055829048,.00578475,1957,.22773767,.14583075,-.23602517,-.2704964,-.59695691,-.36782616
a504,Textile Workers Union v. Lincoln Mills,1,3517,24474,353 U.S. 448,7,7,1,.43815711,.19319475,.056599259,.0077482462,1957,.34665614,1.0222353,-.91323721,-.63323754,.32074404,-.40857691
a5046,United States v. Robinson,1,2750,2977,485 U.S. 25,1,5,3,2.0543327,.21781839,.038555399,.0092368722,1988,.26047069,.16219074,.29925814,-.44571438,-.34435421,-.16360348
a5048,Mathews v. United States,1,2475,1637,485 U.S. 58,1,6,2,2.6974633,.26142406,.063266627,.011642337,1988,.22213948,.19423282,.78175074,-.11363224,-.64015841,.0093200281
a5049,City of St. Louis v. Praprotnik,1,5816,10501,485 U.S. 112,2,7,1,1.2961122,.125065,.081848256,.018546224,1988,.22757381,.13273704,-.26957786,-1.1520846,-.59822136,-.6732946
a505,Jackson v. Taylor,1,3626,331,353 U.S. 569,2,5,4,2.4073925,.35398996,.1338295,.012654364,1957,.28555536,.2380057,.56413239,.59131002,-.1507743,.33488938
a5050,"K mart Corp. v. Cartier, Inc.",1,3989,1650,485 U.S. 176,8,5,3,2.0011923,.19364727,.0614268,.012272179,1988,.22941601,.14820307,.25939089,-.62979138,-.584005,-.31813517
a5052,"Buchanan v. Stanships, Inc.",1,1268,271,485 U.S. 265,9,8,1,1.5471323,.39671224,.2129271,.026238859,1988,.5164963,.45723015,-.081256337,.91666472,1.6314106,.82227302
a5055,"Lyng v. International Union, United Automobile, Aerospace, & Agricultural Implement Workers",1,4269,3885,485 U.S. 360,2,5,3,1.897085,.28426901,.046245039,.0055695176,1988,.21584105,.18209213,.18128693,.060345061,-.68876374,-.14904392
a5057,Lyng v. Northwest Indian Cemetery Protective Ass'n,1,5307,6179,485 U.S. 439,3,5,3,.65108663,.1160226,.037102159,.0034348965,1988,.20638424,.10700226,-.75349218,-1.2209476,-.76174253,-.9120608
a5058,"Tulsa Professional Collection Services, Inc. v. Pope",1,4205,964,485 U.S. 478,4,8,1,1.4644247,.2129223,.10396737,.013873875,1988,.26485956,.2250753,-.14330558,-.4830009,-.31048504,-.31226385
a5059,South Carolina v. Baker,1,7014,1295,485 U.S. 505,10,7,1,1.038828,.24096227,.065850496,.0070797801,1988,.31860554,.17497653,-.46259889,-.26946056,.10427589,-.20926118
a506,United States v. E. I. du Pont de Nemours & Co.,1,6469,15611,353 U.S. 586,8,4,2,.63040155,.1076107,.0268445,.0029635429,1957,.13406062,.91707689,-.76901066,-1.285009,-1.3198682,-1.1246293
a5061,Regents of the University v. Public Employment Relations Board,1,3727,4194,485 U.S. 589,7,6,2,.48454767,.14326189,.038446002,.0048303604,1988,.14345634,.10294187,-.87843388,-1.0135049,-1.2473608,-1.0464332
a5062,Patterson v. McLean Credit Union,1,738,664,485 U.S. 617,9,5,4,2.0232618,.59799355,.1636045,.023559213,1988,.33948225,.30874115,.27594796,2.449537,.26538265,.99695587
a5062,Patterson v. McLean Credit Union,2,738,623,485 U.S. 617,9,5,4,3.7480249,.47047389,.1695873,.033944368,1988,.38804251,.30590379,1.5699084,1.4784018,.6401251,1.2294784
a5063,Hicks ex rel. Feiock v. Feiock,1,5398,3177,485 U.S. 624,1,5,3,1.1912878,.18970969,.054293901,.0063944459,1988,.14103138,.11159474,-.34821978,-.65977824,-1.2660744,-.75802416
a5064,"Employment Division, Department of Human Resources v. Smith",1,4586,1739,485 U.S. 660,3,5,3,3.8376796,.31968284,.1178653,.016153872,1988,.31041241,.2079891,1.6371696,.33004168,.041048981,.66942006
a5065,United States v. Providence Journal Co.,1,4795,2914,485 U.S. 693,9,6,2,2.3404593,.35623384,.1435031,.010062218,1988,.49980837,.34845728,.51391751,.60839844,1.5026288,.87498158
a5066,Business Electronics Corp. v. Sharp Electronics Corp.,1,5388,8019,485 U.S. 717,8,6,2,.62336522,.1033818,.029787499,.00399369,1988,.1608271,.11375731,-.77428949,-1.3172146,-1.1133096,-1.0682713
a5067,Kungys v. United States,1,6634,3323,485 U.S. 759,2,6,2,1.1436595,.095658101,.041609898,.0055861473,1988,.18170381,.13913971,-.38395169,-1.376035,-.95220292,-.90406322
a507,Jencks v. United States,1,4488,1322,353 U.S. 657,1,7,1,3.1578689,.32878464,.099163398,.013250113,1957,.33762479,.28490806,1.1271585,.39935714,.25104854,.59252143
a508,Reid v. Covert,1,12907,3858,354 U.S. 1,2,6,2,1.6536556,.21736944,.067107797,.0074089766,1957,.28259748,.86494792,-.0013398204,-.44913346,-.17360044,-.20802458
a509,Smith v. Sperling,1,1938,4684,354 U.S. 91,9,5,4,1.418813,.2081749,.041078299,.0050964952,1957,.28174406,.23009247,-.17752466,-.51915514,-.18018632,-.29228872
a51,Williams v. Pennsylvania,1,6621,4888,136 S. Ct. 1899,4,5,3,.78844732,.1988385,.049784001,.0080901384,2016,.24578208,.12374729,-.65044075,-.59025711,-.45770708,-.56613499
a510,British Transport Commission v. United States,1,4571,882,354 U.S. 129,8,6,3,.83133227,.31244919,.0836538,.0082286,1957,.35246229,.21972096,-.61826742,.27495328,.36555043,.007412096
a5109,United States Department of Justice v. Julian,1,4032,2764,486 U.S. 1,1,5,3,.99012041,.1931342,.055683099,.0072016716,1988,.22793245,.1303221,-.49914056,-.63369864,-.59545368,-.57609761
a511,Lake Tankers Corp. v. Henn,1,2101,182,354 U.S. 147,8,5,3,1.5702053,.3845329,.2151293,.028414607,1957,.44136262,.41506249,-.063946337,.82391202,1.0515995,.60385507
a5110,California v. Greenwood,1,2884,3767,486 U.S. 35,1,6,2,1.9810706,.2156353,.0797638,.010469556,1988,.34010911,.19206071,.24429509,-.46233991,.27022019,.017391792
a5112,Equal Employment Opportunity Commission v. Commercial Office Products Co.,1,5319,511,486 U.S. 107,2,5,3,1.4607006,.2988424,.127957,.013896525,1988,.29535311,.28295076,-.14609949,.17132981,-.075164467,-.016644716
a5113,McLaughlin v. Richland Shoe Co.,1,2315,1178,486 U.S. 128,7,6,3,2.329474,.2244311,.084018953,.012873471,1988,.21993834,.16038692,.50567597,-.39535487,-.65714473,-.18227454
a5115,Wheat v. United States,1,3446,2604,486 U.S. 153,1,5,4,.94201612,.20151611,.050121799,.0081771612,1988,.20626086,.17347914,-.53522956,-.56986564,-.76269466,-.62259662
a5115,Wheat v. United States,2,3446,337,486 U.S. 153,1,5,4,1.7977101,.41455659,.1440544,.020602763,1988,.42303795,.36414117,.1067334,1.0525596,.91018695,.68982667
a5116,Goodyear Atomic Corp. v. Miller,1,3821,2988,486 U.S. 174,8,6,2,3.1395445,.33607829,.0624988,.0075206161,1988,.30528724,.18693459,1.1134112,.45490241,.0014977818,.52327049
a512,Chessman v. Teets,1,2997,54,354 U.S. 156,4,5,3,5.7773261,.56885207,.3427521,.069236159,1957,.58946443,.49815589,3.0923409,2.227608,2.19451,2.5048196
a512,Chessman v. Teets,2,2997,3547,354 U.S. 156,4,5,3,1.4324369,.2871941,.094295599,.010077596,1957,.3156274,.16698325,-.16730362,.082621358,.081293359,-.0011296347
a5121,Mills v. Maryland,1,6137,2671,486 U.S. 367,1,5,4,.6526503,.16552144,.0366273,.006701231,1988,.31592017,.17135477,-.7523191,-.84398562,.083552748,-.50425065
a5122,"McCoy v. Court of Appeals of Wisconsin, District 1",1,5066,3665,486 U.S. 429,2,5,3,1.1201842,.20211691,.056031201,.011129797,1988,.17171323,.12719804,-.40156347,-.56529021,-1.0293007,-.66538477
a5123,Shapero v. Kentucky Bar Ass'n,1,3784,3559,486 U.S. 466,6,6,3,2.0582502,.25497305,.1236897,.012940228,1988,.29057091,.19759136,.30219713,-.16276038,-.11206898,.0091225905
a5124,"Allied Tube & Conduit Corp. v. Indian Head, Inc.",1,5377,1880,486 U.S. 492,8,7,2,1.2433162,.20812839,.086642742,.0076690316,1988,.22490859,.20045114,-.30918676,-.51950932,-.61878902,-.48249504
a5125,Loeffler v. Frank,1,5194,45,486 U.S. 549,2,5,3,2.2732284,.55200511,.42547363,.10919559,1988,.47077191,.41232079,.46347916,2.0993087,1.2785528,1.2804469
a5128,Webster v. Doe,1,3473,5363,486 U.S. 592,3,6,2,2.8853745,.32892361,.070667602,.015058219,1988,.24446976,.13490266,.92272651,.40041548,-.46783429,.28510258
a5129,Pinter v. Dahl,1,11554,2770,486 U.S. 622,8,7,1,1.4471005,.20732784,.059810299,.0088734627,1988,.23433656,.92804503,-.15630265,-.52560592,-.54603285,-.4093138
a513,Watkins v. United States,1,11091,5246,354 U.S. 178,3,6,1,.43289676,.133467,.024080461,.0022263527,1957,.18156654,.86363655,-.9171837,-1.0880985,-.95326221,-.9861815
a5130,Arizona v. Roberson,1,3732,1642,486 U.S. 675,1,6,2,.23368545,.1487719,.05138636,.010484099,1988,.20978141,.25498378,-1.0666369,-.97154301,-.73552638,-.92456877
a5133,City of Lakewood v. Plain Dealer Publishing Co.,1,6802,9186,486 U.S. 750,3,4,3,1.1513454,.14608429,.04772985,.0042231083,1988,.14407915,.096707702,-.37818554,-.99201065,-1.2425545,-.8709169
a5135,"Mackey v. Lanier Collection Agency & Service, Inc.",1,4909,1690,486 U.S. 825,10,5,4,1.1789504,.1982614,.039588328,.0062357187,1988,.17852569,.11885178,-.35747555,-.59465212,-.97672862,-.64295208
a5136,Liljeberg v. Health Services Acquisition Corp.,1,7425,1547,486 U.S. 847,4,5,4,2.3884883,.1341663,.1015256,.0087660551,1988,.27095246,.21471918,.54995,-1.082773,-.26346573,-.26542956
a5136,Liljeberg v. Health Services Acquisition Corp.,2,7425,138,486 U.S. 847,4,5,4,5.6869888,.59407258,.25113714,.040259063,1988,.44376057,.53636289,3.0245676,2.4196765,1.0701047,2.1714497
a5137,"Bendix Autolite Corp. v. Midwesco Enterprises, Inc.",1,2146,442,486 U.S. 888,4,8,1,1.2010157,.35176381,.1296812,.019432187,1988,.32760251,.2308228,-.34092161,.57435668,.173706,.13571368
a514,Sweezy v. New Hampshire ex rel. Wyman,1,6737,1096,354 U.S. 234,3,6,2,.99145937,.26592505,.066788547,.010602117,1957,.24382347,.18946815,-.49813604,-.079354659,-.47282177,-.35010415
a515,United States v. Korpan,1,1712,22,354 U.S. 271,1,8,1,4.2918625,.4148508,.42861509,.095114768,1957,.46921927,.58908272,1.977909,1.0548002,1.2665709,1.4330933
a5154,"Stewart Organization, Inc. v. Ricoh Corp.",1,3225,2636,487 U.S. 22,9,8,1,1.234705,.23391235,.0406688,.0053342581,1988,.27201605,.1786474,-.3156471,-.32314971,-.25525799,-.29801828
a5156,Supreme Court of Virginia v. Friedman,1,3018,356,487 U.S. 59,2,7,2,3.4767184,.28706771,.38302159,.024936497,1988,.28911847,.23493022,1.3663675,.08165881,-.1232776,.44158289
a5157,"United States Catholic Conference v. Abortion Rights Mobilization, Inc.",1,2248,35,487 U.S. 72,9,8,1,3.6642492,.67529607,.55724436,.13152939,1988,.82322508,.90481406,1.5070578,3.03824,3.9984546,2.8479176
a5158,Ross v. Oklahoma,1,3034,2376,487 U.S. 81,1,5,4,1.0232632,.17005646,.0474055,.011075616,1988,.2804209,.15074992,-.47427598,-.80944884,-.19039725,-.49137402
a5159,Braswell v. United States,1,6226,3771,487 U.S. 99,1,5,4,1.0343395,.10870427,.05111897,.0077966452,1988,.17225391,.17329562,-.46596625,-1.2766809,-1.0251284,-.92259187
a516,"International Brotherhood of Teamsters, Local 695 v. Vogt, Inc.",1,3314,542,354 U.S. 284,3,5,3,2.7730801,.29712796,.073035501,.013728738,1957,.38391495,.35857534,.83848041,.15827338,.60827243,.53500873
a5160,Felder v. Casey,1,6629,2301,487 U.S. 131,10,7,2,1.718838,.2555508,.0466916,.0087365508,1988,.23253691,.16558838,.047561593,-.1583605,-.55992079,-.22357324
a5161,Franklin v. Lynaugh,1,5554,3842,487 U.S. 164,1,6,3,.4318631,.12123966,.03415823,.0057413578,1988,.20450914,.11812627,-.91795915,-1.1812167,-.77621281,-.95846289
a5162,Doe v. United States,1,6298,1532,487 U.S. 201,1,8,1,.86457318,.18867031,.065014541,.0098939538,1988,.26282954,.18516243,-.59332925,-.66769373,-.3261508,-.52905792
a5163,Florida v. Long,1,4691,731,487 U.S. 223,2,5,4,.52173942,.26741269,.10375285,.0093598962,1988,.32531941,.24075401,-.8505317,-.06802541,.1560872,-.25415665
a5164,Bank of Nova Scotia v. United States,1,3864,264,487 U.S. 250,1,8,1,3.5547142,.45067096,.12990725,.026066065,1988,.37727612,.43437302,1.4248818,1.3275912,.55704021,1.1031711
a5165,Houston v. Lack,1,3386,2498,487 U.S. 266,1,5,4,1.2619978,.2292521,.08471334,.0071554184,1988,.27015787,.20574033,-.29517132,-.35864016,-.26959762,-.30780303
a5166,Patterson v. Illinois,1,4803,216,487 U.S. 285,1,5,4,.64337593,.33532351,.1755269,.023410559,1988,.44665027,.37992096,-.75927693,.44915438,1.0924046,.26076069
a5166,Patterson v. Illinois,2,4803,3827,487 U.S. 285,1,5,4,.90841573,.22125745,.053170599,.0069731474,1988,.34119529,.24448216,-.56043744,-.41952401,.27860227,-.23378639
a5167,Torres v. Oakland Scavenger Co.,1,1932,1839,487 U.S. 312,9,8,1,.76227093,.18817395,.036160599,.0070011616,1988,.19378346,.17910618,-.67007893,-.6714738,-.85898346,-.73351204
a5168,United States v. Taylor,1,5683,2614,487 U.S. 326,1,6,3,1.1231707,.17976373,.031756401,.0057054162,1988,.21055758,.14134938,-.39932287,-.73552239,-.72953659,-.62146062
a5169,Mississippi Power & Light Co. v. Mississippi ex rel. Moore,1,7532,2765,487 U.S. 354,8,6,3,1.1073827,.20493877,.086973853,.0095488429,1988,.28645158,.21941978,-.41116747,-.54380012,-.14385815,-.36627525
a517,Yates v. United States,1,12807,2272,354 U.S. 298,3,6,1,1.1514781,.25962991,.090500697,.014641345,1957,.19611228,.87408382,-.378086,-.12729579,-.84101188,-.44879788
a5170,Sheridan v. United States,1,3551,1043,487 U.S. 392,8,6,3,2.1244569,.24653363,.075134628,.01093936,1988,.23894703,.19875932,.35186705,-.22703141,-.51045352,-.12853929
a5171,Schweiker v. Chilicky,1,5125,6164,487 U.S. 412,8,6,3,.35000232,.1154008,.02989745,.0035267472,1988,.14208049,.10041845,-.97937316,-1.225683,-1.2579784,-1.1543448
a5172,Kadrmas v. Dickinson Public Schools,1,4298,2005,487 U.S. 450,2,5,4,2.2230341,.3008399,.083523601,.0081537962,1988,.35560554,.22032666,.42582217,.18654191,.38980708,.33405706
a5172,Kadrmas v. Dickinson Public Schools,2,4298,423,487 U.S. 450,2,5,4,2.5514131,.33398199,.22093743,.021515965,1988,.33811551,.31658304,.67218024,.4389379,.25483549,.45531788
a5173,Frisby v. Schultz,1,4144,1717,487 U.S. 474,3,6,3,1.4482392,.1998845,.0391481,.0062698126,1988,.201554,.14166909,-.15544838,-.58229125,-.79901779,-.51225245
a5173,Frisby v. Schultz,2,4144,1006,487 U.S. 474,3,6,3,.99228412,.25727946,.065012403,.010337114,1988,.25668967,.18717939,-.49751729,-.14519581,-.37353256,-.33874854
a5174,Boyle v. United Technologies Corp.,1,4298,5632,487 U.S. 500,8,5,4,1.1529162,.21734184,.046201471,.0032158494,1988,.24250752,.15064234,-.3770071,-.44934362,-.48297706,-.43644258
a5174,Boyle v. United Technologies Corp.,2,4298,465,487 U.S. 500,8,5,4,3.631813,.6269502,.26744485,.022396803,1988,.65476787,.60943305,1.4827234,2.6700585,2.6984603,2.2837474
a5175,Murray v. United States,1,3129,2507,487 U.S. 533,1,4,3,.71713006,.21140623,.0523973,.0092523098,1988,.24451768,.17473388,-.70394474,-.49454668,-.46746448,-.55531865
a5175,Murray v. United States,2,3129,192,487 U.S. 533,1,4,3,6.0415039,.54453748,.22117084,.040683925,1988,.60435832,.50773942,3.2905338,2.0424385,2.3094468,2.547473
a5177,Bowen v. Kendrick,1,9912,9666,487 U.S. 589,3,5,4,.640899,.1185895,.022417551,.0040619373,1988,.135818,.080658138,-.76113516,-1.2013992,-1.3063064,-1.0896136
a5178,Morrison v. Olson,1,13036,12752,487 U.S. 654,13,7,1,.9450078,.1741233,.048875801,.0088111758,1988,.16533035,.00111413,-.53298515,-.77847755,-1.0785578,-.79667354
a518,United States v. Calamaro,1,2974,594,354 U.S. 351,12,7,1,1.2639951,.2198281,.081644401,.0093668103,1957,.18766463,.15340853,-.29367295,-.43040934,-.90620285,-.54342836
a5180,"Riley v. National Federation of Blind of North Carolina, Inc.",1,6343,3422,487 U.S. 781,3,7,2,.72755498,.13978539,.0246066,.0028633475,1988,.13713384,.097800434,-.69612372,-1.0399804,-1.296152,-1.0107521
a5181,Thompson v. Oklahoma,1,10867,7132,487 U.S. 815,1,5,3,.52916235,.19282544,.095995903,.021040559,1988,.23100126,.87778628,-.84496284,-.63605005,-.57177156,-.6842615
a5182,Bowen v. Massachusetts,1,11138,6175,487 U.S. 879,9,6,3,1.7331235,.2160957,.045694951,.0056373477,1988,.19786304,.86105055,.058278982,-.45883369,-.82750112,-.40935194
a5185,Coy v. Iowa,1,2977,3463,487 U.S. 1012,1,6,2,1.530246,.17610259,.057237148,.0050891042,1988,.19176412,.11863023,-.093924813,-.76340407,-.87456685,-.57729858
a52,Taylor v. United States,1,2618,4423,136 S. Ct. 2074,1,7,1,1.6248006,.24484783,.060530599,.010445952,2016,.2555995,.16511405,-.022987626,-.23986973,-.38194546,-.21493427
a520,Vanderbilt v. Vanderbilt,1,1060,3017,354 U.S. 416,4,6,2,.70536578,.33010569,.099287897,.020540833,1957,.19307137,.19578892,-.71277058,.40941769,-.86447877,-.38927722
a520,Vanderbilt v. Vanderbilt,2,1060,2325,354 U.S. 416,4,6,2,1.3953558,.36316574,.13386047,.0213871,1957,.22986567,.21130371,-.19512281,.66118884,-.58053493,-.038156301
a5200,Rhodes v. Stewart,1,934,285,488 U.S. 1,6,6,3,4.651402,.68707675,.3289898,.039778829,1988,.76564139,.80650616,2.2476444,3.1279566,3.5540779,2.9765596
a5200,Rhodes v. Stewart,2,934,887,488 U.S. 1,6,6,3,1.8300389,.3647804,.1642165,.017708182,1988,.35968727,.26509565,.13098732,.6734854,.42130601,.40859291
a5201,Pennsylvania v. Bruder,1,728,117,488 U.S. 9,1,7,2,7.5348916,.57219225,.44796866,.078450799,1988,.74468815,.84036362,4.4109106,2.2530453,3.3923805,3.3521121
a5201,Pennsylvania v. Bruder,2,728,751,488 U.S. 9,1,7,2,.77847552,.28737354,.1985786,.027585149,1988,.29152089,.27335054,-.65792185,.083987892,-.10473794,-.22622396
a5202,Lockhart v. Nelson,1,3070,2910,488 U.S. 33,1,6,3,.54247791,.1756313,.0620986,.0091682076,1988,.14844871,.11561984,-.83497316,-.76699328,-1.2088344,-.93693364
a5203,Arizona v. Youngblood,1,2537,4679,488 U.S. 51,4,6,3,2.4102552,.1800005,.05534875,.0084046721,1988,.20086533,.15247041,.56628007,-.73371929,-.80433232,-.32392386
a5204,Penson v. Ohio,1,4114,1097,488 U.S. 75,2,8,1,.97815579,.18275106,.062893599,.0063899159,1988,.31064951,.19108689,-.50811672,-.71277219,.042878754,-.39267007
a5205,Pittston Coal Group v. Sebben,1,5341,9355,488 U.S. 105,2,5,4,1.3335313,.11868143,.039266601,.005117476,1988,.25482261,.12487596,-.24150515,-1.2006991,-.38794073,-.61004829
a5207,National Collegiate Athletic Ass'n v. Tarkanian,1,6476,1554,488 U.S. 179,4,5,4,3.009279,.19694203,.058687571,.0067370534,1988,.24200809,.16674668,1.0156827,-.60469985,-.48683116,-.02528277
a5209,Olden v. Kentucky,1,1847,101,488 U.S. 227,1,8,1,6.8966575,.72325838,.40986991,.094412088,1988,.78736228,.84488726,3.9320912,3.4035006,3.7216992,3.6857636
a521,"Kingsley Books, Inc. v. Brown",1,2769,279,354 U.S. 436,3,5,4,4.0977335,.3810105,.19342756,.019492507,1957,.42942345,.36793792,1.8322685,.79708695,.95946425,1.1962732
a521,"Kingsley Books, Inc. v. Brown",2,2769,781,354 U.S. 436,3,5,4,3.5129876,.2804476,.1194625,.026217163,1957,.35509562,.30838662,1.3935776,.03124289,.38587201,.60356414
a5211,Perry v. Leeke,1,4225,4574,488 U.S. 272,1,6,3,.6754241,.1365902,.038179498,.0079723597,1989,.16791058,.16990668,-.7352336,-1.0643137,-1.0586461,-.95273113
a5212,Duquesne Light Co. v. Barasch,1,5459,235,488 U.S. 299,4,8,1,4.754952,.42167753,.30315566,.029586196,1989,.50507903,.53569198,2.3253303,1.1067896,1.5433028,1.6584742
a5213,Reed v. United Transportation Union,1,4611,337,488 U.S. 319,7,8,1,3.3332822,.38366091,.15003693,.018798888,1989,.38357127,.34133893,1.2587581,.81727135,.60562021,.89388323
a5215,Mistretta v. United States,1,16907,4730,488 U.S. 361,13,8,1,.68326342,.21954051,.054614,.0053750277,1989,.26510441,.87768233,-.72935236,-.43259951,-.30859548,-.49018246
a5217,Florida v. Riley,1,1583,3911,488 U.S. 445,1,5,4,1.1061927,.23403215,.1297695,.017399669,1989,.27912211,.19429052,-.4120602,-.32223731,-.20042005,-.31157252
a5217,Florida v. Riley,2,1583,562,488 U.S. 445,1,5,4,1.1334833,.43977141,.19966529,.030381501,1989,.40116382,.34583056,-.39158612,1.2445849,.74138296,.53146058
a5218,City of Richmond v. J. A. Croson Co.,1,11145,10622,488 U.S. 469,2,6,3,.56630194,.15512663,.0258299,.0042346716,1989,.1489687,.00031971931,-.81709975,-.92314804,-1.2048217,-.98168981
a5218,City of Richmond v. J. A. Croson Co.,2,11145,194,488 U.S. 469,2,6,3,3.2879176,.53276807,.22482884,.051427603,1989,.49383241,.89868087,1.2247244,1.9528077,1.456512,1.5446813
a5219,United States v. Broce,1,4565,2665,488 U.S. 563,1,6,3,1.3494391,.24938613,.067112863,.011578858,1989,.29225361,.18283331,-.22957066,-.20530799,-.099083498,-.17798738
a522,Morey v. Doud,1,3968,419,354 U.S. 457,8,6,3,3.0930943,.35909766,.2025107,.03460145,1957,.33303243,.24721193,1.0785631,.63020813,.21560903,.64146006
a522,Morey v. Doud,2,3968,1224,354 U.S. 457,8,6,3,3.3113778,.3212007,.089874737,.01535815,1957,.30747235,.24196494,1.2423248,.34160104,.018360376,.53409541
a5225,Thompson v. Louisiana,1,142,51,488 U.S. 871,,,,7.0512633,.25806475,.64478683,.26829433,1988,.50808215,.56344688,4.0480804,-.13921537,1.566478,1.8251144
a523,Roth v. United States,1,5249,2121,354 U.S. 476,3,6,3,1.7307841,.2325103,.1062569,.02038455,1957,.31359243,.19375294,.056523841,-.33382714,.065589435,-.070571288
a525,Ringhiser v. Chesapeake & Ohio Railway Co.,1,179,947,354 U.S. 901,,,,4.6423936,.38742363,.25731087,.035079122,1957,.54969758,.42466795,2.2408862,.84592664,1.8876268,1.6581465
a525,Ringhiser v. Chesapeake & Ohio Railway Co.,2,179,347,354 U.S. 901,,,,4.3802824,.4554131,.28352711,.070902765,1957,.54115647,.49598992,2.0442438,1.3637054,1.8217145,1.7432213
a526,Stinson v. Atlantic Coast Line Railroad,1,199,29,355 U.S. 62,8,7,2,3.7524643,.48990065,.35404649,.099979401,1957,.52266032,.55686474,1.573239,1.6263478,1.6789786,1.6261884
a527,Yates v. United States,1,2871,980,355 U.S. 66,1,6,3,1.7209816,.25567096,.066888899,.0099371672,1957,.2011134,.22036541,.04916979,-.15744539,-.80241787,-.30356449
a5277,"Texas Monthly, Inc. v. Bullock",1,7221,5568,489 U.S. 1,3,6,3,1.3652846,.15612286,.048773769,.0083444715,1989,.20309794,.14876527,-.21768302,-.9155612,-.78710312,-.6401158
a528,Rosenbloom v. United States,1,391,149,355 U.S. 80,9,7,2,.37461346,.32135296,.32362249,.053668737,1957,.45068538,.40564269,-.96090925,.34276059,1.1235439,.16846506
a5282,In re McDonald,1,1878,1156,489 U.S. 180,2,5,4,1.9217145,.44322646,.22608805,.036511958,1989,.33377481,.30274707,.19976467,1.270897,.22133799,.56399989
a5283,DeShaney v. Winnebago County Department of Social Services,1,4489,3019,489 U.S. 189,2,6,3,1.0253057,.2113499,.068020597,.0099725723,1989,.24863935,.16388595,-.47274363,-.49497563,-.43565738,-.46779221
a5283,DeShaney v. Winnebago County Department of Social Services,2,4489,486,489 U.S. 189,2,6,3,4.0376625,.4821701,.20297223,.038861334,1989,.44341069,.32338154,1.7872018,1.5674752,1.0674046,1.4740272
a5285,"United States v. Ron Pair Enterprises, Inc.",1,4378,2030,489 U.S. 235,12,5,4,1.6056657,.14736681,.0526537,.0079905987,1989,.25237155,.11731374,-.037343092,-.98224354,-.40685573,-.47548079
a5286,Harris v. Reed,1,3324,5360,489 U.S. 255,1,8,1,.79352039,.158636,.031273,.0055699348,1989,.17279971,.11288172,-.64663482,-.89642215,-1.0209163,-.85465777
a5287,Teague v. Lane,1,8346,6806,489 U.S. 288,1,7,2,.38695285,.18314666,.054194,.0035830736,1989,.25821143,.21651971,-.95165193,-.70975953,-.36178902,-.67440015
a529,Rathbun v. United States,1,1419,911,355 U.S. 107,1,7,2,3.025166,.30883691,.097612262,.012236476,1957,.26883078,.22875333,1.0276016,.24744371,-.27983892,.33173546
a5290,Dugger v. Adams,1,3849,4840,489 U.S. 401,1,5,4,.72799009,.16668296,.024300929,.0055894852,1989,.15174484,.12554979,-.69579726,-.83513999,-1.183398,-.90477842
a5291,"Trans World Airlines, Inc. v. Independent Federation of Flight Attendants",1,4912,3156,489 U.S. 426,7,6,3,.40872708,.177214,.066210903,.0083954334,1989,.25055677,.16627598,-.93531638,-.75494009,-.42086053,-.70370567
a5291,"Trans World Airlines, Inc. v. Independent Federation of Flight Attendants",2,4912,5480,489 U.S. 426,7,6,3,.32190406,.20166343,.034337159,.0061708689,1989,.21684486,.14207387,-1.0004531,-.56874365,-.68101734,-.75007135
a5292,"Volt Information Sciences, Inc. v. Board of Trustees",1,3512,4483,489 U.S. 468,10,6,2,.61539912,.21632147,.06174475,.0084247589,1989,.21230954,.15809715,-.78026581,-.45711434,-.71601665,-.65113229
a5293,Barnard v. Thorstenn,1,3510,225,489 U.S. 546,2,6,3,5.1088953,.31611189,.18519485,.024855971,1989,.34412587,.29613674,2.5908673,.30284688,.30121773,1.0649773
a5296,Skinner v. Railway Labor Executives' Ass'n,1,9563,6777,489 U.S. 602,1,7,2,1.6987396,.16429231,.050190449,.008223772,1989,.24455845,.14045799,.032483324,-.85334617,-.46714985,-.42933756
a5297,National Treasury Employees Union v. Von Raab,1,6835,128,489 U.S. 656,1,5,4,3.0005207,.47035104,.36576533,.063247502,1989,.48164141,.40524387,1.009112,1.4774663,1.3624333,1.2830039
a5297,National Treasury Employees Union v. Von Raab,2,6835,2715,489 U.S. 656,1,5,4,.57515103,.1879877,.04296476,.0088243484,1989,.23975652,.15263152,-.81046098,-.67289221,-.50420666,-.66251993
a5299,Schmuck v. United States,1,5297,1113,489 U.S. 705,1,5,4,2.8383148,.25547135,.15386254,.013288021,1989,.36922026,.30960786,.88742107,-.15896557,.49487263,.40777606
a530,Rowoldt v. Perfetto,1,1643,3025,355 U.S. 115,3,5,4,.56928945,.24623489,.074130699,.0069434643,1957,.22296822,.18161982,-.8148585,-.22930647,-.63376296,-.5593093
a5300,Commissioner v. Clark,1,5649,1263,489 U.S. 726,12,8,1,.28365979,.17588973,.088279501,.0082794428,1989,.19455969,.12260085,-1.029145,-.76502514,-.85299325,-.88238782
a5302,Davis v. Michigan Department of the Treasury,1,4269,3504,489 U.S. 803,10,8,1,.80811667,.25800741,.047813531,.0050312281,1989,.21288824,.1663,-.63568431,-.13965204,-.71155077,-.49562904
a531,Moore v. Michigan,1,2987,1083,355 U.S. 155,1,5,4,1.9556202,.31131506,.1243627,.015512586,1957,.34891522,.26406533,.22520152,.26631626,.33817747,.27656507
a532,Barr v. Matteo,1,588,203,355 U.S. 171,3,7,2,1.8901653,.43137291,.20962811,.026439726,1957,.34491187,.40189046,.17609566,1.1806256,.3072834,.55466819
a5327,United States v. Sokolow,1,2822,2244,490 U.S. 1,1,7,2,.54291022,.22151589,.062099099,.0087361336,1989,.22723407,.17875338,-.83464885,-.41755581,-.60084319,-.61768264
a5329,Mississippi Band of Choctaw Indians v. Holyfield,1,8212,4117,490 U.S. 30,2,6,3,1.0554773,.0872989,.0368887,.002818048,1989,.1514318,.094254196,-.4501082,-1.4396951,-1.1858138,-1.0252057
a533,Green v. United States,1,4526,7284,355 U.S. 184,1,5,4,.4907088,.21969926,.0662328,.0080111623,1957,.19075298,.11908823,-.87381166,-.43139049,-.88236988,-.72919071
a5331,Wrenn v. Benson,1,1188,111,490 U.S. 89,2,6,3,5.1273613,.585446,.436501,.10814452,1989,.53382403,.64006758,2.6047211,2.3539803,1.7651297,2.241277
a5333,Cotton Petroleum Corp. v. New Mexico,1,9740,6653,490 U.S. 163,2,6,3,1.2494102,.12239635,.0292073,.0026622415,1989,.21681595,.095865846,-.3046149,-1.1724079,-.68124044,-.71942109
a5334,Frank v. Minnesota Newspaper Ass'n,1,446,46,490 U.S. 225,9,6,3,3.2236993,.33487546,.292712,.055469036,1989,.40600508,.37007183,1.1765462,.44574222,.77874333,.80034393
a5335,Price Waterhouse v. Hopkins,1,9695,5479,490 U.S. 228,2,6,3,1.7704133,.125828,.048590839,.0059685707,1989,.23700452,.11983156,.086254671,-1.146274,-.52544403,-.5284878
a5336,Mallard v. United States District Court,1,4696,2898,490 U.S. 296,2,5,4,1.2122269,.2130104,.029946569,.0067500472,1989,.24326462,.17282695,-.33251074,-.48233002,-.4771345,-.43065843
a534,Lambert v. California,1,1312,678,355 U.S. 225,4,5,4,3.3848674,.38359299,.19244289,.014820039,1957,.33689159,.28704745,1.2974585,.8167541,.24539042,.78653437
a5341,Kentucky Department of Corrections v. Thompson,1,3437,3594,490 U.S. 454,4,6,3,1.2318928,.1805363,.045685049,.0076494217,1989,.24960005,.1599822,-.31775683,-.72963887,-.42824355,-.49187976
a5342,"de Quijas v. Shearson/American Express, Inc.",1,2512,587,490 U.S. 477,8,5,4,1.5939815,.386235,.14753529,.022783399,1989,.36699724,.25420016,-.046108857,.83687449,.47771749,.42282772
a5345,Finley v. United States,1,3725,9161,490 U.S. 545,8,5,4,1.2487981,.15308464,.02446604,.0026196837,1989,.2471745,.13973618,-.30507407,-.93869901,-.44696167,-.56357825
a5346,Mansell v. Mansell,1,4291,3177,490 U.S. 581,10,7,2,.45654458,.092833638,.03031504,.0048245192,1989,.18066478,.093446016,-.89944249,-1.3975449,-.96022111,-1.0857362
a5348,Hildwin v. Florida,1,788,47,490 U.S. 638,1,7,2,3.7238467,.47417915,.5514074,.10522628,1989,.63458788,.69169956,1.5517693,1.5066196,2.5427303,1.8670397
a5348,Hildwin v. Florida,2,788,184,490 U.S. 638,1,7,2,3.167398,.44573569,.29420704,.057493567,1989,.57174957,.58384341,1.1343075,1.2900063,2.0578034,1.4940391
a535,United States v. Shotwell Manufacturing Co.,1,3986,2107,355 U.S. 233,1,6,3,1.1755966,.37961835,.1126549,.0103302,1957,.32554364,.25554079,-.35999167,.7864849,.15781762,.19477028
a5350,Hernandez v. Commissioner,1,6737,3244,490 U.S. 680,12,5,2,1.6599017,.2283507,.040001031,.0055446625,1989,.21087164,.12414914,.0033461524,-.36550486,-.72711301,-.36309057
a5351,Mead Corp. v. Tilley,1,3684,875,490 U.S. 714,8,8,1,1.5229816,.19219039,.09479326,.0074242353,1989,.29397976,.19162148,-.099374726,-.64088631,-.085762694,-.27534124
a5352,Martin v. Wilks,1,3798,9508,490 U.S. 755,2,5,4,.97152197,.1788436,.045186039,.0044115186,1989,.15782911,.13422221,-.51309359,-.74252975,-1.1364454,-.79735625
a5353,Alabama v. Smith,1,2813,130,490 U.S. 794,1,8,1,1.1755713,.41513231,.21632814,.028312445,1989,.35110033,.38563603,-.36001065,1.0569441,.35504004,.35065785
a5354,South Carolina v. Gathers,1,1869,3614,490 U.S. 805,1,5,4,1.1054121,.1491463,.096314803,.015698373,1989,.20271766,.1620999,-.41264582,-.96869165,-.79003775,-.72379172
a5354,South Carolina v. Gathers,2,1869,915,490 U.S. 805,1,5,4,4.0973167,.50669891,.24798834,.040137351,1989,.51655447,.53172767,1.8319559,1.7542762,1.6318595,1.7393639
a5355,"Newman-Green, Inc. v. Alfonzo-Larrain",1,3983,1520,490 U.S. 826,9,7,2,1.725356,.2311528,.06628263,.011413217,1989,.2292099,.19527024,.052451562,-.34416524,-.58559555,-.29243642
a5356,"California State Board of Equalization v. Sierra Summit, Inc.",1,3372,995,490 U.S. 844,10,6,3,4.2096739,.4730736,.2152289,.019045293,1989,.45714206,.3558439,1.916249,1.4982002,1.1733704,1.5292732
a5357,Sullivan v. Hudson,1,4479,2095,490 U.S. 877,6,5,4,1.2036749,.27495489,.073451944,.011969566,1989,.30764025,.15827477,-.33892661,-.010587294,.019656118,-.1099526
a5358,"Lorance v. AT&T Technologies, Inc.",1,3972,2124,490 U.S. 900,2,5,3,1.0813813,.19162303,.057966601,.0073674321,1989,.23768514,.1517067,-.43067434,-.64520705,-.52019161,-.53202432
a536,United States v. Sharpnack,1,3704,863,355 U.S. 286,1,7,2,3.1157784,.52563071,.1043426,.022655845,1958,.37851924,.27400345,1.0955813,1.8984526,.5666334,1.1868892
a537,Staub v. City of Baxley,1,4151,4397,355 U.S. 313,3,7,2,1.4033746,.36877537,.070951998,.0075489283,1958,.2894569,.27248156,-.18910696,.7039094,-.12066587,.13137886
a5383,Pennsylvania v. Union Gas Co.,1,6152,112,491 U.S. 1,10,5,4,1.5966908,.4532803,.2039289,.042187512,1989,.40766168,.36083567,-.044076294,1.3474629,.79152733,.69830465
a5384,Will v. Michigan Department of State Police,1,4604,5315,491 U.S. 58,2,5,4,1.0028329,.2728923,.067462802,.010907114,1989,.24433208,.1420629,-.48960334,-.02629509,-.46889684,-.3282651
a5384,Will v. Michigan Department of State Police,2,4604,2638,491 U.S. 58,2,5,4,1.6708306,.36944675,.074893244,.0095915794,1989,.3564741,.22079289,.011545263,.7090224,.3965098,.37235916
a5385,Michael H. v. Gerald D.,1,6860,2341,491 U.S. 110,4,5,4,1.6575938,.16844785,.045823999,.0067986846,1989,.2195785,.15680742,.0016147143,-.82169932,-.65992159,-.4933354
a5387,Dellmuth v. Muth,1,2544,3292,491 U.S. 223,2,5,4,1.4932954,.21377444,.0306562,.0048317313,1989,.20995355,.10320246,-.12164607,-.47651139,-.73419797,-.44411847
a5387,Dellmuth v. Muth,2,2544,123,491 U.S. 223,2,5,4,2.2142129,.46334949,.2482083,.03088665,1989,.43815291,.40762681,.41920424,1.4241455,1.02683,.95672655
a5387,Dellmuth v. Muth,3,2544,66,491 U.S. 223,2,5,4,3.2962534,.5745219,.28266141,.057058394,1989,.67433214,.51895225,1.2309781,2.270787,2.8494391,2.1170681
a5388,Colonial American Life Insurance v. Commissioner,1,4541,458,491 U.S. 244,12,6,3,.72126257,.20621437,.11061555,.014375091,1989,.23189074,.17917591,-.70084441,-.53408569,-.56490737,-.59994584
a539,Nashville Milk Co. v. Carnation Co.,1,3039,1575,355 U.S. 373,8,5,4,.87559003,.23084959,.077366352,.0094302893,1958,.21886081,.14510095,-.58506411,-.34647435,-.66546011,-.53233284
a5390,Missouri v. Jenkins ex rel. Agyei,1,5008,777,491 U.S. 274,6,5,3,2.6861737,.228591,.1197861,.012494624,1989,.32052296,.22698021,.77328104,-.36367485,.11907275,.17622632
a5391,Consolidated Rail Corp. v. Railway Labor Executives' Ass'n,1,6874,658,491 U.S. 299,7,7,2,2.8349788,.2164861,.13719285,.012301207,1989,.38167119,.28767115,.88491839,-.45586058,.59095722,.34000501
a5392,Healy v. Beer Institute,1,6057,1441,491 U.S. 324,8,6,3,.71717614,.2220588,.054090999,.0098055005,1989,.2772674,.2082141,-.70391017,-.41342124,-.21473302,-.44402146
a5394,Jones v. Thomas,1,3288,102,491 U.S. 376,1,5,4,3.7658234,.4697468,.21673083,.065933228,1989,.56403661,.54878354,1.5832613,1.4728646,1.998282,1.6848027
a5394,Jones v. Thomas,2,3288,2986,491 U.S. 376,1,5,4,.093805738,.1515034,.041047599,.0048675537,1989,.22251701,.1834718,-1.1715783,-.95074105,-.63724494,-.91985476
a5395,Texas v. Johnson,1,7722,4921,491 U.S. 397,3,5,4,1.5373858,.25108099,.070186697,.012746572,1989,.27273244,.13254255,-.088568352,-.19240068,-.24972957,-.17689954
a5395,Texas v. Johnson,2,7722,1240,491 U.S. 397,3,5,4,.98260826,.22736263,.092275858,.011817276,1989,.24362171,.19333208,-.50477636,-.37302953,-.47437879,-.45072824
a5398,Florida Star v. B. J. F.,1,5190,3791,491 U.S. 524,3,6,3,.82535249,.1860951,.03028667,.0075646639,1989,.16310149,.12042135,-.62275356,-.68730539,-1.0957581,-.80193901
a5399,Massachusetts v. Oakes,1,2438,3167,491 U.S. 576,3,6,3,2.2202935,.23201686,.0709287,.010711133,1989,.24816132,.14388514,.42376608,-.33758494,-.43934637,-.11772174
a54,Fisher v. Univ. of Tex. At Austin,1,5666,16020,136 S. Ct. 2198,2,4,3,.33185145,.10420585,.0468839,.0049126148,2016,.18515968,.88403678,-.99299037,-1.310939,-.92553365,-1.0764877
a540,Federal Trade Commission v. Standard Oil Co.,1,2486,1909,355 U.S. 396,8,5,4,1.9095073,.25072855,.085158199,.014395773,1958,.32670283,.1977433,.19060647,-.19508472,.16676316,.05409497
a5400,"Caplin & Drysdale, Chartered v. United States",1,5683,7494,491 U.S. 617,1,5,4,1.5380442,.16654587,.041387562,.0044035912,1989,.20971465,.15083122,-.088074408,-.83618402,-.73604155,-.5534333
a5402,Jett v. Dallas Independent School District,1,11474,5322,491 U.S. 701,2,5,4,2.5051253,.28097826,.0517551,.0092986226,1989,.32257175,.87459695,.63745397,.035284173,.13488339,.26920718
a5402,Jett v. Dallas Independent School District,2,11474,56,491 U.S. 701,2,5,4,2.7334709,.56633133,.44659379,.10824847,1989,.72161961,.86047715,.80876458,2.2084112,3.2143593,2.0771785
a5403,Independent Federation of Flight Attendants v. Zipes,1,3814,3400,491 U.S. 754,6,6,2,.58094156,.1968367,.037302501,.0037872195,1989,.15730023,.1044842,-.80611676,-.60550201,-1.1405267,-.85071516
a5404,Ward v. Rock Against Racism,1,6472,2960,491 U.S. 781,3,6,3,.84216464,.12547535,.049165249,.0046644807,1989,.20924014,.12342495,-.61014068,-1.1489595,-.73970336,-.8329345
a5410,Murray v. Giarratano,1,3404,6483,492 U.S. 1,2,5,4,.34599096,.1821698,.028709531,.0035369396,1989,.16895366,.14935416,-.9823826,-.71719885,-1.0505966,-.91672599
a5411,"Granfinanciera, S.A. v. Nordberg",1,10833,7330,492 U.S. 33,1,6,3,.63881934,.1089171,.0260376,.0053982735,1989,.21501094,.86652076,-.76269543,-1.2750601,-.69516975,-.9109751
a5411,"Granfinanciera, S.A. v. Nordberg",2,10833,1289,492 U.S. 33,1,6,3,1.5870409,.23097044,.0544025,.0085499287,1989,.24165249,.91034412,-.05131587,-.34555402,-.48957536,-.29548174
a5412,Hoffman v. Connecticut Department of Income Maintenance,1,2020,2059,492 U.S. 96,8,5,4,1.7229378,.26181376,.0653027,.011258364,1989,.20542759,.15349114,.050637398,-.11066449,-.76912504,-.27638406
a5412,Hoffman v. Connecticut Department of Income Maintenance,2,2020,975,492 U.S. 96,8,5,4,1.4123243,.3115305,.060233649,.0096390247,1989,.27700293,.23441362,-.18239263,.26795697,-.21677391,-.043736521
a5414,United States Department of Justice v. Tax Analysts,1,6107,431,492 U.S. 136,5,8,1,.91229552,.35770744,.17735887,.033046901,1989,.3538484,.25266099,-.55752671,.6196208,.37624708,.14611372
a5415,Public Employees Retirement System of Ohio v. Betts,1,7096,4106,492 U.S. 158,2,7,2,.48763466,.1143836,.038008001,.0054274797,1989,.22503769,.14880532,-.87611794,-1.2334296,-.61779273,-.90911341
a5416,Duckworth v. Eagan,1,3145,5103,492 U.S. 195,1,5,4,.85340303,.26713839,.077490002,.014791965,1989,.29562521,.21250522,-.60170937,-.070114367,-.073064692,-.24829614
a5420,Stanford v. Kentucky,1,5410,8044,492 U.S. 361,1,5,4,.7455889,.15940461,.0385716,.0060283542,1989,.22933573,.095727146,-.68259418,-.89056885,-.58462453,-.71926254
a5422,Board of Trustees v. Fox,1,4833,1061,492 U.S. 469,3,6,3,2.1327453,.26611519,.094608553,.01024884,1989,.2481249,.19096553,.35808519,-.077906646,-.43962741,-.053149622
a543,Kernan v. American Dredging Co.,1,4793,3889,355 U.S. 426,8,5,4,1.2988644,.17071921,.05059135,.0050860643,1958,.13969892,.13033205,-.26751313,-.8044017,-1.2763571,-.78275728
a5438,Terrell v. Morris,1,575,368,493 U.S. 1,1,5,4,.89214474,.41481909,.2276281,.041956544,1989,.38420975,.38324767,-.57264435,1.0545588,.61054742,.36415395
a5439,Northbrook National Insurance v. Brewer,1,1921,2508,493 U.S. 6,8,8,1,.74488068,.1901983,.067455202,.009183526,1989,.22463268,.18450409,-.68312556,-.65605718,-.62091821,-.65336698
a544,United States v. City of Detroit,1,2558,2683,355 U.S. 466,8,7,2,.52397937,.2105246,.044746801,.0083719492,1958,.19866556,.13696307,-.8488512,-.50126076,-.82130802,-.72380668
a5440,Hallstrom v. Tillamook County,1,3578,1586,493 U.S. 20,8,7,2,1.7778137,.19155693,.069881558,.010498881,1989,.16243488,.1434564,.091806635,-.64571047,-1.1009023,-.55160207
a5443,Golden State Transit Corp. v. City of Los Angeles,1,3192,2255,493 U.S. 103,2,6,3,.46018809,.2725862,.073257901,.0066322684,1989,.20525348,.1487028,-.89670902,-.028626215,-.77046865,-.56526798
a5444,Pavelic & LeFlore v. Marvel Entertainment Group,1,2251,1209,493 U.S. 120,9,8,1,1.754761,.3127878,.078689396,.013175189,1989,.33662891,.22820038,.07451193,.27753201,.24336332,.19846909
a5445,John Doe Agency v. John Doe Corp.,1,3811,2030,493 U.S. 146,5,6,3,1.1746043,.1805362,.067830198,.0099653602,1989,.23677778,.16329676,-.36073613,-.72963965,-.52719378,-.53918988
a5446,Hoffmann-La Roche Inc. v. Sperling,1,2466,2601,493 U.S. 165,9,7,2,2.1703987,.30571353,.086796157,.014609158,1989,.36892349,.27947187,.38633376,.22365743,.49258244,.36752453
a5448,Spallone v. United States,1,4635,8724,493 U.S. 265,9,5,4,.88063729,.1523353,.030160669,.0054236054,1990,.12637818,.10675991,-.58127755,-.94440562,-1.379154,-.96827906
a5449,James v. Illinois,1,3785,3097,493 U.S. 307,1,5,4,.5264706,.20339011,.058300141,.0065222979,1990,.20754266,.19299096,-.84698224,-.55559409,-.75280297,-.71845978
a545,United States v. Township of Muskegon,1,811,386,355 U.S. 484,8,7,2,2.1774902,.30545515,.22655326,.019250154,1958,.31548166,.2584486,.39165398,.22168967,.080168732,.2311708
a5450,Dowling v. United States,1,3464,3374,493 U.S. 342,1,6,3,.89612436,.19328487,.084093802,.0073528886,1990,.24512869,.17999601,-.56965876,-.63255125,-.4627493,-.55498642
a5453,Holland v. Illinois,1,4261,4504,493 U.S. 474,1,5,4,.72216117,.1521803,.028751129,.0051409006,1990,.16479415,.14622188,-.70017028,-.94558609,-1.0826957,-.90948403
a5453,Holland v. Illinois,2,4261,6307,493 U.S. 474,1,5,4,.60998714,.1357789,.027644699,.00324893,1990,.13312054,.093767047,-.78432602,-1.070492,-1.3271228,-1.060647
a5454,Sullivan v. Zebley,1,6358,2157,493 U.S. 521,2,7,2,.31281555,.1232775,.03891474,.0065239668,1990,.26275617,.13529974,-1.0072716,-1.1656975,-.32671702,-.83322871
a5455,Baltimore City Department of Social Services v. Bouknight,1,3735,3117,493 U.S. 549,1,7,2,.73984295,.214488,.059681199,.0078219175,1990,.19653136,.15131491,-.68690497,-.47107723,-.83777779,-.66525334
a546,City of Detroit v. Murray Corp. of America,1,6547,7685,355 U.S. 489,8,5,4,2.1772628,.18408629,.095259249,.01041609,1958,.25317776,.16075641,.39148334,-.70260364,-.40063414,-.23725148
a5469,Schiro v. Indiana,1,1806,51,493 U.S. 910,,,,3.0726168,.49597484,.39063919,.092489779,1989,.61499548,.53288937,1.0632004,1.6726062,2.3915346,1.7091137
a547,Public Utilities Commission v. United States,1,3314,2246,355 U.S. 534,10,6,3,1.5824974,.31425759,.109257,.010946333,1958,.43512642,.18069226,-.054724548,.28872532,1.0034744,.41249171
a548,Harmon v. Brucker,1,1139,1067,355 U.S. 579,2,8,1,1.3668773,.25964761,.1014586,.013958454,1958,.28047508,.23342681,-.21648809,-.12716098,-.18997914,-.17787607
a5498,Dole v. United Steelworkers,1,4925,3979,494 U.S. 26,9,7,2,.47521469,.1391906,.043082241,.0034332275,1990,.19036365,.11529499,-.8854357,-1.04451,-.88537437,-.93844002
a55,Mathis v. United States,1,6240,2568,136 S. Ct. 2243,1,5,3,.68758017,.2335493,.12219673,.01323247,2016,.2787208,.18590105,-.7261138,-.32591456,-.20351705,-.41851515
a5500,Sullivan v. Everhart,1,3601,4019,494 U.S. 83,2,5,4,1.1352431,.1584934,.049280051,.0098272562,1990,.18895203,.17766148,-.39026591,-.8975082,-.89626795,-.72801399
a5502,Zinermon v. Burch,1,8312,3786,494 U.S. 113,2,5,4,1.2201871,.1903144,.05742234,.011117041,1990,.17035186,.12469119,-.3265388,-.65517306,-1.0398065,-.67383945
a5504,Carden v. Arkoma Associates,1,4119,3726,494 U.S. 185,9,5,4,.71130854,.13353109,.042251941,.0059857368,1990,.17799473,.12333971,-.70831221,-1.0876105,-.98082608,-.92558295
a5506,United States v. Verdugo-Urquidez,1,3291,6275,494 U.S. 259,1,6,3,1.0416312,.18536407,.035697699,.0055345297,1990,.22744119,.11733836,-.46049586,-.69287264,-.59924477,-.58420444
a5506,United States v. Verdugo-Urquidez,2,3291,334,494 U.S. 259,1,6,3,3.1354275,.3605926,.15276945,.02801621,1990,.41159803,.35906619,1.1103225,.64159298,.82190436,.85793996
a5507,Blystone v. Pennsylvania,1,2847,5175,494 U.S. 299,1,5,4,.20463076,.1315774,.02505124,.0046963692,1990,.18166935,.10552192,-1.0884346,-1.1024889,-.95246875,-1.0477974
a5508,Maryland v. Buie,1,3542,1483,494 U.S. 325,1,7,2,.66501784,.15511949,.0420762,.0082150698,1990,.19385374,.18903524,-.74304062,-.9232024,-.85844117,-.84156138
a5509,Michigan v. Harvey,1,3136,5183,494 U.S. 344,1,5,4,.27873749,.15819645,.053878799,.0065947771,1990,.26446372,.21849293,-1.0328379,-.8997696,-.31353971,-.74871576
a551,Northern Pacific Railway Co. v. United States,1,3212,2303,356 U.S. 1,8,5,3,.61825436,.24911153,.066736937,.0078089833,1958,.29510933,.19341117,-.77812374,-.20739922,-.077045754,-.35418957
a5510,Boyde v. California,1,5168,6613,494 U.S. 370,1,5,4,.36767396,.15266819,.046535969,.0077607632,1990,.18654293,.14363265,-.96611542,-.94187045,-.91485912,-.94094831
a5511,Butler v. McKellar,1,2630,5680,494 U.S. 407,1,5,4,1.8708473,.25506294,.0919533,.010409951,1990,.27559799,.24453461,.16160282,-.16207586,-.22761594,-.076029658
a5512,McKoy v. North Carolina,1,2868,5249,494 U.S. 433,1,6,3,.3254551,.1494703,.045525972,.0081991553,1990,.19186288,.15027994,-.99778908,-.96622425,-.87380469,-.94593936
a5513,Smith v. Ohio,1,860,117,494 U.S. 541,1,8,1,7.7131295,.64235264,.41634989,.07022047,1990,.70538485,.69344032,4.5446291,2.7873569,3.0890746,3.4736869
a5514,"Chauffeurs, Teamsters & Helpers Local No. 391 v. Terry",1,4532,3862,494 U.S. 558,1,6,3,1.2805191,.18755656,.0581045,.0074086189,1990,.19312859,.14728272,-.28127617,-.67617553,-.86403722,-.60716295
a5516,Austin v. Michigan State Chamber of Commerce,1,4446,11425,494 U.S. 652,3,6,3,1.2723691,.19302404,.061561201,.0086152554,1990,.21690953,.91409719,-.2873905,-.63453758,-.68051827,-.53414881
a5519,"National Labor Relations Board v. Curtin Matheson Scientific, Inc.",1,6679,7432,494 U.S. 775,7,5,4,.43706274,.095022097,.031624261,.0060355663,1990,.20749438,.12639058,-.91405827,-1.3808784,-.7531755,-1.0160375
a5521,Department of the Treasury v. Federal Labor Relations Authority,1,4535,210,494 U.S. 922,7,7,2,2.069171,.21928555,.20765674,.019369721,1990,.37612122,.29827243,.31039014,-.43454117,.54812777,.14132558
a553,Perez v. Brownell,1,5413,5356,356 U.S. 44,2,5,4,.32741776,.16173901,.0383127,.0045753717,1958,.18566531,.11730993,-.99631667,-.87279105,-.92163175,-.93024647
a553,Perez v. Brownell,2,5413,2290,356 U.S. 44,2,5,4,1.118868,.31617519,.07866466,.013539791,1958,.30353302,.20169657,-.40255091,.30332896,-.012039671,-.037087206
a5533,New York v. Harris,1,1942,3992,495 U.S. 14,1,5,4,.3144702,.1502286,.04376537,.0078606606,1990,.14834142,.15049285,-1.0060302,-.96044934,-1.2096624,-1.058714
a5536,Osborne v. Ohio,1,6908,8747,495 U.S. 103,3,6,3,1.8544008,.1835582,.049065702,.0053012371,1990,.1413303,.11215788,.14926417,-.7066254,-1.2637676,-.60704297
a5537,Whitmore ex rel. Simmons v. Arkansas,1,5294,5274,495 U.S. 149,9,7,2,1.0889106,.21916413,.079405002,.0077835321,1990,.24816167,.15375412,-.4250257,-.43546581,-.4393436,-.43327838
a5538,Ngiraingas v. Sanchez,1,3339,4730,495 U.S. 182,2,6,2,.7879951,.206706,.050314069,.0051797032,1990,.23822486,.096867263,-.65078002,-.53034163,-.51602656,-.56571609
a5539,Stewart v. Abend,1,9301,7031,495 U.S. 207,8,6,3,.29081291,.080606699,.034513239,.0034310222,1990,.26123768,.13575929,-1.0237786,-1.49066,-.33843529,-.95095795
a554,Trop v. Dulles,1,5697,4670,356 U.S. 86,2,5,4,.8596884,.1381893,.039719939,.0029102564,1958,.16089618,.10325068,-.59699392,-1.0521355,-1.1127765,-.92063528
a5540,United States v. Ojeda Rios,1,2842,916,495 U.S. 257,1,6,3,2.0675459,.23067075,.06020147,.0094379187,1990,.29248899,.19647247,.30917099,-.34783635,-.097267069,-.045310806
a5543,Delo v. Stokes,1,608,1302,495 U.S. 320,1,5,4,.60059237,.33354381,.065480947,.021284878,1990,.18458021,.2620495,-.79137421,.43560088,-.93000555,-.42859295
a5543,Delo v. Stokes,2,608,79,495 U.S. 320,1,5,4,.71913797,.45591164,.36123061,.072200179,1990,.43408114,.50561941,-.70243835,1.367502,.99540788,.55349052
a5544,Atlantic Richfield Co. v. USA Petroleum Co.,1,5467,5546,495 U.S. 328,8,7,2,.23419425,.1096561,.029933101,.0036348104,1990,.14956993,.14158994,-1.0662552,-1.2694322,-1.200182,-1.1786231
a5545,"United Steelworkers of America, AFL-CIO-CLC v. Rawson",1,4054,2529,495 U.S. 362,10,6,3,.94269073,.2127762,.036424339,.0065317154,1990,.17686367,.16739047,-.53472346,-.4841136,-.98955452,-.66946387
a5548,Grady v. Corbin,1,5284,547,495 U.S. 508,1,5,4,.88656682,.40928721,.1401729,.017728925,1990,.5502401,.49207258,-.57682908,1.0124303,1.8918134,.77580488
a5548,Grady v. Corbin,2,5284,6007,495 U.S. 508,1,5,4,.73559755,.22914726,.051726941,.0099101067,1990,.20732123,.14815271,-.69008994,-.35943863,-.75451171,-.60134673
a5549,Pennsylvania Department of Public Welfare v. Davenport,1,2966,3237,495 U.S. 552,8,7,2,2.0387628,.16679806,.039257761,.0078226328,1990,.21046871,.12935138,.28757721,-.8342635,-.7302224,-.42563623
a555,Nishikawa v. Dulles,1,2721,1481,356 U.S. 129,2,7,2,1.8262489,.15823865,.059316639,.0078212619,1958,.15032631,.13521534,.12814394,-.89944828,-1.1943449,-.6552164
a5553,"Citibank, N. A. v. Wells Fargo Asia Ltd.",1,3862,157,495 U.S. 660,9,8,1,1.1857325,.36242959,.3260316,.028566539,1990,.46766251,.37238985,-.35238749,.65558267,1.2545574,.51925087
a5554,Duro v. Reina,1,6433,4198,495 U.S. 676,2,7,2,.88549018,.14446867,.028747739,.0055510998,1990,.18363428,.11390227,-.57763678,-1.0043145,-.93730527,-.8397522
a5555,United States v. Montalvo-Murillo,1,3279,2742,495 U.S. 711,1,6,3,2.424135,.19838977,.069096103,.0075886846,1990,.28937703,.21155167,.57669306,-.59367448,-.12128223,-.046087887
a5556,Demosthenes v. Baal,1,1856,1250,495 U.S. 731,9,5,4,1.449137,.2363151,.053769901,.011043429,1990,.24865896,.18474144,-.15477484,-.30485138,-.43550605,-.29837742
a556,Brown v. United States,1,2888,1096,356 U.S. 148,1,5,4,4.1362691,.33715391,.10704166,.012142003,1958,.37362969,.28406602,1.8611789,.46309391,.5289005,.95105779
a556,Brown v. United States,2,2888,1060,356 U.S. 148,1,5,4,4.3950272,.33984491,.11109024,.0089117289,1958,.32347095,.2481038,2.0553057,.48358741,.14182253,.89357191
a557,Green v. United States,1,7636,8351,356 U.S. 165,1,5,4,1.9509187,.32079291,.067073099,.011153162,1958,.36135799,.2590059,.22167434,.33849552,.43419904,.3314563
a557,Green v. United States,2,7636,1844,356 U.S. 165,1,5,4,2.2340982,.21219707,.1097928,.0081914067,1958,.30384386,.21895701,.43412271,-.48852402,-.0096409135,-.021347407
a558,United States v. F. & M. Schaefer Brewing Co.,1,2609,4821,356 U.S. 227,9,7,2,.93988603,.2421173,.053260561,.0077670813,1958,.17740244,.17673254,-.53682762,-.26066431,-.9853968,-.59429622
a558,United States v. F. & M. Schaefer Brewing Co.,2,2609,278,356 U.S. 227,9,7,2,2.8190634,.5140723,.18906146,.030101597,1958,.36374122,.41654223,.87297827,1.8104287,.45259058,1.0453326
a5580,Peel v. Attorney Registration & Disciplinary Commission of Illinois,1,6060,462,496 U.S. 91,6,5,4,1.5534312,.47197029,.20697831,.025715947,1990,.36907083,.28970122,-.07653074,1.4897978,.49371949,.6356622
a5580,Peel v. Attorney Registration & Disciplinary Commission of Illinois,2,6060,2567,496 U.S. 91,6,5,4,1.4091213,.1303338,.031213161,.0052052736,1990,.21059334,.10481107,-.18479562,-1.1119597,-.72926062,-.67533863
a5581,Horton v. California,1,4291,3264,496 U.S. 128,1,7,2,.5594427,.18986326,.081816003,.013209343,1990,.20312262,.22506642,-.82224572,-.65860868,-.78691268,-.75592238
a5582,American Trucking Associations v. Smith,1,9842,6982,496 U.S. 167,8,5,4,.52856714,.1026549,.023581401,.0029488802,1990,.1157043,.076535344,-.84540933,-1.3227503,-1.461525,-1.2098949
a5583,Board of Education v. Mergens ex rel. Mergens,1,8714,7881,496 U.S. 226,3,8,1,.581779,.19725966,.058318142,.0086362958,1990,.16806602,.11611897,-.80548847,-.60228086,-1.0574465,-.8217386
a5584,Illinois v. Perkins,1,2097,1992,496 U.S. 292,1,8,1,.37546152,.2188258,.063285232,.0064914227,1990,.23183542,.19718921,-.96027303,-.4380424,-.5653342,-.6545499
a5585,United States v. Eichman,1,2379,1635,496 U.S. 310,3,5,4,1.8526491,.23874676,.13019156,.02214098,1990,.31409109,.24074775,.14795004,-.28633288,.069437571,-.022981755
a5586,Alabama v. White,1,2062,324,496 U.S. 325,1,6,3,1.3523275,.26886845,.15070909,.026831985,1990,.4781453,.31093121,-.22740376,-.05693901,1.3354536,.35037029
a5588,Office of Personnel Management v. Richmond,1,6122,2101,496 U.S. 414,8,7,2,1.6080731,.29543701,.045653459,.0063214302,1990,.20249975,.15395784,-.035536978,.1453958,-.79171938,-.22728685
a5589,Michigan Department of State Police v. Sitz,1,2746,1201,496 U.S. 444,1,6,3,.76286012,.27599481,.10454106,.014964402,1990,.28985691,.20836961,-.66963691,-.0026676909,-.117579,-.26329452
a5589,Michigan Department of State Police v. Sitz,2,2746,6214,496 U.S. 444,1,6,3,.3759954,.17958045,.03823996,.0068852305,1990,.22886896,.16349947,-.95987248,-.73691821,-.58822662,-.76167244
a559,Grimes v. Raymond Concrete Pile Co.,1,412,669,356 U.S. 252,8,6,3,2.7020748,.33052731,.28668797,.048775196,1958,.34581822,.26082665,.78521043,.4126285,.31427774,.50403887
a5590,Sullivan v. Stroop,1,2000,3443,496 U.S. 478,2,5,4,.26269686,.20532894,.041887298,.0074641705,1990,.24582493,.17779857,-1.0448719,-.5408287,-.45737636,-.68102568
a5590,Sullivan v. Stroop,2,2000,261,496 U.S. 478,2,5,4,.29093328,.31448364,.1344694,.029268265,1990,.35773438,.26599663,-1.0236882,.29044682,.40623546,-.10900197
a5591,Wilder v. Virginia Hospital Ass'n,1,8089,1575,496 U.S. 498,9,5,4,1.3191221,.21729195,.063695252,.010139704,1990,.21665764,.17427301,-.25231528,-.44972354,-.6824621,-.46150032
a5595,Pension Benefit Guaranty Corp. v. LTV Corp.,1,6618,862,496 U.S. 633,8,8,1,2.3582563,.19699293,.089994803,.017440617,1990,.30021894,.20457178,.52726924,-.60431218,-.037614606,-.03821918
a5596,"Lilly v. Medtronic, Inc.",1,5343,1254,496 U.S. 661,8,6,2,1.6046252,.37902451,.095122099,.0084165335,1990,.27139568,.1697982,-.038123671,.78196245,-.26004538,.16126446
a56,Whole Woman's Health v. Hellerstedt,1,11715,19828,136 S. Ct. 2292,5,5,3,.77511078,.1618509,.026438201,.0037908554,2016,.15254045,.00051981211,-.66044617,-.87193888,-1.1772583,-.90321445
a560,Butler v. Whiteman,1,222,356,356 U.S. 271,8,6,3,4.0597887,.2634353,.19813401,.056225181,1958,.39972299,.3986522,1.8038014,-.0983155,.73026407,.81191665
a5605,Milkovich v. Lorain Journal Co.,1,7234,5067,497 U.S. 1,3,7,2,1.0662386,.14251401,.049794301,.0052170753,1990,.23956567,.12784135,-.44203475,-1.0192004,-.50567949,-.65563822
a5607,Rutan v. Republican Party of Illinois,1,5006,7989,497 U.S. 62,3,5,4,1.5388546,.27469313,.0664334,.0089656115,1990,.34992135,.1843493,-.087466441,-.012580699,.34594178,.08196488
a5608,"Maislin Industries, U. S., Inc. v. Primary Steel, Inc.",1,6235,5284,497 U.S. 116,9,7,2,1.0439223,.15474683,.034624599,.0046268106,1990,.17929697,.11290622,-.45877701,-.92604047,-.97077656,-.78519803
a561,Fidelity-Philadelphia Trust Co. v. Smith,1,2050,138,356 U.S. 274,12,6,3,1.3840175,.37953949,.17084029,.038578272,1958,.38091671,.41120595,-.20362912,.78588432,.58513486,.38913003
a5610,Illinois v. Rodriguez,1,3416,3249,497 U.S. 177,1,6,3,1.1991861,.131905,.033852641,.0042735934,1990,.25071245,.1700294,-.34229425,-1.0999941,-.41965908,-.6206491
a5611,Kansas v. Utilicorp United Inc.,1,5153,2228,497 U.S. 199,8,5,4,.89081132,.16711441,.044681799,.0054314137,1990,.16272414,.12990135,-.5736447,-.83185428,-1.0986701,-.83472306
a5612,Sawyer v. Smith,1,5415,4848,497 U.S. 227,1,5,4,.70159566,.1194017,.039572362,.0061012506,1990,.13885802,.11638153,-.71559906,-1.1952138,-1.2828463,-1.064553
a5613,"Cruzan ex rel. Cruzan v. Director, Missouri Department of Health",1,7777,10575,497 U.S. 261,5,5,4,.34936371,.12322414,.0259578,.0044360757,1990,.13278413,.75620264,-.97985226,-1.1661038,-1.3297189,-1.1585584
a5613,"Cruzan ex rel. Cruzan v. Director, Missouri Department of Health",2,7777,9665,497 U.S. 261,5,5,4,1.0628556,.1646253,.057543401,.0060559511,1990,.19286627,.11839366,-.44457281,-.85081023,-.86606151,-.72048151
a5615,Georgia v. South Carolina,1,10483,636,497 U.S. 376,11,9,0,.09076754,.21282303,.080924198,.013657928,1990,.31975764,.26958448,-1.1738576,-.48375693,.1131667,-.51481593
a5615,Georgia v. South Carolina,2,10483,264,497 U.S. 376,11,9,0,.27132097,.34674156,.20270884,.029727876,1990,.37046915,.36991763,-1.0384018,.53610933,.50451046,.00073931616
a5615,Georgia v. South Carolina,3,10483,84,497 U.S. 376,11,9,0,.63376021,.41487309,.45268995,.075236917,1990,.45575738,.45711398,-.76649088,1.05497,1.1626847,.48372129
a5615,Georgia v. South Carolina,4,10483,1087,497 U.S. 376,11,9,0,.10679006,.1610395,.059475999,.008171618,1990,.27392912,.21989071,-1.1618371,-.87811816,-.2404947,-.76014996
a5616,Hodgson v. Minnesota,1,12758,882,497 U.S. 417,5,6,3,1.9486244,.22265106,.074382499,.011771679,1990,.26555735,.85873628,.21995309,-.40891084,-.30510014,-.16468596
a5617,Ohio v. Akron Center for Reproductive Health,1,4579,6003,497 U.S. 502,5,6,3,1.0478555,.15368091,.029500499,.0073099732,1990,.16923845,.12729037,-.45582625,-.93415809,-1.0483987,-.81279433
a5618,Alvarado v. United States,1,550,327,497 U.S. 543,1,5,4,1.1728468,.41523719,.1690007,.022544503,1990,.34489614,.38108891,-.36205465,1.0577427,.30716196,.33428335
a5619,"Metro Broadcasting, Inc. v. Federal Communications Commission",1,17123,9123,497 U.S. 547,2,5,4,.70311159,.1726357,.090310097,.012221992,1990,.27954489,.89695418,-.71446174,-.78980643,-.19715747,-.56714189
a5619,"Metro Broadcasting, Inc. v. Federal Communications Commission",2,17123,2213,497 U.S. 547,2,5,4,1.7223259,.30828249,.15070546,.018578291,1990,.40565258,.8787722,.050178334,.24322154,.77602303,.35647431
a562,Denver Union Stock Yard Co. v. Producers Livestock Marketing Ass'n,1,2092,278,356 U.S. 282,8,6,3,2.0622029,.2116387,.1150689,.017768025,1958,.36788034,.26848799,.30516258,-.49277627,.48453245,.098972917
a562,Denver Union Stock Yard Co. v. Producers Livestock Marketing Ass'n,2,2092,4873,356 U.S. 282,8,6,3,1.033572,.1167262,.05025804,.0093213916,1958,.17589813,.11574024,-.46654212,-1.2155893,-.99700558,-.89304566
a5620,Walton v. Arizona,1,4608,849,497 U.S. 639,1,5,4,2.6376536,.43562049,.16594531,.031351209,1990,.59888119,.49303395,.73688006,1.2129732,2.2671795,1.4056776
a5620,Walton v. Arizona,2,4608,11111,497 U.S. 639,1,5,4,.27460235,.16046214,.0221228,.0046018362,1990,.18410206,.86807102,-1.0359401,-.88251507,-.93369544,-.95071685
a5620,Walton v. Arizona,3,4608,3618,497 U.S. 639,1,5,4,1.1055319,.35781425,.078372598,.012593627,1990,.32288021,.26484776,-.41255593,.62043422,.13726375,.11504734
a5621,United States v. Kokinda,1,4576,8498,497 U.S. 720,3,5,4,.72044992,.071993649,.0335287,.0033620596,1990,.17640346,.10229075,-.7014541,-1.5562533,-.99310595,-1.0836045
a5622,Lewis v. Jeffers,1,5998,7046,497 U.S. 764,1,5,4,1.1000296,.1345446,.028733401,.0051183701,1990,.13894409,.093607783,-.41668394,-1.079892,-1.2821821,-.92625272
a5623,Idaho v. Wright,1,6045,2660,497 U.S. 805,1,5,4,.38080171,.20110303,.042088699,.0064229369,1990,.22570479,.16499716,-.9562667,-.57301146,-.61264473,-.7139743
a5624,Maryland v. Craig,1,6950,3293,497 U.S. 836,1,5,4,2.7305901,.23734844,.0478695,.014850378,1990,.20061928,.16632313,.80660337,-.29698193,-.80623108,-.098869883
a5625,Lujan v. National Wildlife Federation,1,8589,5641,497 U.S. 871,9,5,4,.68821895,.19256586,.041018099,.0066207647,1990,.23907918,.15350825,-.72563457,-.63802689,-.50943375,-.62436509
a563,Sinkler v. Missouri Pacific Railroad,1,1771,732,356 U.S. 326,8,7,2,2.1608126,.34668124,.11361504,.024247825,1958,.32448024,.2894786,.37914202,.53564996,.14961125,.35480106
a5632,Sutton v. Tennessee,1,421,51,497 U.S. 1031,,,,6.8466935,.35979533,.80420488,.19379818,1990,.50462306,.62062919,3.8946071,.63552129,1.5397841,2.0233042
a564,National Labor Relations Board v. Wooster Division of Borgwarner Corp.,1,2460,3852,356 U.S. 342,7,5,4,1.2115024,.1604069,.058965798,.011545777,1958,.17316324,.15790844,-.33305421,-.88293576,-1.018111,-.74470031
a5648,"Palmer v. BRG of Georgia, Inc.",1,1303,129,498 U.S. 46,8,7,1,5.7615275,.64028597,.37756291,.091947734,1990,.75549847,.74658239,3.0804884,2.7716181,3.4758043,3.1093037
a5649,FMC Corp. v. Holliday,1,3737,2126,498 U.S. 52,10,7,1,.6482237,.2223689,.051123999,.0094032884,1990,.20953733,.13618344,-.75564003,-.41105971,-.73740995,-.63470322
a565,Yates v. United States,1,1240,58,356 U.S. 363,1,6,3,1.6095352,.44457471,.42737746,.0778355,1958,.62147337,.61971939,-.03444007,1.2811648,2.4415247,1.2294165
a5652,Moskal v. United States,1,4443,4535,498 U.S. 103,1,5,3,2.0738454,.26671886,.1113496,.011741281,1990,.21914816,.21861774,.31389704,-.07330931,-.66324258,-.14088495
a5653,Minnick v. Mississippi,1,2898,3664,498 U.S. 146,1,6,2,.67080313,.1846194,.058233138,.008603394,1990,.20566744,.2222324,-.73870039,-.69854379,-.76727414,-.73483944
a5654,In re Sindram,1,1167,642,498 U.S. 177,2,6,3,2.096674,.6539982,.2465874,.04868567,1991,.42790657,.33598763,.3310236,2.8760445,.94775838,1.3849422
a5654,In re Sindram,2,1167,267,498 U.S. 177,2,6,3,1.3567696,.3208653,.20183516,.039570928,1991,.29900569,.35984308,-.22407119,.33904684,-.046977345,.0226661
a5655,Cheek v. United States,1,4940,337,498 U.S. 192,1,6,2,1.7421899,.34443444,.1520512,.02503407,1991,.3001942,.31326342,.065080777,.51853931,-.037805494,.1819382
a5656,Board of Education v. Dowell,1,3705,5986,498 U.S. 237,2,5,3,.44921258,.19086429,.049293641,.006270647,1991,.29324925,.15335608,-.90494311,-.6509853,-.091400117,-.54910952
a5659,Parker v. Dugger,1,4153,3838,498 U.S. 308,1,5,4,.96512204,.13910951,.04557455,.0087838173,1991,.19500917,.11071581,-.51789492,-1.0451276,-.84952462,-.80418241
a5660,Trinova Corp. v. Michigan Department of Treasury,1,8181,2336,498 U.S. 358,8,6,2,.63397568,.1910105,.038672701,.0070701838,1991,.26392657,.12823784,-.76632923,-.64987183,-.31768501,-.57796204
a5661,Dennis v. Higgins,1,3932,4872,498 U.S. 439,2,7,2,.39216265,.20243406,.0301024,.0047994256,1991,.26039654,.1531812,-.94774342,-.56287485,-.34492642,-.6185149
a5664,"Business Guides, Inc. v. Chromatic Communications Enterprises, Inc.",1,6471,5679,498 U.S. 533,9,5,4,1.5536555,.18164104,.038701531,.0049140453,1991,.2719304,.16840613,-.076362431,-.72122562,-.25591895,-.35116899
a5666,Deboue v. Louisiana,1,526,47,498 U.S. 881,,,,6.7426591,.26644671,.81429619,.2163527,1990,.48698252,.57621205,3.8165579,-.07538192,1.403651,1.7149423
a567,Masciale v. United States,1,796,190,356 U.S. 386,1,5,4,5.1347613,.52728933,.21323377,.047786534,1958,.39247233,.4140017,2.6102726,1.9110839,.67431021,1.7318889
a568,United States v. Cores,1,1765,412,356 U.S. 405,1,6,3,2.2621193,.3022531,.2026177,.0091027021,1958,.32310861,.2542603,.45514482,.19730422,.13902636,.26382512
a569,Public Service Commission v. United States,1,2276,10999,356 U.S. 421,8,5,4,.18244976,.14227664,.0400187,.0054167509,1958,.21072555,.12860978,-1.1050752,-1.021008,-.72824043,-.95144123
a570,Hoag v. New Jersey,1,2874,1348,356 U.S. 464,1,5,3,1.470958,.37442061,.1127621,.0093565583,1958,.2649461,.181283,-.13840418,.74690115,-.30981717,.09955994
a570,Hoag v. New Jersey,2,2874,1008,356 U.S. 464,1,5,3,2.186136,.28571871,.093820147,.011469066,1958,.32869107,.26693279,.39814025,.071385391,.18210647,.21721071
a5708,Pacific Mutual Life Insurance v. Haslip,1,6814,7005,499 U.S. 1,8,7,1,2.6102257,.24954709,.039015051,.0065792203,1991,.32302117,.16850275,.71630293,-.20408218,.13835157,.21685745
a5709,"West Virginia University Hospitals, Inc. v. Casey",1,6230,5003,499 U.S. 83,6,6,3,1.1447207,.27203569,.068918757,.0066589117,1991,.28569132,.11995411,-.38315555,-.032818653,-.14972509,-.18856643
a571,Federal Maritime Board v. Isbrandtsen Co.,1,5590,7533,356 U.S. 481,8,6,3,.40665588,.091292262,.0246155,.0029250383,1958,.14454085,.095002651,-.93687022,-1.4092833,-1.2389916,-1.1950483
a571,Federal Maritime Board v. Isbrandtsen Co.,2,5590,139,356 U.S. 481,8,6,3,4.6391644,.52071613,.33775249,.062813103,1958,.67053282,.53444391,2.2384636,1.8610253,2.8201194,2.3065362
a5710,United States v. Smith,1,4819,4022,499 U.S. 160,8,8,1,.45885277,.13125765,.04380196,.0073305964,1991,.21216083,.1686756,-.8977108,-1.104924,-.71716428,-.9065997
a5712,Salve Regina College v. Russell,1,4682,1065,499 U.S. 225,9,6,3,2.9026845,.28832936,.080922201,.0094262362,1991,.34728318,.21957934,.93571281,.091267012,.32558295,.45085427
a5713,Equal Employment Opportunity Commission v. Arabian American Oil Co.,1,4136,5605,499 U.S. 244,2,6,3,.96620095,.111873,.041062001,.0064448714,1991,.13082081,.11650372,-.51708555,-1.2525492,-1.34487,-1.0381682
a5714,Arizona v. Fulminante,1,7215,3287,499 U.S. 279,1,5,4,.40004942,.1436037,.034339961,.0034306645,1991,.23134887,.11569154,-.94182658,-1.0109018,-.569089,-.8406058
a5716,Powers v. Ohio,1,5077,5098,499 U.S. 400,2,7,2,1.0085201,.1931963,.034554701,.0050545931,1991,.20538193,.16460657,-.48533663,-.63322574,-.76947743,-.62934661
a5717,Leathers v. Medlock,1,4005,3907,499 U.S. 439,3,7,2,1.2135327,.1617374,.036269002,.0053251982,1991,.22208208,.12549335,-.33153108,-.87280327,-.6406014,-.61497855
a5718,McCleskey v. Zant,1,12048,7922,499 U.S. 467,1,6,3,.99286515,.15533864,.031276941,.0063608885,1991,.20183253,.8713789,-.49708137,-.92153347,-.79686832,-.7384944
a572,"Byrd v. Blue Ridge Rural Electric Cooperative, Inc.",1,4879,2455,356 U.S. 525,8,6,3,2.0890489,.20782876,.046979669,.0063832402,1958,.198394,.19137514,.32530305,-.52179116,-.82340366,-.33996391
a572,"Byrd v. Blue Ridge Rural Electric Cooperative, Inc.",2,4879,196,356 U.S. 525,8,6,3,3.1668627,.3725625,.20417941,.031052232,1958,.49648547,.45928895,1.133906,.73275054,1.4769858,1.1145475
a5720,"Carnival Cruise Lines, Inc. v. Shute",1,3219,2736,499 U.S. 585,8,7,2,1.9173009,.2071512,.093661547,.0091936588,1991,.22376311,.15306437,.19645347,-.52695113,-.62762874,-.31937546
a5721,California v. Hodari D.,1,2398,6469,499 U.S. 621,1,7,2,1.2964495,.17188241,.059425831,.0071731806,1991,.22594428,.17706716,-.26932478,-.79554325,-.61079651,-.55855483
a573,Payne v. Arkansas,1,2773,198,356 U.S. 560,1,7,2,2.3408437,.33866,.24256074,.028795362,1958,.53174633,.41110981,.51420581,.47456363,1.7490959,.9126218
a5731,In re Amendment to Rule 39,1,430,237,500 U.S. 13,,,,1.5441574,.41075981,.40940991,.060744345,1991,.39583892,.44199383,-.083488159,1.0236449,.70029038,.54681569
a5731,In re Amendment to Rule 39,2,430,140,500 U.S. 13,,,,4.8327217,.36199921,.40271321,.062464535,1991,.42169499,.4150579,2.3836751,.65230513,.89982325,1.3119345
a5732,In re Demos,1,320,615,500 U.S. 16,2,6,3,.97514033,.4379319,.22964931,.049818873,1991,.33096641,.45060021,-.51037896,1.2305759,.19966546,.30662081
a5733,Gilmer v. Interstate/Johnson Lane Corp.,1,4209,2462,500 U.S. 20,7,7,2,1.2844208,.27277267,.063479073,.0098867416,1991,.30443418,.17493421,-.27834901,-.027206114,-.0050853454,-.10354682
a5734,County of Riverside v. McLaughlin,1,3733,138,500 U.S. 44,1,5,4,2.668752,.35215881,.1906451,.03787601,1991,.37901825,.33889687,.76021081,.5773648,.57048428,.63601995
a5734,County of Riverside v. McLaughlin,2,3733,4226,500 U.S. 44,1,5,4,3.7383754,.2153147,.086750031,.010424495,1991,.37879378,.22278118,1.562669,-.46478143,.56875205,.55554652
a5735,Lankford v. Idaho,1,6046,2575,500 U.S. 110,1,5,4,.92076278,.26686671,.050008059,.0086503625,1991,.26453245,.18292087,-.5511744,-.072183348,-.31300938,-.31212237
a5736,Michigan v. Lucas,1,2439,1654,500 U.S. 145,1,7,2,.96526897,.2192886,.063854702,.0099300146,1991,.20347559,.18033648,-.51778471,-.43451792,-.78418869,-.57883042
a5738,Rust v. Sullivan,1,8496,5420,500 U.S. 173,5,5,4,.90530223,.14214635,.0449972,.0082606077,1991,.22530323,.11988777,-.56277329,-1.0220003,-.61574352,-.73350573
a5738,Rust v. Sullivan,2,8496,911,500 U.S. 173,5,5,4,1.4056686,.2918036,.11601067,.010176361,1991,.33901316,.27169675,-.18738589,.11772531,.26176268,.06403403
a5738,Rust v. Sullivan,3,8496,565,500 U.S. 173,5,5,4,3.6494179,.48905939,.14810884,.020061016,1991,.40509826,.31137955,1.4959309,1.6199411,.77174532,1.2958724
a5739,Siegert v. Gilley,1,2468,3594,500 U.S. 226,8,6,3,.74985808,.21760079,.071417451,.0085852146,1991,.19206774,.12457657,-.67939138,-.44737154,-.87222379,-.66632891
a5740,Florida v. Jimeno,1,1173,1446,500 U.S. 248,1,7,2,1.4527078,.25650799,.15471099,.014610052,1991,.3033877,.28255212,-.15209594,-.15107094,-.013161084,-.10544266
a5741,McCormick v. United States,1,6566,3314,500 U.S. 257,8,6,3,.63350689,.10029715,.035446301,.0030329227,1991,.25338954,.16026461,-.76668096,-1.3407059,-.39899987,-.83546221
a5743,Owen v. Owen,1,2921,2401,500 U.S. 305,8,8,1,1.046607,.1739639,.040315151,.0086708665,1991,.18726623,.14851439,-.45676288,-.77969146,-.90927732,-.71524388
a5744,"Summit Health, Ltd. v. Pinhas",1,2849,3371,500 U.S. 322,8,5,4,.80793303,.21541511,.038917542,.0071172118,1991,.19704336,.11213624,-.63582206,-.4640168,-.83382666,-.64455515
a5745,Hernandez v. New York,1,5727,22,500 U.S. 352,2,6,3,4.9163465,.57916433,.53330785,.18478227,1991,.7757622,.80644184,2.4464126,2.3061419,3.6321807,2.7949116
a5745,Hernandez v. New York,2,5727,1377,500 U.S. 352,2,6,3,2.4314618,.269981,.063541651,.0096653104,1991,.31251347,.22663528,.5821898,-.048466302,.057263017,.1969955
a5747,Mu'Min v. Virginia,1,5011,5010,500 U.S. 415,1,5,4,.52083588,.22793891,.054355599,.006005764,1991,.20579708,.12538123,-.85120952,-.3686409,-.76627368,-.66204137
a5747,Mu'Min v. Virginia,2,5011,1328,500 U.S. 415,1,5,4,1.2873441,.22633576,.078253999,.0084581375,1991,.33452046,.27596772,-.27615592,-.38084975,.22709225,-.14330447
a5748,Chapman v. United States,1,4439,3434,500 U.S. 453,1,7,2,1.242704,.1884308,.041411199,.0075435638,1991,.28431082,.16736925,-.30964601,-.66951776,-.16037852,-.37984744
a5749,Burns v. Reed,1,5192,3182,500 U.S. 478,2,9,0,.74047017,.240453,.03805697,.0053015947,1991,.20412308,.1396696,-.68643439,-.27333885,-.77919203,-.57965511
a5751,California v. Acevedo,1,4762,27,500 U.S. 565,1,6,3,6.7416573,.65625834,.66273654,.18845814,1991,.79951119,.83797759,3.8158062,2.8932569,3.8154533,3.508172
a5751,California v. Acevedo,2,4762,5807,500 U.S. 565,1,6,3,.21923344,.12698007,.0436511,.0047905445,1991,.22803664,.1242426,-1.0774792,-1.1375003,-.59464967,-.93654305
a5752,Edmonson v. Leesville Concrete Co.,1,5155,4093,500 U.S. 614,2,6,3,1.0785087,.23690251,.04902995,.0062776804,1991,.20754641,.16896105,-.43282941,-.30037796,-.75277394,-.49532712
a5752,Edmonson v. Leesville Concrete Co.,2,5155,587,500 U.S. 614,2,6,3,2.9121158,.4751637,.13083774,.026156068,1991,.45659316,.39030486,.94278848,1.5141175,1.1691345,1.2086802
a5766,Gaskins v. McKellar,1,175,47,500 U.S. 961,,,,6.2079492,.31399983,.55746263,.076029897,1991,.48923725,.66104579,3.415405,.28676233,1.4210508,1.7077394
a5768,"Chambers v. NASCO, Inc.",1,8044,817,501 U.S. 32,9,5,4,2.5612578,.27703249,.082947902,.01832521,1991,.35316741,.32373905,.67956603,.0052348902,.37099192,.35193095
a5768,"Chambers v. NASCO, Inc.",2,8044,5247,501 U.S. 32,9,5,4,.70091891,.13553309,.032315101,.0058989525,1991,.24521965,.12778974,-.71610677,-1.0723641,-.4620474,-.75017273
a5769,Burns v. United States,1,2745,5863,501 U.S. 129,1,5,4,1.5597743,.23030829,.05108976,.0078693032,1991,.25051749,.18450838,-.071771972,-.35059664,-.42116365,-.28117743
a577,Kovacs v. Brewer,1,1375,2608,356 U.S. 604,9,8,1,1.0538524,.30497813,.063933253,.0093975067,1958,.1976288,.14852971,-.4513272,.21805692,-.82930881,-.35419303
a5770,Toibb v. Radloff,1,2718,1276,501 U.S. 157,8,8,1,1.5172611,.22234607,.08542186,.010002732,1991,.31455648,.23996347,-.10366639,-.41123357,.073029034,-.1472903
a5771,McNeil v. Wisconsin,1,3308,2036,501 U.S. 171,1,6,3,.42510051,.19144356,.061899539,.0054064989,1991,.26264507,.17496073,-.92303264,-.64657384,-.3275744,-.6323936
a5772,Litton Financial Printing Division v. National Labor Relations Board,1,5814,2297,501 U.S. 190,7,5,4,.64309543,.20205057,.0518714,.010251999,1991,.26223409,.15178525,-.75948739,-.56579542,-.33074591,-.55200958
a5772,Litton Financial Printing Division v. National Labor Relations Board,2,5814,700,501 U.S. 190,7,5,4,.91241115,.16541331,.17406639,.015036762,1991,.26173925,.1798017,-.55743998,-.84480911,-.33456463,-.57893789
a5774,"Metropolitan Washington Airports Authority v. Citizens for the Abatement of Aircraft Noise, Inc.",1,7816,5140,501 U.S. 252,13,6,3,1.637362,.1652694,.040525559,.0057539344,1991,.26575917,.11821145,-.013563721,-.84590501,-.30354267,-.38767046
a5776,Renne v. Geary,1,3342,2061,501 U.S. 312,9,6,3,1.1363974,.20574385,.073134661,.0059370995,1991,.23233509,.14359909,-.38939992,-.53766894,-.56147826,-.49618238
a5776,Renne v. Geary,2,3342,5397,501 U.S. 312,9,6,3,1.4859622,.18626964,.051028501,.0056375265,1991,.18120092,.098723888,-.12714767,-.68597621,-.95608366,-.58973587
a5777,Lampf v. Gilbertson,1,4178,1150,501 U.S. 350,8,5,4,1.4717746,.34134719,.076268397,.015840054,1991,.36327505,.2263726,-.13779154,.49502811,.44899312,.26874322
a5777,Lampf v. Gilbertson,2,4178,1579,501 U.S. 350,8,5,4,1.9928067,.45609829,.14437795,.019379556,1991,.43473947,.29897124,.25309977,1.3689234,1.0004883,.87417048
a5777,Lampf v. Gilbertson,3,4178,1785,501 U.S. 350,8,5,4,.44811404,.22095376,.056029301,.0068330169,1991,.25466251,.1698727,-.90576726,-.42183676,-.38917622,-.57226008
a5778,Chisom v. Roemer,1,7582,4750,501 U.S. 380,2,6,3,1.0759335,.20806694,.05246526,.010589838,1991,.21533471,.15126061,-.43476146,-.51997727,-.69267118,-.54913664
a5778,Chisom v. Roemer,2,7582,66,501 U.S. 380,2,6,3,5.2199049,.52570122,.37567365,.082441449,1991,.53730839,.53107762,2.6741495,1.8989897,1.7920188,2.1217194
a5779,Houston Lawyers' Ass'n v. Attorney General,1,2246,53,501 U.S. 419,2,6,3,2.7191288,.47174171,.32582149,.12427837,1991,.50656843,.37703365,.79800481,1.488057,1.5547966,1.2802861
a578,International Ass'n of Machinists v. Gonzales,1,1679,3313,356 U.S. 617,10,6,2,1.6543847,.30658954,.05802834,.0073008537,1958,.31735247,.24945796,-.00079284335,.23032874,.094605885,.10804726
a5780,Florida v. Bostick,1,3086,3697,501 U.S. 429,1,6,3,1.0696999,.15373313,.055112399,.0064719915,1991,.23072845,.19623476,-.43943805,-.93376034,-.57387686,-.64902508
a5781,Gregory v. Ashcroft,1,5977,3156,501 U.S. 452,2,7,2,4.6871595,.40447366,.12091416,.010980725,1991,.31270164,.20001876,2.2744706,.97577232,.05871515,1.102986
a5783,James B. Beam Distilling Co. v. Georgia,1,4263,3034,501 U.S. 529,10,6,3,1.3576849,.31233454,.091813803,.005954504,1991,.22158498,.14555389,-.22338451,.27408016,-.64443755,-.19791397
a5784,"Barnes v. Glen Theatre, Inc.",1,3153,3256,501 U.S. 560,3,5,4,1.2967108,.225106,.062798597,.0076185465,1991,.193344,.13619381,-.26912874,-.3902151,-.86237484,-.50723958
a5786,Schad v. Arizona,1,7161,3628,501 U.S. 624,4,5,4,1.2378557,.17610556,.0405715,.0049607158,1991,.20259398,.10863847,-.31328335,-.76338148,-.79099214,-.62255234
a5787,Cohen v. Cowles Media Co.,1,2434,1558,501 U.S. 663,3,5,4,1.8422576,.2254232,.112118,.011617482,1991,.29029727,.16735166,.14015409,-.38779941,-.11418072,-.12060868
a5787,Cohen v. Cowles Media Co.,2,2434,849,501 U.S. 663,3,5,4,5.2561803,.38727975,.15719999,.016824603,1991,.37568337,.2470783,2.7013643,.84483087,.54474884,1.3636479
a5788,"Pauley v. Bethenergy Mines, Inc.",1,7588,4508,501 U.S. 680,9,7,1,.2875098,.1073829,.026233429,.0081775188,1991,.16634434,.10629183,-1.0262566,-1.2867439,-1.0707327,-1.1279111
a5789,Coleman v. Thompson,1,10169,5296,501 U.S. 722,1,6,3,.73060739,.2206023,.037432998,.0093687773,1991,.23273534,.18115538,-.69383371,-.42451331,-.55838954,-.55891216
a579,"International Union, United Automobile, Aircraft & Agricultural Implement Workers v. Russell",1,4010,3916,356 U.S. 634,10,6,2,1.7073051,.36090493,.0700574,.0087742805,1958,.32392997,.18884575,.03890932,.6439715,.14536478,.27608186
a5790,Blatchford v. Native Village,1,3745,2389,501 U.S. 775,8,6,3,.91308242,.24211293,.037874699,.0062094927,1991,.24003053,.18414652,-.55693638,-.26069754,-.50209212,-.43990868
a5791,YLST v. Nunnemaker,1,2662,31,501 U.S. 797,1,6,3,3.5769334,.62106562,.63827419,.20763981,1991,.79841065,.762595,1.4415512,2.6252441,3.8069603,2.6245852
a5792,Payne v. Tennessee,1,6689,4349,501 U.S. 808,1,6,3,2.0051227,.3350774,.063934557,.013744414,1991,.24413913,.19242084,.26233953,.44728011,-.47038576,.07974463
a5792,Payne v. Tennessee,2,6689,3780,501 U.S. 808,1,6,3,1.4750856,.24107087,.054187398,.010776281,1991,.222067,.17527455,-.13530752,-.26863348,-.64071774,-.34821957
a5794,Peretz v. United States,1,5572,3920,501 U.S. 923,1,5,4,.69674885,.1321625,.046248201,.0065888762,1991,.17334276,.12853569,-.71923524,-1.0980331,-1.0167255,-.9446646
a5794,Peretz v. United States,2,5572,1427,501 U.S. 923,1,5,4,.42082903,.23304254,.056355599,.010011673,1991,.27936953,.21667808,-.92623717,-.32977381,-.19851071,-.48484057
a5795,Harmelin v. Michigan,1,12000,6237,501 U.S. 957,1,5,4,.58305091,.20227486,.0583883,.0090640187,1991,.15796912,.8284961,-.80453426,-.56408733,-1.1353649,-.83466214
a5795,Harmelin v. Michigan,2,12000,193,501 U.S. 957,1,5,4,2.0643799,.43999165,.22556891,.049526334,1991,.35505229,.89639175,.30679581,1.2462622,.38553762,.64619851
a5795,Harmelin v. Michigan,3,12000,335,501 U.S. 957,1,5,4,1.9791999,.41540241,.19181751,.026684642,1991,.35626751,.90010703,.24289161,1.0590011,.39491552,.56560272
a5797,"Virginia Bankshares, Inc. v. Sandberg",1,7798,654,501 U.S. 1083,8,5,4,1.8852791,.2227798,.0892701,.010557413,1991,.26980686,.24660081,.17242986,-.40793046,-.27230641,-.16926901
a580,Nowak v. United States,1,2618,135,356 U.S. 660,2,6,3,1.4007246,.54408383,.37692001,.046792865,1958,.44788295,.49620634,-.19109498,2.0389838,1.1019173,.98326868
a581,United States v. Procter & Gamble Co.,1,2029,1686,356 U.S. 677,9,6,3,1.1211574,.25473076,.065111898,.0093090534,1958,.25356555,.1731537,-.40083331,-.16460557,-.39764157,-.3210268
a5811,Russell v. Collins,1,83,47,501 U.S. 1259,,,,6.8430552,.16219765,.64180052,.25305724,1991,.49638611,.63074815,3.8918777,-.86929822,1.4762191,1.4995995
a582,Bonetti v. Rogers,1,2827,1010,356 U.S. 691,2,6,3,.57014334,.17883199,.076972596,.013064146,1958,.18026644,.16262329,-.81421787,-.74261814,-.9632951,-.84004372
a5823,Mireles v. Waco,1,1513,365,502 U.S. 9,2,7,1,1.6663361,.28199124,.1456145,.025866985,1991,.25310481,.23731405,.0081733409,.042998601,-.40119717,-.11667507
a5823,Mireles v. Waco,2,1513,166,502 U.S. 9,2,7,1,6.4730783,.72918177,.39790609,.05456847,1991,.75751919,.79547751,3.6143115,3.4486105,3.4913983,3.5181067
a5824,Zatko v. California,1,713,641,502 U.S. 16,2,8,0,1.645373,.27846134,.1755642,.01599443,1991,.21967793,.31681287,-.0075536803,.016116343,-.65915436,-.2168639
a5828,Ardestani v. Immigration & Naturalization Service,1,2778,3233,502 U.S. 129,6,6,2,.47404477,.1701933,.037033599,.0095078945,1991,.1655339,.11844945,-.88631338,-.80840677,-1.076987,-.92390239
a5831,Hilton v. South Carolina Public Railways Commission,1,2705,2271,502 U.S. 197,8,6,2,1.2861872,.2714473,.082194202,.0074701309,1991,.22552931,.17573667,-.27702385,-.037299559,-.61399889,-.30944076
a5832,Hunter v. Bryant,1,1483,1686,502 U.S. 224,8,6,2,1.1912425,.29599079,.15545917,.013289154,1991,.2557348,.1688332,-.34825376,.1496132,-.38090134,-.19318064
a5832,Hunter v. Bryant,2,1483,317,502 U.S. 224,8,6,2,4.1758327,.36203384,.2565687,.046043336,1991,.41250098,.31672662,1.8908606,.65256882,.8288725,1.1241007
a5836,Norman v. Reed,1,4945,1176,502 U.S. 279,2,7,1,2.5884182,.17791426,.069481499,.010982513,1992,.27979666,.25678831,.69994247,-.74960721,-.19521454,-.081626423
a5839,Rufo v. Inmates of Suffolk County Jail,1,6959,3397,502 U.S. 367,4,6,2,.69111669,.13847435,.021627661,.0022745728,1992,.20706767,.10266894,-.72346061,-1.0499648,-.75646847,-.84329796
a5840,Dewsnup v. Timm,1,3089,5649,502 U.S. 410,8,6,2,1.5540196,.15202869,.0327411,.0075141191,1992,.22208279,.13700432,-.0760893,-.94674063,-.64059585,-.55447525
a5841,Wyoming v. Oklahoma,1,7193,4019,502 U.S. 437,9,6,3,1.1848114,.2439014,.072820999,.012272954,1992,.36854172,.20212978,-.35307854,-.24707735,.4896363,-.036839861
a5841,Wyoming v. Oklahoma,2,7193,1193,502 U.S. 437,9,6,3,3.4924805,.28981251,.13487481,.017812014,1992,.34938055,.29475957,1.3781925,.10256199,.34176847,.60750765
a5842,Immigration & Naturalization Service v. Elias-Zacarias,1,1658,2214,502 U.S. 478,2,6,3,1.5469271,.1664519,.11238027,.0073969364,1992,.25383335,.16372102,-.081410252,-.83689964,-.39557493,-.43796161
a5843,Presley v. Etowah County Commission,1,5476,5819,502 U.S. 491,2,6,3,.8427071,.1447117,.0430912,.0083441138,1992,.23860544,.11829203,-.6097337,-1.0024637,-.5130896,-.70842898
a5844,"Lechmere, Inc. v. National Labor Relations Board",1,3916,2462,502 U.S. 527,7,6,3,.59701151,.18679714,.087460898,.01373148,1992,.2604028,.21775258,-.79406071,-.68195897,-.34487811,-.6069659
a5844,"Lechmere, Inc. v. National Labor Relations Board",2,3916,140,502 U.S. 527,7,6,3,.95408529,.32241511,.31014699,.045242131,1992,.48997951,.50242692,-.52617502,.35084951,1.4267789,.41715112
a585,Commissioner v. Stern,1,2604,1049,357 U.S. 39,12,6,3,2.5100262,.26544917,.094440199,.014534652,1958,.28614134,.27688825,.64113081,-.082978785,-.1462523,.13729991
a5858,Smith v. United States,1,111,981,502 U.S. 1017,,,,3.2848673,.56345958,.35414964,.065582216,1991,.58213031,.58092451,1.222436,2.1865411,2.137912,1.848963
a5863,"Haitian Refugee Center, Inc. v. Baker",1,238,241,502 U.S. 1122,,,,1.6937393,.51789552,.21864045,.043210506,1992,.43966019,.3282975,.028731935,1.8395448,1.0384618,.96891284
a5864,Hudson v. McMillian,1,2698,4179,503 U.S. 1,1,7,2,.37862462,.189235,.0448655,.007971406,1992,.21408409,.13113147,-.95789999,-.66339326,-.70232236,-.77453852
a5865,"United States v. Nordic Village, Inc.",1,2687,2246,503 U.S. 30,8,7,2,2.466547,.33011734,.079398453,.0087229013,1992,.29419279,.27007824,.60851163,.40950641,-.084118754,.31129977
a5868,Dawson v. Delaware,1,2807,3335,503 U.S. 159,3,8,1,.89486891,.21729654,.04979134,.0069910288,1992,.18899381,.10039288,-.57060063,-.44968861,-.89594549,-.63874489
a5869,Williams v. United States,1,3581,5378,503 U.S. 193,1,7,2,.27109173,.1007321,.0244665,.0049007535,1992,.14511043,.11040378,-1.0385739,-1.3373935,-1.2345961,-1.2035211
a587,"City of Chicago v. Atchison, Topeka & Santa Fe Railway Co.",1,3321,1074,357 U.S. 77,10,6,3,1.7951676,.23244759,.077175997,.011370182,1958,.32746774,.2155453,.10482596,-.33430466,.172666,-.018937567
a5870,Stringer v. Black,1,4262,3177,503 U.S. 222,1,6,3,.096026666,.22946906,.04215217,.0079069138,1992,.15863597,.18890411,-1.1699121,-.35698789,-1.1302187,-.88570625
a5873,United States v. R. L. C.,1,4295,1565,503 U.S. 291,2,7,2,1.4556532,.31876624,.059974201,.0073274374,1992,.30104572,.23312771,-.14988622,.32306123,-.031234326,.04731356
a5874,United States v. Wilson,1,2121,3260,503 U.S. 329,1,7,2,.84982586,.26337016,.055913299,.006488204,1992,.19040859,.18937659,-.60439301,-.098811641,-.88502759,-.52941072
a5875,Suter v. Artist M.,1,5372,4168,503 U.S. 347,9,7,2,1.1784066,.144916,.073729463,.0096470118,1992,.18606222,.13106769,-.35788354,-1.0009079,-.91856879,-.75912011
a5877,Barnhill v. Johnson,1,3038,1330,503 U.S. 393,8,7,2,.84214872,.1866661,.083204798,.0064840317,1992,.18590546,.18028301,-.6101526,-.68295693,-.91977853,-.73762935
a5878,National Railroad Passenger v. Boston & Maine Corp.,1,4862,1216,503 U.S. 407,9,6,3,.54006809,.1599727,.050216101,.0093063116,1992,.25047141,.17444426,-.83678108,-.88624251,-.42151922,-.71484762
a588,"Local 1976, United Brotherhood of Carpenters & Joiners v. National Labor Relations Board",1,5651,1165,357 U.S. 93,7,6,3,1.2526282,.25037104,.1140447,.013662398,1958,.31443852,.24554849,-.30220065,-.19780736,.072118752,-.14262974
a5881,Jacobson v. United States,1,3907,2315,503 U.S. 540,1,5,4,2.7629826,.1502879,.065610953,.0060560107,1992,.16661739,.16401935,.83090502,-.95999777,-1.0686256,-.39923945
a5884,Taylor v. Freeland & Kronz,1,2129,2094,503 U.S. 638,8,8,1,2.6381598,.2698997,.088733099,.0092808604,1992,.35389704,.28314316,.73725981,-.049085453,.37662244,.35493225
a5885,Gomez v. United States District Court for the Northern District of California,1,271,1666,503 U.S. 653,1,7,2,7.2188706,.47280574,.2353068,.035317719,1992,.50958037,.33775115,4.1738238,1.4961603,1.5780399,2.416008
a589,Kent v. Dulles,1,4435,4044,357 U.S. 116,3,5,4,.93903965,.16596539,.048963301,.0059150457,1958,.18584049,.14863032,-.53746259,-.84060466,-.92027986,-.76611573
a5893,Keeney v. Tamayo-Reyes,1,3373,3868,504 U.S. 1,1,5,4,.52582461,.1685545,.034271698,.0035870671,1992,.177338,.16662621,-.84746689,-.82088715,-.98589402,-.88474935
a5893,Keeney v. Tamayo-Reyes,2,3373,279,504 U.S. 1,1,5,4,.69265848,.53043234,.2054888,.021182537,1992,.57046413,.52727133,-.72230393,1.9350199,2.0478835,1.0868665
a5894,Denton v. Hernandez,1,2602,111,504 U.S. 25,2,7,2,3.3328738,.48356503,.29140779,.057977557,1992,.54519749,.46691096,1.2584517,1.5780984,1.8528993,1.5631498
a5895,United States v. Williams,1,6374,5041,504 U.S. 36,1,5,4,.57679302,.17273873,.025792601,.0026209354,1992,.15272748,.120579,-.80922908,-.78902185,-1.1758149,-.92468858
a5896,Foucha v. Louisiana,1,5061,4038,504 U.S. 71,4,5,4,1.0411178,.22511524,.051230431,.0082207918,1992,.28933668,.13995701,-.46088105,-.39014474,-.12159364,-.32420647
a5896,Foucha v. Louisiana,2,5061,8449,504 U.S. 71,4,5,4,.54391474,.1024492,.0275458,.0039861202,1992,.1894691,.087102294,-.83389521,-1.3243169,-.89227766,-1.01683
a5897,Riggins v. Nevada,1,2922,3918,504 U.S. 127,1,7,2,.86912769,.175092,.044304602,.0067509413,1992,.19391298,.11504841,-.5899123,-.77110034,-.85798395,-.73966551
a5898,Wyatt v. Cole,1,3345,1812,504 U.S. 158,2,6,3,1.3843571,.24340236,.064228058,.012444973,1992,.29869515,.18223447,-.20337433,-.25087783,-.049373806,-.16787532
a5899,Coleman v. Thompson,1,261,285,504 U.S. 188,1,7,2,1.863607,.38491431,.20363617,.023332119,1992,.39241791,.26861823,.15617096,.82681668,.67389029,.55229264
a59,PeÃ±a-Rodriguez v. Colorado,1,6408,8934,137 S. Ct. 855,1,5,3,.56348175,.16458225,.0261871,.003329277,2017,.15383393,.86139947,-.81921554,-.85113806,-1.1672764,-.94587666
a590,Dayton v. Dulles,1,2866,120,357 U.S. 144,3,5,4,3.1443205,.47010571,.30623895,.077487588,1958,.50851929,.36105496,1.1169943,1.475598,1.5698515,1.3874812
a5900,Burson v. Freeman,1,6204,3769,504 U.S. 191,3,5,3,1.7400881,.2157369,.040500998,.0046653748,1992,.21012628,.11999577,.063503973,-.46156618,-.73286498,-.37697572
a5901,United States v. Burke,1,4127,2001,504 U.S. 229,12,7,2,.7274648,.27237689,.05906814,.0085937977,1992,.20329374,.13622022,-.69619137,-.030220166,-.78559208,-.5040012
a5902,Evans v. United States,1,6056,7067,504 U.S. 255,8,6,3,1.3523185,.1752747,.027212501,.0051381588,1992,.22391456,.11743093,-.22741047,-.76970899,-.62645996,-.54119313
a5904,"Chemical Waste Management, Inc. v. Hunt",1,4226,1002,504 U.S. 334,8,8,1,.99433762,.35048854,.072818637,.014793158,1992,.31662065,.23592514,-.49597669,.56464475,.088958345,.052542139
a5905,"Fort Gratiot Sanitary Landfill, Inc. v. Michigan Department of Natural Resources",1,4159,1812,504 U.S. 353,8,7,2,.85869372,.1880586,.055781659,.0091905594,1992,.25782496,.16455591,-.59774011,-.67235225,-.36477146,-.5449546
a5906,"Morales v. Trans World Airlines, Inc.",1,12333,2942,504 U.S. 374,10,5,3,3.4431953,.28686357,.1151409,.019536495,1992,.38561261,.89659041,1.3412176,.08010412,.62137336,.68089837
a5907,Burdick v. Takushi,1,4010,2991,504 U.S. 428,2,6,3,.95197088,.14628804,.039716698,.0096607804,1992,.21454924,.13204086,-.52776128,-.99045902,-.69873273,-.73898435
a5908,"Eastman Kodak Co. v. Image Technical Services, Inc.",1,10670,5996,504 U.S. 451,8,6,3,1.3704911,.1162519,.063977838,.0058105588,1992,.18529713,.90601319,-.21377692,-1.2192013,-.92447299,-.78581709
a5909,United States v. Thompson/Center Arms Co.,1,4435,520,504 U.S. 505,12,5,4,.88136232,.24077815,.07562387,.0096476078,1992,.23140299,.19766414,-.5807336,-.27086273,-.56867135,-.47342256
a5909,United States v. Thompson/Center Arms Co.,2,4435,684,504 U.S. 505,12,5,4,1.7856976,.44948021,.18867165,.022482634,1992,.37860489,.24894059,.097721338,1.3185229,.56729442,.66117954
a591,United States v. Central Eureka Mining Co.,1,4496,3295,357 U.S. 155,4,7,2,2.1662776,.29651231,.076129563,.0085396171,1958,.2119059,.1641289,.38324201,.15358481,-.71913159,-.060768258
a591,United States v. Central Eureka Mining Co.,2,4496,1618,357 U.S. 155,4,7,2,4.3452153,.25272053,.083942652,.011725008,1958,.2923708,.14651084,2.0179355,-.17991461,-.098179191,.57994723
a5911,Lujan v. Defenders of Wildlife,1,7605,5651,504 U.S. 555,9,6,3,.70900309,.14423025,.0235213,.0033804178,1992,.16844004,.095476568,-.71004182,-1.0061302,-1.0545601,-.92357737
a5912,Federal Trade Commission v. Ticor Title Insurance,1,4970,1649,504 U.S. 621,8,6,3,1.4332304,.21242535,.054532502,.007442832,1992,.25591522,.2354998,-.16670835,-.4867855,-.379509,-.34433427
a5912,Federal Trade Commission v. Ticor Title Insurance,2,4970,536,504 U.S. 621,8,6,3,1.9498599,.44494751,.1771141,.021091223,1992,.44430035,.38056803,.22087999,1.2840039,1.0742701,.85971797
a5913,United States v. Alvarez-Machain,1,4860,6631,504 U.S. 655,1,6,3,.99279475,.15058064,.038034439,.003914237,1992,.2067889,.12675768,-.49713418,-.95776832,-.75861979,-.73784077
a5915,Morgan v. Illinois,1,5333,1053,504 U.S. 719,1,6,3,1.8652884,.2405425,.11717963,.011475801,1992,.26083791,.18570513,.15743235,-.27265731,-.34152031,-.15224843
a5915,Morgan v. Illinois,2,5333,4567,504 U.S. 719,1,6,3,.41604927,.1553098,.034756102,.0062394738,1992,.15631479,.15077388,-.9298231,-.92175317,-1.1481314,-.99990255
a5917,"Allied-Signal, Inc. ex rel. Bendix Corp. v. Director, Division of Taxation",1,5742,1607,504 U.S. 768,8,5,4,.55088842,.143746,.047748901,.0052232146,1992,.26908773,.14789075,-.82866335,-1.0098181,-.27785596,-.70544577
a592,Leng May Ma v. Barber,1,1571,759,357 U.S. 185,2,5,4,.92421228,.39997771,.1618496,.01643312,1958,.29627174,.24485278,-.54858649,.94153315,-.068075366,.10829043
a5926,Nebraska v. Wyoming,1,261,166,504 U.S. 982,,,,3.9711618,.53879833,.3296245,.044418097,1992,.43834251,.40909553,1.7373112,1.9987316,1.0282931,1.588112
a5928,Nordlinger v. Hahn,1,4794,4372,505 U.S. 1,8,8,1,.94752604,.1452677,.0460703,.0043198466,1992,.17882282,.11770111,-.53109592,-.9982295,-.97443569,-.83458704
a5929,Georgia v. McCollum,1,5148,2241,505 U.S. 42,2,7,2,1.1562269,.2203961,.053926099,.0064584613,1992,.25488687,.19356108,-.37452334,-.42608368,-.38744488,-.39601731
a5929,Georgia v. McCollum,2,5148,227,505 U.S. 42,2,7,2,1.9419839,.49713889,.26939356,.038281739,1992,.42502326,.40914744,.21497127,1.6814711,.92550766,.94064999
a593,McAllister v. Magnolia Petroleum Co.,1,2164,1438,357 U.S. 221,8,6,3,1.7180456,.37301409,.083726898,.01493609,1958,.24467856,.15865898,.046967126,.73618972,-.46622303,.10564461
a5930,"Kraft General Foods, Inc. v. Iowa Department of Revenue & Finance",1,3295,1519,505 U.S. 71,8,7,2,.73040718,.1664197,.08897984,.0097342134,1992,.27223015,.13466001,-.69398391,-.83714485,-.25360575,-.59491152
a5931,Gade v. National Solid Wastes Management Ass'n,1,5953,2542,505 U.S. 88,8,5,4,1.0587873,.2173897,.065029003,.010148227,1992,.33242178,.24371248,-.44762489,-.44897911,.21089661,-.22856914
a5932,Forsyth County v. Nationalist Movement,1,4446,1933,505 U.S. 123,3,5,4,2.1454179,.18468671,.060961839,.0088198185,1992,.25983757,.16214144,.36759254,-.69803119,-.34924003,-.22655956
a5935,American National Red Cross v. S. G.,1,6069,3931,505 U.S. 247,9,5,4,.21595699,.10382354,.0287329,.0053005219,1992,.22235692,.13697523,-1.0799373,-1.3138504,-.63848042,-1.010756
a5937,United States v. Salerno,1,2212,2126,505 U.S. 317,1,8,1,1.1528188,.22405981,.0644584,.0085401535,1992,.20984995,.17174184,-.37708014,-.39818248,-.73499739,-.50342
a594,Hanson v. Denckla,1,6221,1841,357 U.S. 235,4,5,4,.53862941,.1496422,.030920399,.0054758191,1958,.1674794,.11065948,-.83786041,-.96491516,-1.0619735,-.95491636
a594,Hanson v. Denckla,2,6221,655,357 U.S. 235,4,5,4,.48884809,.2038648,.092063673,.0095956326,1958,.28851175,.2109614,-.8752076,-.55197901,-.12795965,-.51838207
a5940,Medina v. California,1,4770,4011,505 U.S. 437,4,7,2,.61151618,.2007158,.0285306,.0068199635,1992,.21945405,.14485747,-.78317893,-.57596046,-.66088206,-.6733405
a5941,Estate of Cowart v. Nicklos Drilling Co.,1,4363,6197,505 U.S. 469,8,6,3,.44059658,.086545698,.040739059,.0039619207,1992,.17044032,.11061156,-.91140705,-1.4454311,-1.0391239,-1.1319873
a5943,City of Burlington v. Dague,1,2745,2586,505 U.S. 557,6,6,3,.69617504,.14696801,.037184201,.0048181415,1992,.2221024,.14831668,-.71966571,-.98528063,-.64044452,-.78179693
a5943,City of Burlington v. Dague,2,2745,551,505 U.S. 557,6,6,3,.64964569,.2237674,.0744256,.0095542669,1992,.27541244,.25221932,-.75457323,-.40040931,-.22904782,-.46134347
a5944,Lee v. Weisman,1,6134,4971,505 U.S. 577,3,5,4,.38407725,.17195269,.04173857,.007565558,1992,.24353248,.16379559,-.95380926,-.79500794,-.47506738,-.74129486
a5945,Doggett v. United States,1,3330,188,505 U.S. 647,1,5,4,1.4889511,.43479419,.2237224,.027900815,1992,.37988472,.4207828,-.1249053,1.2066805,.57717091,.55298203
a5945,Doggett v. United States,2,3330,4242,505 U.S. 647,1,5,4,2.0464242,.1901592,.073817968,.0084594488,1992,.24576092,.16832101,.29332495,-.65635496,-.45787036,-.27363345
a595,Miller v. United States,1,4220,1909,357 U.S. 301,1,7,2,1.6668707,.15676296,.053266641,.0065168738,1958,.2390241,.17833078,.0085744523,-.91068649,-.50985879,-.47065693
a5952,Lucas v. South Carolina Coastal Council,1,9038,8957,505 U.S. 1003,4,6,3,.34441608,.0965681,.02459586,.0033619404,1992,.12591869,.070035756,-.98356408,-1.3691047,-1.3827,-1.2451229
a5952,Lucas v. South Carolina Coastal Council,2,9038,5919,505 U.S. 1003,4,6,3,.59478211,.1203384,.039135601,.00304389,1992,.24475622,.09500742,-.79573321,-1.1880803,-.46562368,-.81647909
a5953,Espinosa v. Florida,1,1041,102,505 U.S. 1079,1,6,3,.42569304,.41249001,.30044571,.060774088,1992,.40764421,.38687968,-.92258811,1.0368215,.79139256,.30187532
a5954,Benten v. Kessler,1,296,290,505 U.S. 1084,5,7,2,6.2053256,.48703873,.220366,.036734581,1992,.45918769,.38941848,3.4134369,1.6045526,1.1891567,2.0690486
a5956,"McNary v. Haitian Centers Council, Inc.",1,170,290,505 U.S. 1234,,,,.98481572,.61237478,.42467076,.082218528,1992,.57990491,.58135593,-.50312024,2.5590584,2.1207385,1.3922255
a5957,Bray v. Alexandria Women's Health Clinic,1,109,101,505 U.S. 1240,,,,3.4861357,.35831991,.31248501,.069926858,1992,.39565504,.58853692,1.3734325,.6242851,.69887137,.89886302
a5958,Martin v. District of Columbia Court of Appeals,1,702,152,506 U.S. 1,2,7,2,1.8729718,.4522287,.2812337,.037134647,1992,.47411978,.57797909,.16319662,1.3394543,1.3043885,.93567979
a5961,Richmond v. Lewis,1,3576,394,506 U.S. 40,1,8,1,1.2558548,.25942281,.1412821,.018008351,1992,.32351476,.34651154,-.29977992,-.12887295,.14216061,-.095497422
a5964,District of Columbia v. Greater Washington Board of Trade,1,2116,1973,506 U.S. 125,10,8,1,.86573708,.29191136,.082050703,.016664743,1992,.28858262,.21709603,-.59245604,.11854599,-.12741275,-.20044093
a5965,"Puerto Rico Aqueduct & Sewer Authority v. Metcalf & Eddy, Inc.",1,2366,1184,506 U.S. 139,9,8,1,1.2896079,.2603845,.071292162,.011329293,1993,.24936163,.18738425,-.27445757,-.12154912,-.43008342,-.27536339
a5966,Commissioner v. Soliman,1,2923,3273,506 U.S. 168,12,8,1,.73645985,.15651405,.072956704,.0048844814,1993,.26151693,.1800254,-.68944305,-.9125821,-.33628032,-.64610183
a5967,Rowland v. California Men's Colony,1,5563,4156,506 U.S. 194,2,5,4,1.6987617,.11304015,.039073601,.0056017041,1993,.18824238,.11690849,.032499868,-1.2436607,-.90174437,-.70430171
a5969,Bray v. Alexandria Women's Health Clinic,1,7566,13224,506 U.S. 263,2,6,3,.73879474,.1385946,.02555114,.0042519569,1993,.15343297,.87797135,-.68769133,-1.0490489,-1.1703706,-.96903694
a5969,Bray v. Alexandria Women's Health Clinic,2,7566,3774,506 U.S. 263,2,6,3,1.0310558,.2173219,.0386189,.0052723289,1993,.20299917,.10487878,-.4684298,-.44949546,-.78786528,-.56859684
a5971,Lockhart v. Fretwell,1,2469,4331,506 U.S. 364,1,7,2,.70596421,.1585166,.036974799,.0075330734,1993,.19474173,.14760715,-.71232164,-.89733148,-.85158849,-.82041389
a5972,Herrera v. Collins,1,9249,5541,506 U.S. 390,1,6,3,2.1018801,.1467513,.05769515,.012747049,1993,.23684108,.84351218,.33492935,-.98693103,-.52670527,-.39290231
a5973,Graham v. Collins,1,4946,7273,506 U.S. 461,1,5,4,.14754111,.092754543,.0195067,.0024847984,1993,.20338976,.11498177,-1.1312646,-1.3981472,-.78485107,-1.1047543
a598,Knapp v. Schweitzer,1,3054,333,357 U.S. 371,1,6,3,3.9413266,.57913727,.17143977,.026018441,1958,.48343372,.42591858,1.7149282,2.3059356,1.3762647,1.7990428
a598,Knapp v. Schweitzer,2,3054,871,357 U.S. 371,1,6,3,2.2486286,.40174466,.1359524,.018266141,1958,.31498528,.26324791,.44502378,.95498943,.076338075,.49211711
a599,Gore v. United States,1,2189,388,357 U.S. 386,1,5,4,4.4018698,.4906711,.30593646,.020430803,1958,.49161357,.39879256,2.0604391,1.6322151,1.439389,1.7106811
a599,Gore v. United States,2,2189,741,357 U.S. 386,1,5,4,1.8217919,.45238537,.16216284,.0092638731,1958,.27821803,.22965866,.12480019,1.3406475,-.20739692,.41935024
a599,Gore v. United States,3,2189,357,357 U.S. 386,1,5,4,3.3553278,.39231044,.146927,.020935476,1958,.38929254,.30049163,1.2752972,.88314247,.64977163,.93607044
a5991,Fex v. Michigan,1,3084,2425,507 U.S. 43,1,7,2,1.0103557,.26235205,.065800697,.0091263652,1993,.23133093,.14838147,-.48395953,-.1065651,-.56922746,-.38658404
a5992,Itel Containers International Corp. v. Huddleston,1,4996,1214,507 U.S. 60,8,8,1,1.836661,.2192796,.057480302,.0065101981,1993,.29267758,.20546353,.13595536,-.43458647,-.095811717,-.13148093
a5993,United States v. 92 Buena Vista Avenue,1,6223,2080,507 U.S. 111,1,6,3,2.4378784,.2940349,.091804273,.009906292,1993,.33186394,.24424958,.58700371,.13471793,.20659173,.30943778
a5994,Reves v. Ernst,1,4922,3082,507 U.S. 170,8,7,2,2.2529919,.1728127,.086514398,.011935592,1993,.2049374,.12987667,.44829723,-.78845853,-.77290791,-.37102306
a5995,Smith v. United States,1,2430,4260,507 U.S. 197,8,8,1,.56327337,.20904577,.065904997,.0057396293,1993,.2279914,.13924658,-.81937188,-.51252294,-.59499878,-.64229786
a5996,Ortega-Rodriguez v. United States,1,5903,1934,507 U.S. 234,1,5,4,2.5432365,.2242315,.05581164,.007810533,1993,.26676559,.16616285,.66604596,-.39687493,-.29577604,-.0088683367
a5997,Delo v. Lashley,1,2481,3123,507 U.S. 272,1,7,2,.49502203,.23147739,.04497594,.0070419312,1993,.19066775,.12174684,-.87057573,-.34169328,-.88302761,-.69843221
a5998,Demos v. Storrie,1,264,125,507 U.S. 290,2,7,2,1.9704516,.35804224,.29134566,.063516676,1993,.46120948,.59997189,.23632842,.62217051,1.2047589,.6877526
a5999,Reno v. Flores,1,7167,10685,507 U.S. 292,2,7,2,.91527176,.1075429,.023747301,.0033587813,1993,.17222005,.80615908,-.55529386,-1.2855254,-1.0253896,-.95540297
a6,Paroline v. United States,1,10819,6023,134 S. Ct. 1710,8,5,4,.99379569,.1211556,.036424201,.0024724007,2014,.1316452,.90849984,-.49638325,-1.1818569,-1.3385081,-1.0055828
a600,Beilan v. Board of Public Education,1,2850,330,357 U.S. 399,3,5,4,2.4049499,.38237429,.13035023,.021654069,1958,.48653215,.37502682,.56229991,.80747294,1.4001755,.92331612
a600,Beilan v. Board of Public Education,2,2850,1724,357 U.S. 399,3,5,4,4.1451569,.68035424,.27701783,.027755558,1958,.53005373,.39329737,1.8678467,3.0767608,1.736034,2.2268806
a600,Beilan v. Board of Public Education,3,2850,2603,357 U.S. 399,3,5,4,3.0219929,.37072015,.1158525,.012160301,1958,.39933723,.32939023,1.025221,.71872002,.72728711,.82374269
a6000,Saudi Arabia v. Nelson,1,4282,1990,507 U.S. 349,8,6,3,2.1036012,.23194575,.088781297,.0062707663,1993,.27860981,.24682593,.33622059,-.33812645,-.20437352,-.068759792
a6000,Saudi Arabia v. Nelson,2,4282,962,507 U.S. 349,8,6,3,1.3580565,.34707344,.095926173,.0087646246,1993,.28420806,.27189136,-.22310565,.53863674,-.16117151,.051453192
a6001,Pioneer Investment Services Co. v. Brunswick Associates Ltd. Partnership,1,6081,3432,507 U.S. 380,8,5,4,.89471185,.20472389,.04388183,.012054086,1993,.22107863,.16661775,-.57071847,-.5454365,-.64834499,-.58816665
a6002,"City of Cincinnati v. Discovery Network, Inc.",1,6310,2548,507 U.S. 410,3,6,3,.82236868,.12404454,.0239904,.0052959919,1993,.14436102,.098671436,-.62499207,-1.159856,-1.2403793,-1.0084091
a6003,United States ex rel. Internal Revenue Service v. McDermott,1,2810,2332,507 U.S. 447,12,6,3,.16734827,.1074937,.023534,.0039849877,1993,.15653622,.10001677,-1.1164048,-1.2859001,-1.1464226,-1.1829091
a6004,Arave v. Creech,1,4303,3687,507 U.S. 463,1,7,2,1.3118557,.1981378,.046004649,.0072495937,1993,.17797804,.11107993,-.25776672,-.59559333,-.98095483,-.61143827
a6005,Delaware v. New York,1,5265,62,507 U.S. 490,11,6,3,4.6374021,.71835029,.56551778,.11353332,1993,.72686875,.69533348,2.2371414,3.3661225,3.2548671,2.9527104
a6007,United States v. Texas,1,2964,2123,507 U.S. 529,10,8,1,3.9815052,.34176409,.061661702,.011511147,1993,.29393262,.22437686,1.7450711,.49820307,-.086126529,.71904922
a6008,Newark Morning Ledger Co. v. United States,1,7383,4448,507 U.S. 546,12,5,4,.87745237,.1264776,.046543699,.0065636635,1993,.15120268,.090334117,-.58366692,-1.1413268,-1.1875819,-.97085851
a601,Ashdown v. Utah,1,1479,219,357 U.S. 426,1,7,2,2.9102328,.373225,.28896859,.030727267,1958,.51296777,.5662117,.94137579,.73779589,1.6041807,1.0944508
a6010,Brecht v. Abrahamson,1,5753,1765,507 U.S. 619,1,5,4,1.0834792,.3038722,.056028299,.011044323,1993,.26276654,.22881633,-.42910048,.2096346,-.32663697,-.18203428
a6010,Brecht v. Abrahamson,2,5753,31,507 U.S. 619,1,5,4,7.1230741,.61818713,.56765544,.12344766,1993,.8539272,.85691857,4.1019545,2.6033227,4.2353845,3.6468873
a6010,Brecht v. Abrahamson,3,5753,2357,507 U.S. 619,1,5,4,.90780717,.3652299,.072524399,.015347958,1993,.29714566,.26102448,-.56089401,.67690867,-.06133125,.018227803
a6010,Brecht v. Abrahamson,4,5753,43,507 U.S. 619,1,5,4,7.1231165,.63150078,.58836526,.13563776,1993,.8198626,.84775621,4.1019864,2.7047138,3.9725063,3.5930688
a6013,United States v. Olano,1,4761,881,507 U.S. 725,1,6,3,.94197321,.24570359,.070274003,.0087997913,1993,.20878881,.20141047,-.53526181,-.23335263,-.7431863,-.50393355
a6014,Edenfield v. Fane,1,4655,1158,507 U.S. 761,3,8,1,1.3350644,.24970441,.074746132,.0070920587,1993,.27256972,.16986275,-.24035494,-.20288415,-.25098529,-.23140813
a602,Crooker v. California,1,2577,2646,357 U.S. 433,1,5,4,2.586513,.3013705,.088746198,.014986873,1958,.24179459,.22464865,.69851315,.19058275,-.48847878,.13353904
a6025,Deal v. United States,1,2402,3278,508 U.S. 129,1,6,3,.50422412,.20870554,.066771798,.007529676,1993,.22009635,.17202264,-.86367208,-.51511395,-.65592533,-.67823714
a6026,"Commissioner v. Keystone Consolidated Industries, Inc.",1,2940,839,508 U.S. 152,12,8,1,.83645266,.15308701,.090606868,.0089118481,1993,.2697103,.18259382,-.61442596,-.93868095,-.27305156,-.60871947
a6027,Keene Corp. v. United States,1,5746,1734,508 U.S. 200,9,8,1,2.4898427,.30338717,.067087002,.0063613653,1993,.35513771,.2106331,.6259886,.2059408,.38619676,.40604204
a6028,Smith v. United States,1,5644,2227,508 U.S. 223,1,6,3,.88497561,.22362274,.071292758,.0090186596,1993,.27372813,.1679194,-.57802284,-.40151098,-.24204573,-.40719318
a6029,Mertens v. Hewitt Associates,1,4801,4210,508 U.S. 248,8,5,4,.34519506,.17037237,.034344099,.0050949454,1993,.19462794,.13217723,-.98297966,-.80704308,-.85246658,-.88082975
a603,Giordenello v. United States,1,2457,1211,357 U.S. 480,1,6,3,1.6584684,.23359931,.064193197,.013566494,1958,.27055538,.20040888,.0022708005,-.32553372,-.26653007,-.19659767
a6031,"Musick, Peeler & Garrett v. Employers Insurance",1,3631,2380,508 U.S. 286,8,6,3,.64316922,.20843196,.045069341,.0072681308,1993,.23756456,.11808646,-.75943202,-.51719749,-.5211221,-.59925056
a6037,Good Samaritan Hospital v. Shalala,1,5324,2639,508 U.S. 402,9,6,3,.53806031,.21706104,.064667203,.010408998,1993,.25843537,.16277802,-.83828735,-.45148206,-.3600609,-.54994345
a6038,United States Department of Treasury v. Fabe,1,5775,3069,508 U.S. 491,10,5,4,1.45705,.13505711,.0289155,.0047337413,1993,.094167471,.091410816,-.14883833,-1.075989,-1.627726,-.95085108
a604,Jones v. United States,1,2190,1121,357 U.S. 493,1,7,2,.51164156,.2035992,.061705399,.0099148154,1958,.29449338,.22894561,-.85810733,-.55400169,-.081799112,-.49796939
a6042,Northeastern Florida Chapter of the Associated General Contractors of America v. City of Jacksonville,1,3753,2811,508 U.S. 656,9,7,2,1.848824,.30529201,.094301403,.0077054501,1993,.367163,.21298164,.14508037,.22044729,.47899666,.28150812
a6043,South Dakota v. Bourland,1,5709,2335,508 U.S. 679,2,7,2,1.050772,.14416081,.035413861,.007439971,1993,.19511873,.12396443,-.45363826,-1.006659,-.84867918,-.7696588
a6044,Zobrest v. Catalina Foothills School District,1,3547,3242,509 U.S. 1,3,5,4,.54078215,.17920791,.032491799,.0065636039,1993,.22134101,.13650799,-.83624536,-.73975533,-.64632022,-.74077362
a6044,Zobrest v. Catalina Foothills School District,2,3547,136,509 U.S. 1,3,5,4,7.3759012,.69904053,.40377221,.045071423,1993,.73994529,.65542138,4.2916317,3.2190678,3.3557796,3.6221597
a6045,Helling v. McKinney,1,3059,1876,509 U.S. 25,1,7,2,3.9694388,.44924545,.21241355,.020267129,1993,.4225356,.35683221,1.7360187,1.3167351,.90631026,1.3196881
a6046,"Reno v. Catholic Social Services, Inc.",1,8158,2758,509 U.S. 43,9,6,3,.89259368,.1676228,.081109643,.011603832,1993,.29713923,.1638158,-.57230753,-.82798254,-.061380927,-.48722365
a6047,Harper v. Virginia Department of Taxation,1,4479,7844,509 U.S. 86,10,7,2,.85438806,.17705953,.031399131,.010193229,1993,.24251163,.12216866,-.60097033,-.75611645,-.48294532,-.61334401
a6048,"Sale v. Haitian Centers Council, Inc.",1,10819,6748,509 U.S. 155,2,8,1,.44967526,.0709427,.022222759,.0042032599,1993,.1351341,.88724208,-.90459603,-1.5642569,-1.311584,-1.2601457
a6049,Brooke Group Ltd. v. Brown & Williamson Tobacco Corp.,1,10260,5272,509 U.S. 209,8,6,3,.20229812,.14090395,.02865785,.0030492544,1993,.1596092,.90764332,-1.0901846,-1.031462,-1.1227083,-1.0814517
a605,Cicenia v. Lagay,1,2225,390,357 U.S. 504,1,5,3,2.4385796,.35228777,.17704231,.018968701,1958,.42877072,.2956956,.58752972,.57834691,.95442706,.70676792
a6052,Heller v. Doe ex rel. Doe,1,6457,95,509 U.S. 312,4,5,4,1.9216245,.4657582,.33008397,.10968244,1993,.52839887,.45775163,.19969715,1.4424893,1.7232634,1.1218166
a6052,Heller v. Doe ex rel. Doe,2,6457,4948,509 U.S. 312,4,5,4,.52090949,.20859045,.048961759,.011009216,1993,.19667822,.10831749,-.85115433,-.5159905,-.83664447,-.73459643
a6053,Johnson v. Texas,1,6901,4613,509 U.S. 350,1,5,4,.61338949,.12288237,.029069399,.0074833035,1993,.16847384,.11068499,-.78177351,-1.1687065,-1.0542994,-1.0015931
a6054,Godinez v. Moran,1,4191,2854,509 U.S. 389,1,7,2,1.2210718,.19073486,.058626901,.0080795288,1993,.19318336,.15119272,-.32587501,-.65197098,-.8636145,-.6138202
a6055,United States v. Edge Broadcasting Co.,1,4866,1899,509 U.S. 418,3,7,2,.77102619,.269541,.076800197,.0081788301,1993,.31969601,.22610867,-.6635105,-.051817164,.11269109,-.20087886
a6056,TXO Production Corp. v. Alliance Resources Corp.,1,6972,9595,509 U.S. 443,8,6,3,2.4503157,.2168546,.0571017,.0081497431,1993,.32972467,.88890946,.59633446,-.45305422,.19008285,.11112103
a6057,St. Mary's Honor Center v. Hicks,1,7037,6756,509 U.S. 502,2,5,4,1.3315794,.13637041,.020312671,.0042012334,1993,.17378336,.1086579,-.24296944,-1.0659875,-1.0133255,-.7740941
a6058,Alexander v. United States,1,4368,5983,509 U.S. 544,3,5,4,1.0365561,.1693884,.050980002,.0067249537,1993,.20784396,.16451317,-.46430331,-.81453651,-.75047779,-.67643923
a606,Speiser v. Randall,1,5043,1788,357 U.S. 513,3,7,1,1.7714601,.2129564,.0524709,.0051336288,1958,.20397162,.16335374,.087039992,-.48274127,-.78036082,-.3920207
a6061,Shaw v. Reno,1,7813,5728,509 U.S. 630,2,5,4,.4323419,.096977897,.0137625,.0032120943,1993,.19653034,.097091913,-.91759992,-1.365984,-.83778566,-1.0404565
a6061,Shaw v. Reno,2,7813,172,509 U.S. 630,2,5,4,.62284887,.34229314,.16018879,.032482743,1993,.37446183,.29504198,-.77467686,.50223207,.53532213,.087625779
a6061,Shaw v. Reno,3,7813,1159,509 U.S. 630,2,5,4,.45412967,.19028753,.054523598,.0067581534,1993,.30410057,.21420336,-.90125424,-.65537769,-.007659812,-.52143055
a6061,Shaw v. Reno,4,7813,2820,509 U.S. 630,2,5,4,.63376814,.17412721,.052852701,.0061991215,1993,.25966144,.16271681,-.76648492,-.77844781,-.35059926,-.63184398
a6062,United States v. Dixon,1,7954,2613,509 U.S. 690,,,,.55846083,.1792316,.029539799,.0039765835,1993,.12069982,.094525039,-.82298237,-.73957491,-1.4229742,-.99517715
a6063,Hartford Fire Insurance v. California,1,10728,7483,509 U.S. 766,,,,.98322988,.17035794,.051713601,.0051592588,1993,.23280668,.90763688,-.50431001,-.80715293,-.55783898,-.62310064
a6064,Delo v. Blair,1,210,584,509 U.S. 825,,,,1.6063098,.34537551,.13968229,.024449468,1993,.40689272,.40092385,-.036859881,.52570605,.78559321,.42481312
a6067,Day v. Day,1,401,89,510 U.S. 1,2,9,0,1.2677448,.41741705,.31987819,.058871329,1993,.44042748,.58946872,-.29085982,1.0743437,1.044383,.60928899
a6069,Izumi Seimitsu Kogyo Kabushiki Kaisha v. U. S. Philips Corp.,1,2260,2308,510 U.S. 27,9,7,2,.93332088,.2793045,.045784902,.010088801,1993,.17987323,.17279106,-.54175299,.022537546,-.96632957,-.49518168
a607,First Unitarian Church v. County of Los Angeles,1,446,178,357 U.S. 545,3,7,1,4.5877857,.28978896,.29585341,.034431815,1958,.37100184,.32473481,2.199918,.10238269,.50862122,.93697399
a6071,John Hancock Mutual Life Insurance v. Harris Trust & Savings Bank,1,6906,4365,510 U.S. 86,8,6,3,.5306046,.15031549,.030619301,.0045969486,1993,.23569155,.11677712,-.84388083,-.95978761,-.53557628,-.77974826
a6072,Ratzlaf v. United States,1,4681,4539,510 U.S. 135,1,5,4,.97128707,.11379325,.0399969,.0039405823,1994,.10128897,.074527025,-.51326978,-1.2379254,-1.5727689,-1.107988
a6075,Schiro v. Farley,1,4323,648,510 U.S. 222,1,7,2,.3931039,.24574409,.15576303,.015294731,1994,.36426818,.23769033,-.94703728,-.23304419,.4566572,-.24114142
a6075,Schiro v. Farley,2,4323,3452,510 U.S. 222,1,7,2,.63812947,.1849568,.029176241,.0061450005,1994,.19337881,.15341341,-.76321298,-.69597423,-.8621062,-.77376449
a6077,Albright v. Oliver,1,2623,8710,510 U.S. 266,2,7,2,.77094406,.20093143,.024912501,.0052146912,1994,.28382725,.17126733,-.66357213,-.57431829,-.16411027,-.46733356
a6079,"Department of Revenue v. ACF Industries, Inc.",1,4254,2186,510 U.S. 332,8,8,1,1.0216739,.1673384,.045053199,.007499218,1994,.17960018,.116382,-.47546831,-.83014846,-.96843672,-.75801784
a6080,"Northwest Airlines, Inc. v. County of Kent",1,5347,2794,510 U.S. 355,10,7,1,2.2859457,.22968704,.067635603,.0098770857,1994,.2510891,.16873759,.47301996,-.3553279,-.41675252,-.099686824
a6081,Caspari v. Bohlen,1,3667,517,510 U.S. 383,1,8,1,3.1307261,.31574309,.11140454,.014344454,1994,.34282601,.3223061,1.1067954,.30003822,.29118666,.56600678
a6082,Hagen v. Utah,1,6982,7061,510 U.S. 399,2,7,2,.51723039,.1008327,.0200908,.0071597099,1994,.22025096,.10210079,-.8539145,-1.3366274,-.65473217,-.9484247
a6083,American Dredging Co. v. Miller,1,4416,2574,510 U.S. 443,10,7,2,2.1101761,.21497315,.0328952,.00747329,1994,.25646776,.12979484,.34115323,-.46738255,-.37524503,-.16715811
a61,Manuel v. City of Joliet,1,4988,4211,137 S. Ct. 911,1,6,2,1.900306,.17955744,.041140001,.0038368106,2017,.17144477,.11595511,.18370344,-.73709345,-1.0313724,-.52825415
a6105,United States v. Granderson,1,5428,3291,511 U.S. 39,1,7,2,.4391706,.23834836,.058111001,.0065983534,1994,.1975444,.1365481,-.9124769,-.2893669,-.82996011,-.67726797
a6106,Powell v. Nevada,1,1712,2222,511 U.S. 79,1,7,2,1.7377362,.35224557,.060986102,.0087125301,1994,.29439116,.20668495,.06173953,.57802552,-.082587965,.18572569
a6107,"Oregon Waste Systems, Inc. v. Department of Environmental Quality",1,4454,2698,511 U.S. 93,8,7,2,.94277561,.2360294,.046176299,.0068353415,1994,.23354131,.14444387,-.5346598,-.30702713,-.5521698,-.46461892
a6108,Ticor Title Insurance v. Brown,1,1354,1141,511 U.S. 117,9,6,3,1.2446704,.2946583,.072602198,.011408448,1994,.20189649,.12504309,-.3081708,.13946551,-.79637474,-.32169333
a6109,J. E. B. v. Alabama ex rel. T. B.,1,6721,3108,511 U.S. 127,2,6,3,.49403548,.16626227,.03454804,.0075334907,1994,.25132984,.15002304,-.8713159,-.8383438,-.41489467,-.70818478
a611,Moore v. Terminal Railroad,1,255,942,358 U.S. 31,8,6,3,3.7810996,.51561522,.3567414,.09960103,1958,.48887104,.4403007,1.5947218,1.822179,1.4182248,1.6117085
a6110,"Central Bank of Denver, N. A. v. First Interstate Bank of Denver, N. A.",1,8582,3786,511 U.S. 164,8,5,4,.9846229,.1815736,.049595501,.0060865879,1994,.25775695,.14776301,-.5032649,-.72173923,-.3652963,-.53010017
a6112,Landgraf v. USI Film Products,1,14031,1185,511 U.S. 244,2,8,1,1.8018848,.28245753,.073704697,.00593853,1994,.24744552,.88600844,.10986537,.046549644,-.44487017,-.096151717
a6113,"Rivers v. Roadway Express, Inc.",1,4555,1285,511 U.S. 298,2,8,1,2.3909483,.1938393,.070640437,.0077329874,1994,.20289189,.13028175,.55179554,-.62832892,-.78869325,-.28840888
a6115,City of Chicago v. Environmental Defense Fund,1,3159,3045,511 U.S. 328,8,7,2,.32602307,.16884875,.043233398,.0059924722,1994,.22792625,.14406621,-.99736297,-.81864625,-.59550154,-.80383694
a6117,In re Anderson,1,620,200,511 U.S. 364,2,7,2,2.1287253,.42536119,.2943995,.038431525,1994,.39829439,.49055845,.35506931,1.1348428,.71923941,.7363838
a6118,"C & A Carbone, Inc. v. Town of Clarkstown",1,4614,6853,511 U.S. 383,8,6,3,1.3400555,.18194157,.1062715,.012402296,1994,.16995531,.099914432,-.23661052,-.71893698,-1.0428667,-.66613805
a6119,"Security Services, Inc. v. Kmart Corp.",1,4074,3562,511 U.S. 431,8,7,2,1.0423039,.1693328,.0756898,.0094594955,1994,.23839688,.1776433,-.45999119,-.81495994,-.51469904,-.59655005
a6119,"Security Services, Inc. v. Kmart Corp.",2,4074,2105,511 U.S. 431,8,7,2,.97282767,.15266514,.0545411,.0058176517,1994,.21261448,.15649092,-.51211399,-.94189376,-.7136634,-.72255707
a6121,Custis v. United States,1,3580,5090,511 U.S. 485,1,6,3,.9454807,.2309999,.051278401,.012849033,1994,.22736448,.15808874,-.53263038,-.34532967,-.59983677,-.49259895
a6123,BFP v. Resolution Trust Corp.,1,5847,7797,511 U.S. 531,8,5,4,.96544647,.12434304,.02430594,.0046240091,1994,.1512121,.099173129,-.51765156,-1.1575828,-1.1875092,-.95424783
a6124,National Labor Relations Board v. Health Care & Retirement Corp. of America,1,3879,4875,511 U.S. 571,7,5,4,.55539459,.1422006,.053144801,.0066850185,1994,.1745187,.1230517,-.82528275,-1.0215871,-1.0076507,-.95150685
a6125,Staples v. United States,1,6639,6027,511 U.S. 600,1,7,2,.74323303,.093896598,.034446359,.002350986,1994,.10569072,.084553719,-.68436164,-1.3894498,-1.5388004,-1.204204
a6126,Waters v. Churchill,1,5877,1776,511 U.S. 661,3,7,2,1.1046118,.16489226,.059369002,.0059710145,1994,.24062014,.16357905,-.41324627,-.84877723,-.49754208,-.58652186
a6127,Pud No. 1 of Jefferson County v. Washington Department of Ecology,1,6292,4361,511 U.S. 700,8,7,2,.579763,.1128884,.0574672,.007756114,1994,.21225578,.12060136,-.80700094,-1.2448163,-.71643156,-.92274958
a6128,Nichols v. United States,1,3356,4058,511 U.S. 738,1,6,3,.21956815,.1776572,.037995461,.0089400411,1994,.2111311,.15833312,-1.0772282,-.75156486,-.72511077,-.85130125
a6128,Nichols v. United States,2,3356,226,511 U.S. 738,1,6,3,2.9017909,.442835,.16663945,.022892356,1994,.3843857,.45271206,.93504244,1.267916,.61190528,.93828791
a6129,Department of Revenue v. Kurth Ranch,1,5508,2589,511 U.S. 767,1,5,4,.46142662,.16472954,.038862702,.0053654909,1994,.25569159,.13084745,-.89577985,-.85001642,-.38123479,-.70901036
a6129,Department of Revenue v. Kurth Ranch,2,5508,2048,511 U.S. 767,1,5,4,.80529583,.23069215,.031199999,.0068029165,1994,.17749995,.11670673,-.63780057,-.34767339,-.98464429,-.65670609
a6129,Department of Revenue v. Kurth Ranch,3,5508,3168,511 U.S. 767,1,5,4,1.9771162,.32945889,.1812789,.011614561,1994,.26970291,.16717756,.2413284,.40449193,-.2731086,.12423725
a6130,Key Tronic Corp. v. United States,1,3392,1179,511 U.S. 809,8,6,3,1.3019127,.20633274,.070758604,.012698591,1994,.22900647,.23525232,-.26522622,-.53318417,-.58716542,-.4618586
a614,Peurifoy v. Commissioner,1,582,789,358 U.S. 59,12,6,3,1.7935789,.28393149,.1794894,.036474824,1958,.29930645,.31388998,.10363407,.057774719,-.044656325,.038917489
a616,"Federal Housing Administration v. Darlington, Inc.",1,2313,504,358 U.S. 84,8,5,3,2.9324331,.4833515,.17886519,.02194947,1958,.44952363,.26199353,.95803106,1.5764723,1.1145785,1.2163606
a616,"Federal Housing Administration v. Darlington, Inc.",2,2313,1641,358 U.S. 84,8,5,3,1.8595792,.22972375,.073879302,.0060567856,1958,.27702594,.17042428,.15314919,-.35504827,-.21659636,-.13949849
a6166,Romano v. Oklahoma,1,3424,98,512 U.S. 1,1,5,4,1.6975281,.35970551,.26722735,.037398994,1994,.45140767,.43496108,.031574409,.63483721,1.1291177,.59850979
a6166,Romano v. Oklahoma,2,3424,3144,512 U.S. 1,1,5,4,1.6815487,.1701764,.045453671,.0062294006,1994,.25406826,.15859753,.019586256,-.80853546,-.39376217,-.39423713
a617,"United Gas Pipe Line Co. v. Memphis Light, Gas & Water Division",1,4175,1219,358 U.S. 103,8,5,3,.26757196,.1929995,.080574401,.010342419,1958,.21999478,.20927471,-1.0412145,-.6347245,-.65670913,-.77754939
a6171,MCI Telecommunications Corp. v. American Telephone & Telegraph Co.,1,4896,3406,512 U.S. 218,8,5,3,.67475772,.1669451,.040594701,.0037522912,1994,.15012693,.093399644,-.73573351,-.83314365,-1.1958835,-.92158687
a6173,Dolan v. City of Tigard,1,11604,1128,512 U.S. 374,4,5,4,1.9222792,.1389062,.072458453,.0063342452,1994,.26562518,.88585865,.20018831,-1.0466759,-.30457669,-.38368809
a6177,Consolidated Rail Corp. v. Gottshall,1,7934,4202,512 U.S. 532,8,6,3,.81933469,.14133491,.030055501,.0071110725,1994,.13164407,.074903727,-.62726825,-1.0281799,-1.3385168,-.99798834
a6178,Shannon v. United States,1,4638,1686,512 U.S. 573,1,7,2,2.5933132,.23952806,.076997697,.0064728856,1994,.18703133,.19344407,.70361477,-.28038284,-.91109008,-.16261938
a618,United States v. A & P Trucking Co.,1,1842,594,358 U.S. 121,8,9,0,2.2361155,.43418989,.1744846,.021894932,1958,.36994779,.31465733,.4356361,1.2020785,.50048703,.71273386
a6181,Board of Education v. Grumet,1,6622,6831,512 U.S. 687,3,6,3,.8168537,.1029742,.039949238,.0063707829,1994,.15751833,.088509798,-.62912959,-1.3203187,-1.1388437,-1.0294306
a6184,McFarland v. Scott,1,2729,3297,512 U.S. 849,1,5,4,.42427713,.18360883,.063058563,.0082647204,1994,.25986201,.16228461,-.92365032,-.70623982,-.34905145,-.65964723
a6185,Holder v. Hall,1,2973,3420,512 U.S. 874,2,5,4,.89594072,.1237431,.050211199,.005484283,1994,.17259437,.092053115,-.5697965,-1.1621516,-1.022501,-.91814971
a6185,Holder v. Hall,2,2973,3591,512 U.S. 874,2,5,4,1.8619059,.33842194,.1259924,.016480923,1994,.45297092,.32369918,.15489475,.47275066,1.1411815,.58960897
a6186,Tuilaepa v. California,1,3754,4138,512 U.S. 967,1,8,1,.37437135,.16183066,.05840176,.007139504,1994,.24141359,.14259583,-.96109092,-.87209302,-.49141893,-.77486765
a619,Ladner v. United States,1,3235,1377,358 U.S. 169,1,8,1,2.1320305,.39789209,.13381237,.013062358,1958,.28174192,.25223732,.35754895,.92564988,-.18020289,.36766532
a620,Leedom v. Kyne,1,2037,3366,358 U.S. 184,9,7,2,.70804018,.33003473,.073509596,.010726333,1958,.3904078,.21154243,-.71076417,.40887728,.65837818,.11883043
a6203,In re Whitaker,1,529,185,513 U.S. 1,2,8,1,1.8501383,.38782439,.38643044,.069245875,1994,.5397954,.7094487,.14606638,.84897858,1.8112111,.93541867
a6206,Federal Election Commission v. NRA Political Victory Fund,1,3383,2011,513 U.S. 88,9,7,1,1.0083171,.2083014,.059606198,.0057038665,1994,.30192608,.18438303,-.48548892,-.51819175,-.024440531,-.34270707
a6208,Asgrow Seed Co. v. Winterboer,1,4312,730,513 U.S. 179,8,8,1,2.1492167,.1991152,.15992761,.021958768,1995,.36773735,.23947281,.37044245,-.58814991,.48342898,.088573843
a621,"Mitchell v. Lublin, McGaughy & Associates",1,2268,253,358 U.S. 207,7,7,2,4.2795386,.40745693,.13819429,.017405331,1959,.36397457,.41041577,1.9686632,.99849164,.45439136,1.1405154
a621,"Mitchell v. Lublin, McGaughy & Associates",2,2268,86,358 U.S. 207,7,7,2,4.0615325,.6035167,.48184919,.071050644,1959,.79344094,.68868363,1.8051096,2.4915991,3.7686086,2.6884391
a6210,"Allied-Bruce Terminix Cos., Inc. v. Dobson",1,4537,4323,513 U.S. 265,10,7,2,1.2656455,.26036879,.093867838,.0060753822,1995,.34491873,.25668585,-.29243472,-.12166873,.3073363,-.035589051
a6212,Duncan v. Henry,1,734,2305,513 U.S. 364,1,8,1,.76031035,.18133751,.1197661,.0069993138,1995,.25255603,.21278059,-.6715498,-.72353727,-.40543213,-.60017306
a6213,Lebron v. National Railroad Passenger Corp.,1,7918,4246,513 U.S. 374,3,8,1,2.5880194,.31813541,.088266604,.0094496012,1995,.27034813,.15415221,.69964319,.31825712,-.26812941,.24992363
a6215,Harris v. Alabama,1,3157,3804,513 U.S. 504,1,8,1,.61943001,.364425,.084048398,.0097829103,1995,.2979973,.19881868,-.77724177,.67077887,-.054759163,-.053740688
a6219,Arizona v. Evans,1,4224,1844,514 U.S. 1,1,7,2,1.2182096,.25314701,.05169934,.0085408688,1995,.27735913,.15955234,-.32802233,-.17666678,-.21402512,-.23957141
a6219,Arizona v. Evans,2,4224,3531,514 U.S. 1,1,7,2,.69273585,.26249611,.052040499,.0095582008,1995,.20214355,.18007654,-.72224587,-.10546798,-.79446816,-.54072732
a622,Lee v. Madigan,1,2765,1482,358 U.S. 228,2,6,2,3.3252628,.2572808,.10693836,.0096979141,1959,.27047545,.16855532,1.2527417,-.14518559,-.26714689,.28013641
a6220,"Mastrobuono v. Shearson Lehman Hutton, Inc.",1,3737,2542,514 U.S. 52,8,8,1,.5253858,.17736566,.03879654,.006976366,1995,.2017507,.12973011,-.84779608,-.75378513,-.79749984,-.7996937
a6221,Shalala v. Guernsey Memorial Hospital,1,3723,3892,514 U.S. 87,9,5,4,.26359946,.081092,.026004139,.0037235618,1995,.15856701,.098032057,-1.0441947,-1.4869641,-1.1307509,-1.2206366
a6223,"Oklahoma Tax Commission v. Jefferson Lines, Inc.",1,8114,2137,514 U.S. 175,8,7,2,.71676433,.1369449,.054399699,.0052140951,1995,.2162376,.14032787,-.7042191,-1.0616124,-.68570352,-.81717831
a6224,Whitaker v. Superior Court,1,629,38,514 U.S. 208,2,8,1,7.1345191,.44538873,.5686177,.096689105,1995,.48399884,.72489572,4.1105409,1.287364,1.3806257,2.2595103
a6225,"Plaut v. Spendthrift Farm, Inc.",1,9409,7523,514 U.S. 211,13,7,2,1.0459225,.1301389,.0241846,.0041487217,1995,.14161938,.077823579,-.4572764,-1.1134439,-1.2615367,-.94408566
a6227,Celotex Corp. v. Edwards,1,4297,6997,514 U.S. 300,9,7,2,.8728866,.16940451,.03557897,.006013155,1995,.22780991,.1356805,-.58709228,-.81441385,-.59639937,-.66596848
a6228,McIntyre v. Ohio Elections Commission,1,7672,5114,514 U.S. 334,3,7,2,1.1134394,.18566731,.062410299,.0094507337,1995,.29985672,.15375823,-.40662354,-.69056332,-.040409859,-.37919891
a6229,Stone v. Immigration & Naturalization Service,1,5936,4289,514 U.S. 386,2,6,3,.77427894,.15580237,.0463336,.0045151711,1995,.17848134,.13146746,-.66107023,-.91800195,-.97707087,-.85204768
a623,"International Boxing Club of New York, Inc. v. United States",1,5864,332,358 U.S. 242,8,5,3,1.7616749,.3137477,.1862306,.022794962,1959,.4467237,.40133756,.079698913,.28484222,1.0929713,.48583749
a623,"International Boxing Club of New York, Inc. v. United States",2,5864,1757,358 U.S. 242,8,5,3,.93657774,.17234381,.073342443,.0094517469,1959,.29416978,.21577293,-.53930962,-.79202944,-.084296301,-.47187847
a6230,Kyles v. Whitley,1,11890,6886,514 U.S. 419,1,5,4,.48258772,.13143671,.0309164,.003860116,1995,.27088457,.83137846,-.87990427,-1.1035604,-.26398963,-.74915147
a6232,California Department of Corrections v. Morales,1,4222,4039,514 U.S. 499,1,7,2,.92603666,.16239581,.03571045,.0043172836,1995,.18226117,.11916643,-.54721779,-.86778915,-.94790167,-.78763622
a6233,United States v. Williams,1,4073,2404,514 U.S. 527,12,6,3,.46496293,.2204086,.03271747,.0052481294,1995,.15833086,.18370318,-.89312685,-.42598847,-1.1325734,-.81722957
a6234,United States v. Lopez,1,5603,286,514 U.S. 549,10,5,4,.82847482,.4511337,.1672437,.017212868,1995,.38081157,.35906893,-.6204111,1.3311152,.58432353,.43167588
a6234,United States v. Lopez,2,5603,3833,514 U.S. 549,10,5,4,.76911771,.37071705,.075313568,.0090554953,1995,.30204707,.22174937,-.66494232,.71869642,-.023506787,.010082435
a6234,United States v. Lopez,3,5603,8442,514 U.S. 549,10,5,4,1.2209357,.36600757,.17029977,.01989603,1995,.25593293,.18659401,-.32597715,.68283099,-.37937239,-.007506182
a6235,Hubbard v. United States,1,6306,2228,514 U.S. 695,1,6,3,2.6073666,.29784179,.1122043,.0094958544,1995,.24698675,.1624009,.71415794,.16370957,-.44841057,.14315231
a6236,"City of Edmonds v. Oxford House, Inc.",1,3280,3567,514 U.S. 725,2,6,3,.96796036,.17349607,.040121801,.008318305,1995,.23811257,.10790479,-.51576561,-.78325427,-.51689315,-.60530436
a6238,Purkett v. Elem,1,1369,2900,514 U.S. 765,2,7,2,.75662333,.1065731,.053885002,.0055725574,1995,.23929369,.18726546,-.67431593,-1.2929111,-.50777835,-.82500178
a6239,"U. S. Term Limits, Inc. v. Thornton",1,19496,28255,514 U.S. 779,10,5,4,.28899214,.1345527,.0148649,.0033419132,1995,.11259258,.0004247427,-1.0251446,-1.0798303,-1.4855384,-1.1968378
a624,Hahn v. Ross Island Sand & Gravel Co.,1,361,584,358 U.S. 272,8,5,2,.88198119,.28077257,.17982686,.014026999,1959,.29248416,.3023082,-.58026928,.033717681,-.097304322,-.21461864
a6242,Garlotte v. Fordice,1,2139,571,515 U.S. 39,1,7,2,1.4282467,.19192339,.0881126,.01430279,1995,.30586672,.23186284,-.17044723,-.64291966,.0059696352,-.26913241
a6243,Reno v. Koray,1,4649,1216,515 U.S. 50,1,8,1,1.2214164,.27273861,.063533299,.010758817,1995,.29705882,.18868029,-.32561654,-.027465532,-.062001429,-.13836117
a6244,Missouri v. Jenkins,1,9613,12225,515 U.S. 70,2,5,4,.28018814,.076103002,.01452696,.0041080713,1995,.18184644,.85216421,-1.0317495,-1.5249583,-.9511022,-1.16927
a6244,Missouri v. Jenkins,2,9613,522,515 U.S. 70,2,5,4,.73632288,.3724007,.1033844,.01352191,1995,.39012361,.31235135,-.68954581,.73151839,.65618503,.2327192
a6245,"Adarand Constructors, Inc. v. Pena",1,10905,7806,515 U.S. 200,2,5,4,.7085138,.13471866,.039503001,.0040665269,1995,.20606303,.83939564,-.71040887,-1.0785664,-.76422131,-.85106552
a6245,"Adarand Constructors, Inc. v. Pena",2,10905,2150,515 U.S. 200,2,5,4,1.468793,.2715292,.06398356,.0057551861,1995,.26400268,.8802591,-.14002837,-.036675867,-.3170976,-.16460061
a6245,"Adarand Constructors, Inc. v. Pena",3,10905,1867,515 U.S. 200,2,5,4,1.3319144,.3916826,.08635056,.010014355,1995,.38624138,.83655667,-.24271813,.87836105,.62622559,.42062283
a6246,Metropolitan Stevedore Co. v. Rambo,1,2858,648,515 U.S. 291,8,8,1,.85185516,.29252374,.18286437,.01659584,1996,.38179553,.26664484,-.60287058,.1232096,.59191674,.037418585
a6247,Commissioner v. Schleier,1,4251,3191,515 U.S. 323,12,6,3,.46456164,.2217875,.035357799,.0057275295,1995,.22827762,.12786728,-.89342791,-.41548738,-.59279001,-.63390177
a625,Draper v. United States,1,2155,3976,358 U.S. 307,1,6,1,1.6503946,.46410629,.1135907,.021890402,1959,.39825708,.30933088,-.0037863713,1.429909,.71895146,.71502471
a6250,Gutierrez de Martinez v. Lamagno,1,6005,3850,515 U.S. 417,9,5,4,1.8939779,.1444875,.035001751,.0066887736,1995,.20971549,.14442885,.17895593,-1.0041711,-.73603511,-.5204168
a6252,Sandin v. Conner,1,4495,1075,515 U.S. 472,4,5,4,.71299434,.21800536,.064039104,.011395574,1995,.2424897,.17646021,-.70704746,-.44429055,-.4831146,-.54481757
a6252,Sandin v. Conner,2,4495,4263,515 U.S. 472,4,5,4,.32212669,.16089857,.036962029,.0078823566,1995,.22533351,.15505648,-1.0002861,-.87919146,-.61550987,-.83166248
a6254,"Vimar Seguros y Reaseguros, S. A. v. M/V Sky Reefer",1,3862,4861,515 U.S. 528,8,7,1,.67877424,.1234511,.036002699,.0048998594,1995,.17868805,.10807216,-.73272026,-1.1643754,-.97547567,-.95752376
a6257,"Florida Bar v. Went For It, Inc.",1,5115,3417,515 U.S. 618,6,5,4,1.2254562,.182927,.031564832,.0067076683,1995,.17811882,.11170703,-.32258573,-.71143234,-.97986841,-.67129552
a6258,Vernonia School District 47J v. Acton,1,5952,6510,515 U.S. 646,5,6,3,1.6847997,.1711057,.067399003,.0050618649,1995,.25922751,.12291276,.022025205,-.8014583,-.35394785,-.37779364
a6259,Babbitt v. Sweet Home Chapter of Communities,1,6597,7310,515 U.S. 687,8,6,3,.85895115,.1098106,.027891999,.0071853399,1995,.18962044,.11960459,-.59754699,-1.2682556,-.89110976,-.91897076
a626,Romero v. International Terminal Operating Co.,1,10878,448,358 U.S. 354,8,7,2,1.5220013,.3571761,.1340971,.026339054,1959,.39300859,.95892638,-.10011023,.6155743,.67844862,.39797089
a6261,Capitol Square Review & Advisory Board v. Pinette,1,4296,6397,515 U.S. 753,3,7,2,.51607311,.1656436,.044320099,.0045832396,1995,.18741316,.13968587,-.8547827,-.84305531,-.90814352,-.86866051
a6261,Capitol Square Review & Advisory Board v. Pinette,2,4296,656,515 U.S. 753,3,7,2,2.3439119,.34095675,.11005354,.012125552,1995,.31675941,.29872441,.51650769,.49205467,.090029158,.36619717
a6262,Rosenberger v. Rector & Visitors of University of Virginia,1,7723,12870,515 U.S. 819,3,5,4,1.1693369,.1263559,.053970631,.0040733814,1995,.17944086,.90601355,-.36468786,-1.1422536,-.96966618,-.82553589
a6263,Miller v. Johnson,1,7742,1596,515 U.S. 900,2,5,4,1.1183751,.22495221,.070223451,.010087609,1995,.44358099,.27505273,-.40292069,-.39138633,1.0687188,.091470592
a6263,Miller v. Johnson,2,7742,5045,515 U.S. 900,2,5,4,.38942999,.18662161,.024416201,.0049298406,1995,.22166526,.13892168,-.94979352,-.68329579,-.64381796,-.75896907
a6264,Netherland v. Tuggle,1,325,267,515 U.S. 951,1,5,4,.39962763,.36905134,.18798983,.025975347,1995,.36197537,.30390388,-.94214302,.70601106,.43896341,.06761048
a6268,Libretti v. United States,1,6872,1136,516 U.S. 29,1,8,1,1.5128906,.2606487,.12335956,.015736699,1995,.35479003,.22577274,-.1069453,-.1195371,.38351375,.052343782
a6269,Field v. Mans,1,6109,1550,516 U.S. 59,8,7,2,1.1387544,.28149971,.07537055,.011025906,1995,.24837697,.21648836,-.38763162,.039255321,-.43768218,-.26201949
a6270,Thompson v. Keohane,1,5236,1949,516 U.S. 99,1,7,2,1.8426995,.19926214,.047758799,.0067719221,1995,.22593957,.16167796,.14048563,-.58703089,-.61083287,-.35245937
a6272,Lawrence ex rel. Lawrence v. Chater,1,3832,5253,516 U.S. 163,9,7,2,1.5333543,.25389731,.048368499,.0057768822,1996,.33701462,.25188118,-.091592915,-.1709528,.2463398,-.0054019713
a6273,Commissioner v. Lundy,1,5778,193,516 U.S. 235,12,7,2,2.1103635,.34111139,.19123501,.03595233,1996,.40139419,.3830626,.34129381,.49323237,.74316078,.52589566
a6273,Commissioner v. Lundy,2,5778,3616,516 U.S. 235,12,7,2,.69114214,.131708,.033062462,.0048843026,1996,.18422359,.13933176,-.72344154,-1.1014943,-.93275756,-.91923112
a6275,Attwood v. Singletary,1,250,113,516 U.S. 297,2,8,1,1.3654324,.4987469,.42860749,.069744468,1996,.44617599,.70340919,-.21757212,1.693717,1.0887446,.85496318
a6276,Behrens v. Pelletier,1,4281,3246,516 U.S. 299,9,7,2,1.4418911,.28917521,.057307102,.010673404,1996,.39388007,.24258053,-.16021091,.097708635,.68517387,.2075572
a6278,Peacock v. Thomas,1,2868,734,516 U.S. 349,8,8,1,1.0276707,.281903,.1235439,.011734664,1996,.37330782,.30569196,-.47096935,.04232657,.52641666,.032591294
a6279,Jones v. ABC-TV,1,333,52,516 U.S. 363,2,7,1,6.9883752,.4442108,.4848561,.12706363,1996,.58985233,.77328944,4.0009003,1.2783934,2.1975033,2.4922657
a628,Crumady v. The Joachim Hendrik Fisser,1,1661,1262,358 U.S. 423,8,6,3,.86654001,.23888475,.0859375,.014504433,1959,.26735771,.24979985,-.59185368,-.28528205,-.29120669,-.38944748
a6281,"Hercules, Inc. v. United States",1,4029,3494,516 U.S. 417,8,6,2,2.1462176,.1660509,.04635274,.0069330335,1996,.27803057,.14321804,.36819246,-.83995354,-.20884353,-.2268682
a6282,Bennis v. Michigan,1,3584,5094,516 U.S. 442,4,5,4,.93508118,.1937148,.048229929,.0064488053,1996,.29708147,.18448681,-.54043233,-.62927705,-.061826643,-.410512
a6282,Bennis v. Michigan,2,3584,511,516 U.S. 442,4,5,4,1.0504063,.34157395,.1162851,.014630139,1996,.3906951,.32125348,-.45391256,.49675506,.66059524,.23447925
a6283,Varity Corp. v. Howe,1,7424,8328,516 U.S. 489,8,6,3,.99643213,.1270296,.038528141,.0048389435,1996,.18963784,.10356694,-.49440536,-1.1371231,-.89097548,-.84083462
a6286,Seminole Tribe of Florida v. Florida,1,10302,7971,517 U.S. 44,10,5,4,1.9717245,.3007299,.0575235,.0075625181,1996,.32016557,.86273444,.23728339,.1857042,.11631475,.17976744
a6286,Seminole Tribe of Florida v. Florida,2,10302,30739,517 U.S. 44,10,5,4,1.2560971,.35775819,.086294048,.011306882,1996,.30090576,.0012851357,-.29959822,.62000734,-.032314342,.096031591
a6287,Morse v. Republican Party of Virginia,1,16864,2344,517 U.S. 186,2,5,4,1.9197147,.40864277,.082906537,.011847734,1996,.43078768,.90669364,.19826433,1.0075225,.9699921,.72525966
a6287,Morse v. Republican Party of Virginia,2,16864,1754,517 U.S. 186,2,5,4,.89241725,.26153684,.057270199,.008223176,1996,.33567595,.9018352,-.57243991,-.11277342,.23600927,-.14973469
a6287,Morse v. Republican Party of Virginia,3,16864,13829,517 U.S. 186,2,5,4,.42962214,.1035574,.0264301,.0028463602,1996,.15443581,.00037920475,-.91964036,-1.3158773,-1.1626316,-1.1327164
a6289,Shieh v. Kakita,1,250,67,517 U.S. 343,2,8,1,7.4433432,.37886035,.48349535,.15429461,1996,.61465663,.79620981,4.3422284,.78071237,2.3889196,2.5039535
a629,"Railway Express Agency, Inc. v. Virginia",1,3255,434,358 U.S. 434,8,7,2,.38244864,.2531262,.15009356,.017592669,1959,.30510747,.23594099,-.9550311,-.1768252,.00011050456,-.37724859
a6290,Bowersox v. Williams,1,485,111,517 U.S. 345,1,6,3,1.6454113,.46943489,.21996534,.051104307,1996,.43464684,.38227981,-.0075249719,1.4704893,.9997735,.8209126
a6292,Carlisle v. United States,1,5920,6745,517 U.S. 416,1,7,2,.86114687,.1215681,.037423,.0037693977,1996,.1916796,.11597651,-.5958997,-1.1787155,-.87521911,-.88327807
a6293,United States v. Armstrong,1,4135,2500,517 U.S. 456,1,8,1,3.676775,.29675531,.1304342,.010602593,1996,.28352517,.20540041,1.5164549,.15543546,-.16644143,.50181633
a6295,"BMW of North America, Inc. v. Gore",1,8685,3063,517 U.S. 559,8,5,4,3.6764951,.30099297,.077567801,.014299452,1996,.31544107,.19917065,1.5162449,.1877076,.079855487,.59460264
a6295,"BMW of North America, Inc. v. Gore",2,8685,3856,517 U.S. 559,8,5,4,3.0218222,.3157846,.055965401,.0070533752,1996,.29561627,.14243752,1.025093,.30035439,-.073133685,.41743788
a6296,Romer v. Evans,1,4058,5971,517 U.S. 620,5,6,3,.81793225,.2382772,.060872201,.00745368,1996,.24043113,.12199837,-.6283204,-.28990889,-.49900067,-.47240999
a6297,Henderson v. United States,1,5904,2615,517 U.S. 654,9,6,3,.93503791,.16705847,.083728433,.01032567,1996,.23640633,.16572553,-.54046482,-.83228028,-.53006029,-.63426846
a6298,"Doctor's Associates, Inc. v. Casarotto",1,2042,52,517 U.S. 681,10,8,1,1.3014958,.4607034,.45018244,.064767659,1996,.52652228,.59460986,-.26553896,1.403994,1.7087816,.94907886
a6299,Ornelas v. United States,1,3061,1759,517 U.S. 690,1,8,1,1.0733042,.31581679,.065519102,.012998462,1996,.26432657,.2244764,-.43673402,.30059952,-.31459811,-.15024421
a63,"Aktiebolag v. First Quality Baby Prods., LLC",1,4967,3620,137 S. Ct. 954,8,7,1,1.8373548,.1730621,.052565701,.005284965,2017,.1852842,.11940825,.13647586,-.78655916,-.92457283,-.52488536
a630,Northwestern States Portland Cement Co. v. Minnesota,1,4458,2467,358 U.S. 450,8,6,3,.55739075,.2555984,.067106701,.0089517236,1959,.31181777,.22500646,-.82378519,-.15799804,.051894214,-.30996302
a630,Northwestern States Portland Cement Co. v. Minnesota,2,4458,6532,358 U.S. 450,8,6,3,.14024363,.16148061,.023036361,.0039753318,1959,.1555298,.1075303,-1.1367394,-.8747589,-1.1541892,-1.0552292
a6302,United States v. International Business Machines Corp.,1,6049,6147,517 U.S. 843,12,6,2,.50618523,.12615097,.0542555,.0043569207,1996,.17223525,.10814011,-.8622008,-1.1438143,-1.0252723,-1.0104291
a6304,Shaw v. Hunt,1,5685,10809,517 U.S. 899,2,5,4,.24373452,.14124215,.019376339,.0036644936,1996,.20142061,.93102348,-1.0590979,-1.0288863,-.80004716,-.96267712
a6304,Shaw v. Hunt,2,5685,29,517 U.S. 899,2,5,4,1.6651853,.6612193,.58484823,.19427413,1996,.76344723,.75827879,.007310037,2.9310374,3.5371454,2.1584976
a6305,Bush v. Vera,1,9442,13933,517 U.S. 952,2,5,4,.28539214,.073295601,.013492,.0020868778,1996,.14007634,.88891041,-1.0278454,-1.5463382,-1.2734445,-1.2825427
a6305,Bush v. Vera,2,9442,10820,517 U.S. 952,2,5,4,.96782422,.1720586,.061351661,.0077294707,1996,.31648004,.88635498,-.51586771,-.79420143,.087873273,-.40739861
a6306,Janklow v. Planned Parenthood,1,742,2257,517 U.S. 1174,,,,2.0994067,.31737345,.10009754,.0082579851,1996,.3139174,.18787456,.33307379,.3124544,.068097211,.23787513
a6307,Felker v. Turpin,1,259,99,517 U.S. 1182,,,,2.0457914,.4386678,.46000594,.10612261,1996,.40847313,.55714381,.29285023,1.2361803,.79778939,.77560663
a6309,Jaffee v. Redmond,1,5162,6024,518 U.S. 1,9,7,2,1.371845,.25197554,.049633261,.0092609525,1996,.23551273,.1357668,-.21276121,-.1855882,-.53695619,-.31176853
a6310,Montana v. Egelhoff,1,5890,3942,518 U.S. 37,4,5,4,.56022394,.16627425,.032877501,.0062801838,1996,.12433678,.073720515,-.82165962,-.83825254,-1.3949076,-1.0182732
a6310,Montana v. Egelhoff,2,5890,2069,518 U.S. 37,4,5,4,.87853688,.20390373,.074769139,.0052410364,1996,.17546964,.12728751,-.58285332,-.55168247,-1.0003123,-.71161604
a6310,Montana v. Egelhoff,3,5890,314,518 U.S. 37,4,5,4,3.8982642,.44249785,.1234267,.024357498,1996,.51262832,.33815157,1.6826216,1.2653483,1.6015611,1.5165104
a6313,Leavitt v. Jane L.,1,2919,683,518 U.S. 137,5,5,4,4.2375169,.50551969,.18212086,.022852242,1996,.47488534,.30636269,1.9371375,1.7452956,1.3102963,1.6642431
a6314,Gray v. Netherland,1,5245,140,518 U.S. 152,1,5,4,2.3718381,.38458663,.2381586,.038098276,1996,.49420696,.42353982,.5374586,.82432121,1.4594024,.9403941
a6314,Gray v. Netherland,2,5245,4866,518 U.S. 152,1,5,4,1.5553321,.19001925,.057686601,.0059093237,1996,.20371306,.12705117,-.075104631,-.65742081,-.7823562,-.50496054
a6315,Lane v. Pena,1,3640,4037,518 U.S. 187,8,7,2,.93579233,.23910549,.068774603,.0097403526,1996,.25016987,.15800476,-.53989881,-.28360096,-.42384622,-.415782
a6317,"Brown v. Pro Football, Inc.",1,5341,4692,518 U.S. 231,8,8,1,.55967194,.1972826,.0514482,.006542623,1996,.24198359,.16945142,-.82207376,-.60210621,-.48702022,-.63706672
a6319,Lewis v. United States,1,2312,854,518 U.S. 322,1,7,2,.5847221,.23697853,.10143936,.010365486,1996,.23147279,.27062392,-.80328053,-.29979897,-.5681327,-.55707073
a6320,Lewis v. Casey,1,6473,3709,518 U.S. 343,4,8,1,.3854709,.19133089,.0371866,.0051009655,1996,.28640223,.11537957,-.95276374,-.64743185,-.14423901,-.58147818
a6321,"Gasperini v. Center for Humanities, Inc.",1,7448,3255,518 U.S. 415,9,6,3,1.3217132,.2195498,.047706001,.0065982342,1996,.17815942,.15664715,-.25037134,-.4325287,-.97955513,-.55415171
a6321,"Gasperini v. Center for Humanities, Inc.",2,7448,7505,518 U.S. 415,9,6,3,1.5410379,.2125861,.040934201,.0070989132,1996,.19975048,.17266917,-.085828461,-.48556125,-.81293559,-.46144176
a6323,United States v. Virginia,1,12361,12250,518 U.S. 515,2,7,1,1.0655367,.1360141,.029831201,.0056355,1996,.2105478,.00084942579,-.44256133,-1.0687009,-.72961205,-.74695808
a6324,Colorado Republican Federal Campaign Committee v. Federal Election Commission,1,5646,626,518 U.S. 604,3,7,2,.70755458,.2290052,.090396643,.011126816,1996,.3687349,.28603631,-.71112853,-.36052042,.49112707,-.1935073
a6326,Board of County Commissioners v. Umbehr,1,4968,8625,518 U.S. 668,3,7,2,1.8638842,.24044269,.04315066,.0097962618,1996,.33235663,.21769261,.15637891,-.27341738,.21039386,.031118462
a6328,United States v. Winstar Corp.,1,23100,4435,518 U.S. 839,8,7,2,1.5526183,.23189557,.080157757,.0065121651,1996,.25604057,.94325757,-.077140592,-.33850867,-.37854168,-.2647303
a6329,Pennsylvania v. Labron,1,1006,3569,518 U.S. 938,1,7,2,1.8599378,.2541213,.10642016,.013355494,1996,.22732425,.24086881,.1534182,-.16924694,-.60014725,-.20532534
a633,Youngstown Sheet & Tube Co. v. Bowers,1,5123,8481,358 U.S. 534,8,6,2,.56649703,.094222702,.0348619,.0064923167,1959,.16198748,.11566681,-.81695342,-1.3869663,-1.1043549,-1.1027582
a6332,Ohio v. Robinette,1,1611,2987,519 U.S. 33,1,8,1,2.2010684,.17696047,.033903059,.0041691065,1996,.19211364,.13901508,.40934291,-.75687087,-.87186962,-.40646586
a6333,In re Gaydos,1,397,28,519 U.S. 59,2,8,1,4.9937673,.55560267,.64484996,.17515802,1996,.66003895,.79150331,2.5044954,2.1267064,2.7391376,2.4567797
a6334,O'Gilvie v. United States,1,4122,2532,519 U.S. 79,12,6,3,.5232178,.24472594,.035436749,.0078189969,1996,.28420055,.16171277,-.84942257,-.240798,-.16122948,-.41715002
a6335,M. L. B. v. S. L. J.,1,7640,45,519 U.S. 102,2,6,3,4.9116869,.55576217,.38991696,.093028247,1996,.563218,.61563212,2.4429166,2.1279209,1.9919647,2.1876006
a6335,M. L. B. v. S. L. J.,2,7640,5199,519 U.S. 102,2,6,3,.71418208,.1720154,.041067,.0072146654,1996,.18764877,.13459039,-.70615637,-.79453039,-.90632522,-.80233735
a6336,United States v. Watts,1,3078,3602,519 U.S. 148,1,7,2,1.1781322,.19331354,.040288199,.0076059103,1997,.26534426,.16902232,-.35808942,-.63233286,-.30674455,-.43238893
a6336,United States v. Watts,2,3078,362,519 U.S. 148,1,7,2,.97901505,.39144087,.19168781,.036679089,1997,.42401797,.35096389,-.5074721,.87652016,.91774976,.42893261
a6337,Old Chief v. United States,1,6464,3078,519 U.S. 172,1,5,4,1.0908622,.2048285,.048707251,.0094298124,1997,.17567569,.16044974,-.42356157,-.54463989,-.9987222,-.6556412
a6339,Babbitt v. Youpee,1,3035,515,519 U.S. 234,4,8,1,1.6638975,.3541643,.122851,.017833531,1997,.44161463,.28071386,.0063438835,.59263778,1.0535443,.55084199
a6341,General Motors Corp. v. Tracy,1,10381,642,519 U.S. 278,8,8,1,2.0199475,.28822297,.13335055,.019660234,1997,.28284752,.89370656,.27346152,.090456754,-.17167085,.064082474
a6344,Maryland v. Wilson,1,1843,2449,519 U.S. 408,1,7,2,.55789143,.2368345,.084331043,.0087763071,1997,.26409578,.23223293,-.82340956,-.30089587,-.31637913,-.48022819
a6344,Maryland v. Wilson,2,1843,601,519 U.S. 408,1,7,2,1.432681,.37521124,.17976449,.023948133,1997,.37392265,.36133111,-.16712056,.75292224,.53116125,.37232098
a6347,United States v. Wells,1,6170,5367,519 U.S. 482,1,8,1,2.9128921,.2747854,.065494001,.010862827,1997,.33632845,.16938245,.94337088,-.011878026,.2410446,.39084581
a635,United New York & New Jersey Sandy Hook Pilots Ass'n v. Halecki,1,1566,2000,358 U.S. 613,8,5,4,.77584583,.17320371,.082835302,.0046870708,1959,.1806075,.12321377,-.6598947,-.7854808,-.96066314,-.80201286
a6353,United States v. Gonzales,1,2923,836,520 U.S. 1,1,7,2,.43628028,.20462847,.085504651,.012412548,1997,.29090929,.22596139,-.91464525,-.5461632,-.10945772,-.52342206
a6353,United States v. Gonzales,2,2923,538,520 U.S. 1,1,7,2,.45547518,.3149271,.093609333,.011503458,1997,.36079192,.23946041,-.90024477,.29382402,.42983067,-.05886336
a6355,Commissioner v. Estate of Hubert,1,4648,5263,520 U.S. 93,12,7,2,.60620987,.12782276,.0329706,.0045886636,1997,.17453307,.089366794,-.78715986,-1.1310827,-1.0075399,-.97526079
a6355,Commissioner v. Estate of Hubert,2,4648,1271,520 U.S. 93,12,7,2,.45949316,.23856914,.045621399,.0083414316,1997,.24385417,.21132505,-.89723039,-.28768557,-.4725849,-.55250031
a6356,"Turner Broadcasting System, Inc. v. Federal Communications Commission",1,12562,9185,520 U.S. 180,3,5,4,.81060493,.073412299,.021348899,.0038210154,1997,.12647426,.92895436,-.63381755,-1.5454495,-1.3784126,-1.1858932
a6358,In re Vey,1,273,31,520 U.S. 303,2,8,1,6.3202233,.45041299,.70201451,.18733001,1997,.60298526,.84662706,3.4996359,1.3256266,2.298851,2.3747046
a6359,Chandler v. Miller,1,4840,1521,520 U.S. 305,5,8,1,1.0991513,.20697165,.042706128,.011030376,1997,.18408841,.13738716,-.41734287,-.52831858,-.93380076,-.62648737
a636,York v. O'Neill,1,2858,2183,359 U.S. 1,1,7,2,3.0307956,.31793001,.1060465,.0090540648,1959,.38123363,.25950217,1.0318249,.31669292,.58758056,.64536613
a6361,Timmons v. Twin Cities Area New Party,1,5632,4124,520 U.S. 351,2,6,3,.33929989,.11074525,.026228899,.0047812462,1997,.1606459,.10554403,-.98740238,-1.2611377,-1.1147079,-1.1210827
a6361,Timmons v. Twin Cities Area New Party,2,5632,745,520 U.S. 351,2,6,3,.73181987,.28815365,.13313705,.014784038,1997,.31016642,.26198155,-.69292408,.089928843,.039150678,-.18794818
a6362,Board of the County Commissioners of Bryan County v. Brown,1,5407,4908,520 U.S. 397,2,5,4,.69181341,.18035351,.0452745,.0077738762,1997,.1807735,.145271,-.72293794,-.73103094,-.95938212,-.80445033
a6362,Board of the County Commissioners of Bryan County v. Brown,2,5407,2357,520 U.S. 397,2,5,4,.99514228,.3063997,.10390246,.019685984,1997,.35457629,.27479261,-.49537301,.228883,.38186428,.03845809
a6364,Lambrix v. Singletary,1,6645,2282,520 U.S. 518,1,5,4,.23131952,.1311743,.04431707,.0034341812,1997,.33176649,.18962276,-1.0684119,-1.1055588,.20583968,-.65604365
a6364,Lambrix v. Singletary,2,6645,446,520 U.S. 518,1,5,4,3.7477827,.45082861,.2291491,.033944607,1997,.42083883,.31093562,1.5697267,1.3287919,.89321625,1.2639116
a6365,Harbor Tug & Barge Co. v. Papai,1,3579,1042,520 U.S. 548,8,6,3,1.8020905,.18250835,.061513539,.0066467524,1997,.25100416,.18592608,.11001974,-.71462059,-.41740796,-.3406696
a6366,"Camps Newfound/Owatonna, Inc. v. Town of Harrison",1,10243,4609,520 U.S. 564,8,5,4,.62175804,.1491264,.031165101,.0046154261,1997,.24647766,.82859385,-.77549523,-.96884328,-.4523392,-.73222589
a6366,"Camps Newfound/Owatonna, Inc. v. Town of Harrison",2,10243,11407,520 U.S. 564,8,5,4,2.2749476,.42070836,.13803506,.012483776,1997,.32416731,.0010784268,.46476898,1.0994089,.1471964,.57045805
a637,"United States v. Embassy Restaurant, Inc.",1,1867,1815,359 U.S. 29,8,6,3,.78415394,.19041289,.043933999,.0054039359,1959,.22803956,.14667761,-.65366173,-.65442294,-.59462714,-.63423729
a6371,United States v. LaBonte,1,3173,5711,520 U.S. 751,1,6,3,.45953518,.26847434,.058628,.00824821,1997,.24620706,.16975212,-.89719886,-.059940353,-.45442748,-.47052222
a6372,McMillian v. Monroe County,1,4803,2904,520 U.S. 781,2,5,4,.74236619,.1704438,.020563601,.0033791065,1997,.1653176,.077088535,-.68501198,-.806499,-1.0786562,-.85672241
a6373,De Buono v. NYSA-ILA Medical & Clinical Services Fund ex rel. Bowers,1,3145,1180,520 U.S. 806,10,7,2,1.5186068,.3188211,.089462899,.011556685,1997,.47099727,.30309623,-.10265686,.32347906,1.2802919,.5003714
a6374,Boggs v. Boggs,1,5921,6387,520 U.S. 833,10,5,4,.19412962,.1552601,.029985899,.0069475174,1997,.15879911,.088597298,-1.0963128,-.9221316,-1.1289598,-1.0491347
a6375,Saratoga Fishing Co. v. J. M. Martinac & Co.,1,2802,41,520 U.S. 875,8,6,3,5.2691426,.70939898,.6790514,.15988618,1997,.86617684,.83813894,2.7110889,3.2979534,4.329916,3.4463193
a6375,Saratoga Fishing Co. v. J. M. Martinac & Co.,2,2802,2362,520 U.S. 875,8,6,3,.97638172,.1855206,.055104598,.0069707632,1997,.19680226,.15701818,-.50944763,-.69168055,-.83568722,-.67893845
a6376,Lords Landing Village Condominium Council of Unit Owners v. Continental Insurance,1,1165,443,520 U.S. 893,9,7,2,1.5230867,.40724269,.1453874,.023241758,1997,.35585886,.31667471,-.099295937,.99686003,.39176196,.42977536
a6377,Vey v. Clinton,1,269,31,520 U.S. 937,2,7,1,4.2286539,.43823859,.57641333,.15313828,1997,.61891627,.79307157,1.9304882,1.2329116,2.4217916,1.8617305
a6378,Associates Commercial Corp. v. Rash,1,3601,581,520 U.S. 953,8,8,1,.87224042,.2385129,.10976315,.0082218647,1997,.23328066,.25100702,-.58757704,-.28811386,-.55418128,-.47662407
a6379,Mazurek v. Armstrong,1,2918,1605,520 U.S. 968,5,6,3,.49359059,.25241673,.054648701,.0092561245,1997,.20716512,.1348533,-.87164962,-.18222825,-.75571638,-.60319811
a638,Brown v. United States,1,3863,3689,359 U.S. 41,1,5,4,.88003838,.24291974,.051960949,.0096765757,1959,.24389029,.18476045,-.58172685,-.25455323,-.47230616,-.4361954
a6383,Abrams v. Johnson,1,7717,5373,521 U.S. 74,2,5,4,.80399531,.15625741,.02923465,.0082728863,1997,.21960956,.11701494,-.63877624,-.91453654,-.65968198,-.73766494
a6384,Metropolitan Stevedore Co. v. Rambo,1,6254,2958,521 U.S. 121,8,6,3,1.3259982,.088319398,.0524901,.0060224533,1997,.16708124,.12147003,-.24715665,-1.4319234,-1.0650461,-.91470873
a6385,O'Dell v. Netherland,1,4872,3749,521 U.S. 151,1,5,4,.61724645,.1158369,.028259041,.0051802397,1997,.23532498,.15223169,-.77887994,-1.2223618,-.53840512,-.84654897
a6387,Agostini v. Felton,1,10344,4797,521 U.S. 203,3,5,4,.96121228,.1489574,.038981799,.0068953037,1997,.24946183,.88263202,-.52082813,-.97013026,-.42931023,-.64008951
a6387,Agostini v. Felton,2,10344,1799,521 U.S. 203,3,5,4,1.5318094,.31065589,.14889421,.016212821,1997,.42724156,.88409168,-.092751883,.2612963,.94262648,.3703903
a6388,Idaho v. Coeur d'Alene Tribe,1,8138,8732,521 U.S. 261,10,5,4,.9728992,.13557731,.032225698,.0066037178,1997,.17827517,.11830151,-.51206034,-1.0720273,-.97866189,-.85424984
a6389,Lindh v. Murphy,1,5111,2913,521 U.S. 320,1,5,4,1.1180047,.1831495,.04970235,.0080685616,1997,.28257823,.16439003,-.40319857,-.70973784,-.173749,-.42889515
a639,Securities & Exchange Commission v. Variable Annuity Life Insurance,1,2291,2289,359 U.S. 65,8,5,4,1.2661278,.29097211,.13986801,.013348043,1959,.22256428,.17863667,-.29207289,.11139307,-.63688022,-.27252001
a6390,Kansas v. Hendricks,1,6832,7498,521 U.S. 346,4,5,4,1.133283,.1009145,.02866143,.0075391531,1997,.1927191,.11203724,-.39173639,-1.3360045,-.86719722,-.86497939
a6391,Richardson v. McKnight,1,3986,3022,521 U.S. 399,2,5,4,.94879699,.22347564,.048688699,.0076851845,1997,.21240437,.14011538,-.53014243,-.40263125,-.71528482,-.54935282
a6393,Glickman v. Wileman Bros.,1,5601,9075,521 U.S. 457,3,5,4,.70179683,.13278085,.039108299,.0049182177,1997,.21974087,.12201226,-.71544814,-1.0933239,-.65866864,-.82248026
a6393,Glickman v. Wileman Bros.,2,5601,846,521 U.S. 457,3,5,4,2.8197889,.4116832,.13778339,.025401413,1997,.41523039,.24393749,.87352252,1.0306771,.84993559,.91804504
a6394,City of Boerne v. Flores,1,7960,6396,521 U.S. 507,3,6,3,3.3101935,.3419266,.1552358,.010675013,1997,.29537815,.26160735,1.2414364,.4994407,-.074971274,.5553019
a6394,City of Boerne v. Flores,2,7960,278,521 U.S. 507,3,6,3,5.9774852,.60256982,.2670401,.03555429,1997,.48919636,.40639728,3.2425053,2.4843879,1.4207354,2.3825428
a6394,City of Boerne v. Flores,3,7960,121,521 U.S. 507,3,6,3,5.5858445,.70772362,.37283164,.076814294,1997,.62077403,.55936015,2.9486866,3.2851944,2.4361279,2.890003
a6395,Lawyer v. Department of Justice,1,4770,2371,521 U.S. 567,2,5,4,.79848254,.16387665,.04749674,.0065706372,1997,.33831704,.16560197,-.64291209,-.85651165,.25639066,-.41434437
a640,Bartkus v. Illinois,1,5829,5366,359 U.S. 121,1,5,4,1.2495222,.34329081,.082721502,.0060236454,1959,.24232447,.15512681,-.30453083,.50982988,-.48438963,-.093030192
a640,Bartkus v. Illinois,2,5829,1774,359 U.S. 121,1,5,4,4.4037628,.38385445,.11343896,.021061897,1959,.37028199,.2682389,2.0618594,.81874526,.50306612,1.1278902
a6400,Raines v. Byrd,1,5709,1264,521 U.S. 811,9,7,2,.78593653,.16798675,.0771093,.0076369643,1997,.25344026,.15153468,-.65232438,-.82521087,-.39860845,-.62538123
a6400,Raines v. Byrd,2,5709,1583,521 U.S. 811,9,7,2,3.384618,.2473833,.1061349,.012545586,1997,.34792638,.21512073,1.2972715,-.22056073,.33054653,.46908575
a6402,Printz v. United States,1,11973,11266,521 U.S. 898,10,5,4,.69327343,.12470853,.0204976,.0023677945,1997,.16923386,.00064861774,-.72184259,-1.1547993,-1.0484343,-.97502542
a6402,Printz v. United States,2,11973,2168,521 U.S. 898,10,5,4,1.4139025,.21573806,.096047901,.0082302094,1997,.34120554,.93137705,-.18120861,-.46155733,.2786814,-.12136152
a6402,Printz v. United States,3,11973,751,521 U.S. 898,10,5,4,2.042156,.40896213,.12402797,.014490426,1997,.35087347,.85330206,.29012284,1.0099546,.3532894,.55112225
a6403,Pounders v. Watson,1,2718,731,521 U.S. 982,1,7,2,1.4164714,.25768641,.1051576,.010905623,1997,.3307656,.28756678,-.1792814,-.14209665,.19811581,-.041087415
a6404,Brown v. Williams,1,303,28,522 U.S. 1,2,8,1,6.9026999,.50615281,.62986928,.15536034,1997,.60924041,.87869966,3.9366245,1.7501173,2.3471224,2.6779547
a6405,City of Monroe v. United States,1,1498,1362,522 U.S. 34,2,7,2,.73804754,.18567085,.0623166,.0070601702,1997,.17094952,.15652895,-.68825191,-.69053632,-1.0351944,-.80466086
a6405,City of Monroe v. United States,2,1498,1938,522 U.S. 34,2,7,2,.46808985,.1618119,.064691499,.0071569681,1997,.18306905,.14427966,-.89078093,-.87223589,-.9416672,-.90156132
a6406,Jefferson v. City of Tarrant,1,2299,836,522 U.S. 75,9,8,1,1.3315487,.32488221,.1045758,.014430821,1997,.36594903,.2506333,-.24299252,.36963788,.46962842,.19875793
a641,"Monrosa v. Carbon Black Export, Inc.",1,1218,580,359 U.S. 180,8,5,4,1.019682,.31412229,.13914996,.022618175,1959,.37591064,.27252048,-.47696266,.2876949,.54650271,.11907832
a6410,City of Chicago v. International College of Surgeons,1,5074,5370,522 U.S. 156,9,7,2,.80011505,.2149144,.041115802,.0061889887,1997,.31112295,.1704607,-.64168733,-.46783,.046532314,-.35432833
a6412,Rogers v. United States,1,2065,503,522 U.S. 252,9,6,3,1.3331565,.24604949,.1262681,.022360563,1998,.27707267,.20077711,-.24178632,-.2307184,-.21623576,-.22958016
a6413,Buchanan v. Angelone,1,2910,2016,522 U.S. 269,1,6,3,.27010244,.2473567,.040945601,.0058005452,1998,.32656938,.21883982,-1.0393161,-.2207633,.16573328,-.36478204
a6414,Lunding v. New York Tax Appeals Tribunal,1,8136,4348,522 U.S. 287,8,6,3,.29207617,.1373492,.025964741,.003450036,1998,.14869046,.10162479,-1.0228308,-1.0585333,-1.2069688,-1.0961109
a6416,Brogan v. United States,1,3047,884,522 U.S. 398,1,7,2,3.3995953,.28240189,.119323,.011369288,1998,.36971527,.24196208,1.3085078,.046125907,.49869269,.61777544
a6417,"Oubre v. Entergy Operations, Inc.",1,2152,275,522 U.S. 422,2,6,3,2.4011784,.4230305,.21688706,.022292793,1998,.36205983,.35522127,.55947042,1.1170932,.43961522,.70539296
a6417,"Oubre v. Entergy Operations, Inc.",2,2152,2090,522 U.S. 422,2,6,3,2.5439882,.27295309,.13208459,.017708898,1998,.26033032,.17714357,.66660994,-.025832087,-.34543744,.098446809
a6418,Arteaga v. United States Court of Appeals for the Ninth Circuit,1,267,31,522 U.S. 446,2,8,1,6.5333228,.46975917,.60095304,.17606926,1998,.59082079,.80329078,3.6595085,1.4729588,2.204977,2.4458148
a6419,Regions Hospital v. Shalala,1,3925,1670,522 U.S. 448,9,6,3,.59560901,.17689073,.051341198,.004950881,1998,.19488519,.1466881,-.79511285,-.757402,-.85048133,-.80099875
a642,Abbate v. United States,1,4602,980,359 U.S. 187,1,6,3,1.2704238,.3557955,.11422485,.0074629784,1959,.28948545,.20798695,-.28884995,.60506028,-.12044554,.065254927
a6420,National Credit Union Administration v. First National Bank & Trust Co.,1,6691,5017,522 U.S. 479,8,5,4,.36997318,.12302876,.041479349,.0041738749,1998,.14766961,.14425415,-.96439052,-1.1675917,-1.2148467,-1.1156096
a6421,Spencer v. Kemna,1,5577,1052,523 U.S. 1,9,8,1,2.7558663,.29124784,.090478301,.0073006153,1998,.25688869,.18918955,.82556617,.11349292,-.37199673,.18902078
a6425,Lewis v. United States,1,4983,1214,523 U.S. 155,1,8,1,3.110795,.26912719,.1196153,.012987792,1998,.33158779,.27951241,1.0918425,-.054968528,.20446068,.41377822
a6426,Gray v. Maryland,1,3499,2014,523 U.S. 185,1,5,4,.12388405,.1435118,.055512961,.0066895485,1998,.26452178,.14171314,-1.1490127,-1.0116017,-.31309173,-.82456869
a6427,Glendora v. Porzio,1,332,31,523 U.S. 206,2,8,1,5.0090761,.44558144,.58525378,.17285156,1998,.6263001,.79800344,2.5159805,1.2888316,2.4787729,2.0945282
a6428,Almendarez-Torres v. United States,1,7223,8117,523 U.S. 224,1,5,4,.50473833,.1272663,.031795301,.0039505959,1998,.11890304,.11212003,-.86328632,-1.1353204,-1.4368401,-1.145149
a6430,United States v. Scheffer,1,4224,6719,523 U.S. 303,1,8,1,.42204815,.1397859,.035099301,.0041280985,1998,.14665973,.088062108,-.92532259,-1.0399765,-1.22264,-1.0626464
a6432,Breard v. Greene,1,2256,232,523 U.S. 371,1,6,3,2.8993061,.53889132,.2639375,.031556129,1998,.58889014,.4084667,.93317825,1.9994397,2.190078,1.7075653
a6432,Breard v. Greene,2,2256,37,523 U.S. 371,1,6,3,2.6295726,.61085594,.41370249,.077083647,1998,.65648007,.52301693,.7308175,2.5474916,2.7116735,1.9966608
a6432,Breard v. Greene,3,2256,348,523 U.S. 371,1,6,3,2.7789032,.3964766,.3827062,.022823572,1998,.37621176,.32269889,.84284908,.91487008,.54882652,.76884854
a6434,Miller v. Albright,1,7667,3861,523 U.S. 420,2,6,3,.54699087,.20971733,.099265903,.0089588165,1998,.27718633,.18951702,-.83158743,-.50740862,-.21535859,-.5181182
a6434,Miller v. Albright,2,7667,6239,523 U.S. 420,2,6,3,.53507245,.1650914,.048155501,.007122457,1998,.21346229,.12142473,-.84052891,-.84726065,-.70712078,-.79830343
a6437,Calderon v. Thompson,1,8096,2493,523 U.S. 538,1,5,4,3.3051312,.25124615,.12371004,.016024172,1998,.26282829,.16837454,1.2376385,-.19114286,-.32616046,.24011172
a6438,Crawford-El v. Britton,1,7803,3139,523 U.S. 574,2,5,4,2.2099679,.21366227,.0604272,.0064175129,1998,.25641876,.14178723,.4160195,-.47736567,-.37562314,-.14565644
a6438,Crawford-El v. Britton,2,7803,624,523 U.S. 574,2,5,4,4.2737083,.46989679,.12100726,.014800429,1998,.41714883,.29755723,1.9642892,1.4740069,.86474025,1.4343455
a6439,Bousley v. United States,1,2936,2311,523 U.S. 614,1,7,2,1.7265353,.27993315,.057709198,.011779666,1998,.2508074,.21047336,.053336333,.027325077,-.41892633,-.11275497
a644,United States v. Shirey,1,2582,2409,359 U.S. 255,8,5,4,2.3392761,.27275291,.060222499,.0061516762,1959,.23769736,.19931489,.51302975,-.027356589,-.52009732,-.011474716
a6440,Stewart v. Martinez-Villareal,1,2094,724,523 U.S. 637,1,7,2,.84882772,.57726532,.21631545,.043483496,1998,.35986209,.30045366,-.60514188,2.2916799,.42265511,.70306438
a6440,Stewart v. Martinez-Villareal,2,2094,1575,523 U.S. 637,1,7,2,.671933,.19123477,.063373901,.0092656612,1998,.20475572,.18040878,-.73785269,-.64816391,-.77430987,-.72010881
a6442,Arkansas Educational Television Commission v. Forbes,1,4511,3899,523 U.S. 666,3,6,3,.70291728,.18452901,.043942198,.004118979,1998,.2168532,.13518518,-.71460754,-.69923216,-.68095291,-.69826418
a6445,"Kiowa Tribe of Oklahoma v. Manufacturing Technologies, Inc.",1,2260,1964,523 U.S. 751,2,6,3,.76420236,.28202766,.0306294,.0045425892,1998,.23130518,.16257137,-.66862994,.043275949,-.56942612,-.39826003
a6446,New Jersey v. New York,1,15112,5407,523 U.S. 767,11,6,3,.29507104,.1461917,.054359298,.0064910054,1998,.25557154,.83357483,-1.020584,-.99119264,-.3821612,-.7979793
a6446,New Jersey v. New York,2,15112,1055,523 U.S. 767,11,6,3,.85200793,.17627877,.095621303,.0069868565,1998,.2466985,.90786201,-.60275596,-.76206243,-.45063502,-.60515112
a6448,Air Line Pilots Ass'n v. Miller,1,3718,1803,523 U.S. 866,7,7,2,1.6013539,.24795556,.051676031,.0071719885,1998,.28046095,.19861823,-.040577911,-.2162026,-.19008815,-.14895622
a645,Petty v. Tennessee-Missouri Bridge Commission,1,2415,2141,359 U.S. 275,8,6,3,1.1701018,.22418401,.043629501,.0043160319,1959,.22026712,.15926927,-.36411405,-.39723662,-.65460753,-.47198606
a6450,Federal Election Commission v. Akins,1,5086,2376,524 U.S. 11,9,6,3,1.5566899,.28103554,.1351323,.009167254,1998,.39050007,.24942482,-.074085981,.035720393,.65909022,.20690821
a6452,Hopkins v. Reeves,1,3659,555,524 U.S. 88,1,8,1,.50834948,.293724,.097952537,.01425004,1998,.21124166,.19745409,-.86057717,.13235027,-.72425753,-.48416147
a6453,Muscarello v. United States,1,4381,4064,524 U.S. 125,1,5,4,.51884669,.1975915,.032163259,.0036648512,1998,.21625203,.13785785,-.8527019,-.5997538,-.68559223,-.71268266
a6454,Phillips v. Washington Legal Foundation,1,4623,2442,524 U.S. 156,4,5,4,2.1856155,.2731576,.0989132,.017603874,1998,.32740903,.16668773,.39774978,-.024274677,.17221291,.181896
a6454,Phillips v. Washington Legal Foundation,2,4623,1359,524 U.S. 156,4,5,4,2.0273733,.28469694,.12079704,.016509891,1998,.22287595,.15958297,.27903253,.063604005,-.63447499,-.097279489
a6455,Bryan v. United States,1,5350,1903,524 U.S. 184,1,6,3,1.7220426,.18798091,.063218951,.010868013,1998,.24468708,.15181613,.04996575,-.67294395,-.46615723,-.36304516
a6456,"American Telephone & Telegraph Co. v. Central Office Telephone, Inc.",1,4014,1341,524 U.S. 214,10,7,1,2.2667515,.1954522,.093633533,.0091674328,1998,.29798102,.20328325,.45862004,-.61604577,-.054884735,-.070770159
a6457,Hohn v. United States,1,4992,4001,524 U.S. 236,1,5,4,1.1789739,.3708353,.065618098,.010103762,1998,.32411176,.21908635,-.35745794,.71959698,.14676769,.16963558
a6458,Gebser v. Lago Vista Independent School District,1,5156,4947,524 U.S. 274,2,5,4,.38461006,.12334347,.02586174,.0035589933,1998,.13642907,.085217357,-.95340955,-1.165195,-1.3015907,-1.1400651
a6458,Gebser v. Lago Vista Independent School District,2,5156,291,524 U.S. 274,2,5,4,1.2441932,.37426317,.11467624,.015130222,1998,.37799007,.40144032,-.30852878,.74570215,.56254977,.33324105
a6459,Caron v. United States,1,2293,962,524 U.S. 308,1,6,3,1.6615856,.25067151,.063891202,.012163281,1998,.2545324,.21882772,.0046094046,-.19551913,-.39018035,-.19369669
a6460,United States v. Bajakajian,1,7117,3969,524 U.S. 321,1,5,4,.5419268,.18873477,.049101099,.0089408159,1998,.23329538,.13867015,-.83538663,-.66720283,-.55406767,-.68555236
a6461,Pennsylvania Board of Probation & Parole v. Scott,1,3238,153,524 U.S. 357,1,5,4,1.076025,.43847069,.15008694,.046179891,1998,.4021799,.3214125,-.43469277,1.2346792,.74922413,.51640356
a6461,Pennsylvania Board of Probation & Parole v. Scott,2,3238,3682,524 U.S. 357,1,5,4,.24964204,.2109988,.036959048,.0070490837,1998,.14700621,.13353765,-1.0546659,-.49764946,-1.2199663,-.9240939
a6463,Swidler & Berlin v. United States,1,3247,1779,524 U.S. 399,1,6,3,.57604432,.1620775,.038442701,.0065808892,1998,.26953942,.22154921,-.80979079,-.87021321,-.27437031,-.65145808
a6464,Clinton v. City of New York,1,10351,8921,524 U.S. 417,13,6,3,3.2852583,.22970843,.079000898,.0070883632,1998,.35011971,.88059384,1.2227293,-.35516495,.34747258,.40501231
a6465,Eastern Enterprises v. Apfel,1,10953,1185,524 U.S. 498,4,5,4,.46961895,.222372,.092141867,.012992382,1998,.28296393,.92257959,-.88963377,-.4110361,-.17077252,-.49048081
a6465,Eastern Enterprises v. Apfel,2,10953,4616,524 U.S. 498,4,5,4,.43876931,.13545036,.02723974,.0049484372,1998,.18920827,.93025792,-.91277796,-1.0729941,-.89429051,-.96002084
a6466,National Endowment for the Arts v. Finley,1,5458,7581,524 U.S. 569,3,8,1,1.3730209,.12983346,.040508751,.0061262846,1998,.19606251,.099056005,-.21187903,-1.11577,-.84139597,-.72301501
a6468,United States v. Balsys,1,10729,295,524 U.S. 666,1,7,2,1.4419205,.4864136,.1285145,.016959906,1998,.34437299,.83629131,-.16018881,1.5997919,.30312479,.58090931
a6468,United States v. Balsys,2,10729,5722,524 U.S. 666,1,7,2,.41194412,.1047216,.027035531,.0037406087,1998,.11780709,.83621788,-.93290287,-1.3070112,-1.4452976,-1.2284039
a6469,Monge v. California,1,3417,996,524 U.S. 721,1,5,4,1.051928,.28460723,.1054123,.010051847,1998,.30161488,.29341602,-.45277092,.062920853,-.026842048,-.13889737
a6469,Monge v. California,2,3417,1546,524 U.S. 721,1,5,4,1.3620511,.31348851,.074283361,.0088083744,1998,.29692656,.22740316,-.22010882,.28286836,-.063022107,-.000087524451
a647,Felter v. Southern Pacific Co.,1,3919,642,359 U.S. 326,7,6,3,2.5820122,.36477923,.12990931,.015672386,1959,.46785623,.30652237,.69513649,.67347658,1.2560523,.87488842
a6470,"Burlington Industries, Inc. v. Ellerth",1,6287,2630,524 U.S. 742,2,7,2,.95523566,.12852371,.041075401,.0040640235,1998,.22027117,.16288126,-.52531195,-1.1257446,-.65457624,-.76854426
a6471,Faragher v. City of Boca Raton,1,10067,478,524 U.S. 775,2,7,2,1.3427204,.2087232,.13481724,.019247293,1998,.3497619,.98247403,-.23461123,-.51497948,.34471136,-.13495979
a6473,Minnesota v. Carter,1,2158,2097,525 U.S. 83,1,6,3,.98371023,.2320459,.07827276,.013494432,1998,.40129799,.26600325,-.50394964,-.33736375,.74241835,-.032965016
a6474,Calderon v. Coleman,1,1840,1796,525 U.S. 141,1,5,4,.5170626,.2159218,.057680849,.0075087547,1998,.2581014,.16827291,-.85404032,-.46015799,-.36263812,-.55894548
a6475,In re Kennedy,1,274,31,525 U.S. 153,2,8,1,7.0499673,.51872712,.51409042,.17452389,1999,.62185955,.83160317,4.0471082,1.8458779,2.444505,2.7791636
a6476,"El Al Israel Airlines, Ltd. v. Tsui Yuan Tseng",1,5833,1727,525 U.S. 155,8,8,1,.40908399,.188546,.056892902,.0070831776,1999,.25939012,.21657866,-.93504858,-.66864043,-.35269305,-.65212739
a6477,"Buckley v. American Constitutional Law Foundation, Inc.",1,6732,2476,525 U.S. 182,3,6,3,2.2654705,.14304596,.066461198,.0081592202,1999,.22412694,.13144714,.45765898,-1.0151492,-.62482113,-.3941038
a6479,Lopez v. Monterey County,1,6071,2910,525 U.S. 266,2,8,1,1.0720685,.21158016,.059606969,.0075250864,1999,.1908282,.11784852,-.43766108,-.49322212,-.88178939,-.60422421
a648,Frank v. Maryland,1,4035,3438,359 U.S. 360,1,5,4,1.7314447,.17927191,.058192849,.0051716566,1959,.19016373,.14762437,.057019483,-.73926795,-.88691711,-.5230552
a6480,Department of Commerce v. United States House of Representatives,1,7929,2640,525 U.S. 316,13,6,3,1.1226956,.241869,.044534739,.00679636,1999,.252563,.13947803,-.39967936,-.26255524,-.40537831,-.35587096
a6480,Department of Commerce v. United States House of Representatives,2,7929,104,525 U.S. 316,13,6,3,1.8480252,.25477827,.37256384,.060904205,1999,.43876427,.42822397,.14448108,-.1642438,1.0315479,.33726174
a6482,Reno v. American-Arab Anti-Discrimination Committee,1,6510,3741,525 U.S. 471,2,8,1,.77580005,.15751681,.038713701,.0044824481,1999,.28827345,.14262319,-.65992904,-.90494549,-.12979862,-.56489104
a6488,Riggs v. California,1,865,50,525 U.S. 1114,,,,2.2674346,.46766999,.33915681,.068334043,1999,.398826,.41601861,.45913249,1.4570485,.72334194,.87984097
a649,Irvin v. Dowd,1,3979,1755,359 U.S. 394,9,5,4,2.8593316,.43828076,.10914254,.025586367,1959,.615821,.32740861,.90318847,1.2332327,2.3979051,1.5114421
a649,Irvin v. Dowd,2,3979,1793,359 U.S. 394,9,5,4,1.1366619,.29930979,.061039869,.013261676,1959,.36555904,.25297409,-.38920146,.17488925,.46661881,.084102198
a6491,Holloway v. United States,1,3561,3467,526 U.S. 1,1,7,2,1.5816689,.29877529,.075357556,.010041833,1999,.1711188,.13820714,-.055346113,.17081869,-1.033888,-.30613846
a6491,Holloway v. United States,2,3561,191,526 U.S. 1,1,7,2,5.0792537,.40813369,.18146014,.028744042,1999,.31662482,.25256079,2.5686295,1.0036455,.088990539,1.2204219
a6494,Cedar Rapids Community School District v. Garret F. ex rel. Charlene F.,1,3934,2128,526 U.S. 66,2,7,2,.9973495,.214573,.071306102,.0083079338,1999,.27326739,.21626329,-.4937171,-.47042996,-.24560131,-.40324944
a6495,"National Federation of Federal Employees, Local 1309 v. Department of the Interior",1,3966,3071,526 U.S. 86,7,5,4,.70933253,.1664173,.047279801,.0036462545,1999,.2787621,.1577062,-.70979464,-.83716315,-.20319828,-.58338535
a6496,Federal Republic of Germany v. United States,1,290,528,526 U.S. 111,9,7,2,1.1949556,.37298301,.20936155,.02328819,1999,.19801706,.20656097,-.34546807,.73595297,-.82631254,-.14527588
a6497,Stewart v. LaGrand,1,1563,49,526 U.S. 115,1,8,1,5.763628,.53697628,.44748986,.097678065,1999,.61419982,.58131832,3.0820642,1.9848557,2.3853943,2.4841046
a6498,Schwarz v. National Security Agency,1,322,31,526 U.S. 122,2,8,1,6.6598063,.45727956,.57179958,.16272092,1999,.64835507,.86468834,3.7543995,1.3779196,2.6489725,2.5937638
a6499,Central State University v. American Ass'n of University Professors,1,1223,1417,526 U.S. 124,7,8,1,1.1426508,.28261489,.040226638,.011018395,1999,.18257123,.16439092,-.3847084,.047748003,-.9455089,-.42748976
a650,Arroyo v. United States,1,3050,1815,359 U.S. 419,1,5,4,.58294296,.2238915,.069950797,.010897458,1959,.20514864,.11921751,-.80461526,-.39946422,-.77127773,-.65845239
a6500,Rivera v. Florida Department of Corrections,1,293,31,526 U.S. 135,2,8,1,7.0723629,.47200349,.59945142,.17073619,1999,.64058673,.83236831,4.06391,1.4900507,2.5890238,2.7143283
a6503,Minnesota v. Mille Lacs Band of Chippewa Indians,1,10715,4132,526 U.S. 172,2,5,4,.32155457,.13723224,.043686599,.0069921017,1999,.14332908,.89001763,-1.0007154,-1.059424,-1.2483429,-1.1028274
a6503,Minnesota v. Mille Lacs Band of Chippewa Indians,2,10715,1919,526 U.S. 172,2,5,4,.44134137,.2707454,.080885768,.0079413652,1999,.31879717,.89815348,-.91084832,-.042644959,.1057547,-.28257951
a6504,Jones v. United States,1,8050,6129,526 U.S. 227,1,5,4,1.9225795,.18839884,.040387869,.0044782162,1999,.15589821,.091987193,.2004136,-.66976112,-1.1513462,-.54023123
a6505,Lowe v. Pogue,1,294,31,526 U.S. 273,2,8,1,7.079586,.49851334,.56883538,.16345876,1999,.63061678,.87414491,4.0693288,1.6919383,2.512085,2.7577839
a6506,United States v. Rodriguez-Moreno,1,2068,1113,526 U.S. 275,9,7,2,2.1476777,.24971163,.086926043,.0096555352,1999,.14609444,.16193914,.36928785,-.20282911,-1.2270025,-.35351458
a6508,Wyoming v. Houghton,1,3292,1734,526 U.S. 295,1,6,3,.67287344,.14984703,.033248071,.0067266822,1999,.20825988,.14439505,-.73714715,-.96335524,-.74726808,-.81592351
a6509,Mitchell v. United States,1,4603,3620,526 U.S. 314,1,5,4,2.871666,.40342355,.089309931,.0094815493,1999,.27459949,.23605096,.91244197,.96777511,-.23532139,.54829854
a6509,Mitchell v. United States,2,4603,665,526 U.S. 314,1,5,4,4.3718624,.3979277,.22307074,.025624633,1999,.47203273,.44479144,2.0379269,.92592108,1.2882825,1.4173769
a651,Dick v. New York Life Insurance,1,3268,5008,359 U.S. 437,8,6,2,7.2772889,.68785661,.237955,.030132413,1959,.60485673,.46161914,4.2176504,3.1338959,2.3132932,3.2216132
a6510,"Murphy Bros. v. Michetti Pipe Stringing, Inc.",1,3212,153,526 U.S. 344,9,6,3,1.6900929,.38165319,.19230175,.041837096,1999,.41197264,.34979367,.025996333,.80198139,.82479531,.55092436
a6512,Bank of America National Trust & Savings Ass'n v. 203 North LaSalle Street Partnership,1,7383,2917,526 U.S. 434,8,8,1,.30828947,.078214496,.052868702,.0044761896,1999,.19929963,.096485794,-1.0106672,-1.508878,-.81641483,-1.1119866
a6513,Saenz v. Roe,1,6351,3317,526 U.S. 489,2,7,2,.75194633,.20911336,.049359899,.0056283474,1999,.24166435,.18439955,-.67782468,-.51200819,-.48948383,-.55977225
a6513,Saenz v. Roe,2,6351,2413,526 U.S. 489,2,7,2,4.0753179,.50539172,.22048545,.018685639,1999,.41061634,.3186959,1.8154517,1.7443211,.81432861,1.4580338
a6515,Florida v. White,1,1883,2266,526 U.S. 559,1,7,2,1.5077406,.29716709,.050376359,.0093473196,1999,.27882934,.1866762,-.11080892,.15857138,-.20267944,-.051638994
a6517,Davis ex rel. LaShonda D. v. Monroe County Board of Education,1,6856,10332,526 U.S. 629,2,5,4,.67693371,.1519638,.032412302,.0071795583,1999,.26958072,.15271962,-.73410106,-.94723481,-.27405155,-.6517958
a652,T. I. M. E. Inc. v. United States,1,5317,4389,359 U.S. 464,8,5,4,.30795094,.1380222,.03011084,.005789876,1959,.19280726,.1246317,-1.0109211,-1.0534081,-.86651689,-.97694874
a6521,Cross v. Pelican Bay State Prison,1,311,74,526 U.S. 811,2,8,1,7.4884176,.54716444,.47255886,.07857585,1999,.42983806,.64501095,4.3760448,2.0624442,.96266383,2.467051
a6522,Richardson v. United States,1,3187,4002,526 U.S. 813,1,6,3,.40270105,.1895209,.057373051,.0064752102,1999,.20425403,.11297572,-.93983728,-.66121602,-.77818149,-.79307824
a6523,O'Sullivan v. Boerckel,1,3019,4011,526 U.S. 838,1,6,3,.55420446,.16532874,.055380169,.0070716143,1999,.29039198,.16290128,-.82617557,-.84545314,-.11344982,-.5950262
a6523,O'Sullivan v. Boerckel,2,3019,687,526 U.S. 838,1,6,3,.66880357,.40550029,.1687825,.022019625,1999,.42350078,.2750839,-.74020046,.98359072,.91375858,.38571629
a6524,Amoco Production Co. v. Southern Ute Indian Tribe,1,4229,179,526 U.S. 865,8,7,1,2.4462194,.25296199,.28484577,.035405993,1999,.40364534,.32910734,.59326136,-.17807576,.76053298,.3919062
a6528,City of Chicago v. Morales,1,6938,8858,527 U.S. 41,4,6,3,.86002433,.15767765,.0538579,.0069737434,1999,.18322563,.094936788,-.59674186,-.90372056,-.94045889,-.81364042
a6528,City of Chicago v. Morales,2,6938,6033,527 U.S. 41,4,6,3,.65961844,.16893804,.04157484,.0067573786,1999,.15454245,.1034978,-.74709141,-.81796628,-1.1618087,-.90895545
a653,"Beacon Theatres, Inc. v. Westover",1,3602,2799,359 U.S. 500,1,5,3,.4432728,.15864134,.054946061,.0053057671,1959,.18167031,.11856163,-.90939933,-.89638156,-.95246142,-.9194141
a6530,Dickinson v. Zurko,1,5732,578,527 U.S. 150,9,6,3,1.8553149,.33857131,.195951,.04420048,1999,.27965349,.23928875,.14994995,.47388819,-.1963194,.14250624
a6533,West v. Gibson,1,2885,1675,527 U.S. 212,2,5,4,1.4263346,.35028401,.091245502,.0069203973,1999,.31100547,.22885096,-.17188174,.56308711,.045625709,.14561036
a6534,National Aeronautics & Space Administration v. Federal Labor Relations Authority,1,4910,5244,527 U.S. 229,7,5,4,.23029572,.13205194,.0381517,.003625989,1999,.13376087,.09037894,-1.06918,-1.098875,-1.3221813,-1.1634121
a6537,Jones v. United States,1,9816,6032,527 U.S. 373,1,5,4,.90485758,.1730447,.0460971,.0033465624,1999,.16702223,.10270315,-.56310683,-.78669173,-1.0655015,-.80510002
a6539,Maryland v. Dyson,1,875,104,527 U.S. 465,1,7,2,5.374011,.56467652,.29897159,.064716041,1999,.55000079,.54183263,2.7897639,2.1958089,1.8899666,2.2918465
a6540,Fertel-Rust v. Milwaukee County Mental Health Center,1,303,46,527 U.S. 469,2,8,1,7.1151466,.51510352,.52875024,.13769329,1999,.61034727,.80072421,4.0960073,1.818282,2.355664,2.7566512
a6541,"Sutton v. United Air Lines, Inc.",1,6071,6067,527 U.S. 471,2,7,2,.47177234,.1369337,.057683099,.0074765682,1999,.21389574,.1424703,-.88801825,-1.0616976,-.70377582,-.88449723
a6541,"Sutton v. United Air Lines, Inc.",2,6071,494,527 U.S. 471,2,7,2,1.2568926,.34418631,.1744087,.025296807,1999,.43256712,.38160646,-.29900143,.5166496,.98372412,.40045744
a6542,"Murphy v. United Parcel Service, Inc.",1,2138,157,527 U.S. 516,2,7,2,2.2688348,.30881894,.2233047,.030228972,1999,.37098569,.35090142,.46018299,.24730684,.50849658,.40532881
a6545,Olmstead v. L.C.,1,6719,3599,527 U.S. 581,2,6,3,2.3159583,.23629165,.0501903,.0093013048,1999,.30188054,.17488468,.49553618,-.30502999,-.02479195,.055238079
a6546,Florida Prepaid Postsecondary Education Expense Board v. College Savings Bank,1,6064,5998,527 U.S. 627,10,5,4,.6731807,.16283061,.029747959,.0040127635,1999,.16764414,.092981815,-.73691666,-.86447787,-1.0607021,-.88736552
a6547,College Savings Bank v. Florida Prepaid Postsecondary Education Expense Board,1,7706,665,527 U.S. 666,10,5,4,.98651409,.3448686,.098183699,.010840535,1999,.28333294,.20937556,-.50184608,.5218457,-.16792484,-.049308404
a6547,College Savings Bank v. Florida Prepaid Postsecondary Education Expense Board,2,7706,3802,527 U.S. 666,10,5,4,.93174279,.27791995,.035772439,.0047748089,1999,.28693581,.17398155,-.54293692,.011993357,-.14012133,-.22368829
a6548,Alden v. Maine,1,15724,20170,527 U.S. 706,10,5,4,.28475162,.13819313,.027455101,.0065457821,1999,.1680994,.0003579855,-1.0283259,-1.0521064,-1.0571889,-1.0458738
a6549,Ortiz v. Fibreboard Corp.,1,15553,6151,527 U.S. 815,9,7,2,1.0645627,.1437141,.031892661,.0061273575,1999,.19601309,.86921382,-.44329211,-1.010061,-.84177727,-.7650435
a6550,Whitfield v. Texas,1,295,46,527 U.S. 885,2,8,1,7.4306936,.48071826,.52204674,.15114206,1999,.60878682,.77727932,4.3327384,1.5564185,2.343622,2.7442596
a6553,Brancato v. Gunn,1,269,31,528 U.S. 1,2,8,1,6.8566537,.4257268,.57429892,.17139971,1999,.62784809,.8826685,3.9020793,1.1376271,2.4907188,2.5101418
a6554,Antonelli v. Caridine,1,320,31,528 U.S. 3,2,8,1,6.8618684,.45476174,.58160776,.16837746,1999,.62270951,.85748732,3.9059916,1.3587449,2.4510641,2.5719335
a6555,Judd v. United States District Court for the Western District of Texas,1,303,31,528 U.S. 5,2,8,1,6.8033266,.43022501,.55851805,.16917717,1999,.61143446,.85648036,3.8620722,1.1718836,2.364054,2.4660032
a6556,Dempsey v. Martin,1,306,31,528 U.S. 7,,,,6.9986882,.46837091,.55441809,.17134631,1999,.61142343,.86752331,4.0086374,1.4623865,2.3639688,2.6116643
a6557,Prunty v. Brooks,1,262,31,528 U.S. 9,2,8,1,6.9982643,.37183887,.60014391,.16893399,1999,.61538291,.86155003,4.0083194,.72723973,2.3945243,2.3766944
a6558,In re Bauer,1,311,31,528 U.S. 16,2,8,1,7.0994172,.3848747,.60087675,.17201662,1999,.62301052,.88654387,4.0842066,.82651502,2.453387,2.4547029
a6559,Los Angeles Police Department v. United Reporting Publishing Corp.,1,2445,1517,528 U.S. 32,3,7,2,2.3894303,.34977496,.07760787,.014503539,1999,.29094732,.18717694,.55065674,.55921036,-.10916426,.33356762
a656,In re Disbarment of Crow,1,179,516,359 U.S. 1007,,,,.91462672,.43161184,.32170063,.080707133,1959,.47715175,.40663904,-.55577779,1.182445,1.3277863,.65148455
a6563,"Friends of the Earth, Inc. v. Laidlaw Environmental Services (TOC), Inc.",1,7652,5988,528 U.S. 167,9,7,2,1.0440741,.14561236,.0292896,.0056216121,2000,.20527941,.14471138,-.45866317,-.99560469,-.77026856,-.74151212
a6564,Weeks v. Angelone,1,3604,3878,528 U.S. 225,1,5,4,.70263517,.1683162,.040345669,.0051742792,2000,.2658534,.15494877,-.71481919,-.82270193,-.30281547,-.61344552
a6565,Smith v. Robbins,1,8658,965,528 U.S. 259,2,5,4,.46227255,.21537679,.059412699,.007958889,2000,.31927228,.26786488,-.89514524,-.46430856,.10942114,-.41667756
a6565,Smith v. Robbins,2,8658,3869,528 U.S. 259,2,5,4,.26807848,.14594114,.0357382,.0073930621,2000,.19058526,.14519966,-1.0408344,-.99310082,-.88366419,-.97253317
a6567,Reno v. Bossier Parish School Board,1,6426,362,528 U.S. 320,2,5,4,1.1676332,.37173581,.26809031,.022516549,2000,.4493801,.32341158,-.36596602,.72645485,1.1134709,.49131992
a6567,Reno v. Bossier Parish School Board,2,6426,872,528 U.S. 320,2,5,4,.95618933,.44742113,.095965602,.015698552,2000,.40068364,.25598705,-.52459651,1.3028419,.73767745,.50530761
a6568,Nixon v. Shrink Missouri Government PAC,1,5240,1602,528 U.S. 377,3,6,3,1.5313671,.33809599,.14935315,.021810591,2000,.47190732,.31929511,-.093083777,.4702684,1.2873148,.55483311
a6568,Nixon v. Shrink Missouri Government PAC,2,5240,6858,528 U.S. 377,3,6,3,1.5105059,.16291679,.058971699,.0055112839,2000,.22914559,.16606176,-.10873433,-.86382151,-.58609188,-.51954925
a6570,Rice v. Cayetano,1,8246,7102,528 U.S. 495,2,7,2,1.3515643,.16223794,.0309685,.0033569932,2000,.16730803,.093836129,-.22797631,-.86899137,-1.063296,-.72008789
a6570,Rice v. Cayetano,2,8246,169,528 U.S. 495,2,7,2,1.8997248,.2918469,.2281083,.040859997,2000,.34974682,.34202194,.18326744,.11805508,.34459499,.21530584
a6575,"Shalala v. Illinois Council on Long Term Care, Inc.",1,7823,424,529 U.S. 1,9,5,4,1.2819136,.40147424,.1181133,.021810591,2000,.54161489,.33584368,-.28022999,.95293003,1.8252522,.83265072
a6575,"Shalala v. Illinois Council on Long Term Care, Inc.",2,7823,297,529 U.S. 1,9,5,4,2.8713226,.4826954,.26443404,.031360805,2000,.65572631,.51963711,.91218442,1.5714756,2.7058568,1.729839
a6575,"Shalala v. Illinois Council on Long Term Care, Inc.",3,7823,6581,529 U.S. 1,9,5,4,.65417415,.18007594,.041538902,.0061943531,2000,.25796676,.14397782,-.75117582,-.73314476,-.3636772,-.61599928
a6576,Portuondo v. Agard,1,4528,4151,529 U.S. 61,1,7,2,1.0517311,.10436726,.03388923,.0044995546,2000,.19855887,.13292944,-.45291868,-1.3097097,-.8221314,-.86158657
a6577,Food & Drug Administration v. Brown & Williamson Tobacco Corp.,1,11807,9585,529 U.S. 120,8,5,4,.73505485,.1193528,.0261152,.0066131353,2000,.18070829,.00042980909,-.6904971,-1.1955862,-.95988536,-.9486562
a6579,Garner v. Jones,1,3541,1951,529 U.S. 244,1,6,3,1.2403271,.24450934,.047872301,.010655344,2000,.20989734,.15379071,-.31142923,-.24244756,-.73463172,-.42950284
a658,Louisiana Power & Light Co. v. City of Thibodaux,1,1753,4251,360 U.S. 25,9,6,3,.99461025,.29731739,.050099999,.0052861571,1959,.26854098,.17871463,-.49577215,.15971595,-.28207532,-.20604384
a6581,City of Erie v. Pap's A. M.,1,6335,5526,529 U.S. 277,3,6,3,1.3004664,.14357114,.038560029,.0052363276,2000,.3063578,.16039485,-.26631123,-1.0111498,.0097593488,-.42256722
a6582,Bond v. United States,1,1220,1376,529 U.S. 334,1,7,2,1.659621,.28433669,.11835885,.01458323,2000,.18436629,.15220255,.0031355359,.060860492,-.93165636,-.28922012
a6583,Norfolk Southern Railway Co. v. Shanklin,1,3855,605,529 U.S. 344,10,7,2,1.2179629,.18279815,.098644853,.014157772,2000,.21534967,.21846336,-.32820743,-.71241361,-.69255573,-.57772559
a6588,Christensen v. Harris County,1,3434,1324,529 U.S. 576,7,6,3,.83659953,.1541035,.0496879,.0085780621,2000,.21188235,.20441461,-.61431575,-.93093979,-.71931326,-.75485629
a6588,Christensen v. Harris County,2,3434,431,529 U.S. 576,7,6,3,6.6670265,.62786478,.34454477,.049468637,2000,.63792217,.57214302,3.7598164,2.6770236,2.5684612,3.0017672
a6589,United States v. Morrison,1,8505,9542,529 U.S. 598,10,5,4,2.2287803,.35869145,.0553235,.0084974766,2000,.29542947,.16618049,.43013304,.62711459,-.074575238,.32755747
a6589,United States v. Morrison,2,8505,3414,529 U.S. 598,10,5,4,1.2762464,.31754065,.047453169,.0065146089,2000,.27942204,.17931324,-.28448164,.31372765,-.19810547,-.056286488
a659,Uphaus v. Wyman,1,2819,8547,360 U.S. 72,3,5,4,1.2569348,.1960112,.057645999,.0085198283,1959,.33304852,.19112122,-.29896975,-.61178863,.21573322,-.23167506
a6590,Fischer v. United States,1,3846,3592,529 U.S. 667,2,7,2,1.4844078,.1865354,.0476606,.0046582818,2000,.23164594,.13739139,-.12831381,-.68395227,-.56679648,-.45968753
a6591,Johnson v. United States,1,6039,4534,529 U.S. 694,1,8,1,.91445565,.14248705,.051772099,.0076325536,2000,.24529904,.16496402,-.55590612,-1.0194057,-.46143469,-.6789155
a6593,Ohler v. United States,1,1977,1654,529 U.S. 753,1,5,4,1.9366027,.1926575,.086472154,.016582131,2000,.19330263,.17312312,.21093415,-.63732898,-.86269408,-.42969632
a6594,Vermont Agency of Natural Resources v. United States ex rel. Stevens,1,7432,4685,529 U.S. 765,9,9,0,2.4236264,.2359257,.065885998,.0061023831,2000,.27874559,.11915982,.57631153,-.30781686,-.2033257,.021722987
a6595,"United States v. Playboy Entertainment Group, Inc.",1,7092,1550,529 U.S. 803,3,5,4,2.1864529,.3323864,.17123491,.010693848,2000,.41100723,.24369282,.39837798,.4267866,.81734514,.54750323
a6595,"United States v. Playboy Entertainment Group, Inc.",2,7092,4059,529 U.S. 803,3,5,4,.36501271,.089680903,.040494438,.0057186484,2000,.19315046,.10087967,-.96811199,-1.4215548,-.86386836,-1.0845118
a6597,Geier v. American Honda Motor Co.,1,6989,9106,529 U.S. 861,10,5,4,.34065455,.12709737,.021560131,.0028994679,2000,.15435648,.11406851,-.98638606,-1.1366069,-1.1632438,-1.0954123
a66,Nelson v. Colorado,1,6184,1821,137 S. Ct. 1249,4,7,1,2.2720771,.2250507,.081496097,.0071995854,2017,.20155013,.1443429,.4626154,-.39063621,-.79904765,-.24235615
a660,Barenblatt v. United States,1,7746,10718,360 U.S. 109,3,5,4,.85181767,.31704926,.054822441,.0071848631,1959,.26005453,.85495842,-.60289872,.30998552,-.34756574,-.21349297
a660,Barenblatt v. United States,2,7746,132,360 U.S. 109,3,5,4,1.6149993,.38789344,.27367511,.035076618,1959,.47296077,.48853481,-.030340783,.84950447,1.2954443,.70486933
a6602,Troxel v. Granville,1,5104,4015,530 U.S. 57,5,6,3,1.732856,.15512043,.05764854,.011014581,2000,.26318401,.14713806,.058078289,-.92319524,-.32341534,-.39617744
a6602,Troxel v. Granville,2,5104,726,530 U.S. 57,5,6,3,3.9375846,.47057676,.1820662,.030718327,2000,.43697,.43919843,1.7121209,1.4791853,1.0177014,1.4030025
a6602,Troxel v. Granville,3,5104,2960,530 U.S. 57,5,6,3,1.3440999,.18771841,.0609858,.0082657337,2000,.2078265,.14850062,-.2335763,-.67494303,-.75061256,-.55304396
a6603,Sims v. Apfel,1,2594,1440,530 U.S. 103,9,5,4,1.0844166,.26134664,.081257999,.006970644,2000,.38035822,.266303,-.42839718,-.11422189,.58082497,.012735303
a6605,Ramdass v. Angelone,1,6613,10372,530 U.S. 156,1,5,4,.84355032,.14869189,.051268801,.0091588497,2000,.15276349,.85166925,-.60910112,-.97215229,-1.175537,-.91893011
a6606,Carter v. United States,1,5479,5122,530 U.S. 255,1,5,4,.59055775,.18158364,.069216102,.0038120747,2000,.17944258,.12147307,-.79890245,-.72166276,-.96965289,-.8300727
a6607,Santa Fe Independent School District v. Doe,1,7914,2831,530 U.S. 290,3,6,3,.61070532,.1258316,.063379399,.0087159872,2000,.25605857,.14338809,-.78378725,-1.1462464,-.37840277,-.7694788
a6608,Miller v. French,1,6463,2858,530 U.S. 327,1,5,4,2.7455587,.21126455,.068879373,.010228932,2000,.2610122,.20635641,.81783319,-.49562564,-.34017536,-.0059892735
a6611,Dickerson v. United States,1,4493,6854,530 U.S. 428,1,7,2,1.118417,.23886999,.0216718,.0093131065,2000,.26794004,.14279145,-.40288922,-.2853944,-.28671274,-.3249988
a6612,Apprendi v. New Jersey,1,10771,10109,530 U.S. 466,1,5,4,.69014281,.16802543,.0403166,.0035598874,2000,.20373958,.87927723,-.72419125,-.8249163,-.78215152,-.77708638
a6612,Apprendi v. New Jersey,2,10771,3432,530 U.S. 466,1,5,4,2.3465931,.28981334,.11565447,.0096788406,2000,.31066877,.88316143,.51851922,.10256834,.043027323,.22137164
a6613,California Democratic Party v. Jones,1,5919,4798,530 U.S. 567,2,7,2,.53493679,.1138792,.0352748,.0032294989,2000,.2328921,.12979585,-.84063071,-1.2372708,-.55717981,-.87836045
a6614,"Mobil Oil Exploration & Producing Southeast, Inc. v. United States",1,5197,5086,530 U.S. 604,8,7,1,.7801581,.16535901,.048797201,.0045098662,2000,.21635914,.13266385,-.65665954,-.84522265,-.68476564,-.72888261
a6615,Boy Scouts of America v. Dale,1,5998,12903,530 U.S. 640,2,5,4,.67207748,.1105673,.048884001,.003828764,2000,.15095574,.90046984,-.73774433,-1.2624929,-1.1894876,-1.0632416
a6615,Boy Scouts of America v. Dale,2,5998,602,530 U.S. 640,2,5,4,1.115153,.29514545,.12526715,.016789317,2000,.25324017,.19458306,-.40533802,.14317544,-.40015256,-.22077172
a6616,Hill v. Colorado,1,9235,8249,530 U.S. 703,5,6,3,.75001907,.12681055,.03124005,.0050851107,2000,.14011943,.10428166,-.67927057,-1.1387912,-1.2731119,-1.0303912
a6616,Hill v. Colorado,2,9235,8918,530 U.S. 703,5,6,3,.78295898,.15968776,.0300643,.0049956441,2000,.18858403,.14098078,-.65455824,-.88841248,-.89910781,-.81402618
a6617,Mitchell v. Helms,1,12174,15792,530 U.S. 793,3,6,3,.52655083,.1096536,.0302874,.0032799244,2000,.17162174,.00046503544,-.84692204,-1.2694513,-1.0300068,-1.0487933
a6618,Stenberg v. Carhart,1,8148,85,530 U.S. 914,5,5,4,1.5361776,.63958764,.51539618,.097670078,2000,.64915121,.62579632,-.089474767,2.7663,2.6551163,1.7773138
a6618,Stenberg v. Carhart,2,8148,1312,530 U.S. 914,5,5,4,1.1426336,.28577435,.1875411,.0320701,2000,.34931827,.31153435,-.38472137,.071809128,.34128779,.0094585167
a6618,Stenberg v. Carhart,3,8148,7619,530 U.S. 914,5,5,4,.23957673,.1428299,.057054602,.0059478283,2000,.19510293,.10812235,-1.0622172,-1.0167947,-.84880108,-.97593766
a6618,Stenberg v. Carhart,4,8148,13746,530 U.S. 914,5,5,4,.23672132,.1058254,.03264457,.0029702187,2000,.12641788,.77798498,-1.0643594,-1.2986051,-1.3788477,-1.2472707
a662,County of Allegheny v. Frank Mashuda Co.,1,4138,1190,360 U.S. 185,9,5,4,1.3273368,.29799771,.1215135,.029315114,1959,.36528629,.22406429,-.24615239,.16489704,.46451399,.12775289
a6622,City of Indianapolis v. Edmond,1,4407,2430,531 U.S. 32,1,6,3,.50734454,.17014694,.061173201,.0038583279,2000,.2406736,.14926308,-.86133111,-.80875981,-.4971295,-.7224068
a6622,City of Indianapolis v. Edmond,2,4407,140,531 U.S. 32,1,6,3,1.0840133,.32901233,.1663561,.035804689,2000,.41842031,.38730109,-.42869973,.40109113,.87455237,.2823146
a6625,Bush v. Gore,1,3755,2255,531 U.S. 98,2,5,4,1.4590379,.22597474,.0798259,.013436913,2000,.27917755,.15396839,-.14734693,-.38359916,-.19999228,-.24364613
a6625,Bush v. Gore,2,3755,2148,531 U.S. 98,2,5,4,.71496403,.21251249,.042987298,.0058127642,2000,.23928255,.16214728,-.70556974,-.48612186,-.50786436,-.56651866
a6625,Bush v. Gore,3,3755,3079,531 U.S. 98,2,5,4,2.0812445,.43870309,.15715784,.022492766,2000,.43135929,.20948571,.31944799,1.236449,.9744032,.84343338
a6625,Bush v. Gore,4,3755,4519,531 U.S. 98,2,5,4,.93708485,.18708371,.054924302,.0069460869,2000,.23460835,.15140224,-.53892916,-.67977661,-.54393536,-.58754706
a6626,Solid Waste Agency of Northern Cook County v. United States Army Corps of Engineers,1,4064,7544,531 U.S. 159,8,5,4,.67744815,.1555324,.022748999,.0042750835,2001,.2221216,.12269038,-.73371512,-.92005783,-.6402964,-.7646898
a6627,Gitlitz v. Commissioner,1,4057,1265,531 U.S. 206,12,8,1,.78406233,.18558776,.12098914,.011830926,2001,.34083879,.23584598,-.65373045,-.69116908,.27585119,-.35634944
a6628,Lopez v. Davis,1,3990,1607,531 U.S. 230,1,6,3,.52654493,.23571441,.069104798,.0099862814,2001,.24557233,.1872043,-.84692645,-.30942601,-.45932573,-.53855938
a6629,Seling v. Young,1,4621,1088,531 U.S. 250,4,8,1,1.5136383,.2177211,.06978,.011555552,2001,.27245229,.19743633,-.10638437,-.4464553,-.25189143,-.2682437
a663,Martin v. Creasy,1,1628,964,360 U.S. 219,9,8,1,2.322377,.3455255,.1228869,.014794827,1959,.30257523,.22058654,.50035167,.52684838,-.019430969,.33592302
a6630,Brentwood Academy v. Tennessee Secondary School Athletic Ass'n,1,4859,3346,531 U.S. 288,4,5,4,.2587612,.19817489,.068665497,.0064079165,2001,.18714261,.12455797,-1.0478245,-.59531087,-.91023129,-.8511222
a6631,Illinois v. McArthur,1,2729,727,531 U.S. 326,1,8,1,2.0679305,.42217994,.1179768,.01930654,2001,.40728933,.29469645,.30945951,1.1106157,.78865391,.73624307
a6633,Board of Trustees v. Garrett,1,4752,10543,531 U.S. 356,10,5,4,2.7843711,.38780004,.123103,.028754592,2001,.33963549,.85688823,.84695125,.84879315,.26656526,.65410322
a6636,Legal Services Corp. v. Velazquez,1,4147,4445,531 U.S. 533,3,5,4,.40042883,.13796246,.041404959,.0074573755,2001,.18661368,.12011868,-.94154191,-1.053863,-.91431314,-.96990603
a6637,Bush v. Gore,1,150,543,531 U.S. 1046,,,,3.2777457,.59043598,.48215389,.078136086,2000,.65135401,.52776635,1.2170932,2.3919818,2.6721156,2.0937302
a6641,Shafer v. South Carolina,1,5208,181,532 U.S. 36,1,7,2,1.8795043,.55120599,.2202774,.042620897,2001,.47706097,.39949584,.16809751,2.0932231,1.3270859,1.1961355
a6641,Shafer v. South Carolina,2,5208,829,532 U.S. 36,1,7,2,.3460319,.24030876,.046715859,.010375738,2001,.19555324,.1659649,-.98235184,-.27443737,-.84532595,-.70070505
a6642,Ferguson v. City of Charleston,1,6065,4466,532 U.S. 67,1,6,3,1.9085292,.17779779,.037298899,.0065493584,2001,.22075349,.11335069,.18987267,-.75049418,-.65085417,-.40382522
a6643,"Circuit City Stores, Inc. v. Adams",1,4886,3234,532 U.S. 105,7,5,4,.6521849,.24968874,.045672949,.0071065426,2001,.23353279,.17588705,-.7526682,-.20300342,-.5522356,-.50263572
a6643,"Circuit City Stores, Inc. v. Adams",2,4886,2453,532 U.S. 105,7,5,4,.22110322,.17289966,.071116447,.0074635744,2001,.2056095,.13638002,-1.0760765,-.78779626,-.76772124,-.87719798
a6644,Egelhoff v. Egelhoff ex rel. Breiner,1,2997,2641,532 U.S. 141,10,7,2,.56826735,.1988958,.039244302,.0064131021,2001,.19427013,.1155414,-.81562525,-.5898208,-.85522777,-.75355792
a6645,Texas v. Cobb,1,3129,3607,532 U.S. 162,1,5,4,.51755702,.18460006,.043338839,.0060229301,2001,.22189641,.16529834,-.8536694,-.69869107,-.64203417,-.73146486
a6648,Easley v. Cromartie,1,6289,3094,532 U.S. 234,2,5,4,1.5510384,.1582167,.063923702,.0082502961,2001,.21598333,.123097,-.07832586,-.89961541,-.68766576,-.55520236
a6649,Alexander v. Sandoval,1,5517,8671,532 U.S. 275,9,5,4,.41852525,.0899591,.019516701,.006578207,2001,.16158062,.075238049,-.92796552,-1.4194361,-1.1074947,-1.1516321
a665,Burns v. Ohio,1,1811,1377,360 U.S. 252,2,6,2,2.6052027,.4300231,.16447985,.016584516,1959,.45355177,.37006098,.71253455,1.170346,1.1456639,1.0095148
a6650,Atwater v. City of Lago Vista,1,12291,4236,532 U.S. 318,1,5,4,2.7301767,.25850976,.060426001,.015519023,2001,.2552312,.8625806,.80629319,-.13582638,-.38478765,.095226385
a6651,Daniels v. United States,1,2894,1577,532 U.S. 374,1,5,4,1.673895,.24018741,.040293928,.0086387396,2001,.16176552,.14088678,.013844249,-.27536154,-1.1060679,-.45586172
a6651,Daniels v. United States,2,2894,449,532 U.S. 374,1,5,4,3.3276277,.38548401,.13535786,.028835237,2001,.43187523,.38942027,1.2545159,.8311553,.97838473,1.0213519
a6652,Lackawanna County District Attorney v. Coss,1,3804,620,532 U.S. 394,1,5,4,.92575103,.3584812,.099077336,.011883438,2001,.37643236,.30178022,-.54743207,.62551337,.55052882,.20953672
a6652,Lackawanna County District Attorney v. Coss,2,3804,156,532 U.S. 394,1,5,4,1.6834326,.44906649,.15297806,.022791266,2001,.35977286,.36456722,.020999577,1.3153722,.42196652,.5861128
a6653,"Cooper Industries, Inc. v. Leatherman Tool Group, Inc.",1,5679,2023,532 U.S. 424,8,8,1,1.758438,.29859069,.060942199,.0085519552,2001,.36743033,.23560905,.077270515,.1694129,.48105967,.24258102
a6654,Rogers v. Tennessee,1,4719,131,532 U.S. 451,4,5,4,4.8493347,.52090794,.34333825,.048645377,2001,.53145236,.47889489,2.3961384,1.862486,1.7468274,2.0018172
a6654,Rogers v. Tennessee,2,4719,4856,532 U.S. 451,4,5,4,1.3923948,.29148561,.070183598,.011466563,2001,.15994591,.10716754,-.19734426,.11530362,-1.1201099,-.40071684
a6654,Rogers v. Tennessee,3,4719,292,532 U.S. 451,4,5,4,2.0737963,.35639226,.1078789,.016925335,2001,.27270502,.25819534,.31386018,.60960495,-.24994116,.22450799
a6656,Major League Baseball Players Ass'n v. Garvey,1,2187,576,532 U.S. 504,7,8,1,1.8022877,.36895436,.1024079,.021599412,2001,.43344468,.33206195,.11016766,.70527256,.99049628,.60197884
a6657,Bartnicki v. Vopper,1,6071,4690,532 U.S. 514,3,6,3,1.6244303,.18489254,.031456351,.0048561692,2001,.21062261,.13710636,-.023265408,-.69646364,-.72903478,-.48292127
a6659,"Buckhannon Board & Care Home, Inc. v. West Virginia Department of Health",1,3715,7834,532 U.S. 598,6,5,4,.17143896,.16461059,.042919502,.0038433671,2001,.15392637,.087173045,-1.1133358,-.85092223,-1.166563,-1.043607
a666,"Magenau v. Aetna Freight Lines, Inc.",1,1744,1965,360 U.S. 273,1,6,3,1.2841043,.26558471,.1071954,.015168071,1959,.35131121,.21714902,-.27858645,-.081946567,.35666743,-.0012885282
a666,"Magenau v. Aetna Freight Lines, Inc.",2,1744,321,360 U.S. 273,1,6,3,1.7338132,.5145548,.18754995,.02322036,1959,.54957151,.42022389,.058796354,1.8141032,1.8866539,1.2531846
a6661,"PGA Tour, Inc. v. Martin",1,9263,4805,532 U.S. 661,2,7,2,1.4042741,.19542021,.051916961,.0073084831,2001,.23591965,.12024873,-.1884321,-.61628944,-.53381598,-.44617918
a6666,"United Dominion Industries, Inc. v. United States",1,4558,1119,532 U.S. 822,12,8,1,1.1238483,.17893285,.15029749,.016841888,2001,.27305126,.2063185,-.39881453,-.74185008,-.24726918,-.46264461
a6668,City of Elkhart v. Books,1,525,1335,532 U.S. 1058,,,,4.7543516,.39104819,.280507,.025388956,2001,.42570364,.22304267,2.3248799,.87352973,.9307583,1.3763893
a667,Anonymous Nos. 6 & 7 v. Baker,1,3569,474,360 U.S. 287,1,5,4,3.5660038,.50396878,.1330682,.022700429,1959,.49179614,.38203168,1.4333516,1.7334846,1.4407979,1.5358781
a6670,Kyllo v. United States,1,3912,3804,533 U.S. 27,1,5,4,.65863925,.12909424,.032145001,.0029348731,2001,.20071918,.11506146,-.74782598,-1.1213996,-.80546016,-.89156193
a6671,Tuan Anh Nguyen v. Immigration & Naturalization Service,1,5548,7477,533 U.S. 53,2,5,4,.69934708,.1513878,.093310498,.0093742609,2001,.28381419,.12575489,-.71728599,-.95162141,-.16421102,-.61103946
a6672,Good News Club v. Milford Central School,1,6141,1583,533 U.S. 98,3,6,3,.9587009,.20629454,.072499998,.0057367086,2001,.29173112,.19604254,-.52271223,-.53347516,-.10311562,-.38643435
a6672,Good News Club v. Milford Central School,2,6141,3675,533 U.S. 98,3,6,3,.20642385,.13320804,.034389731,.0045329332,2001,.20220691,.13955939,-1.0870893,-1.0900707,-.79397923,-.99037975
a6673,Duncan v. Walker,1,4021,2862,533 U.S. 167,1,7,2,.92063224,.31442046,.043719899,.012283087,2001,.25647116,.2072165,-.55127233,.28996566,-.37521884,-.21217518
a6675,United States v. Mead Corp.,1,5890,7230,533 U.S. 218,9,8,1,1.0823044,.20100474,.049477462,.0070989132,2001,.29001635,.16221881,-.42998186,-.57375997,-.11634857,-.37336347
a6676,Idaho v. United States,1,5525,2496,533 U.S. 262,2,5,4,.4860051,.18314755,.0435616,.0079047084,2001,.18549192,.12972569,-.8773405,-.70975274,-.92296982,-.83668768
a6677,Immigration & Naturalization Service v. St. Cyr,1,12539,98,533 U.S. 289,2,5,4,2.4931657,.44437444,.36255276,.075920343,2001,.61878234,.89190495,.62848163,1.2796396,2.420758,1.4429598
a6677,Immigration & Naturalization Service v. St. Cyr,2,12539,6826,533 U.S. 289,2,5,4,1.2328348,.22715139,.042899199,.0067659616,2001,.29180503,.80504143,-.31705013,-.37463826,-.10254525,-.26474455
a6678,Calcano-Martinez v. Immigration & Naturalization Service,1,1020,34,533 U.S. 348,2,5,4,5.6678534,.5065127,.54332882,.14742041,2001,.7298885,.65475154,3.0102117,1.752858,3.2781708,2.6804135
a6678,Calcano-Martinez v. Immigration & Naturalization Service,2,1020,62,533 U.S. 348,2,5,4,4.5034099,.4563117,.46967959,.10711598,2001,.63852274,.55273092,2.1366172,1.3705487,2.5730958,2.0267539
a6680,"United States v. United Foods, Inc.",1,3126,3597,533 U.S. 405,3,6,3,.95569587,.18693185,.049551301,.0082786083,2001,.20996922,.13140583,-.52496672,-.68093312,-.73407698,-.64665896
a6681,Federal Election Commission v. Colorado Republican Federal Campaign Committee,1,9502,5785,533 U.S. 431,3,5,4,.74374896,.099341102,.038459498,.0043747425,2001,.20830214,.10804635,-.68397456,-1.3479868,-.74694198,-.92630112
a6682,New York Times Co. v. Tasini,1,6410,6380,533 U.S. 483,8,7,2,.35125977,.10687274,.047711249,.0061692595,2001,.17030483,.10510051,-.97842979,-1.290629,-1.0401695,-1.1030761
a6684,Palazzolo v. Rhode Island,1,6915,2999,533 U.S. 606,4,5,4,.91562337,.19881254,.066420697,.010502994,2001,.26126784,.16352689,-.55503011,-.59045482,-.33820254,-.49456248
a6684,Palazzolo v. Rhode Island,2,6915,303,533 U.S. 606,4,5,4,1.2660275,.3597717,.21090271,.024282753,2001,.49741131,.38634908,-.2921482,.63534129,1.4841306,.60910791
a6685,Tyler v. Cain,1,3401,2480,533 U.S. 656,1,5,4,1.0838397,.2376833,.057264149,.0097147226,2001,.24745291,.13866681,-.42883003,-.29443178,-.44481313,-.38935831
a6686,Zadvydas v. Davis,1,6371,993,533 U.S. 678,2,5,4,1.2956473,.24534744,.091134399,.013489842,2001,.32818437,.24804163,-.26992667,-.23606494,.17819624,-.10926513
a6686,Zadvydas v. Davis,2,6371,6876,533 U.S. 678,2,5,4,.55972207,.1051106,.027223939,.0060594678,2001,.21504432,.11779881,-.82203615,-1.3040488,-.6949122,-.94033235
a6690,Correctional Services Corp. v. Malesko,1,3822,2711,534 U.S. 61,2,5,4,1.5238947,.15646863,.033361401,.0039229393,2001,.23551583,.15562361,-.098689757,-.91292799,-.53693229,-.51618332
a6691,Chickasaw Nation v. United States,1,2939,2088,534 U.S. 84,2,7,2,.93489146,.20111597,.061869562,.0058668256,2001,.15604758,.20250005,-.54057467,-.57291293,-1.1501935,-.75456035
a6693,"J. E. M. Ag Supply, Inc. v. Pioneer Hi-Bred International, Inc.",1,6237,3016,534 U.S. 124,8,6,2,1.1814801,.0978292,.050428871,.0075018406,2001,.22154111,.12394351,-.35557777,-1.3595008,-.64477611,-.78661823
a6694,Dusenbery v. United States,1,3564,3327,534 U.S. 161,4,5,4,1.2736365,.2005378,.068421237,.008248508,2002,.31005192,.14037919,-.28643972,-.57731599,.038267069,-.27516288
a6695,Great-West Life & Annuity Insurance v. Knudson,1,5295,753,534 U.S. 204,8,5,4,1.4138532,.36521745,.1716682,.016705036,2002,.45130831,.28930253,-.18124564,.67681378,1.128351,.54130638
a6695,Great-West Life & Annuity Insurance v. Knudson,2,5295,3768,534 U.S. 204,8,5,4,.65318453,.2383776,.042094801,.0097991228,2002,.27102572,.1447922,-.75191826,-.28914425,-.26290041,-.4346543
a6696,Kelly v. South Carolina,1,3500,1345,534 U.S. 246,1,5,4,.75930351,.3232542,.1028409,.016388535,2002,.22138137,.15144145,-.67230517,.35723963,-.64600879,-.3203581
a6696,Kelly v. South Carolina,2,3500,1173,534 U.S. 246,1,5,4,.91232479,.26549739,.089182138,.0099979639,2002,.26823771,.19564056,-.55750477,-.082611561,-.28441563,-.30817732
a6698,"Equal Employment Opportunity Commission v. Waffle House, Inc.",1,5647,5878,534 U.S. 279,7,6,3,.33792934,.1087358,.019631401,.0032978058,2002,.12785661,.087164342,-.98843062,-1.2764407,-1.3677448,-1.2108721
a67,Kindred Nursing Ctrs. Ltd. P'ship v. Clark,1,2818,178,137 S. Ct. 1421,8,7,1,2.0440373,.4057579,.2231029,.063920498,2017,.40310878,.39731878,.2915343,.98555261,.75639236,.6778264
a670,Rosenberg v. United States,1,1499,1336,360 U.S. 367,1,5,4,1.9931412,.3967078,.1040524,.016970277,1959,.24936485,.21634418,.2533507,.91663086,-.4300586,.246641
a6700,Lee v. Kemna,1,7975,6008,534 U.S. 362,9,6,3,.61689425,.08408463,.0378417,.0051119328,2002,.19757605,.12849456,-.77914417,-1.4641736,-.82971585,-1.0243446
a6701,Kansas v. Crane,1,2086,3018,534 U.S. 407,4,7,2,.38034773,.18355334,.07772845,.0077240467,2002,.20811117,.17633945,-.95660728,-.70666242,-.74841571,-.80389512
a6703,Barnhart v. Sigmon Coal Co.,1,6730,3432,534 U.S. 438,8,6,3,.32965493,.1181012,.026261499,.0027801394,2002,.16891807,.089055181,-.99463826,-1.2051179,-1.0508711,-1.0835425
a6704,Wisconsin Department of Health & Family Services v. Blumer,1,6425,2416,534 U.S. 473,10,6,3,.062804155,.097686231,.02836466,.0054097176,2002,.17933154,.11484271,-1.1948364,-1.3605896,-.97050983,-1.1753119
a6705,Raygor v. Regents of the University of Minnesota,1,4000,2320,534 U.S. 533,9,6,3,.52311844,.204615,.069267146,.0066705942,2002,.32148594,.17520446,-.84949714,-.54626584,.12650406,-.42308632
a6708,"Ragsdale v. Wolverine World Wide, Inc.",1,4063,2790,535 U.S. 81,9,5,4,.82485694,.1319375,.0626546,.0061321259,2002,.24054158,.20061487,-.62312531,-1.0997466,-.49814832,-.74034005
a6710,"Hoffman Plastic Compounds, Inc. v. National Labor Relations Board",1,4569,2871,535 U.S. 137,2,5,4,.70519722,.1381125,.052332401,.0062544346,2002,.21272439,.17084628,-.71289706,-1.0527204,-.71281523,-.82614422
a6711,Mickens v. Taylor,1,4359,3749,535 U.S. 162,1,5,4,1.3231448,.1528686,.056367502,.0059109926,2002,.30787253,.17628956,-.24929734,-.94034427,.021448631,-.38939765
a6711,Mickens v. Taylor,2,4359,7437,535 U.S. 162,1,5,4,.9197697,.17056835,.042214599,.0071794987,2002,.2267639,.14211732,-.5519194,-.80555058,-.60447145,-.65398049
a6711,Mickens v. Taylor,3,4359,893,535 U.S. 162,1,5,4,1.1636844,.37628627,.1441595,.012419105,2002,.33639544,.31878233,-.36892852,.76110917,.24156161,.21124741
a6713,Ashcroft v. Free Speech Coalition,1,6230,1933,535 U.S. 234,3,6,3,1.3976624,.2189068,.061246298,.0075929165,2002,.28677052,.18548214,-.19339235,-.43742552,-.14139684,-.25740489
a6714,United States v. Craft,1,4455,177,535 U.S. 274,12,6,3,1.5024656,.40227789,.22214437,.041493952,2002,.47385472,.41641712,-.11476637,.95905024,1.302343,.71554232
a6714,United States v. Craft,2,4455,4366,535 U.S. 274,12,6,3,.76669252,.1990186,.03191483,.0038922429,2002,.1403656,.086812019,-.66676176,-.58888561,-1.2712122,-.84228653
a6715,"Tahoe-Sierra Preservation Council, Inc. v. Tahoe Regional Planning Agency",1,12795,3959,535 U.S. 302,4,6,3,.86422676,.11002004,.040205002,.00301826,2002,.18307871,.90290737,-.59358913,-1.2666606,-.94159269,-.93394744
a6715,"Tahoe-Sierra Preservation Council, Inc. v. Tahoe Regional Planning Agency",2,12795,528,535 U.S. 302,4,6,3,1.2130969,.3004787,.12999725,.01386255,2002,.32431352,.94973242,-.33185804,.18379115,.1483247,.000085934997
a6716,Thompson v. Western States Medical Center,1,5455,3720,535 U.S. 357,3,5,4,.51865882,.14004719,.050553299,.0056205392,2002,.19667095,.14030582,-.85284281,-1.0379866,-.83670056,-.90917665
a6717,"US Airways, Inc. v. Barnett",1,3928,2480,535 U.S. 391,2,7,2,.51023543,.207027,.065422527,.0038177967,2002,.20649779,.14301968,-.85916227,-.527897,-.76086628,-.71597517
a6717,"US Airways, Inc. v. Barnett",2,3928,1361,535 U.S. 391,2,7,2,.79991078,.19081587,.051403642,.011153698,2002,.29177105,.13655394,-.64184058,-.65135407,-.10280744,-.46533403
a6718,"City of Los Angeles v. Alameda Books, Inc.",1,4512,4702,535 U.S. 425,3,5,4,1.0176327,.17739177,.057694301,.0086345673,2002,.21270573,.15729213,-.47850013,-.75358629,-.71295923,-.64834857
a672,Pittsburgh Plate Glass Co. v. United States,1,1806,2891,360 U.S. 395,1,5,4,.79844743,.28857213,.057734601,.0053060055,1959,.22341621,.19492435,-.64293844,.093115844,-.63030583,-.39337614
a6720,Ashcroft v. American Civil Liberties Union,1,6678,3574,535 U.S. 564,3,8,1,.77401185,.075301401,.0349054,.0043897629,2002,.14264596,.097058356,-.66127062,-1.5310628,-1.2536147,-1.1486493
a6722,Alabama v. Shelton,1,5783,2614,535 U.S. 654,1,5,4,.50116593,.1780926,.034462329,.0044089556,2002,.13955688,.14313608,-.86596644,-.74824905,-1.2774532,-.96388954
a6723,Bell v. Cone,1,4631,6720,535 U.S. 685,1,8,1,3.0208101,.26704174,.10303247,.011788964,2002,.33952671,.2257098,1.0243337,-.070850402,.26572579,.40640303
a6724,Federal Maritime Commission v. South Carolina State Ports Authority,1,7415,784,535 U.S. 743,10,5,4,4.1558571,.53011119,.1884198,.028326035,2002,.60216355,.37043244,1.8758743,1.932574,2.2925098,2.0336528
a6724,Federal Maritime Commission v. South Carolina State Ports Authority,2,7415,5173,535 U.S. 743,10,5,4,3.5077462,.35540411,.077589102,.0080630779,2002,.22923845,.15384603,1.3896453,.60207963,-.58537525,.46878323
a6725,Gisbrecht v. Barnhart,1,5884,1312,535 U.S. 789,6,8,1,2.9076147,.4015224,.098955803,.021481335,2002,.31484061,.23159057,.93941164,.95329678,.075221725,.65597671
a6728,Moore v. Texas,1,96,2059,535 U.S. 1044,,,,1.5924675,.51334059,.32404757,.077541232,2002,.60556614,.39884835,-.047244664,1.8048563,2.3187678,1.3587931
a6729,Devlin v. Scardelletti,1,3611,2940,536 U.S. 1,9,6,3,1.1987152,.23363745,.0438466,.0075733066,2002,.29720229,.18737143,-.34264752,-.3252432,-.060894277,-.24292834
a6730,McKune v. Lile,1,6251,6172,536 U.S. 24,1,5,4,.77330393,.1195843,.037797701,.0037955046,2002,.15856218,.096816897,-.6618017,-1.1938232,-1.1307882,-.99547106
a6732,"Watchtower Bible & Tract Society of New York, Inc. v. Village of Stratton",1,5432,2810,536 U.S. 150,3,8,1,3.1196032,.26440999,.093058698,.0092910528,2002,.19820249,.1632008,1.0984507,-.090892717,-.82488155,.060892131
a6734,United States v. Drayton,1,3627,1981,536 U.S. 194,1,6,3,.38542032,.15605783,.053647298,.0088956356,2002,.23588443,.17864531,-.9528017,-.91605639,-.53408784,-.800982
a6735,Carey v. Saffold,1,3419,3702,536 U.S. 214,1,5,4,.57437354,.1791582,.0463196,.0070540309,2002,.18039483,.18757308,-.81104428,-.74013394,-.96230435,-.8378275
a6736,"United States v. Fior D'Italia, Inc.",1,4013,4409,536 U.S. 238,12,6,3,1.2538717,.1798456,.068391137,.0066261888,2002,.21311843,.16155726,-.30126774,-.73489892,-.70977437,-.58198035
a6737,Gonzaga University v. Doe,1,4926,3552,536 U.S. 273,5,7,2,.71227539,.1308073,.022428401,.0040591359,2002,.18990308,.1235767,-.70758682,-1.1083537,-.88892859,-.90162307
a6738,Atkins v. Virginia,1,5229,2245,536 U.S. 304,1,6,3,.91686058,.26786315,.088269703,.012666583,2002,.30661815,.21515459,-.55410188,-.064594887,.011768509,-.20230941
a6738,Atkins v. Virginia,2,5229,5739,536 U.S. 304,1,6,3,.88441128,.23639005,.031245351,.006791234,2002,.16818076,.10053986,-.57844621,-.30428055,-1.056561,-.64642924
a6739,"Rush Prudential HMO, Inc. v. Moran",1,9859,4951,536 U.S. 355,10,5,4,.8483119,.140471,.047140062,.003728807,2002,.17702383,.11107504,-.60552883,-1.034759,-.98831856,-.87620217
a674,Greene v. McElroy,1,10718,4225,360 U.S. 474,3,8,1,.64594513,.16743059,.068314299,.0059927106,1959,.20314819,.84124416,-.75734943,-.82944632,-.78671533,-.79117036
a6741,"City of Columbus v. Ours Garage & Wrecker Service, Inc.",1,4580,2804,536 U.S. 424,10,7,2,1.9836999,.17475609,.040707499,.0046159029,2002,.20197713,.14413232,.24626765,-.77365845,-.79575241,-.44104773
a6742,Utah v. Evans,1,7353,1534,536 U.S. 452,2,5,4,1.9772762,.33673894,.1822844,.013508737,2002,.44535834,.30221385,.24144842,.4599337,1.0824347,.59460557
a6744,Harris v. United States,1,6468,3719,536 U.S. 545,1,5,4,.75166023,.1388189,.03425014,.0043008327,2002,.13230807,.12198389,-.67803937,-1.0473408,-1.3333927,-1.019591
a6745,Ring v. Arizona,1,7196,795,536 U.S. 584,1,7,2,2.9207208,.50057822,.18369764,.02269268,2002,.43583572,.31351596,.94924414,1.7076637,1.0089481,1.221952
a6747,Zelman v. Simmons-Harris,1,6395,637,536 U.S. 639,3,5,4,.21672687,.3147372,.1322905,.016461134,2002,.34562808,.26958966,-1.0793598,.29237783,.31281042,-.15805717
a6747,Zelman v. Simmons-Harris,2,6395,11230,536 U.S. 639,3,5,4,.21920164,.15721311,.0429486,.00789994,2002,.25641942,.90186149,-1.0775031,-.90725833,-.37561807,-.78679317
a6747,Zelman v. Simmons-Harris,3,6395,3541,536 U.S. 639,3,5,4,.7515263,.32792881,.1410487,.015161097,2002,.42088974,.25665665,-.67813981,.39283949,.89360905,.20276958
a6748,Hope v. Pelzer,1,5283,5446,536 U.S. 730,2,6,3,1.0129336,.14903855,.047463201,.004825592,2002,.18880665,.10057056,-.4820255,-.96951222,-.89738977,-.78297585
a6749,Republican Party of Minnesota v. White,1,7117,2237,536 U.S. 765,3,5,4,.32706797,.1696444,.066357851,.0080223083,2002,.26226729,.15012151,-.99657905,-.8125869,-.33048972,-.71321857
a6749,Republican Party of Minnesota v. White,2,7117,6167,536 U.S. 765,3,5,4,.38009655,.117658,.040667102,.0038688779,2002,.22235096,.094981909,-.95679569,-1.2084931,-.63852644,-.93460506
a675,"Farmers Educational & Cooperative Union v. WDAY, Inc.",1,3192,3643,360 U.S. 525,3,5,4,.84938443,.2370934,.053394102,.0069376826,1959,.29759288,.14554465,-.60472423,-.29892415,-.057880078,-.32050949
a6750,Board of Education of Independent School District No. 92 of Pottawatomie County v. Earls,1,4154,60,536 U.S. 822,5,5,4,2.5707033,.35729533,.60134739,.12114716,2002,.6475172,.58309734,.68665224,.61648238,2.6425066,1.3152137
a6750,Board of Education of Independent School District No. 92 of Pottawatomie County v. Earls,2,4154,4104,536 U.S. 822,5,5,4,.22941121,.1354766,.041230701,.0054637194,2002,.14384443,.096859515,-1.0698436,-1.0727943,-1.2443659,-1.1290013
a6757,Sattazahn v. Pennsylvania,1,4182,3384,537 U.S. 101,1,5,4,1.4512898,.17231834,.053864501,.0064323545,2003,.2616924,.20131862,-.15315977,-.79222333,-.33492616,-.42676976
a6758,Barnhart v. Peabody Coal Co.,1,7170,4005,537 U.S. 149,2,6,3,.57417125,.1249194,.035693102,.0044315457,2003,.21571994,.12140888,-.81119603,-1.1531935,-.6896984,-.88469595
a6758,Barnhart v. Peabody Coal Co.,2,7170,449,537 U.S. 149,2,6,3,1.7665762,.51321268,.3720167,.024611771,2003,.60205865,.46252096,.083375983,1.8038822,2.2917004,1.3929862
a6759,Eldred v. Ashcroft,1,10435,6909,537 U.S. 186,8,7,2,.57125407,.15445779,.058361899,.0061366558,2003,.2947908,.88107294,-.81338453,-.92824167,-.079503849,-.60704333
a6759,Eldred v. Ashcroft,2,10435,8749,537 U.S. 186,8,7,2,.47259372,.20654523,.072440147,.007081151,2003,.2565974,.86414129,-.887402,-.53156596,-.3742446,-.59773755
a676,Pennsylvania Railroad v. Day,1,1731,3279,360 U.S. 548,8,6,3,.43064505,.35856557,.0595094,.0077694654,1959,.33863056,.2501173,-.91887295,.62615591,.2588101,-.011302312
a6761,Federal Communications Commission v. Nextwave Personal Communications Inc.,1,4249,3728,537 U.S. 293,8,8,1,1.683303,.22984964,.074877404,.0066347122,2003,.27719188,.14769346,.020902364,-.35408959,-.2153158,-.18283434
a6762,Miller-El v. Cockrell,1,7028,5515,537 U.S. 322,1,8,1,2.3347814,.18474627,.053995129,.0071442723,2003,.21319544,.15786862,.50965774,-.6975776,-.70918006,-.29903331
a6763,"Scheidler v. National Organization for Women, Inc.",1,4784,1851,537 U.S. 393,5,8,1,1.874961,.30158126,.091406003,.0094179511,2003,.29860705,.19904149,.164689,.19218782,-.050053645,.10227439
a6765,Boeing Co. v. United States,1,5684,2171,537 U.S. 437,12,7,2,.76844358,.1062658,.04372406,.0042979717,2003,.19264489,.1176613,-.66544807,-1.2952513,-.86776984,-.94282305
a6766,United States v. White Mountain Apache Tribe,1,3705,2035,537 U.S. 465,2,5,4,.84178507,.13308656,.032072298,.0050402284,2003,.1834684,.12554336,-.61042541,-1.0909958,-.9385854,-.8800022
a6767,United States v. Navajo Nation,1,7458,2534,537 U.S. 488,2,6,3,2.1442986,.16788423,.042697672,.0086585879,2003,.19387668,.096698225,.36675277,-.82599163,-.85826409,-.43916765
a677,Barr v. Matteo,1,3925,2667,360 U.S. 564,8,5,4,1.8214552,.3745538,.092399701,.0066912174,1959,.37437642,.17028695,.12454763,.74791545,.53466302,.46904203
a677,Barr v. Matteo,2,3925,1959,360 U.S. 564,8,5,4,1.9967901,.2958369,.074957401,.011210024,1959,.36072391,.23139173,.2560882,.14844117,.42930585,.27794507
a677,Barr v. Matteo,3,3925,167,360 U.S. 564,8,5,4,2.1000345,.39732301,.29015625,.032847226,1959,.50157559,.39466518,.33354473,.92131603,1.5162666,.92370909
a6773,Ewing v. California,1,2968,892,538 U.S. 11,1,5,4,3.6829238,.49659526,.17833036,.027798891,2003,.45120448,.32963419,1.5210679,1.6773311,1.1275498,1.4419829
a6773,Ewing v. California,2,2968,8381,538 U.S. 11,1,5,4,1.2011554,.31587446,.067063302,.012472093,2003,.2381348,.8824994,-.3408168,.30103868,-.51672155,-.18549989
a6774,Lockyer v. Andrade,1,3807,1923,538 U.S. 63,1,5,4,.90188825,.29150909,.086457849,.022016346,2003,.22059113,.16976804,-.5653345,.11548246,-.65210712,-.3673197
a6775,Smith v. Doe,1,5405,1333,538 U.S. 84,1,6,3,2.2223992,.26048541,.085000299,.0074490309,2003,.30052489,.26160055,.42534584,-.12078062,-.035253566,.089770548
a6775,Smith v. Doe,2,5405,1062,538 U.S. 84,1,6,3,1.7670695,.23395497,.10438645,.014973521,2003,.18721747,.15642178,.083746061,-.32282516,-.9096536,-.38291091
a6778,Woodford v. Garceau,1,2315,621,538 U.S. 202,1,6,3,.51212949,.3691169,.106952,.019685388,2003,.26940757,.28031123,-.8577413,.70651037,-.27538776,-.14220624
a6779,Brown v. Legal Foundation of Washington,1,6966,4295,538 U.S. 216,4,5,4,.8686868,.1424948,.04134107,.0074415207,2003,.18047863,.10843623,-.5902431,-1.0193467,-.96165764,-.85708249
a6779,Brown v. Legal Foundation of Washington,2,6966,278,538 U.S. 216,4,5,4,1.9569008,.54096913,.29765844,.023641765,2003,.50552726,.33578485,.2261623,2.0152636,1.5467618,1.2627292
a678,Howard v. Lyons,1,1321,557,360 U.S. 593,8,6,3,1.8853121,.36570659,.2019531,.016425371,1959,.3445285,.25385964,.17245463,.68053889,.30432487,.38577279
a6781,Archer v. Warner,1,2230,1765,538 U.S. 314,8,7,2,2.1958668,.2029818,.065822303,.011404216,2003,.28921264,.19601923,.40544057,-.55870354,-.12255084,-.091937937
a6782,Virginia v. Black,1,6878,4147,538 U.S. 343,3,7,2,.94673127,.23139703,.060909029,.0060620308,2003,.24844313,.13025784,-.53169215,-.34230527,-.43717161,-.43705633
a6783,State Farm Mutual Automobile Insurance v. Campbell,1,5502,95,538 U.S. 408,8,6,3,1.311269,.46476719,.35944629,.057148099,2003,.50213933,.42956507,-.25820681,1.434942,1.520617,.89911741
a6783,State Farm Mutual Automobile Insurance v. Campbell,2,5502,68,538 U.S. 408,8,6,3,1.0921606,.47933173,.43162489,.11442107,2003,.56546205,.58584511,-.42258745,1.5458595,2.0092821,1.0441847
a6783,State Farm Mutual Automobile Insurance v. Campbell,3,5502,2894,538 U.S. 408,8,6,3,.81842381,.24693066,.044273701,.0066781044,2003,.2374202,.11802703,-.62795162,-.22400783,-.52223617,-.45806521
a6784,"Clackamas Gastroenterology Associates, P. C. v. Wells",1,3444,1108,538 U.S. 440,2,7,2,1.1804826,.20412636,.0854785,.0075926185,2003,.18530643,.14505631,-.35632604,-.54998708,-.92440122,-.61023813
a6788,Roell v. Withrow,1,3427,2548,538 U.S. 580,9,5,4,.40161824,.18000746,.03685236,.0065405369,2003,.25910962,.20918918,-.94064957,-.7336663,-.35485768,-.67639118
a679,Union Pacific Railroad v. Price,1,5371,1368,360 U.S. 601,8,6,3,2.2052202,.26773506,.1073984,.0092256069,1959,.39319354,.24397224,.4124577,-.065570369,.67987591,.3422544
a6792,Nevada Department of Human Resources v. Hibbs,1,5354,738,538 U.S. 721,10,6,3,7.1262865,.67209899,.2789126,.020925283,2003,.50871944,.31166315,4.1043649,3.0138924,1.5713961,2.8965511
a6792,Nevada Department of Human Resources v. Hibbs,2,5354,5163,538 U.S. 721,10,6,3,.28146327,.15393139,.04571563,.0040425658,2003,.18053764,.13126236,-1.0307928,-.93225044,-.96120226,-.97474849
a6794,National Park Hospitality Ass'n v. Department of the Interior,1,2549,1370,538 U.S. 803,9,7,2,1.4259936,.29754111,.07626,.011240005,2003,.2691142,.17627102,-.17213762,.16141975,-.27765176,-.096123211
a6795,Bunkley v. Florida,1,2086,1079,538 U.S. 835,4,6,3,1.0015908,.21148086,.093267202,.013675034,2003,.29961866,.16397864,-.49053514,-.49397838,-.04224699,-.34225351
a6796,Beneficial National Bank v. Anderson,1,2731,3556,539 U.S. 1,9,7,2,1.4310213,.36915219,.075528599,.014767289,2003,.22776222,.16943663,-.16836566,.70677912,-.59676737,-.0194513
a6798,Nguyen v. United States,1,4339,1957,539 U.S. 69,9,5,4,2.0033655,.37943363,.087890998,.022940278,2003,.38812149,.2059828,.26102126,.78507817,.64073455,.56227797
a680,In re Sawyer,1,15345,562,360 U.S. 622,3,5,4,1.9188405,.2881344,.1074901,.013721108,1959,.2702803,.85613191,.19760852,.089782223,-.26865286,.0062459609
a6802,Federal Election Commission v. Beaumont,1,4831,187,539 U.S. 146,3,7,2,1.5968758,.43513709,.2163963,.049236298,2003,.53876591,.47520453,-.043937493,1.2092919,1.8032664,.98954028
a6803,Sell v. United States,1,5353,2353,539 U.S. 166,4,6,3,2.6420178,.46115047,.078829169,.012721777,2003,.26760483,.30602801,.74015421,1.4073987,-.28929964,.61941779
a6804,United States v. American Library Ass'n,1,5420,3687,539 U.S. 194,3,6,3,.68236309,.13693637,.027853601,.0040758848,2003,.20538104,.10272676,-.73002779,-1.0616773,-.76948428,-.85372978
a6804,United States v. American Library Ass'n,2,5420,4112,539 U.S. 194,3,6,3,.51193327,.24209213,.065776698,.010593474,2003,.27276015,.17322034,-.85788852,-.26085597,-.24951568,-.45608672
a6805,Gratz v. Bollinger,1,8442,2957,539 U.S. 244,2,6,3,.45598418,.17875147,.089035302,.0077337027,2003,.32650483,.1916852,-.89986289,-.74323142,.16523513,-.49261972
a6805,Gratz v. Bollinger,2,8442,2485,539 U.S. 244,2,6,3,.15385915,.18762285,.054187361,.010449529,2003,.29437113,.19551837,-1.1265247,-.6756708,-.082742512,-.62831265
a6805,Gratz v. Bollinger,3,8442,2485,539 U.S. 244,2,6,3,1.1675416,.35182369,.1228004,.015110016,2003,.43403727,.24073422,-.36603472,.57481265,.99506932,.40128243
a6806,Grutter v. Bollinger,1,9474,2693,539 U.S. 306,2,5,4,.43678129,.15871406,.0725905,.0084658861,2003,.24187833,.16090232,-.91426939,-.89582777,-.48783252,-.76597655
a6806,Grutter v. Bollinger,2,9474,2579,539 U.S. 306,2,5,4,.50063181,.17575824,.053883299,.0097208023,2003,.22716826,.18851078,-.86636716,-.7660265,-.60135102,-.74458158
a6807,American Insurance v. Garamendi,1,9421,4153,539 U.S. 396,10,5,4,.90166771,.1185842,.029872401,.0030982494,2003,.11982256,.90488636,-.56549996,-1.2014396,-1.4297441,-1.0655613
a6808,Green Tree Financial Corp. v. Bazzle,1,2331,1459,539 U.S. 444,8,5,4,.54812336,.20518667,.091935597,.0090366602,2003,.29984909,.20524615,-.83073777,-.54191226,-.040468734,-.47103959
a6808,Green Tree Financial Corp. v. Bazzle,2,2331,93,539 U.S. 444,8,5,4,.69263929,.42153835,.25515985,.054647207,2003,.57137173,.44749689,-.72231835,1.1057297,2.0548875,.81276631
a6809,Georgia v. Ashcroft,1,8513,5626,539 U.S. 461,2,5,4,.33850011,.094126001,.0390196,.0061115026,2003,.23398149,.1037814,-.98800242,-1.3877028,-.54877293,-.97482604
a6810,Wiggins v. Smith,1,7487,6288,539 U.S. 510,1,7,2,.65992224,.14748199,.033649102,.0067396164,2003,.17712152,.10268396,-.74686348,-.98136634,-.98756468,-.90526485
a6811,Lawrence v. Texas,1,5488,6408,539 U.S. 558,5,6,3,1.3959432,.17298794,.0445236,.009718895,2003,.22313809,.15072829,-.19468217,-.78712398,-.63245207,-.53808606
a6811,Lawrence v. Texas,2,5488,174,539 U.S. 558,5,6,3,1.6102622,.4677743,.24005854,.039195061,2003,.44099551,.35757786,-.033894703,1.4578429,1.0487665,.82423824
a6812,Stogner v. California,1,7828,7009,539 U.S. 607,1,5,4,.24249873,.13927829,.027592661,.0035987496,2003,.16288543,.10780728,-1.0600251,-1.0438422,-1.0974255,-1.0670975
a6814,Virginia v. Maryland,1,6473,637,540 U.S. 56,,,,.70867294,.21754719,.068972699,.0097365975,2003,.27823603,.18099058,-.71028948,-.44777974,-.207258,-.45510906
a6814,Virginia v. Maryland,2,6473,3309,540 U.S. 56,,,,.32150957,.1604023,.0252598,.0077673197,2003,.2420367,.11519665,-1.0007491,-.88297081,-.48661038,-.79011011
a6815,McConnell v. Federal Election Commission,1,43187,4025,540 U.S. 93,3,5,4,.71392769,.16656031,.047784749,.0033013225,2003,.29875636,.93797392,-.70634723,-.83607405,-.048901413,-.53044093
a6815,McConnell v. Federal Election Commission,2,43187,573,540 U.S. 93,3,5,4,.69653064,.31516993,.16947305,.014887631,2003,.54151464,.90322989,-.71939892,.29567331,1.8244785,.46691763
a6819,Alaska Department of Environmental Conservation v. Environmental Protection Agency,1,10993,5207,540 U.S. 461,8,5,4,.72622555,.20394444,.097271442,.010188162,2004,.28269976,.87896007,-.69712108,-.55137247,-.17281112,-.47376823
a6822,Groh v. Ramirez,1,4358,1890,540 U.S. 551,8,5,4,1.0549997,.20491445,.091568701,.010450244,2004,.22493386,.19209605,-.45046648,-.54398531,-.61859399,-.53768194
a6822,Groh v. Ramirez,2,4358,2911,540 U.S. 551,8,5,4,.30712411,.12149435,.033199999,.0054192543,2004,.18255365,.11838126,-1.0115415,-1.1792771,-.94564462,-1.0454878
a6823,"General Dynamics Land Systems, Inc. v. Cline",1,5820,356,540 U.S. 581,2,6,3,.7433638,.29546714,.166014,.022693336,2004,.32820934,.29163963,-.68426353,.14562526,.17838897,-.1200831
a6823,"General Dynamics Land Systems, Inc. v. Cline",2,5820,3927,540 U.S. 581,2,6,3,.27622017,.19926959,.04838926,.0043857694,2004,.26173854,.18119532,-1.0347264,-.58697414,-.33457014,-.65209019
a6824,Doe v. Chao,1,3886,4860,540 U.S. 614,5,6,3,.85536969,.15028983,.0269277,.006639719,2004,.13627124,.08311522,-.60023391,-.95998305,-1.3028086,-.95434189
a6824,Doe v. Chao,2,3886,393,540 U.S. 614,5,6,3,1.8155445,.45432425,.12263435,.027017951,2004,.42378163,.32750201,.12011323,1.3554131,.91592598,.79715079
a6825,Olympic Airways v. Husain,1,4076,3225,540 U.S. 644,8,6,2,1.3782239,.20064074,.068100601,.010389149,2004,.28846127,.14972061,-.20797561,-.57653207,-.12834926,-.30428565
a6827,Locke v. Davey,1,3655,2890,540 U.S. 712,3,7,2,.59342241,.21024895,.079881802,.013238549,2004,.27738613,.16025501,-.79675329,-.50336003,-.21381676,-.50464338
a6827,Locke v. Davey,2,3655,272,540 U.S. 712,3,7,2,2.4355795,.31398046,.2028203,.020510316,2004,.39002395,.33639193,.58527905,.28661481,.65541595,.5091033
a683,Harris v. Pennsylvania Railroad,1,159,908,361 U.S. 15,8,5,3,2.4786434,.4357284,.29442549,.0567469,1959,.50166714,.47548234,.61758661,1.2137951,1.516973,1.1161182
a6832,Baldwin v. Reese,1,1681,136,541 U.S. 27,9,8,1,2.4769115,.45165229,.22252333,.022295594,2004,.39337254,.4029789,.61628735,1.3350646,.68125719,.87753642
a6833,Crawford v. Washington,1,10628,2650,541 U.S. 36,1,9,0,.65229797,.19156919,.055424798,.0041534901,2004,.27559578,.88080156,-.75258338,-.64561707,-.22763295,-.54194444
a6835,Nixon v. Missouri Municipal League,1,3971,2062,541 U.S. 125,10,8,1,.92030704,.19338679,.040643401,.0060519576,2004,.20333433,.13124835,-.55151629,-.63177502,-.78527886,-.65619004
a6837,Bedroc Ltd. v. United States,1,3140,1057,541 U.S. 176,8,6,3,.44818655,.15689456,.056788441,.0065014362,2004,.23283446,.1401397,-.9057129,-.90968424,-.55762464,-.79100728
a6838,United States v. Lara,1,4620,1741,541 U.S. 193,2,7,2,1.0876726,.24223679,.051129941,.0072889328,2004,.20230037,.17467743,-.42595446,-.2597543,-.79325801,-.49298891
a6839,Engine Manufacturers Ass'n v. South Coast Air Quality Management District,1,3425,2371,541 U.S. 246,10,8,1,1.9329338,.24582399,.054576341,.0067946315,2004,.24600714,.14882594,.20818163,-.2324357,-.45597023,-.16007477
a684,United Steelworkers v. United States,1,1342,5115,361 U.S. 39,7,8,1,2.3541162,.28802481,.069719099,.0085081458,1959,.20575166,.1722014,.52416319,.088947691,-.76662421,-.051171113
a6840,Vieth v. Jubelirer,1,6785,8346,541 U.S. 267,9,5,4,.56792802,.11413014,.030990841,.0063323975,2004,.22559631,.1230666,-.81587982,-1.2353598,-.61348188,-.88824052
a6840,Vieth v. Jubelirer,2,6785,4385,541 U.S. 267,9,5,4,.60224283,.15232193,.0506065,.0058419704,2004,.23951882,.16907418,-.79013604,-.94450742,-.50604099,-.74689484
a6840,Vieth v. Jubelirer,3,6785,4002,541 U.S. 267,9,5,4,.68287867,.1723009,.071792237,.005916059,2004,.32774514,.17132491,-.72964096,-.79235613,.1748067,-.44906348
a6841,Dretke v. Haley,1,2517,905,541 U.S. 386,1,6,3,2.2520649,.33378404,.076802127,.013809085,2004,.35228068,.29159391,.4476018,.43743044,.36414889,.4163937
a6841,Dretke v. Haley,2,2517,384,541 U.S. 386,1,6,3,7.0991225,.52863663,.32645881,.039736569,2004,.5906297,.44430608,4.0839858,1.9213445,2.2035024,2.7362776
a6842,Scarborough v. Principi,1,6160,1557,541 U.S. 401,6,7,2,2.156348,.2065037,.072365299,.007902503,2004,.22154289,.20744956,.37579253,-.53188223,-.64476228,-.26695067
a6843,Tennessee Student Assistance Corp. v. Hood,1,4072,3016,541 U.S. 440,10,7,2,1.6036085,.2182219,.061239,.0055735707,2004,.25621283,.14963704,-.03888645,-.44264144,-.37721235,-.28624675
a6844,Till v. SCS Credit Corp.,1,5765,6225,541 U.S. 465,8,5,4,.24749766,.1151486,.063666999,.0087506175,2004,.21080297,.099930942,-1.0562747,-1.2276037,-.72764289,-1.0038404
a6845,Tennessee v. Lane,1,7351,5581,541 U.S. 509,2,5,4,.9731608,.11538213,.02909684,.0036697388,2004,.11575305,.067045093,-.51186407,-1.2258252,-1.4611487,-1.0662793
a6845,Tennessee v. Lane,2,7351,3799,541 U.S. 509,2,5,4,3.7989535,.40921319,.090644702,.0078132749,2004,.36104226,.18759239,1.6081163,1.0118666,.43176255,1.0172485
a6845,Tennessee v. Lane,3,7351,120,541 U.S. 509,2,5,4,3.4586768,.34568739,.3066012,.043021739,2004,.46688783,.35118127,1.3528322,.52808124,1.248579,1.0431641
a6846,"Grupo Dataflux v. Atlas Global Group, L. P.",1,4885,5956,541 U.S. 567,9,5,4,1.1587024,.1000354,.022742569,.0069328547,2004,.10779119,.11597693,-.37266615,-1.3426993,-1.522591,-1.0793188
a6848,Thornton v. United States,1,2661,1530,541 U.S. 615,1,7,2,1.5528042,.13642144,.048638642,.0066592693,2004,.2659815,.1893611,-.077001072,-1.0655987,-.30182698,-.48147559
a6849,Yarborough v. Alvarado,1,4572,2226,541 U.S. 652,1,5,4,1.842932,.192693,.0504665,.0095268488,2004,.21667105,.16117322,.14066002,-.63705868,-.68235862,-.39291909
a685,Commissioner v. Acker,1,2326,762,361 U.S. 87,12,6,3,2.5239668,.34100693,.1175022,.013353407,1959,.40373605,.2325902,.65158939,.49243689,.76123309,.63508648
a6850,Republic of Austria v. Altmann,1,7481,7409,541 U.S. 677,1,6,3,2.0509558,.23684376,.058604099,.0076764822,2004,.30174905,.1629315,.29672468,-.3008253,-.025806649,-.0099690901
a6853,Bunting v. Mellen,1,1065,2169,541 U.S. 1019,,,,.73347598,.3232995,.080686502,.010869443,2004,.24382967,.16342342,-.69168162,.3575846,-.47277394,-.26895699
a6856,Hibbs v. Winn,1,6851,5035,542 U.S. 88,10,5,4,2.3291113,.2241623,.035012841,.0047556162,2004,.28553057,.14107716,.50540394,-.39740196,-.15096565,-.014321223
a6857,Pennsylvania State Police v. Suders,1,6177,694,542 U.S. 129,2,8,1,1.901594,.207335,.1102153,.0082725883,2004,.30691892,.29153967,.18466976,-.5255515,.01408953,-.10893074
a6859,Hiibel v. Sixth Judicial District Court,1,3738,1801,542 U.S. 177,1,5,4,1.528779,.29521751,.089283101,.01001507,2004,.25789088,.16390395,-.095025383,.14372422,-.36426273,-.10518797
a6859,Hiibel v. Sixth Judicial District Court,2,3738,812,542 U.S. 177,1,5,4,1.8428689,.33643439,.1458447,.017159581,2004,.28886914,.42376953,.14061271,.45761436,-.12520166,.15767513
a686,Henry v. United States,1,1925,703,361 U.S. 98,1,7,2,1.5263076,.32595015,.1308576,.013924837,1959,.32489324,.23610628,-.096879527,.37777081,.1527984,.14456323
a6861,Pliler v. Ford,1,2331,537,542 U.S. 225,1,7,2,.38754359,.32835186,.1074016,.011845589,2004,.20755422,.27194822,-.95120877,.39606121,-.75271368,-.43595374
a6861,Pliler v. Ford,2,2331,1171,542 U.S. 225,1,7,2,1.3535452,.24233299,.08523,.010791957,2004,.26180995,.2982316,-.2264902,-.25902167,-.33401909,-.273177
a6862,"Intel Corp. v. Advanced Micro Devices, Inc.",1,6846,1787,542 U.S. 241,5,8,1,2.7262931,.28409719,.064983003,.010220766,2004,.34334487,.1977452,.8033796,.059036627,.29519072,.38586897
a6863,Tennard v. Dretke,1,4332,1134,542 U.S. 274,1,6,3,.70562702,.2309456,.05189896,.0061042905,2004,.20928299,.15071654,-.7125746,-.34574318,-.73937267,-.59923017
a6863,Tennard v. Dretke,2,4332,467,542 U.S. 274,1,6,3,1.8277789,.42276984,.15175766,.021921456,2004,.32180291,.30577636,.12929182,1.1151083,.12895019,.45778343
a6863,Tennard v. Dretke,3,4332,120,542 U.S. 274,1,6,3,1.8750963,.50944269,.27508879,.044302642,2004,.51248515,.49025553,.16479051,1.7751715,1.6004562,1.1801394
a6864,Blakely v. Washington,1,5368,3945,542 U.S. 296,1,5,4,1.3326604,.24182045,.0610663,.005715549,2004,.37096947,.23791063,-.24215846,-.26292494,.50837147,.0010960251
a6864,Blakely v. Washington,2,5368,581,542 U.S. 296,1,5,4,1.3861504,.4948476,.1777297,.026324034,2004,.57491994,.46088058,-.20202897,1.6640216,2.0822692,1.1814206
a6864,Blakely v. Washington,3,5368,6118,542 U.S. 296,1,5,4,.89709848,.18903209,.0631698,.0051810741,2004,.35756594,.20925415,-.56892794,-.66493857,.40493557,-.27631032
a6865,Schriro v. Summerlin,1,2964,2500,542 U.S. 348,1,5,4,.93644762,.24716306,.046959501,.0057506561,2004,.20929718,.16450214,-.53940719,-.22223797,-.73926318,-.50030279
a6866,Cheney v. United States District Court for District of Columbia,1,6217,3441,542 U.S. 367,5,7,2,.68087655,.1745013,.047028601,.0083495378,2004,.19487101,.12275612,-.73114306,-.77559888,-.85059083,-.78577757
a6867,Beard v. Banks,1,3978,984,542 U.S. 406,1,5,4,1.9083081,.40559229,.1298876,.0090582371,2004,.27498835,.22134995,.18970685,.98429137,-.23232053,.31389257
a6867,Beard v. Banks,2,3978,806,542 U.S. 406,1,5,4,1.0891992,.31694731,.10210884,.01134944,2004,.31240016,.25424063,-.42480919,.30920908,.056388609,-.019737167
a6868,Rumsfeld v. Padilla,1,7155,3687,542 U.S. 426,1,5,4,.48295152,.1899413,.04775393,.0044032931,2004,.20974165,.13724548,-.87963134,-.65801442,-.73583317,-.75782633
a6869,Rasul v. Bush,1,5556,6351,542 U.S. 466,1,6,3,.54305947,.12464356,.0263592,.0064442754,2004,.21242976,.10057807,-.83453685,-1.1552941,-.71508884,-.90163994
a687,Sentilles v. Inter-Caribbean Shipping Corp.,1,1005,504,361 U.S. 107,8,8,1,4.8938546,.60503703,.23846257,.033940077,1959,.7112667,.55631584,2.4295385,2.5031772,3.1344652,2.6890602
a6870,Hamdi v. Rumsfeld,1,9908,8423,542 U.S. 507,4,8,1,1.5760957,.25744009,.090262063,.013356626,2004,.25402546,.16072989,-.059527233,-.14397249,-.39409241,-.19919738
a6870,Hamdi v. Rumsfeld,2,9908,6407,542 U.S. 507,4,8,1,1.0472866,.15522355,.0722147,.0070194602,2004,.20878392,.12329155,-.45625302,-.92240995,-.74322402,-.70729566
a6871,Missouri v. Seibert,1,4632,2052,542 U.S. 600,1,5,4,.91124368,.23313403,.055968169,.0089927912,2004,.25166219,.22769511,-.55831587,-.32907704,-.41232988,-.43324092
a6872,United States v. Patane,1,3532,744,542 U.S. 630,1,5,4,1.2086724,.3383671,.083574101,.01168716,2004,.28945839,.29466999,-.33517739,.47233307,-.12065437,.0055004358
a6872,United States v. Patane,2,3532,119,542 U.S. 630,1,5,4,2.3198791,.4896619,.36635053,.040002465,2004,.4174065,.45328498,.49847764,1.6245296,.86672872,.99657863
a6873,Ashcroft v. American Civil Liberties Union,1,4282,264,542 U.S. 656,3,5,4,3.3036089,.27183247,.2315412,.031597733,2004,.47240871,.36387199,1.2364963,-.034366302,1.2911841,.8311047
a6873,Ashcroft v. American Civil Liberties Union,2,4282,4785,542 U.S. 656,3,5,4,2.019594,.1705703,.1282191,.0081247687,2004,.25823957,.21173209,.27319625,-.80553567,-.36157191,-.29797044
a6876,Smith v. Texas,1,3718,39,543 U.S. 37,1,7,2,6.7102237,.54747581,.55223477,.17745829,2004,.7149654,.67235988,3.7922239,2.0648155,3.1630085,3.0066826
a6877,"Koons Buick Pontiac GMC, Inc. v. Nigh",1,3935,2279,543 U.S. 50,8,8,1,2.8153417,.21173389,.0874172,.0124771,2004,.27619934,.19249463,.87018609,-.49205136,-.22297527,.051719818
a6879,Kowalski v. Tesmer,1,2531,2972,543 U.S. 125,9,6,3,.56651264,.23357284,.052064799,.0045845509,2004,.16703832,.12624252,-.81694168,-.32573524,-1.0653774,-.73601806
a6880,"Cooper Industries, Inc. v. Aviall Services, Inc.",1,3681,1081,543 U.S. 157,8,7,2,.72660953,.1866217,.04231393,.0064082742,2004,.23354483,.13615561,-.69683301,-.68329513,-.55214268,-.64409029
a6881,Brosseau v. Haugen,1,2296,2089,543 U.S. 194,8,8,1,.43241423,.16443205,.068174697,.0073258877,2004,.22334474,.12991595,-.91754568,-.85228199,-.63085729,-.8002283
a6882,United States v. Booker,1,14392,10467,543 U.S. 220,1,5,4,.38826111,.14000964,.030769801,.0041590929,2005,.17854398,.00017160177,-.95067048,-1.0382726,-.97658741,-.98851019
a6882,United States v. Booker,2,14392,3455,543 U.S. 220,1,5,4,.34504133,.30470765,.052682899,.0060278177,2005,.30063975,.84321171,-.98309499,.21599701,-.0343672,-.26715505
a6882,United States v. Booker,3,14392,4179,543 U.S. 220,1,5,4,.25575545,.26864541,.077534437,.0065890551,2005,.2683385,.8813225,-1.0500795,-.058637593,-.28363782,-.4641183
a6882,United States v. Booker,4,14392,2737,543 U.S. 220,1,5,4,.1348193,.23923385,.047656398,.007804811,2005,.27871192,.89290607,-1.1408088,-.28262341,-.20358558,-.54233927
a6883,Jama v. Immigration & Customs Enforcement,1,5379,6097,543 U.S. 335,2,5,4,.86938691,.12799241,.035891231,.004580617,2005,.20047581,.12680954,-.58971786,-1.1297907,-.80733824,-.84228224
a6884,Clark v. Martinez,1,4628,5435,543 U.S. 371,2,7,2,.86037046,.18798375,.042039301,.007108748,2005,.26449949,.15490955,-.59648222,-.67292225,-.31326374,-.52755606
a6885,Illinois v. Caballes,1,1248,2742,543 U.S. 405,1,6,2,.3746348,.23246896,.084757268,.0099440217,2005,.27378285,.18468833,-.96089327,-.33414191,-.24162348,-.51221955
a6885,Illinois v. Caballes,2,1248,2597,543 U.S. 405,1,6,2,.28661779,.24169651,.074644864,.0093563199,2005,.26260489,.17963481,-1.0269258,-.2638689,-.32788444,-.53955972
a6887,Smith v. Massachusetts,1,3796,1739,543 U.S. 462,1,5,4,.2475162,.15945816,.032845739,.0044784546,2005,.1615715,.12426853,-1.0562608,-.89016098,-1.107565,-1.0179956
a6888,Johnson v. California,1,4529,2378,543 U.S. 499,2,6,2,1.0244331,.1480366,.081385732,.012433767,2005,.23601604,.15234143,-.4733983,-.97714269,-.53307223,-.6612044
a6888,Johnson v. California,2,4529,8650,543 U.S. 499,2,6,2,.50465924,.11209226,.022311199,.0035139918,2005,.14459831,.086486101,-.86334568,-1.2508794,-1.2385483,-1.1175911
a6889,Roper v. Simmons,1,9897,6310,543 U.S. 551,1,5,4,.52058595,.18837935,.072486602,.018516779,2005,.23049968,.89637476,-.85139704,-.6699096,-.57564223,-.69898295
a6889,Roper v. Simmons,2,9897,7689,543 U.S. 551,1,5,4,.99249828,.19025016,.0762254,.01535964,2005,.26648897,.85185432,-.49735662,-.6556623,-.29791078,-.48364323
a6893,Shepard v. United States,1,3733,3378,544 U.S. 13,1,5,3,1.0025455,.15856403,.036808129,.0055773258,2005,.1449365,.11182916,-.48981896,-.89697027,-1.2359383,-.87424254
a6894,Ballard v. Commissioner,1,7283,2247,544 U.S. 40,9,7,2,.32248029,.12782854,.028510399,.0037341714,2005,.27556384,.15788531,-1.0000209,-1.1310387,-.22787949,-.786313
a6895,Wilkinson v. Dotson,1,2774,1497,544 U.S. 74,1,8,1,1.4894249,.28253469,.044874672,.0077126026,2005,.26615047,.20385861,-.12454981,.047137249,-.30052295,-.1259785
a6898,Brown v. Payton,1,3837,5643,544 U.S. 133,1,5,3,1.944945,.114741,.041647699,.0074794292,2005,.21298259,.1544106,.21719272,-1.2307078,-.71082264,-.57477921
a6899,Jackson v. Birmingham Board of Education,1,4550,3943,544 U.S. 167,2,5,4,.9027251,.1395113,.039064299,.0043718815,2005,.21602583,.11477262,-.56470668,-1.0420678,-.68733782,-.76470411
a6900,City of Sherrill v. Oneida Indian Nation,1,7038,1784,544 U.S. 197,2,8,1,1.4056733,.22812724,.05804944,.0094364285,2005,.33284402,.15696239,-.1873824,-.3672066,.21415506,-.11347798
a6903,Johnson v. United States,1,4799,2542,544 U.S. 295,9,5,4,.84993494,.2885536,.060553201,.0067517757,2005,.20376575,.16143584,-.60431123,.09297467,-.78194958,-.43109539
a6904,Pasquantino v. United States,1,6856,3959,544 U.S. 349,1,5,4,1.7276675,.19319904,.048859101,.0052767396,2005,.18842995,.10065788,.054185685,-.63320488,-.90029681,-.49310532
a6905,Small v. United States,1,2465,4173,544 U.S. 385,1,5,3,.63549584,.16000843,.0592071,.0038738251,2005,.13344002,.11224622,-.76518875,-.88597035,-1.3246574,-.99193883
a6906,Pace v. DiGuglielmo,1,3408,3421,544 U.S. 408,9,5,4,.77568811,.20650315,.03379536,.0060453415,2005,.17071533,.12751102,-.66001302,-.5318864,-1.0370016,-.74296701
a6908,Granholm v. Heald,1,8618,10849,544 U.S. 460,8,5,4,1.3363631,.1232133,.040192701,.0047214031,2005,.16291749,.89568204,-.23938064,-1.1661863,-1.097178,-.8342483
a691,Kinsella v. United States ex rel. Singleton,1,4730,3076,361 U.S. 234,2,7,2,.88788599,.1977025,.04089034,.0042233467,1960,.15924287,.14092773,-.5758394,-.59890848,-1.1255352,-.76676106
a6910,Johanns v. Livestock Marketing Ass'n,1,4641,71,544 U.S. 550,3,6,3,5.0549564,.4653554,.35254681,.056712627,2005,.50347006,.46052784,2.5504012,1.4394217,1.5308863,1.8402364
a6910,Johanns v. Livestock Marketing Ass'n,2,4641,3818,544 U.S. 550,3,6,3,1.1825664,.16505019,.041367531,.0068830252,2005,.16716957,.1187579,-.35476276,-.84757447,-1.0643644,-.75556719
a6911,Clingman v. Beaver,1,4614,4440,544 U.S. 581,3,6,3,.9003343,.15137744,.041183949,.0090816021,2005,.24805617,.16070676,-.56650037,-.95170027,-.44015774,-.65278614
a6912,Deck v. Missouri,1,3733,8720,544 U.S. 622,4,7,2,.88787556,.1177873,.0241045,.0050150156,2005,.21679682,.88853729,-.57584721,-1.2075084,-.68138808,-.82158124
a6913,Medellin v. Dretke,1,1777,6000,544 U.S. 660,9,5,4,.48371923,.2095318,.058345441,.011348486,2005,.21692681,.12618917,-.87905538,-.50882155,-.68038487,-.68942058
a6913,Medellin v. Dretke,2,1777,1394,544 U.S. 660,9,5,4,2.1706607,.34373149,.093581103,.022970915,2005,.28098536,.20709217,.38653034,.51318598,-.18604131,.23789167
a6915,Tory v. Cochran,1,1117,577,544 U.S. 734,3,7,2,2.4407716,.37523824,.10393167,.018171668,2005,.28361225,.21229702,.58917421,.75312787,-.1657694,.39217755
a6918,Gonzales v. Raich,1,9904,4916,545 U.S. 1,10,6,3,.842228,.13627259,.038235068,.0040616989,2005,.22286749,.9473151,-.61009312,-1.0667323,-.63454032,-.77045524
a6918,Gonzales v. Raich,2,9904,5134,545 U.S. 1,10,6,3,1.0596251,.1302762,.045511499,.0059329271,2005,.20575565,.94300884,-.44699636,-1.1123983,-.7665934,-.77532935
a692,"Mitchell v. Robert DeMario Jewelry, Inc.",1,2564,2405,361 U.S. 288,7,6,3,1.2037313,.22049963,.045220502,.0072000027,1960,.1894564,.13733089,-.33888432,-.4252952,-.89237565,-.55218506
a6920,Spector v. Norwegian Cruise Line Ltd.,1,5507,4076,545 U.S. 119,2,6,3,1.4038371,.16757524,.034292702,.0039649606,2005,.11502302,.090137422,-.18875995,-.82834476,-1.4667825,-.8279624
a6921,Johnson v. California,1,3165,214,545 U.S. 162,2,8,1,3.1332533,.4149996,.14490969,.02197051,2005,.38564843,.34818435,1.1086913,1.0559335,.6216498,.9287582
a6923,Miller-El v. Dretke,1,11072,10938,545 U.S. 231,1,6,3,.51121128,.059485499,.01623136,.0025430322,2005,.12650776,.00016987324,-.85843015,-1.65151,-1.378154,-1.2960314
a6926,Dodd v. United States,1,2114,4264,545 U.S. 353,1,5,4,1.4942871,.31135699,.067265302,.013849974,2005,.35305744,.24632865,-.12090207,.2666356,.37014326,.17195892
a6926,Dodd v. United States,2,2114,740,545 U.S. 353,1,5,4,5.6383967,.37781346,.088561647,.023360491,2005,.35600901,.30503178,2.9881127,.77273965,.39292064,1.384591
a6927,Rompilla v. Beard,1,5514,3931,545 U.S. 374,1,5,4,1.1752485,.15267277,.031722099,.0048673749,2005,.18999296,.15368932,-.36025283,-.94183564,-.88823497,-.73010778
a6928,Graham County Soil & Water Conservation District v. United States ex rel. Wilson,1,4005,1793,545 U.S. 409,9,7,2,2.3834739,.27521309,.070947997,.012810409,2005,.29460067,.16861236,.54618806,-.0086208973,-.080971159,.15219867
a693,United States v. Price,1,3156,52,361 U.S. 304,12,7,2,5.4261317,.7178638,.50657833,.093213916,1960,.76225495,.6698758,2.828866,3.3624177,3.5279446,3.2397428
a6930,Kelo v. City of New London,1,6564,3862,545 U.S. 469,4,5,4,1.0513147,.18667734,.0381152,.003579855,2005,.18977052,.1135236,-.45323107,-.68287134,-.88995159,-.67535132
a6930,Kelo v. City of New London,2,6564,5954,545 U.S. 469,4,5,4,2.8079121,.24558735,.082194902,.0079051852,2005,.32575017,.18047088,.86461222,-.23423789,.15941142,.26326191
a6931,Gonzalez v. Crosby,1,4288,2255,545 U.S. 524,9,7,2,.35069993,.2449792,.039779659,.0082589388,2005,.25737149,.1691758,-.97884977,-.23886928,-.36827093,-.52866334
a6932,"Exxon Mobil Corp. v. Allapattah Services, Inc.",1,7395,1567,545 U.S. 546,9,5,4,.65050495,.25913271,.087517262,.014528036,2005,.33258086,.24285138,-.75392854,-.13108219,.21212427,-.22429548
a6932,"Exxon Mobil Corp. v. Allapattah Services, Inc.",2,7395,5713,545 U.S. 546,9,5,4,.083821245,.12919205,.024861701,.0057232976,2005,.17111254,.097680867,-1.1790688,-1.1206547,-1.0339364,-1.11122
a6933,Halbert v. Michigan,1,5315,6098,545 U.S. 605,2,7,2,.97875297,.17601749,.027274299,.0057849884,2005,.19315118,.13154703,-.50766867,-.76405215,-.86386287,-.71186125
a6934,Mayle v. Felix,1,5706,4099,545 U.S. 644,1,7,2,1.2249278,.19347835,.0316623,.0079580545,2005,.20059747,.14037126,-.32298219,-.63107777,-.80639941,-.58681977
a6935,Van Orden v. Perry,1,3771,10211,545 U.S. 677,3,5,4,.638713,.1927366,.063543737,.0061075687,2005,.25005698,.91143519,-.76277518,-.63672662,-.4247174,-.60807306
a6935,Van Orden v. Perry,2,3771,41,545 U.S. 677,3,5,4,3.744365,.56746882,.52646911,.10875762,2005,.66955298,.6957649,1.5671626,2.2170739,2.8125579,2.1989315
a6935,Van Orden v. Perry,3,3771,3666,545 U.S. 677,3,5,4,.31593156,.16709566,.049536351,.0075375438,2005,.20410258,.10626924,-1.0049338,-.83199704,-.77935028,-.87209374
a6936,Town of Castle Rock v. Gonzales,1,6308,7716,545 U.S. 748,4,7,2,1.1488136,.13666689,.01954544,.0031818151,2005,.16546196,.090189576,-.38008496,-1.0637295,-1.0775422,-.84045219
a6937,Bell v. Thompson,1,5665,9039,545 U.S. 794,9,5,4,.65082437,.13349724,.074853063,.014632404,2005,.20537341,.19694281,-.75368893,-1.0878682,-.76954317,-.87036675
a6938,McCreary County v. American Civil Liberties Union,1,10401,9359,545 U.S. 844,3,5,4,.31832784,.1180116,.0274687,.0031075478,2005,.1959188,.84556031,-1.0031362,-1.2058003,-.84250498,-1.0171472
a694,Hess v. United States,1,2730,5996,361 U.S. 314,8,6,3,1.0045599,.2486397,.055817299,.011743009,1960,.30145413,.13725162,-.48830771,-.21099247,-.028082594,-.24246092
a6940,National Cable & Telecommunications Ass'n v. Brand X Internet Services,1,8870,5227,545 U.S. 967,9,6,3,.60801578,.10533535,.044570498,.0067381859,2005,.21188796,.13541156,-.78580499,-1.3023372,-.71927005,-.93580407
a6941,Schaffer ex rel. Schaffer v. Weast,1,3506,1539,546 U.S. 49,2,6,2,.89919943,.2049094,.052648541,.0073575974,2005,.27655703,.13145298,-.56735176,-.54402375,-.22021498,-.44386351
a6941,Schaffer ex rel. Schaffer v. Weast,2,3506,1426,546 U.S. 49,2,6,2,1.7090163,.25143886,.059626099,.0096489787,2005,.21198261,.15224284,.040193144,-.18967532,-.7185396,-.28934059
a6942,Wagnon v. Prairie Band Potawatomi Nation,1,5718,5322,546 U.S. 95,2,7,2,.49257612,.15248054,.03655744,.0041393638,2005,.19466096,.11885482,-.87241071,-.94329953,-.85221177,-.88930732
a6945,"Volvo Trucks North America, Inc. v. Reeber-Simco GMC, Inc.",1,4144,1934,546 U.S. 164,8,7,2,.66012663,.14782524,.027627939,.0051164031,2006,.18397921,.14226413,-.74671012,-.97875232,-.93464345,-.88670194
a6947,Brown v. Sanders,1,3876,948,546 U.S. 212,1,5,4,.59422684,.21767689,.061262,.009642303,2006,.23182148,.20231843,-.79614979,-.44679201,-.56544185,-.60279453
a6947,Brown v. Sanders,2,3876,4420,546 U.S. 212,1,5,4,.77779949,.16661181,.033597,.0062689185,2006,.20978296,.19523907,-.65842903,-.83568186,-.7355144,-.74320841
a6948,Gonzales v. Oregon,1,8181,7817,546 U.S. 243,5,6,3,.85403162,.13427275,.034044199,.0046810508,2006,.1386708,.080300391,-.60123777,-1.0819622,-1.2842911,-.9891637
a6948,Gonzales v. Oregon,2,8181,1142,546 U.S. 243,5,6,3,1.7453258,.3708975,.1025305,.014697909,2006,.30690032,.23589176,.067433424,.72007066,.013946019,.26715004
a695,Goett v. Union Carbide Corp.,1,1158,359,361 U.S. 340,8,5,4,2.3685954,.38436961,.099376857,.015320241,1960,.34482479,.27577841,.53502584,.82266849,.30661139,.55476856
a695,Goett v. Union Carbide Corp.,2,1158,982,361 U.S. 340,8,5,4,2.2415562,.37920839,.1056311,.017574549,1960,.30422837,.21102643,.43971786,.78336281,-.0066736308,.405469
a695,Goett v. Union Carbide Corp.,3,1158,1237,361 U.S. 340,8,5,4,.8755852,.27581379,.0656306,.012522042,1960,.25573069,.18686426,-.58506775,-.0040462567,-.38093308,-.32334903
a6950,Central Virginia Community College v. Katz,1,7176,4765,546 U.S. 356,10,5,4,1.1553075,.15309733,.0346503,.0056563616,2006,.23336017,.15221286,-.37521306,-.93860233,-.55356765,-.62246102
a6951,"Unitherm Food Systems, Inc. v. Swift-Eckrich, Inc.",1,3995,839,546 U.S. 394,9,7,2,.95636868,.3833462,.097799197,.01273787,2006,.40965688,.33671194,-.52446193,.81487465,.80692446,.36577907
a6952,"Buckeye Check Cashing, Inc. v. Cardegna",1,2342,113,546 U.S. 440,8,7,1,.25334725,.4359729,.2335217,.044471741,2006,.50807238,.39288425,-1.0518862,1.2156571,1.5664027,.57672453
a6953,Lance v. Dennis,1,2357,878,546 U.S. 459,9,9,0,2.2438884,.3562597,.089670204,.018472373,2006,.30810189,.23821878,.44146752,.60859543,.023218606,.35776052
a6954,Dolan v. United States Postal Service,1,3061,2306,546 U.S. 481,8,7,1,1.0951623,.12406385,.037494302,.0055065751,2006,.19591868,.11430174,-.42033553,-1.159709,-.84250587,-.80751681
a6958,Georgia v. Randolph,1,5916,5294,547 U.S. 103,1,5,3,.86463994,.1169753,.037119031,.0039826632,2006,.16730177,.12691343,-.59327912,-1.2136923,-1.0633442,-.95677191
a6958,Georgia v. Randolph,2,5916,866,547 U.S. 103,1,5,3,3.112509,.40465325,.1738622,.014142871,2006,.39104098,.40455687,1.0931284,.97714001,.66326445,.91117764
a6958,Georgia v. Randolph,3,5916,1222,547 U.S. 103,1,5,3,.60551435,.35702026,.1239052,.015101194,2006,.45481807,.28931123,-.78768164,.61438751,1.155436,.32738063
a6959,Day v. McDonough,1,3484,225,547 U.S. 198,1,6,3,1.4709427,.54512614,.21546376,.04339844,2006,.65140843,.44809371,-.13841562,2.0469215,2.6725354,1.5270138
a6959,Day v. McDonough,2,3484,2510,547 U.S. 198,1,6,3,1.0411413,.33235189,.065699197,.00999856,2006,.29715133,.2196607,-.46086341,.42652377,-.061287552,-.03187573
a696,Davis v. Virginian Railway Co.,1,1242,508,361 U.S. 354,8,6,3,2.9265137,.31299949,.13944256,.017426133,1960,.41418034,.35536367,.9535901,.27914414,.84183222,.69152212
a6960,Jones v. Flowers,1,5690,3157,547 U.S. 220,4,5,3,1.3420882,.1408848,.051885899,.0078033209,2006,.15117574,.11822575,-.2350855,-1.0316077,-1.1877898,-.81816101
a6961,Hartman v. Moore,1,4737,439,547 U.S. 250,3,5,2,3.1842046,.34474057,.1134242,.019693673,2006,.25176501,.24846971,1.1469163,.52087063,-.41153643,.41875017
a6966,Garcetti v. Ceballos,1,4029,496,547 U.S. 410,3,5,4,1.5338411,.41229904,.1322384,.021724105,2006,.32663453,.26169246,-.091227666,1.035367,.16623603,.37012511
a6966,Garcetti v. Ceballos,2,4029,5677,547 U.S. 410,3,5,4,1.0931627,.19326881,.040770002,.0067511201,2006,.19481206,.13280886,-.42183569,-.63267356,-.85104573,-.635185
a6966,Garcetti v. Ceballos,3,4029,1645,547 U.S. 410,3,5,4,1.8915071,.3738209,.13240901,.0091805458,2006,.29605609,.24911642,.17710233,.74233401,-.06973955,.28323227
a697,"Local No. 8-6, Oil, Chemical & Atomic Workers International Union v. Missouri",1,2429,181,361 U.S. 363,9,6,3,1.9703058,.3603245,.29124841,.037877083,1960,.41273963,.36017966,.23621905,.63955122,.83071423,.56882817
a6970,Hudson v. Michigan,1,4770,8851,547 U.S. 586,1,5,4,.7951588,.13695335,.03021574,.0021384358,2006,.15301543,.083735824,-.64540565,-1.061548,-1.1735927,-.96018213
a6972,"Howard Delivery Service, Inc. v. Zurich American Insurance",1,4604,2589,547 U.S. 651,8,6,3,.57398671,.1692829,.0430912,.007158339,2006,.24890041,.1514492,-.81133449,-.81533998,-.43364272,-.68677241
a6973,"Empire Healthchoice Assurance, Inc. v. McVeigh",1,6288,3957,547 U.S. 677,9,5,4,.81363255,.19402045,.05320007,.0056273341,2006,.19107652,.17034656,-.63154614,-.62694937,-.8798731,-.71278954
a6974,Rapanos v. United States,1,12520,8030,547 U.S. 715,8,5,4,.58565086,.087595597,.026222199,.0033297539,2006,.15017241,.85734379,-.80258369,-1.4374355,-1.1955326,-1.1451839
a6974,Rapanos v. United States,2,12520,398,547 U.S. 715,8,5,4,.73816043,.39543501,.26179609,.034346223,2006,.35777521,.90503442,-.68816721,.90693778,.40655053,.20844036
a6976,Samson v. California,1,3663,3228,547 U.S. 843,1,6,3,.77544266,.22449259,.04438806,.0093095303,2006,.1783511,.1280697,-.6601972,-.39488652,-.97807586,-.67771983
a6977,Youngblood v. West Virginia,1,972,1570,547 U.S. 867,1,6,3,6.2133417,.69016129,.1939805,.035178721,2006,.60570192,.39428788,3.4194508,3.1514473,2.3198156,2.9635713
a6977,Youngblood v. West Virginia,2,972,111,547 U.S. 867,1,6,3,6.0677738,.71986258,.45624185,.067102671,2006,.73177505,.7757141,3.3102419,3.3776395,3.2927294,3.3268702
a6979,Fernandez-Vargas v. Gonzales,1,5201,1620,548 U.S. 30,2,8,1,.96595138,.20614105,.065523863,.0056459308,2006,.19361812,.1827358,-.51727277,-.53464401,-.86025941,-.63739204
a698,"Arnold v. Ben Kanowsky, Inc.",1,1802,887,361 U.S. 388,7,8,1,5.0824256,.3190223,.15592059,.020801961,1960,.30647367,.29652339,2.5710092,.32501128,.010653536,.96889132
a6982,Kansas v. Marsh,1,4550,527,548 U.S. 163,1,5,4,1.5589396,.52855265,.19884899,.025673032,2006,.39567101,.32327664,-.072398186,1.9207048,.69899464,.84910041
a6982,Kansas v. Marsh,2,4550,5903,548 U.S. 163,1,5,4,2.8569489,.61314714,.12464964,.021975517,2006,.42261279,.29971975,.90140086,2.5649405,.90690595,1.4577491
a6982,Kansas v. Marsh,3,4550,4164,548 U.S. 163,1,5,4,1.303874,.35158339,.065211803,.0099149346,2006,.30557024,.21209204,-.26375476,.57298267,.0036817316,.10430322
a6983,Washington v. Recuenco,1,2648,2074,548 U.S. 212,1,7,2,2.3641479,.27587029,.12223244,.011624694,2006,.2346651,.17375481,.53168923,-.003615937,-.5434975,-.0051414045
a6984,Randall v. Sorrell,1,8233,5439,548 U.S. 230,3,6,3,.95756227,.13810074,.0399445,.0054699779,2006,.20505285,.14370978,-.52356648,-1.05281,-.77201694,-.78279781
a6985,Arlington Central School District Board of Education v. Murphy,1,3665,7336,548 U.S. 291,6,6,3,.52128553,.20765521,.053594951,.0076118708,2006,.17768335,.12302363,-.85087222,-.52311289,-.98322898,-.78573805
a6988,Beard v. Banks,1,8976,1067,548 U.S. 521,3,6,2,1.337847,.21372795,.0718266,.014412284,2006,.28897893,.17565739,-.23826738,-.47686544,-.12435439,-.27982908
a6991,Ayers v. Belmontes,1,4693,6837,549 U.S. 7,1,5,4,.77227628,.10707444,.024090299,.0023944974,2006,.17717367,.12873381,-.66257268,-1.289093,-.98716217,-.97960931
a6992,Lopez v. Gonzales,1,3726,2435,549 U.S. 47,2,8,1,.19099531,.17313176,.0351732,.007167697,2006,.15338361,.13310206,-1.0986642,-.78602868,-1.1707515,-1.0184815
a6994,United States v. Resendiz-Ponce,1,2665,1984,549 U.S. 102,1,8,1,2.507797,.35382974,.080912702,.017196178,2007,.24283183,.15884584,.63945836,.59008992,-.48047435,.24969131
a6995,"Medimmune, Inc. v. Genentech, Inc.",1,5951,3011,549 U.S. 118,9,8,1,.9413107,.18176471,.04362214,.0038180351,2007,.17498004,.11091572,-.53575879,-.72028387,-1.0040905,-.75337774
a6998,Osborn v. Haley,1,8093,2158,549 U.S. 225,9,7,2,3.0306582,.40535331,.1312965,.0127213,2007,.38116062,.27893996,1.0317219,.98247135,.58701712,.86707014
a6999,Cunningham v. California,1,6758,852,549 U.S. 270,1,6,3,.60722971,.29898417,.1642604,.016066194,2007,.41584998,.36809474,-.78639472,.17240946,.85471702,.080243923
a6999,Cunningham v. California,2,6758,4747,549 U.S. 270,1,6,3,.2006907,.1684109,.037135102,.003238678,2007,.18631548,.14610893,-1.0913905,-.82198077,-.91661435,-.94332856
a7,Town of Greece v. Galloway,1,12481,10455,134 S. Ct. 1811,3,5,4,.37076557,.105062,.030955,.0039051771,2014,.1578899,.00083804131,-.96379602,-1.3044189,-1.1359762,-1.1347303
a7000,Lawrence v. Florida,1,2526,2718,549 U.S. 327,1,5,4,.93534887,.1965207,.039753899,.0058026314,2007,.19582564,.1321432,-.54023153,-.60790849,-.84322387,-.66378796
a7001,Philip Morris USA v. Williams,1,2902,1097,549 U.S. 346,8,5,4,.5026474,.30064321,.074656963,.0086741447,2007,.33238232,.23133689,-.86485499,.18504398,.21059211,-.1564063
a7001,Philip Morris USA v. Williams,2,2902,196,549 U.S. 346,8,5,4,.62299585,.44038951,.151484,.048784494,2007,.50511897,.48333603,-.77456659,1.2492921,1.543611,.67277884
a7001,Philip Morris USA v. Williams,3,2902,720,549 U.S. 346,8,5,4,.22694004,.26381481,.12239623,.0083492398,2007,.31173724,.22406584,-1.0716976,-.095425367,.051272791,-.37195006
a7002,Marrama v. Citizens Bank,1,3383,2732,549 U.S. 365,8,5,4,1.1087179,.16657931,.0531062,.0049294233,2007,.16163051,.20014161,-.41016573,-.83592939,-1.1071097,-.7844016
a7003,Wallace v. Kato,1,4107,1716,549 U.S. 384,2,7,2,3.2965784,.35834473,.12633824,.010828018,2007,.37435883,.29086196,1.2312219,.62447417,.5345273,.79674113
a7004,Rockwell International Corp. v. United States,1,6060,918,549 U.S. 457,8,6,2,2.0434809,.15479136,.083058499,.011213303,2007,.17804474,.12883538,.2911168,-.92570138,-.98044014,-.53834158
a7006,Massachusetts v. Environmental Protection Agency,1,10133,4517,549 U.S. 497,9,5,4,1.2816869,.1736555,.10269773,.010586858,2007,.25281757,.90102923,-.28040007,-.78204012,-.40341377,-.48861799
a7006,Massachusetts v. Environmental Protection Agency,2,10133,3550,549 U.S. 497,9,5,4,1.7372471,.17406195,.059548602,.0077209473,2007,.25290704,.88502091,.061372586,-.77894473,-.40272334,-.37343183
a7008,"Watters v. Wachovia Bank, N. A.",1,5114,7295,550 U.S. 1,10,5,3,.55986679,.13554551,.0479348,.0060172081,2007,.22917336,.12538636,-.82192761,-1.0722696,-.58587754,-.82669157
a7009,"Global Crossing Telecommunications, Inc. v. Metrophones Telecommunications, Inc.",1,6248,2223,550 U.S. 45,8,7,2,.61637664,.13684881,.056993369,.0079985857,2007,.22203904,.15404135,-.77953249,-1.0623442,-.64093345,-.8276034
a7009,"Global Crossing Telecommunications, Inc. v. Metrophones Telecommunications, Inc.",2,6248,1993,550 U.S. 45,8,7,2,.48353052,.20824176,.035876449,.0056532621,2007,.23564273,.15942937,-.87919694,-.51864594,-.53595304,-.64459866
a701,United States v. Mersey,1,2963,2756,361 U.S. 431,9,6,3,2.6523652,.48972261,.1905095,.013010502,1960,.37531447,.38597608,.74791706,1.6249919,.54190207,.97160369
a701,United States v. Mersey,2,2963,1996,361 U.S. 431,9,6,3,2.4181094,.4848974,.22079134,.015142798,1960,.29374903,.22600865,.57217252,1.5882452,-.087543249,.69095814
a7010,Zuni Public School District No. 89 v. Department of Education,1,6048,5045,550 U.S. 81,9,5,4,.54645467,.1810959,.1117127,.012181878,2007,.31676263,.17066741,-.83198971,-.7253772,.090053998,-.4891043
a7010,Zuni Public School District No. 89 v. Department of Education,2,6048,70,550 U.S. 81,9,5,4,5.1469703,.51364726,.58221686,.10470438,2007,.60108954,.56339329,2.6194322,1.8071917,2.2842216,2.2369485
a7011,Gonzales v. Carhart,1,11537,7606,550 U.S. 124,5,5,4,1.0731382,.12982595,.035826899,.0071547031,2007,.17754155,.78258735,-.43685851,-1.1158272,-.98432326,-.84566963
a7012,James v. United States,1,6262,5626,550 U.S. 192,1,5,4,.61971569,.27373481,.071979336,.008744359,2007,.22691643,.1197679,-.77702743,-.019878881,-.60329437,-.46673357
a7012,James v. United States,2,6262,344,550 U.S. 192,1,5,4,2.5343695,.32851121,.30624321,.043458581,2007,.38793653,.38300204,.65939373,.39727476,.63930726,.56532526
a7013,Abdul-Kabir v. Quarterman,1,9588,5064,550 U.S. 233,1,5,4,.51697117,.1425359,.052239951,.0076508522,2007,.23333383,.1311419,-.85410893,-1.0190337,-.55377096,-.80897117
a7013,Abdul-Kabir v. Quarterman,2,9588,1497,550 U.S. 233,1,5,4,.52551806,.25997409,.065660827,.010284126,2007,.32350439,.21033669,-.84769684,-.12467461,.14208058,-.27676362
a7014,Smith v. Texas,1,5344,4162,550 U.S. 297,1,5,4,.24398154,.18327636,.056295902,.0045450926,2007,.16839617,.1491791,-1.0589126,-.70877177,-1.0548986,-.94086099
a7016,Scott v. Harris,1,4176,2870,550 U.S. 372,1,8,1,2.2985206,.11546934,.06509006,.0094798207,2007,.26690984,.15016723,.48245397,-1.2251611,-.29466292,-.34579
a7017,Microsoft Corp. v. AT&T Corp.,1,5837,700,550 U.S. 437,8,7,1,.97576106,.15598553,.13024721,.0097459555,2007,.17433709,.15599841,-.50991333,-.91660702,-1.0090523,-.81185752
a7018,Schriro v. Landrigan,1,4034,6116,550 U.S. 465,1,5,4,.91179746,.19739699,.049736802,.0082037449,2007,.29450536,.17843145,-.55790037,-.60123503,-.081706658,-.41361403
a702,Lewis v. Benedict Coal Corp.,1,3660,1633,361 U.S. 459,8,7,1,.88500035,.30452186,.091717698,.012456417,1960,.22918528,.19267225,-.57800424,.21458213,-.58578551,-.31640255
a7020,Bell Atlantic Corp. v. Twombly,1,7903,9499,550 U.S. 544,8,7,2,.68525624,.1473098,.042566061,.0053628683,2007,.15901196,.9158535,-.72785729,-.98267776,-1.1273172,-.94595075
a7021,Roper v. Weaver,1,884,1907,550 U.S. 598,1,6,3,.23015141,.32059073,.076384299,.019462943,2007,.24092764,.18429846,-1.0692883,.33695582,-.4951691,-.40916717
a7023,Ledbetter v. Goodyear Tire & Rubber Co.,1,7410,5946,550 U.S. 618,2,5,4,.77021444,.083050847,.022673501,.0027204752,2007,.13655019,.090099573,-.66411954,-1.4720464,-1.3006561,-1.1456074
a7024,Uttecht v. Brown,1,9793,3450,551 U.S. 1,1,5,4,.46578681,.13968261,.070432901,.020056129,2007,.22016478,.1268484,-.89250875,-1.0407631,-.6553973,-.86288971
a7024,Uttecht v. Brown,2,9793,425,551 U.S. 1,1,5,4,3.1324744,.4112232,.27996933,.036592126,2007,.40509814,.38347775,1.108107,1.027174,.77174437,.96900845
a7026,Erickson v. Pardus,1,1689,118,551 U.S. 89,9,7,1,5.5164528,.56046742,.3810932,.0662449,2007,.60436177,.56415373,2.8966272,2.1637542,2.3094735,2.4566183
a7029,Permanent Mission of India to the United Nations v. City of New York,1,2425,768,551 U.S. 193,8,7,2,1.0535034,.31402549,.10343385,.012715936,2007,.25509751,.20440048,-.45158905,.28695774,-.38581935,-.18348356
a7030,Bowles v. Russell,1,2908,3225,551 U.S. 205,9,5,4,.60622585,.25238481,.046319801,.010103583,2007,.29076916,.19940132,-.78714788,-.18247132,-.11053912,-.36005276
a7031,"Powerex Corp. v. Reliant Energy Servs., Inc.",1,4139,2801,551 U.S. 224,9,7,2,.75183129,.33901051,.1033064,.0117625,2007,.1772542,.17640597,-.67791098,.47723293,-.98654073,-.39573959
a7032,Credit Suisse Securities (USA) LLC v. Billing,1,5711,1048,551 U.S. 264,8,7,1,2.4131346,.55631351,.14746711,.020381808,2007,.50776255,.36074519,.56844026,2.1321197,1.5640117,1.4215238
a7034,"Tellabs, Inc. v. Makor Issues & Rights, Ltd.",1,5450,877,551 U.S. 308,8,8,1,2.3381717,.32721591,.1161406,.017541766,2007,.33848095,.22401547,.51220125,.38741034,.25765559,.38575572
a7035,Rita v. United States,1,6068,2705,551 U.S. 338,1,8,1,1.6933879,.43858194,.080521502,.017009735,2007,.46351886,.28178483,.028468283,1.2355264,1.2225806,.82885844
a7036,Morse v. Frederick,1,4462,4933,551 U.S. 393,3,5,4,.68131274,.16628677,.0463867,.0068289638,2007,.21020246,.12301356,-.73081577,-.83815724,-.73227715,-.76708341
a7037,"Federal Election Commission v. Wisconsin Right to Life, Inc.",1,9176,10826,551 U.S. 449,3,5,4,2.1190243,.1136518,.061427999,.0051833391,2007,.2745111,.86238432,.34779137,-1.2390027,-.23600353,-.37573829
a7039,"Hein v. Freedom from Religion Foundation, Inc.",1,7272,2157,551 U.S. 587,9,5,4,2.0396869,.16604745,.084029898,.0095674992,2007,.24090117,.16716325,.2882705,-.83997971,-.49537331,-.34902751
a7040,National Ass'n of Home Builders v. Defenders of Wildlife,1,7856,8313,551 U.S. 644,8,5,4,.50825965,.086029649,.021059699,.0025999546,2007,.15751702,.074036837,-.86064452,-1.4493611,-1.1388538,-1.1496198
a7040,National Ass'n of Home Builders v. Defenders of Wildlife,2,7856,707,551 U.S. 644,8,5,4,.82030809,.33872974,.1503012,.011782527,2007,.35014784,.25480944,-.62653798,.47509474,.34768969,.065415479
a7041,Parents Involved in Community Schools v. Seattle School District No. 1,1,12811,1748,551 U.S. 701,2,5,4,.75965488,.35556629,.059342861,.01092571,2007,.38064456,.86373651,-.67204154,.60331476,.58303463,.17143595
a7041,Parents Involved in Community Schools v. Seattle School District No. 1,2,12811,21669,551 U.S. 701,2,5,4,.61376977,.1424551,.029273801,.0039656162,2007,.1798355,.00026661158,-.78148824,-1.019649,-.96662074,-.92258602
a7042,"Leegin Creative Leather Products, Inc. v. PSKS, Inc.",1,8315,6897,551 U.S. 877,8,5,4,.46782574,.16471636,.046726301,.005826354,2007,.21366054,.1487267,-.89097905,-.85011673,-.7055909,-.81556225
a7043,Panetti v. Quarterman,1,8966,6369,551 U.S. 930,1,5,4,.42199823,.1009264,.026700599,.0051313639,2007,.14760184,.10491604,-.92536002,-1.3359139,-1.2153697,-1.1588812
a7044,Allen v. Siebert,1,1305,303,552 U.S. 3,9,7,2,1.1146363,.27155811,.11833847,.023741007,2007,.27622396,.33062416,-.40572563,-.036455713,-.22278529,-.22165555
a7045,Gall v. United States,1,6464,41,552 U.S. 38,1,7,2,1.3608099,.52493286,.54250294,.09872371,2007,.58041036,.54403394,-.22104001,1.8931382,2.124639,1.2655791
a7045,Gall v. United States,2,6464,3883,552 U.S. 38,1,7,2,1.1095297,.2950705,.082079299,.0078139305,2007,.26222795,.21104187,-.40955669,.14260462,-.33079329,-.19924845
a7047,Kimbrough v. United States,1,6725,738,552 U.S. 85,1,7,2,.46915045,.39715284,.20333207,.029194832,2007,.31248373,.26323062,-.88998526,.9200201,.05703349,.029022777
a7047,Kimbrough v. United States,2,6725,107,552 U.S. 85,1,7,2,.55909252,.4418911,.42117429,.055903316,2007,.48342174,.44145864,-.82250845,1.2607276,1.3761722,.60479712
a7049,John R. Sand & Gravel Co. v. United States,1,2414,1596,552 U.S. 130,9,7,2,2.0812588,.3508805,.085911497,.0095720291,2008,.33144748,.26067114,.31945875,.56762975,.2033779,.36348879
a7049,John R. Sand & Gravel Co. v. United States,2,2414,1040,552 U.S. 130,9,7,2,2.0149143,.35896814,.11193454,.010962844,2008,.3597365,.27713794,.26968545,.62922174,.42168593,.44019771
a7050,"Stoneridge Investment Partners, LLC v. Scientific-Atlanta, Inc.",1,4705,4698,552 U.S. 148,8,5,3,.92693037,.1543553,.03514564,.0056408644,2008,.20561886,.13920736,-.54654729,-.92902219,-.76764899,-.74773949
a7052,Ali v. Federal Bureau of Prisons,1,4462,4756,552 U.S. 214,8,5,4,.66512984,.16855051,.036659099,.0045352578,2008,.21124864,.11504269,-.74295658,-.82091755,-.72420371,-.76269263
a7052,Ali v. Federal Bureau of Prisons,2,4462,1428,552 U.S. 214,8,5,4,1.6630474,.34851161,.11409163,.013117194,2008,.32071948,.22711974,.0057061315,.54958928,.12058928,.22529489
a7054,Danforth v. Minnesota,1,6920,6652,552 U.S. 264,1,7,2,.3753362,.18506706,.047918741,.0050253272,2008,.32381904,.15851194,-.96036702,-.69513458,.14450876,-.50366426
a7055,"Riegel v. Medtronic, Inc.",1,4956,4406,552 U.S. 312,10,8,1,.69210547,.1744573,.049142599,.0086144805,2008,.2222656,.1325174,-.72271883,-.77593398,-.63918513,-.71261263
a7056,Preston v. Ferrer,1,4462,124,552 U.S. 346,10,8,1,2.1907358,.43904489,.27140653,.042986989,2008,.61242783,.44926101,.40159115,1.2390521,2.3717198,1.3374543
a7058,Federal Express Corp. v. Holowecki,1,4810,4118,552 U.S. 389,2,7,2,1.1197536,.10042673,.048342101,.0053077936,2008,.21731257,.15243739,-.40188649,-1.3397191,-.67740792,-.80633783
a7059,Washington State Grange v. Washington State Republican Party,1,4884,3146,552 U.S. 442,2,7,2,1.4232846,.20625883,.067618847,.0091876388,2008,.30000913,.20158446,-.1741699,-.53374708,-.039233707,-.24905023
a706,Scales v. United States,1,202,890,361 U.S. 952,,,,3.0662136,.46019441,.182078,.03467828,1960,.3074277,.341874,1.0583965,1.4001178,.018015856,.82551003
a7060,Snyder v. Louisiana,1,3663,1395,552 U.S. 472,2,7,2,.9817909,.20631516,.072943904,.0087184906,2008,.25230771,.19425994,-.50538957,-.5333181,-.40734836,-.48201868
a7061,Medellin v. Texas,1,11797,11493,552 U.S. 491,10,6,3,.36907053,.16285209,.035614248,.0046094656,2008,.16238773,.00041979551,-.96506768,-.86431426,-1.1012661,-.9768827
a7062,"Hall Street Associates, L. L. C. V. Mattel, Inc.",1,4937,1158,552 U.S. 576,8,6,3,.58935493,.2996496,.065002441,.011268079,2008,.32769173,.23187882,-.79980487,.17747706,.17439456,-.14931108
a7062,"Hall Street Associates, L. L. C. V. Mattel, Inc.",2,4937,252,552 U.S. 576,8,6,3,.35911071,.46241739,.1732147,.020566463,2008,.45395839,.46806467,-.97253978,1.417047,1.1488018,.53110301
a7063,New Jersey v. Delaware,1,7387,1093,552 U.S. 597,11,5,3,1.3532579,.18852425,.076866597,.013345957,2008,.24518126,.22630632,-.22670573,-.66880608,-.4623436,-.45261848
a7063,New Jersey v. Delaware,2,7387,6118,552 U.S. 597,11,5,3,.75218117,.1293433,.043320399,.0057281256,2008,.2016679,.10420001,-.67764854,-1.1195029,-.79813874,-.86509675
a7065,Baze v. Rees,1,7301,3101,553 U.S. 35,1,7,2,.74874687,.10306686,.03852934,.0041086674,2008,.17569262,.098922551,-.68022501,-1.319613,-.9985916,-.99947655
a7066,Begay v. United States,1,2952,2873,553 U.S. 137,1,6,3,.44022796,.24070489,.077004097,.0082276464,2008,.20825386,.19600391,-.91168362,-.2714206,-.74731457,-.64347291
a7068,Crawford v. Marion County Election Board,1,6411,9801,553 U.S. 181,2,6,3,.48459873,.1252699,.037696701,.0038079619,2008,.17933404,.84043789,-.87839556,-1.1505241,-.97049046,-.99980336
a7068,Crawford v. Marion County Election Board,2,6411,1298,553 U.S. 181,2,6,3,1.1367728,.23956481,.059552301,.0070968866,2008,.28957772,.19930983,-.38911828,-.280103,-.1197335,-.26298493
a7069,Gonzalez v. United States,1,3455,4253,553 U.S. 242,1,8,1,.8558799,.23098314,.058397401,.0087943077,2008,.23964095,.17979032,-.59985113,-.34545732,-.50509852,-.48346898
a707,Nelson v. County of Los Angeles,1,2215,423,362 U.S. 1,3,5,3,6.0701723,.3916322,.24163127,.023510695,1960,.45368111,.32398325,3.3120415,.87797725,1.146662,1.7788936
a707,Nelson v. County of Los Angeles,2,2215,2020,362 U.S. 1,3,5,3,1.0761002,.29570881,.094049402,.015294313,1960,.26813692,.18902022,-.43463635,.14746569,-.28519344,-.19078803
a7070,United States v. Ressam,1,1498,2012,553 U.S. 272,1,8,1,.9072054,.26710409,.065126598,.012325287,2008,.27345455,.16705155,-.56134546,-.070375599,-.244157,-.29195935
a7071,United States v. Williams,1,6134,6308,553 U.S. 285,3,7,2,1.8149776,.26509681,.057449941,.0082303882,2008,.25616145,.18727064,.11968797,-.085662156,-.37760884,-.11452767
a7072,Department of Revenue of Kentucky v. Davis,1,8870,4494,553 U.S. 328,8,7,2,.47730169,.1443636,.053158902,.006325841,2008,.28288364,.14055628,-.88387001,-1.0051147,-.1713921,-.68679225
a7072,Department of Revenue of Kentucky v. Davis,2,8870,57,553 U.S. 328,8,7,2,2.4017711,.670973,.5059976,.092505574,2008,.57880336,.53628737,.55991507,3.0053174,2.1122379,1.8924901
a7073,United States v. Santos,1,1060,4063,553 U.S. 507,1,5,4,.67185593,.20931715,.075239502,.020910084,2008,.307383,.17696941,-.73791051,-.51045626,.017670877,-.41023198
a7073,United States v. Santos,2,1060,6546,553 U.S. 507,1,5,4,.52317053,.27531785,.095273003,.014468849,2008,.36387914,.19949496,-.84945804,-.0078231273,.45365494,-.13454208
a7076,Dada v. Mukasey,1,5995,2756,554 U.S. 1,2,5,4,.3647804,.2015463,.047302101,.017989635,2008,.20221335,.16620421,-.96828628,-.56963575,-.79392958,-.77728385
a7076,Dada v. Mukasey,2,5995,505,554 U.S. 1,2,5,4,.79577792,.31697655,.16623379,.023210824,2008,.34544975,.26464593,-.64494115,.30943173,.31143418,-.00802508
a7077,"Florida Department of Revenue v. Piccadilly Cafeterias, Inc.",1,5758,2222,554 U.S. 33,8,7,2,.50705659,.2166844,.049545649,.008287847,2008,.17818493,.1247828,-.86154711,-.45435038,-.97935832,-.76508528
a7078,Chamber of Commerce v. Brown,1,4492,2025,554 U.S. 60,10,7,2,1.1819597,.18522465,.042225301,.0088621378,2008,.19080812,.17559689,-.35521787,-.69393438,-.88194436,-.64369887
a7080,Metropolitan Life Insurance v. Glenn,1,3649,2603,554 U.S. 105,8,6,3,1.6825616,.32224131,.1048969,.0098665953,2008,.22500801,.17266488,.020346174,.34952587,-.61802179,-.082716584
a7081,Kentucky Retirement Systems v. Equal Employment Opportunity Commission,1,3900,4459,554 U.S. 135,2,5,4,.65508634,.14760125,.0344753,.0065865517,2008,.20993066,.11929131,-.7504915,-.98045814,-.73437458,-.82177472
a7082,Indiana v. Edwards,1,4056,3468,554 U.S. 164,1,7,2,.93792242,.21295691,.060327802,.0071123838,2008,.18205887,.15554452,-.53830081,-.48273739,-.94946283,-.65683365
a7083,Rothgery v. Gillespie County,1,6768,5713,554 U.S. 191,2,8,1,1.5587441,.12042,.0463286,.0073720217,2008,.24348783,.16196513,-.072544858,-1.1874589,-.47541189,-.5784719
a7084,Greenlaw v. United States,1,5110,4019,554 U.S. 237,9,6,3,.79329371,.1893649,.046914499,.0057171583,2008,.21914464,.14457262,-.64680487,-.66240406,-.66326976,-.65749288
a7085,"Sprint Communications Co. v. APCC Services, Inc.",1,9184,6072,554 U.S. 269,9,5,4,.81140631,.12676823,.03747284,.0078694224,2008,.19340795,.12335879,-.63321632,-1.1391135,-.86188132,-.87807041
a7087,Giles v. California,1,7513,7961,554 U.S. 353,1,6,3,.33965617,.118827,.02616805,.0024806261,2008,.11160696,.098918974,-.98713511,-1.1995906,-1.4931444,-1.2266233
a7088,Kennedy v. Louisiana,1,11428,7857,554 U.S. 407,1,5,4,.67522901,.17232984,.039653242,.0063963532,2008,.21352458,.86670619,-.73537993,-.79213578,-.70664012,-.74471861
a709,"United States v. Parke, Davis & Co.",1,5869,2635,362 U.S. 29,8,6,3,1.1422837,.15678871,.0500561,.0081478357,1960,.19285798,.14013302,-.38498387,-.91049039,-.86612546,-.72053325
a7090,Morgan Stanley Capital Group Inc. v. Public Utility District No. 1,1,7882,4583,554 U.S. 527,8,5,2,.53944761,.09247154,.036637101,.0074549913,2008,.17789018,.096573114,-.83724654,-1.4003024,-.98163283,-1.0730606
a7091,District of Columbia v. Heller,1,21360,15978,554 U.S. 570,1,5,4,.2385857,.07720685,.023191329,.0024507046,2008,.17202264,.00066864491,-1.0629607,-1.5165519,-1.026913,-1.2021419
a7091,District of Columbia v. Heller,2,21360,7,554 U.S. 570,1,5,4,5.222333,.69963437,.75689906,.4257068,2008,.65745795,.76436234,2.6759713,3.2235901,2.7192199,2.8729272
a7091,District of Columbia v. Heller,3,21360,13455,554 U.S. 570,1,5,4,.9611243,.40668523,.1300291,.012643397,2008,.25191402,.0011517406,-.52089417,.99261475,-.4103865,.020444691
a7093,Medellin v. Texas,1,414,330,554 U.S. 759,1,5,4,1.5580509,.4579933,.23489159,.021152377,2008,.36566216,.34155554,-.073064916,1.383355,.46741456,.59256822
a7093,Medellin v. Texas,2,414,266,554 U.S. 759,1,5,4,1.3811555,.41080874,.24706966,.026002884,2008,.35686517,.38393992,-.20577626,1.0240176,.39952767,.40592301
a7093,Medellin v. Texas,3,414,144,554 U.S. 759,1,5,4,2.1317358,.37786853,.28770286,.043529034,2008,.39851677,.47510374,.35732788,.77315903,.72095561,.61714751
a7093,Medellin v. Texas,4,414,906,554 U.S. 759,1,5,4,2.4965556,.32938164,.19809011,.015848577,2008,.30342233,.28699249,.63102478,.40390363,-.01289384,.34067819
a7094,"Winter v. Natural Resources Defense Council, Inc.",1,7014,3398,555 U.S. 7,8,5,4,.75339389,.1130488,.0767309,.0060149431,2008,.19123,.15442038,-.67673874,-1.2435949,-.87868869,-.93300742
a7095,Hedgpeth v. Pulido,1,1524,2194,555 U.S. 57,1,6,3,1.2949789,.1804961,.069257744,.004525423,2008,.18023795,.17978764,-.27042812,-.72994506,-.96351498,-.65462941
a7096,"Altria Group, Inc. v. Good",1,6089,6848,555 U.S. 70,10,5,4,1.7518706,.159045,.053380132,.0083922744,2008,.19364905,.12721306,.072343513,-.89330745,-.8600207,-.56032819
a7098,Herring v. United States,1,3794,2970,555 U.S. 135,1,5,4,.51358926,.17004883,.034831502,.0061557889,2009,.17313796,.12724692,-.85664612,-.80950695,-1.018306,-.89481968
a7098,Herring v. United States,2,3794,411,555 U.S. 135,1,5,4,1.2834692,.29100901,.1203048,.018782377,2009,.30934405,.33733046,-.27906296,.11167405,.032804433,-.044861492
a7099,Oregon v. Ice,1,3081,1852,555 U.S. 160,1,5,4,1.6746701,.25464976,.0495556,.013884127,2009,.19187927,.21081102,.014425747,-.16522247,-.87367821,-.34149164
a710,Talley v. California,1,1666,1565,362 U.S. 60,3,6,3,2.8559334,.34788781,.088334441,.011264503,1960,.23070443,.19237769,.90063906,.54483873,-.57406223,.29047185
a7100,Waddington v. Sarausad,1,5341,3037,555 U.S. 179,1,6,3,1.0575691,.1064851,.0585838,.0077100396,2009,.20751369,.10994601,-.44853881,-1.2935811,-.75302649,-.83171546
a7102,Spears v. United States,1,2132,637,555 U.S. 261,1,5,4,.67833763,.35199547,.084370263,.010398209,2009,.28012866,.22945225,-.73304778,.57612085,-.19265249,-.11652648
a7105,Ysursa v. Pocatello Education Ass'n,1,3225,1749,555 U.S. 353,3,6,3,.58082563,.20577705,.041223701,.0059490204,2009,.19915217,.13396716,-.80620372,-.5374161,-.8175528,-.72039086
a7105,Ysursa v. Pocatello Education Ass'n,2,3225,947,555 U.S. 353,3,6,3,2.3846595,.23377556,.1339681,.015540481,2009,.32509094,.28018618,.5470776,-.32419145,.15432413,.12573676
a7106,Carcieri v. Salazar,1,4935,4474,555 U.S. 379,2,6,3,.65682805,.13226859,.0336187,.0064020753,2009,.14179862,.098511279,-.74918485,-1.0972251,-1.2601537,-1.0355211
a7107,United States v. Hayes,1,3847,2374,555 U.S. 415,1,7,2,1.2849236,.1337449,.044257101,.010444641,2009,.17360544,.14252096,-.27797186,-1.0859822,-1.0146984,-.79288417
a711,"Florida Lime & Avocado Growers, Inc. v. Jacobsen",1,4385,3869,362 U.S. 73,9,7,2,.99292302,.2403257,.04496694,.0089508295,1960,.23477197,.14895523,-.49703798,-.27430832,-.54267275,-.43800634
a7110,Summers v. Earth Island Institute,1,3574,2881,555 U.S. 488,9,5,4,.39581028,.1749519,.045683261,.0052312016,2009,.2212404,.12895095,-.94500691,-.77216733,-.64709663,-.78809029
a7111,Negusie v. Holder,1,3652,5374,555 U.S. 511,2,8,1,1.1964356,.12190425,.055925701,.0075559616,2009,.17321253,.11042172,-.34435776,-1.1761556,-1.0177306,-.84608132
a7112,Wyeth v. Levine,1,7796,7935,555 U.S. 555,10,6,3,.65889633,.11940193,.051792141,.0050328374,2009,.17728394,.10452205,-.74763316,-1.1952121,-.98631126,-.97638553
a7113,Bartlett v. Strickland,1,12397,67,556 U.S. 1,2,5,4,3.4184871,.62267822,.4037925,.063951254,2009,.53415489,.92241639,1.3226808,2.6375251,1.7676829,1.9092963
a7113,Bartlett v. Strickland,2,12397,1336,556 U.S. 1,2,5,4,.14165363,.20458364,.14740396,.0095552802,2009,.33741748,.87273836,-1.1356815,-.54650456,.24944875,-.47757912
a7116,14 Penn Plaza LLC v. Pyett,1,7771,3840,556 U.S. 247,2,5,4,.76466036,.17392559,.0266497,.0052261353,2009,.22931069,.11158609,-.66828632,-.77998322,-.58481777,-.67769575
a7117,Arizona v. Gant,1,5872,3597,556 U.S. 332,1,5,4,.23486799,.1417733,.036355142,.0067359209,2009,.2249763,.16960442,-1.0657498,-1.0248413,-.61826646,-.90295249
a7119,"Federal Communications Commission v. Fox Television Stations, Inc.",1,8392,1916,556 U.S. 502,9,5,4,1.9990056,.2209606,.0589673,.0052689314,2009,.28545481,.15601444,.25775033,-.42178467,-.15155026,-.10519487
a7119,"Federal Communications Commission v. Fox Television Stations, Inc.",2,8392,7552,556 U.S. 502,9,5,4,1.8533056,.12205595,.035977598,.0025084019,2009,.19463891,.10126662,.14844255,-1.1750002,-.85238194,-.62631321
a712,Federal Power Commission v. Tuscarora Indian Nation,1,8463,6542,362 U.S. 99,8,6,3,1.1247171,.1805252,.063693173,.0076845884,1960,.21711528,.12378067,-.39816272,-.72972339,-.6789304,-.60227215
a7120,Dean v. United States,1,2547,1866,556 U.S. 568,1,7,2,.92134917,.22345483,.061373949,.0076626539,2009,.20942128,.16181767,-.55073446,-.40278968,-.73830551,-.56394321
a7120,Dean v. United States,2,2547,720,556 U.S. 568,1,7,2,2.0893064,.3105292,.1473082,.02238965,2009,.31853187,.22987044,.32549623,.26033151,.10370737,.22984503
a7121,Burlington Northern & Santa Fe Railway Co. v. United States,1,5612,1023,556 U.S. 599,8,8,1,1.5868411,.22721016,.070287801,.012000859,2009,.23859239,.16763812,-.051465761,-.37419069,-.51319033,-.31294891
a7124,Ashcroft v. Iqbal,1,10677,235,556 U.S. 662,9,5,4,3.1430686,.48056865,.18488079,.026871443,2009,.54362172,.91124529,1.116055,1.5552793,1.840739,1.5040244
a7126,Montejo v. Louisiana,1,11210,139,556 U.S. 778,1,5,4,5.7383466,.61329103,.34697676,.10029083,2009,.64233994,.81481135,3.0630975,2.5660362,2.6025534,2.7438958
a7127,"CSX Transportation, Inc. v. Hensley",1,1365,1375,556 U.S. 838,8,7,2,1.2355269,.192137,.059942842,.0055831671,2009,.17637748,.15648788,-.31503046,-.64129287,-.99330652,-.64987659
a7127,"CSX Transportation, Inc. v. Hensley",2,1365,108,556 U.S. 838,8,7,2,1.4964975,.45163891,.2324536,.042408943,2009,.43245709,.34407341,-.11924379,1.3349627,.98287499,.73286462
a7128,"Caperton v. A. T. Massey Coal Co., Inc.",1,9705,383,556 U.S. 868,4,5,4,2.2138951,.56314677,.24988879,.035605192,2009,.44101828,.34280968,.41896582,2.1841588,1.0489422,1.2173556
a713,Flora v. United States,1,12096,7054,362 U.S. 145,12,5,4,.35360304,.1540997,.01995647,.0037447214,1960,.15892625,.91562784,-.97667181,-.9309687,-1.1279787,-1.011873
a7130,District Attorney's Office for the Third Judicial District v. Osborne,1,6567,2110,557 U.S. 52,1,5,4,1.5665426,.24562645,.083153836,.011833787,2009,.2751351,.1459282,-.066694193,-.23394012,-.23118807,-.17727414
a7131,Yeager v. United States,1,4764,3085,557 U.S. 110,1,6,3,1.4428802,.1897883,.040584799,.00491786,2009,.17301905,.148404,-.15946887,-.65917963,-1.0192237,-.61262405
a7132,Travelers Indemnity Co. v. Bailey,1,5386,3200,557 U.S. 137,8,7,2,1.925774,.1063588,.0333451,.004442215,2009,.19257218,.11328536,.20281015,-1.294543,-.86833102,-.65335464
a7133,"Gross v. FBL Financial Services, Inc.",1,6928,696,557 U.S. 167,2,5,4,1.3547945,.27741629,.20704484,.023994565,2009,.2474134,.23186886,-.22555293,.008157704,-.4451181,-.22083777
a7135,Forest Grove School District v. T. A.,1,5439,3740,557 U.S. 230,2,6,3,.99884027,.1456853,.030410999,.0080852509,2009,.18038571,.13674164,-.49259868,-.99504918,-.96237475,-.81667423
a7136,"Coeur Alaska, Inc. v. Southeast Alaska Conservation Council",1,8012,2521,557 U.S. 261,8,6,3,.17517483,.1871691,.0595521,.0083869696,2009,.27122658,.15576774,-1.1105331,-.67912626,-.26135033,-.68366992
a7137,Melendez-Diaz v. Massachusetts,1,7256,10690,557 U.S. 305,1,5,4,.67011917,.15332717,.02365434,.0036219358,2009,.22147387,.86736083,-.73921347,-.93685198,-.64529496,-.77378678
a7139,Atlantic Sounding Co. v. Townsend,1,6014,2412,557 U.S. 404,8,5,4,.52898014,.1116273,.0375087,.003448844,2009,.24427515,.10753381,-.84509951,-1.2544204,-.46933612,-.85628533
a714,Abel v. United States,1,7579,2137,362 U.S. 217,1,5,4,1.929801,.4331266,.088107944,.0094392896,1960,.37465668,.26983416,.20583132,1.1939808,.53682584,.64554596
a714,Abel v. United States,2,7579,2784,362 U.S. 217,1,5,4,1.9254434,.29377869,.11885405,.014511108,1960,.3423425,.27379978,.20256215,.13276674,.28745535,.20759475
a7140,Horne v. Flores,1,11150,14349,557 U.S. 433,2,5,4,1.1798607,.1178477,.0372824,.0031445622,2009,.11558115,.00048834085,-.35679263,-1.2070484,-1.4624753,-1.0087721
a7145,Michigan v. Fisher,1,1485,686,558 U.S. 45,1,7,2,1.8602138,.19830319,.1065424,.0089766979,2009,.26676649,.22596121,.15362523,-.59433383,-.29576916,-.24549258
a715,Federal Trade Commission v. Travelers Health Ass'n,1,2818,1419,362 U.S. 293,8,6,3,1.1968728,.23648924,.077252597,.006359458,1960,.21768332,.1823976,-.34402972,-.30352524,-.6745469,-.44070062
a7151,"NRG Power Marketing, LLC v. Maine Public Utilities Commission",1,3025,1921,558 U.S. 165,8,8,1,.81247568,.1357615,.038628601,.0091902614,2010,.24158192,.16799378,-.63241404,-1.0706246,-.49011996,-.73105288
a7152,Hollingsworth v. Perry,1,4962,2906,558 U.S. 183,9,5,4,1.592466,.20914936,.04050773,.0062853694,2010,.25607759,.14359963,-.047245827,-.51173407,-.37825602,-.31241196
a7153,Presley v. Georgia,1,2241,1080,558 U.S. 209,1,7,2,1.2894058,.2234716,.070676573,.012549937,2010,.31063038,.25685674,-.27460915,-.40266201,.042731103,-.21151336
a7154,Wellons v. Hall,1,2177,739,558 U.S. 220,1,5,4,.64098132,.41541561,.1035284,.014725983,2010,.20699084,.23992765,-.76107341,1.0591016,-.75706136,-.15301107
a7154,Wellons v. Hall,2,2177,1465,558 U.S. 220,1,5,4,.46794766,.23238949,.084920101,.0098773241,2010,.19155723,.15341008,-.89088762,-.33474711,-.87616342,-.70059937
a7157,Wood v. Allen,1,4001,1724,558 U.S. 290,1,7,2,.27265379,.17856909,.043060102,.0068946481,2010,.19518167,.15725136,-1.0374019,-.74462026,-.84819341,-.87673855
a7159,"Hemi Group, LLC v. City of New York",1,4624,3949,559 U.S. 1,8,5,3,1.1088544,.1604276,.037279841,.0062329173,2010,.1606971,.10553855,-.41006333,-.88277817,-1.1143129,-.80238479
a716,Mitchell v. H. B. Zachry Co.,1,3547,1349,362 U.S. 310,7,5,4,1.0757082,.2340014,.066767,.010478556,1960,.26010931,.19122642,-.43493047,-.32247156,-.34714302,-.36818168
a7161,Florida v. Powell,1,3800,4380,559 U.S. 50,1,7,2,.46071661,.1123113,.0397093,.0054454803,2010,.15590346,.12081259,-.89631253,-1.2492113,-1.1513057,-1.0989432
a7163,Johnson v. United States,1,3339,2728,559 U.S. 133,1,7,2,.61886084,.1631888,.0794724,.0088061094,2010,.25835478,.14529145,-.77766877,-.86175001,-.36068279,-.66670054
a7165,Bloate v. United States,1,5705,3679,559 U.S. 196,1,7,2,.46933433,.1166526,.0189099,.0027000904,2010,.16568667,.1684655,-.88984728,-1.2161498,-1.075808,-1.0606017
a7167,Graham County Soil & Water Conservation District v. United States ex rel. Wilson,1,6814,3901,559 U.S. 280,8,7,2,.74979728,.1470467,.018745661,.0022599101,2010,.10846543,.068781674,-.67943698,-.98468137,-1.5173877,-1.0605021
a717,Order of Railroad Telegraphers v. Chicago & North Western Railway Co.,1,3698,608,362 U.S. 330,7,5,4,3.7138054,.36534095,.15735435,.022331238,1960,.39033979,.39858544,1.5442361,.67775434,.65785331,.95994788
a717,Order of Railroad Telegraphers v. Chicago & North Western Railway Co.,2,3698,6452,362 U.S. 330,7,5,4,.58255619,.13930094,.035542369,.0043928623,1960,.24155784,.13082099,-.80490541,-1.0436697,-.49030581,-.77962697
a7170,Padilla v. Kentucky,1,5519,1405,559 U.S. 356,1,7,2,2.5585577,.3152051,.149966,.012602746,2010,.35809392,.23452204,.67754036,.29594111,.40901002,.46083051
a7171,"Shady Grove Orthopedic Associates, P. A. v. Allstate Insurance",1,7553,8213,559 U.S. 393,9,5,4,.89623201,.17537665,.044408198,.0054033995,2010,.17626512,.10905671,-.56957799,-.76893252,-.99417353,-.77756137
a7172,United States v. Stevens,1,5829,8013,559 U.S. 460,3,8,1,1.8864158,.15219855,.04240584,.0077245235,2010,.17638761,.098068297,.1732827,-.94544703,-.99322832,-.5884642
a7173,Conkright v. Frommert,1,4444,6032,559 U.S. 506,8,5,3,.33863232,.16984031,.048914202,.0046355724,2010,.21240062,.13498914,-.98790324,-.811095,-.71531379,-.83810401
a7175,"Jerman v. Carlisle, McNellie, Rini, Kramer & Ulrich, L.P.A.",1,10367,6676,559 U.S. 573,2,7,2,.83513492,.10259295,.025725249,.0040608644,2010,.17380303,.92908287,-.61541456,-1.323222,-1.0131736,-.98393673
a7177,Stolt-Nielsen S. A. v. AnimalFeeds International Corp.,1,7385,3755,559 U.S. 662,8,5,3,.64820188,.1688133,.036616899,.0036273003,2010,.22889161,.13653231,-.75565636,-.8189162,-.5880518,-.72087479
a7178,Salazar v. Buono,1,5452,8622,559 U.S. 700,3,5,4,1.676115,.0985111,.041077498,.0052113533,2010,.12551868,.082474113,.015509774,-1.3543078,-1.3857868,-.9081949
a7178,Salazar v. Buono,2,5452,1787,559 U.S. 700,3,5,4,.95540214,.2240586,.060839199,.0059400201,2010,.18176353,.15884924,-.52518708,-.39819166,-.95174199,-.62504023
a7179,Renico v. Lett,1,3636,6382,559 U.S. 766,1,6,3,.85842484,.14838016,.0235759,.0071858168,2010,.19871604,.13365233,-.59794188,-.97452629,-.82091844,-.79779553
a718,Marine Cooks & Stewards v. Panama Steamship Co.,1,2341,44,362 U.S. 365,7,8,1,6.2850471,.53944641,.35756886,.054145098,1960,.57452822,.50301051,3.4732459,2.0036671,2.0792463,2.5187197
a7180,Abbott v. Abbott,1,5890,8669,560 U.S. 1,2,6,3,.5619607,.083099701,.0398582,.004592061,2010,.15749753,.10929251,-.82035667,-1.4716743,-1.1390042,-1.1436784
a7181,Graham v. Florida,1,10228,9047,560 U.S. 48,1,6,3,.33552074,.1339065,.031274099,.0075004101,2010,.14530724,.83635294,-.99023759,-1.0847515,-1.2330773,-1.1026888
a7181,Graham v. Florida,2,10228,228,560 U.S. 48,1,6,3,1.145288,.37131464,.18446416,.030587912,2010,.41049618,.91472799,-.38272995,.72324747,.81340134,.38463962
a7182,United States v. Comstock,1,6711,7511,560 U.S. 126,10,7,2,1.1197594,.1492039,.033975542,.0033576488,2010,.1471253,.1058104,-.40188211,-.96825308,-1.2190472,-.86306077
a7185,United States v. Marcus,1,2420,1363,560 U.S. 258,1,7,1,.91426349,.32909787,.05038166,.011980414,2010,.14737564,.15598702,-.5560503,.40174252,-1.2171154,-.45714107
a7187,Jefferson v. Upton,1,3391,3213,560 U.S. 284,1,7,2,3.053695,.18530756,.039491829,.0066196918,2010,.20312792,.1379829,1.0490047,-.69330299,-.78687173,-.14372335
a719,"Miller Music Corp. v. Charles N. Daniels, Inc.",1,1581,1902,362 U.S. 373,8,5,4,.60629314,.1785275,.06138384,.013698816,1960,.20753038,.21080458,-.78709739,-.744937,-.75289768,-.76164401
a7190,Berghuis v. Thompkins,1,5679,7202,560 U.S. 370,1,5,4,1.7716364,.1081339,.037854701,.0081430674,2010,.28110319,.17629153,.087172262,-1.2810246,-.18513195,-.45966142
a7192,Carr v. United States,1,5702,4779,560 U.S. 438,1,6,3,.43521249,.16906554,.03215766,.0047514439,2010,.16050953,.10076821,-.91544634,-.81699532,-1.1157604,-.94940072
a7193,Barber v. Thomas,1,5980,3562,560 U.S. 474,1,6,3,1.2272961,.19867444,.045945901,.0045640469,2010,.2163294,.14058113,-.32120541,-.59150654,-.68499517,-.53256905
a7194,Hamilton v. Lanning,1,5177,4207,560 U.S. 505,8,8,1,.6928274,.16525394,.030671241,.01058495,2010,.15188473,.12856877,-.72217721,-.84602284,-1.1823184,-.91683948
a7198,Dolan v. United States,1,4512,2845,560 U.S. 605,9,5,4,1.7610195,.19556427,.0481796,.0047338009,2010,.25622249,.17180485,.079207204,-.61519229,-.37713784,-.30437431
a7199,Holland v. Florida,1,6341,4805,560 U.S. 631,2,7,2,.44451049,.160577,.041597601,.0067714453,2010,.15862298,.13378316,-.90847075,-.88164037,-1.130319,-.97347671
a720,Mackey v. Mendoza-Martinez,1,1299,110,362 U.S. 384,2,6,3,4.3187308,.62503672,.42299855,.06286937,1960,.52600384,.54940164,1.9980662,2.6554863,1.7047808,2.1194444
a7200,"New Process Steel, L. P. v. National Labor Relations Board",1,4427,4027,560 U.S. 674,9,5,4,.12806931,.092843398,.026483901,.0026345253,2010,.14290899,.1018973,-1.1458728,-1.3974705,-1.2515848,-1.264976
a7203,Schwab v. Reilly,1,7851,5063,560 U.S. 770,8,6,3,.056905922,.11074597,.032500152,.0035077333,2010,.17234218,.11200851,-1.1992614,-1.2611322,-1.0244471,-1.1616136
a7204,Dillon v. United States,1,3903,6310,560 U.S. 817,1,7,1,1.8883176,.16011167,.04427284,.011151969,2010,.23130792,.14128381,.17470944,-.88518417,-.56940496,-.42662656
a7205,Holder v. Humanitarian Law Project,1,10622,6793,561 U.S. 1,3,6,3,2.2349436,.17405844,.04587495,.004709363,2010,.19097757,.89770955,.43475696,-.77897149,-.88063669,-.40828374
a7206,"Rent-A-Center, West, Inc. v. Jackson",1,3652,4076,561 U.S. 63,7,5,4,.37305161,.19086599,.051541802,.0060397983,2010,.17675304,.15810281,-.96208102,-.65097237,-.99040818,-.8678205
a7207,Kawasaki Kisen Kaisha Ltd. v. Regal-Beloit Corp.,1,6177,9086,561 U.S. 89,8,6,3,.32486477,.11377686,.0252278,.0025903583,2010,.20317215,.13537067,-.99823195,-1.2380502,-.78653044,-1.0076042
a7208,Monsanto Co. v. Geertson Seed Farms,1,7319,6187,561 U.S. 139,8,7,1,.35372004,.094492733,.027445549,.0049527884,2010,.17499828,.12056452,-.97658402,-1.3849099,-1.0039498,-1.1218145
a7209,Doe v. Reed,1,3638,5357,561 U.S. 186,5,8,1,.49803621,.13493085,.027975401,.0035792589,2010,.13970828,.10879737,-.86831445,-1.0769506,-1.2762848,-1.0738499
a721,Niukkanen v. McAlexander,1,304,1172,362 U.S. 390,2,5,4,4.5818195,.4927274,.21179754,.047907114,1960,.40959203,.38121158,2.195442,1.6478751,.80642402,1.5499136
a7212,Magwood v. Patterson,1,6658,4389,561 U.S. 320,1,5,4,.53656888,.1367764,.040933199,.0052056313,2010,.22898948,.17035514,-.83940625,-1.0628955,-.58729655,-.82986611
a7215,Free Enterprise Fund v. Public Co. Accounting Oversight Board,1,10295,11822,561 U.S. 477,13,5,4,.69791615,.13182341,.022164,.0031063557,2010,.20338422,.00038087368,-.71835947,-1.1006155,-.78489387,-.86795628
a7217,Christian Legal Society Chapter of the University of California v. Martinez,1,9921,11474,561 U.S. 661,3,5,4,.45715541,.08635664,.02508503,.0040377378,2010,.14039218,.00061994791,-.89898425,-1.4468709,-1.2710071,-1.2056208
a7218,McDonald v. City of Chicago,1,14536,19054,561 U.S. 742,1,5,4,1.3438112,.2531251,.043875001,.008297205,2010,.16834104,.00047689676,-.23379292,-.1768336,-1.0553242,-.48865023
a7218,McDonald v. City of Chicago,2,14536,10237,561 U.S. 742,1,5,4,1.9159396,.2572512,.065787427,.0045990944,2010,.24354708,.00033903122,.19543214,-.14541097,-.47495466,-.14164449
a7219,Sears v. Upton,1,3759,2607,561 U.S. 945,1,5,4,1.50789,.1668781,.056320298,.0061030984,2010,.25554919,.1576429,-.11069687,-.83365387,-.3823337,-.44222814
a722,Ward v. Atlantic Coast Line Railroad,1,1494,64,362 U.S. 396,8,6,3,5.8875451,.41567355,.3684209,.08407855,1960,.58186936,.59664464,3.17503,1.0610659,2.1358984,2.1239982
a7220,"Ransom v. FIA Card Services, N. A.",1,5478,1518,562 U.S. 61,8,8,1,1.5491415,.16706765,.074913003,.010868907,2011,.19637352,.13738197,-.079748929,-.83221036,-.83899581,-.58365172
a7227,Bruesewitz v. Wyeth LLC,1,5489,9121,562 U.S. 223,10,6,2,.48849857,.095545232,.03472507,.0050936341,2011,.1623717,.073111534,-.8754698,-1.3768945,-1.1013899,-1.117918
a7228,"CSX Transportation, Inc. v. Alabama Department of Revenue",1,5902,3032,562 U.S. 277,8,7,2,1.130495,.17446417,.045583699,.0038229823,2011,.16646886,.10615236,-.39382806,-.77588165,-1.0697719,-.74649388
a723,"Local Lodge No. 1424, International Ass'n of Machinists v. National Labor Relations Board",1,6385,1146,362 U.S. 411,7,7,2,.65064412,.33922637,.1021651,.011182845,1960,.25371903,.26701474,-.75382417,.47887683,-.39645714,-.22380149
a723,"Local Lodge No. 1424, International Ass'n of Machinists v. National Labor Relations Board",2,6385,2064,362 U.S. 411,7,7,2,.39129204,.28830177,.053111851,.0059870481,1960,.21191424,.22055179,-.94839656,.091056846,-.71906716,-.52546895
a7230,Michigan v. Bryant,1,10342,5052,562 U.S. 344,1,6,2,.46740708,.15635879,.041552249,.0098224282,2011,.15537304,.86213535,-.89129317,-.91376442,-1.155399,-.98681885
a7230,Michigan v. Bryant,2,10342,284,562 U.S. 344,1,6,2,.91923451,.2703248,.109332,.022691965,2011,.32421982,.92305756,-.5523209,-.045848072,.14760162,-.15018912
a7232,Snyder v. Phelps,1,4518,3916,562 U.S. 443,3,8,1,.63030946,.1457617,.063328274,.0086493492,2011,.1797477,.14383858,-.76907974,-.99446738,-.96729827,-.91028178
a7233,Pepper v. United States,1,8935,556,562 U.S. 476,1,6,2,1.5203114,.20945346,.063473172,.012792826,2011,.2686168,.2638011,-.10137805,-.50941813,-.28149021,-.29742879
a7234,Skinner v. Switzer,1,4429,2308,562 U.S. 521,2,6,3,3.7904367,.315283,.078345902,.0084205866,2011,.28744757,.16156816,1.6017268,.29653439,-.13617201,.58736306
a7236,Milner v. Department of the Navy,1,5814,2536,562 U.S. 562,5,8,1,.40734965,.2008868,.05910695,.0071818233,2011,.28815305,.19540793,-.93634975,-.57465816,-.13072777,-.5472452
a724,Huron Portland Cement Co. v. City of Detroit,1,2598,2107,362 U.S. 440,10,7,2,.58367085,.28258699,.065391302,.012556434,1960,.30661309,.16643083,-.80406916,.047535568,.011729412,-.24826807
a7244,Kasten v. Saint-Gobain Performance Plastics Corp.,1,4268,2887,563 U.S. 1,7,6,2,2.2759006,.2582674,.065820798,.0078850389,2011,.23340929,.16012567,.4654839,-.13767202,-.55318862,-.075125583
a7245,Connick v. Thompson,1,6144,10374,563 U.S. 51,2,5,4,.98976672,.1209418,.035938598,.0050092936,2011,.10809499,.86883801,-.49940589,-1.1834852,-1.5202465,-1.0677125
a7246,Arizona Christian School Tuition Organization v. Winn,1,5372,7754,563 U.S. 125,9,5,4,.4841767,.1499014,.0275451,.0061584711,2011,.22925693,.13507479,-.87871218,-.96294117,-.58523262,-.80896199
a7247,Cullen v. Pinholster,1,9373,12771,563 U.S. 170,1,5,4,.32516375,.067967802,.01411057,.0017050505,2011,.11636937,.00018322468,-.99800766,-1.5869124,-1.4563926,-1.3471042
a7248,Virginia Office for Protection & Advocacy v. Stewart,1,3900,3451,563 U.S. 247,10,6,2,1.8276207,.20153999,.042608999,.0049630404,2011,.27036905,.1613239,.12917314,-.56968373,-.26796794,-.2361595
a7249,Sossamon v. Texas,1,4079,4541,563 U.S. 277,2,6,2,.57571518,.1738447,.0394978,.0041208267,2011,.14326429,.10692567,-.81003773,-.7805993,-1.2488428,-.94649327
a725,Nostrand v. Little,1,457,656,362 U.S. 474,3,7,2,2.4589038,.37948391,.14659727,.024002731,1960,.31780916,.23338926,.60277748,.78546107,.098130196,.49545625
a7250,United States v. Tohono O'Odham Nation,1,3150,911,563 U.S. 307,2,7,1,2.0093338,.30151919,.07272315,.012715399,2011,.36330599,.25010771,.26549888,.19171506,.44923186,.30214861
a7251,AT&T Mobility LLC v. Concepcion,1,5399,3350,563 U.S. 333,8,5,4,1.1370015,.1638989,.033531841,.0038570166,2011,.17916882,.12618846,-.38894668,-.8563422,-.97176552,-.73901814
a7252,Montana v. Wyoming,1,5974,1805,563 U.S. 368,11,7,1,.30653542,.19497997,.070768997,.0098625422,2011,.21857184,.19442278,-1.0119832,-.61964208,-.6676901,-.76643842
a7253,Schindler Elevator Corp. v. United States ex rel. Kirk,1,4071,995,563 U.S. 401,5,5,3,1.0690085,.1594056,.070627898,.0065478683,2011,.19329983,.14808458,-.43995675,-.89056122,-.86271566,-.73107791
a7255,Kentucky v. King,1,5674,1412,563 U.S. 452,1,8,1,.66475141,.23880255,.064148903,.0090708733,2011,.23425114,.19663274,-.74324054,-.28590801,-.54669201,-.52528018
a7256,Brown v. Plata,1,15209,4788,563 U.S. 493,1,5,4,.7448864,.23340786,.059262201,.0097282529,2011,.30509508,.87141848,-.68312126,-.32699171,.000014830265,-.33669937
a7256,Brown v. Plata,2,15209,5205,563 U.S. 493,1,5,4,.3739019,.11950564,.02713597,.0039875507,2011,.18542862,.85270923,-.96144307,-1.1944224,-.92345828,-1.0264412
a7257,Chamber of Commerce of the United States v. Whiting,1,7936,5752,563 U.S. 582,10,5,3,.27790365,.13541985,.040574498,.0040898323,2011,.20569849,.13419956,-1.0334634,-1.0732265,-.76703447,-.95790809
a7257,Chamber of Commerce of the United States v. Whiting,2,7936,5183,563 U.S. 582,10,5,3,.53227395,.1282275,.031885501,.0040237308,2011,.17583346,.07969445,-.84262842,-1.1280004,-.99750465,-.9893778
a7259,Fowler v. United States,1,2795,2048,563 U.S. 668,1,7,2,1.0284804,.22373325,.086487196,.0093644857,2011,.25741267,.19997215,-.47036192,-.4006694,-.36795309,-.4129948
a726,United States v. Republic Steel Corp.,1,3310,107,362 U.S. 482,8,5,4,1.8752067,.4586685,.3123298,.036884189,1960,.45300019,.40474594,.16487333,1.3884971,1.1414073,.89825922
a726,United States v. Republic Steel Corp.,2,3310,5983,362 U.S. 482,8,5,4,1.455941,.1730869,.05885303,.0053954124,1960,.22591478,.12283075,-.14967032,-.78637034,-.6110242,-.5156883
a7260,Camreta v. Greene ex rel. S. G.,1,5888,4805,563 U.S. 692,9,7,2,1.0208836,.2470616,.03753173,.0048402548,2011,.36246496,.20900267,-.47606125,-.22301066,.44274163,-.08544343
a7262,"Global-Tech Appliances, Inc. v. Seb S. A.",1,5080,1189,563 U.S. 754,8,8,1,1.4689996,.26430386,.1151295,.011256278,2011,.23030394,.18336046,-.13987339,-.091700926,-.57715279,-.26957572
a7263,"Board of Trustees of the Leland Stanford Junior University v. Roche Molecular Systems, Inc.",1,4379,2929,563 U.S. 776,8,7,2,1.1439937,.1454327,.047036901,.005058229,2011,.26608974,.18953168,-.38370094,-.99697292,-.30099168,-.56055516
a7264,Sykes v. United States,1,4051,2843,564 U.S. 1,1,6,3,1.1734858,.29809621,.12246335,.019784927,2011,.25605726,.19376975,-.36157528,.16564713,-.37841287,-.191447
a7264,Sykes v. United States,2,4051,4373,564 U.S. 1,1,6,3,.26607049,.20529664,.035605401,.0070903897,2011,.25868583,.13617134,-1.0423409,-.54107475,-.3581281,-.64718127
a7269,"Janus Capital Group, Inc. v. First Derivative Traders",1,3817,4040,564 U.S. 135,8,5,4,.73797005,.18435365,.0556941,.0062171221,2011,.14355105,.12827659,-.68831003,-.7005676,-1.24663,-.87850255
a727,Schaffer v. United States,1,1927,2031,362 U.S. 511,1,5,4,.93628144,.18424654,.059948739,.0074025393,1960,.13204402,.13657999,-.53953189,-.70138329,-1.3354304,-.85878187
a7270,United States v. Jicarilla Apache Nation,1,7319,7045,564 U.S. 162,2,7,1,.44950697,.1167056,.016346799,.0032721162,2011,.10387385,.078391194,-.90472227,-1.2157463,-1.5528213,-1.22443
a7272,Davis v. United States,1,6104,2368,564 U.S. 229,1,7,2,.47692096,.1964761,.04109573,.0066738129,2011,.15471727,.13390899,-.88415563,-.60824817,-1.1604596,-.88428783
a7273,J. D. B. v. North Carolina,1,5781,5564,564 U.S. 261,1,5,4,.75663334,.17282665,.0477992,.0043510199,2011,.19874632,.14983684,-.67430842,-.78835231,-.82068479,-.76111519
a7279,Stern v. Marshall,1,12042,4878,564 U.S. 462,14,5,4,.86985534,.19680566,.0325928,.003307879,2011,.26312125,.89399338,-.58936644,-.6057384,-.32389969,-.50633484
a728,Wyatt v. United States,1,1940,2634,362 U.S. 525,1,6,3,2.3279209,.19712657,.0653001,.0066231489,1960,.19464105,.14282066,.50451082,-.60329449,-.85236537,-.31704968
a7280,Freeman v. United States,1,2894,2508,564 U.S. 522,1,5,4,1.1338726,.23752344,.080894053,.011965394,2011,.23394686,.18868035,-.39129403,-.2956492,-.54904014,-.41199446
a7281,Sorrell v. IMS Health Inc.,1,7249,6722,564 U.S. 552,3,6,3,.74490488,.1656417,.038228869,.0038838983,2011,.20261627,.11531955,-.68310738,-.84306979,-.79082012,-.77233243
a7282,"PLIVA, Inc. v. Mensing",1,5670,6363,564 U.S. 604,10,5,4,.32627881,.11322224,.0284371,.0033301115,2011,.17081296,.095496118,-.9971711,-1.2422739,-1.0362482,-1.0918977
a7283,Bullcoming v. New Mexico,1,5652,3286,564 U.S. 647,1,5,4,1.4549873,.17548114,.044967201,.010222256,2011,.30136758,.20219111,-.1503858,-.7681368,-.028750474,-.31575769
a7284,"CSX Transportation, Inc. v. McBride",1,5851,4815,564 U.S. 685,8,5,4,.77900481,.10853875,.019819859,.0033670068,2011,.15960824,.10592186,-.65752476,-1.2779415,-1.1227156,-1.0193939
a7285,Arizona Free Enterprise Club's Freedom Club Pac v. Bennett,1,8675,9918,564 U.S. 721,3,5,4,.35382432,.1452155,.032961849,.0072135925,2011,.14806139,.074843049,-.97650582,-.99862701,-1.2118233,-1.0623187
a7286,Brown v. Entertainment Merchants Ass'n,1,5752,6029,564 U.S. 786,3,7,2,1.4390136,.3547776,.1959547,.010634601,2011,.32182109,.2865203,-.16236965,.5973084,.12909049,.18800974
a7286,Brown v. Entertainment Merchants Ass'n,2,5752,8820,564 U.S. 786,3,7,2,1.8272983,.2393706,.16534233,.015188694,2011,.23799092,.89164603,.12893122,-.281582,-.51783192,-.22349423
a7287,J. McIntyre Machinery Ltd. v. Nicastro,1,3427,6894,564 U.S. 873,4,6,3,2.9261496,.2277188,.07876873,.010593176,2011,.2589063,.1692524,.95331699,-.37031713,-.35642666,.075524397
a7288,Leal Garcia v. Texas,1,953,1429,564 U.S. 940,1,5,4,.86245078,.36041224,.0553752,.010876119,2011,.26515681,.19083488,-.59492153,.64021939,-.30819115,-.087631099
a729,"Mitchell v. Trawler Racer, Inc.",1,3834,6497,362 U.S. 539,8,6,3,.36877975,.189946,.03270483,.0043542385,1960,.21393979,.14825428,-.96528584,-.65797865,-.70343596,-.77556682
a729,"Mitchell v. Trawler Racer, Inc.",2,3834,956,362 U.S. 539,8,6,3,1.4875321,.30048129,.079141743,.010973275,1960,.37244308,.25398719,-.12596983,.18381089,.51974332,.19252813
a7290,Beer v. United States,1,100,98,564 U.S. 1050,,,,1.0931449,.5118522,.4689346,.086440206,2011,.42449248,.70542407,-.42184901,1.7935214,.92141163,.76436132
a7292,Cavazos v. Smith,1,2535,2643,565 U.S. 1,1,6,3,.72544676,.15866315,.059883699,.0091298223,2011,.25872296,.1498493,-.69770533,-.89621544,-.35784152,-.65058744
a7293,Smith v. Cain,1,891,5911,565 U.S. 73,1,8,1,1.6656569,.2404654,.099928901,.015063405,2012,.27061051,.1726371,.0076638372,-.27324444,-.26610461,-.17722841
a7294,CompuCredit Corp. v. Greenwood,1,3666,2478,565 U.S. 95,8,8,1,1.0718685,.1621691,.04853195,.0065044165,2012,.17306179,.11375004,-.43781105,-.86951566,-1.0188938,-.77540684
a7295,Minneci v. Pollard,1,3470,424,565 U.S. 118,1,8,1,1.3395588,.31323004,.1083696,.013208985,2012,.2754063,.24615848,-.23698311,.28089991,-.22909521,-.061726134
a7296,Gonzalez v. Thaler,1,6062,5407,565 U.S. 134,9,8,1,.57548404,.2332904,.049052499,.012647033,2012,.32167,.24514055,-.81021112,-.32788616,.12792446,-.33672428
a7299,Perry v. New Hampshire,1,5515,5125,565 U.S. 228,1,8,1,.9562394,.17716074,.046692848,.0081720352,2012,.22026223,.10175216,-.5245589,-.7553457,-.65464526,-.64484996
a73,Bristol-Myers Squibb Co. v. Superior Court of Cal.,1,3594,3409,137 S. Ct. 1773,4,8,1,.23825456,.17077211,.044784199,.0072558522,2017,.19790709,.16836894,-1.0632091,-.80399883,-.82716119,-.89812303
a730,Parker v. Ellis,1,685,6113,362 U.S. 574,9,5,4,.65823066,.31169161,.077783048,.014901161,1960,.46449584,.28027874,-.74813253,.2691839,1.2301199,.25039044
a730,Parker v. Ellis,2,685,1618,362 U.S. 574,9,5,4,1.1324432,.49573141,.1608046,.026377916,1960,.42553431,.39201558,-.39236644,1.6707524,.92945147,.73594582
a7300,Maples v. Thomas,1,6535,3137,565 U.S. 266,2,7,2,.74106777,.1360029,.032728299,.0081955194,2012,.17501485,.087224782,-.6859861,-1.0687863,-1.003822,-.91953146
a7301,Golan v. Holder,1,12590,7263,565 U.S. 302,8,6,2,.83655512,.17861921,.0480638,.0051902533,2012,.26101804,.87302887,-.61434907,-.74423867,-.34013027,-.56623936
a7304,Reynolds v. United States,1,4069,1039,565 U.S. 432,1,7,2,2.4868233,.2800374,.097122803,.015120685,2012,.28906286,.22044021,.62372339,.028118988,-.12370675,.17604521
a7305,Kawashima v. Holder,1,3126,2836,565 U.S. 478,2,6,3,.63218129,.20529956,.04731464,.0087616444,2012,.15140986,.10093141,-.76767546,-.54105252,-1.1859831,-.83157033
a7307,Wetzel v. Lambert,1,1660,900,565 U.S. 520,1,6,3,1.7308413,.1957971,.065488197,.0094842911,2012,.28265285,.18465734,.056566771,-.61341912,-.17317311,-.24334182
a7308,Messerschmidt v. Millender,1,5842,5066,565 U.S. 535,2,6,3,.45890173,.1159741,.02331024,.0059745312,2012,.19944382,.10254139,-.89767408,-1.2213171,-.81530219,-.9780978
a7309,"Douglas v. Independent Living Center of Southern California, Inc.",1,2164,2467,565 U.S. 606,2,5,4,2.2771666,.30166876,.079014398,.011497021,2012,.2629047,.20481789,.4664337,.19285418,-.32557076,.11123904
a731,Levine v. United States,1,2819,1812,362 U.S. 610,1,5,4,1.007157,.26060191,.062925458,.0086898208,1960,.23785985,.20547742,-.4863593,-.11989343,-.51884341,-.37503204
a731,Levine v. United States,2,2819,678,362 U.S. 610,1,5,4,3.0541739,.45804656,.15336309,.017832398,1960,.49509776,.36114275,1.0493641,1.3837606,1.4662768,1.2998005
a7312,Buck v. Thaler,1,1308,2092,565 U.S. 1022,,,,1.7240143,.17715514,.10257584,.0095216036,2011,.23717082,.17128116,.051444985,-.75538838,-.52416068,-.40936804
a7314,Cash v. Maxwell,1,1219,2416,565 U.S. 1138,,,,1.8237244,.29799736,.06063455,.0073114634,2012,.29589814,.14947057,.12625,.16489431,-.070958473,.073395282
a7315,Martinez v. Ryan,1,4439,3489,566 U.S. 1,2,7,2,.62817687,.2592459,.041544501,.012073755,2012,.21277052,.16621751,-.77067965,-.13022019,-.71245921,-.53778636
a7316,Coleman v. Court of Appeals of Maryland,1,3467,6433,566 U.S. 30,10,5,4,1.6924442,.25490004,.091723561,.0069072247,2012,.23000765,.18534929,.027760325,-.16331643,-.57943928,-.23833179
a7319,Missouri v. Frye,1,4652,1379,566 U.S. 134,2,5,4,1.8170376,.27617013,.1045821,.016608119,2012,.27510899,.25122541,.1212334,-.0013324749,-.23138955,-.037162878
a7320,Lafler v. Cooper,1,4935,4140,566 U.S. 156,2,5,4,.78095728,.18481034,.031973839,.0063041449,2012,.18037522,.1508317,-.65605998,-.69708961,-.96245569,-.77186841
a7320,Lafler v. Cooper,2,4935,335,566 U.S. 156,2,5,4,2.2195282,.34604371,.1420542,.024952888,2012,.31300288,.3647331,.42319191,.5307948,.06103985,.33834219
a7321,Zivotofsky ex rel. Zivotofsky v. Clinton,1,3539,2629,566 U.S. 189,13,8,1,.71477586,.2296508,.069739342,.0094614029,2012,.19470716,.17040628,-.70571095,-.35560387,-.85185528,-.63772339
a7322,Setser v. United States,1,4792,3074,566 U.S. 231,9,6,3,.79282343,.18002117,.0471242,.0053070784,2012,.2762301,.20344937,-.64715767,-.73356193,-.22273792,-.53448582
a7323,Vartelas v. Holder,1,5241,2419,566 U.S. 257,2,6,3,1.8095677,.22857399,.054993998,.0091561675,2012,.20278442,.16497111,.11562929,-.36380434,-.78952253,-.34589919
a7324,Florence v. Board of Chosen Freeholders of Burlington,1,5721,4162,566 U.S. 318,1,5,4,.81929922,.190806,.049784001,.00466609,2012,.21770769,.12165129,-.6272949,-.65142924,-.67435879,-.65102762
a733,United States v. Louisiana,1,27388,6312,363 U.S. 1,10,6,1,1.1543664,.14439714,.041393161,.0051725507,1960,.27755606,.90782785,-.37591913,-1.0048593,-.21250537,-.53109461
a7330,"United States v. Home Concrete & Supply, LLC",1,3844,2412,566 U.S. 478,12,5,4,.20973496,.14215815,.051533159,.0097028613,2012,.1965909,.14293683,-1.0846052,-1.0219104,-.8373183,-.981278
a7331,Hall v. United States,1,5266,5301,566 U.S. 506,12,5,4,.19869359,.1874654,.056309398,.005065918,2012,.23027235,.15735775,-1.0928887,-.67686981,-.57739657,-.78238505
a7332,"Taniguchi v. Kan Pacific Saipan, Ltd.",1,4433,2139,566 U.S. 560,9,6,3,.37242544,.15722626,.073580399,.014186621,2012,.24950659,.15935022,-.96255076,-.90715814,-.42896479,-.76622456
a7333,Blueford v. Arkansas,1,2965,4445,566 U.S. 599,1,6,3,1.129051,.1596043,.046259049,.01183641,2012,.1926052,.12219989,-.39491138,-.8890481,-.86807621,-.71734524
a7335,Armour v. City of Indianapolis,1,3913,1914,566 U.S. 673,8,6,3,1.1731191,.17554019,.071723163,.0066404939,2012,.22221547,.1542663,-.36185038,-.76768708,-.63957196,-.58970314
a7336,Elgin v. Department of the Treasury,1,6047,3874,567 U.S. 1,9,6,3,.85936195,.22888771,.048780601,.0046931505,2012,.2119807,.13357455,-.59723884,-.36141524,-.71855432,-.55906945
a7337,Williams v. Illinois,1,10234,7800,567 U.S. 50,1,5,4,.4497917,.13074446,.028297801,.0086750984,2012,.18149281,.13541919,-.90450865,-1.1088322,-.9538312,-.98905736
a7338,Christopher v. SmithKline Beecham Corp.,1,7476,3731,567 U.S. 142,7,5,4,1.8857031,.1748613,.065039039,.011820197,2012,.21054924,.17075038,.17274797,-.77285725,-.72960103,-.44323677
a7339,Salazar v. Ramah Navajo Chapter,1,5379,2077,567 U.S. 182,2,5,4,.40780577,.16465807,.051466599,.0053472519,2012,.19895399,.16821182,-.93600756,-.85056067,-.8190822,-.86855012
a734,United States v. Florida,1,3798,3180,363 U.S. 121,10,6,1,.56773329,.16692996,.041558601,.0043660402,1960,.18868142,.13435531,-.81602591,-.83325893,-.8983562,-.84921366
a7340,Match-E-Be-Nash-She-Wish Band of Pottawatomi Indians v. Patchak,1,5635,3581,567 U.S. 209,9,8,1,.39016128,.18728566,.033511039,.0049946904,2012,.30569518,.15263492,-.94924492,-.67823863,.0046458342,-.54094589
a7342,Dorsey v. United States,1,6727,3248,567 U.S. 260,1,5,4,.75089318,.16595531,.054708801,.0090770721,2012,.1801281,.1324141,-.6786148,-.84068149,-.96436274,-.82788634
a7343,"Knox v. Service Employees International Union, Local 1000",1,7000,4386,567 U.S. 298,7,7,2,.85977054,.12570286,.067523703,.005002737,2012,.24570328,.17273301,-.59693229,-1.1472269,-.45831516,-.73415816
a7344,Southern Union Co. v. United States,1,5097,8461,567 U.S. 343,1,6,3,.64781815,.14141791,.034509242,.0052963495,2012,.16479158,.11338753,-.75594425,-1.0275478,-1.0827155,-.95540255
a7346,Miller v. Alabama,1,8493,2895,567 U.S. 460,1,5,4,.36324617,.20632744,.052471399,.0096515417,2012,.25323999,.15463424,-.9694373,-.53322458,-.40015393,-.63427192
a7346,Miller v. Alabama,2,8493,2394,567 U.S. 460,1,5,4,.370152,.25502664,.064579301,.010958612,2012,.23235458,.14257669,-.96425635,-.16235231,-.56132787,-.56264549
a7346,Miller v. Alabama,3,8493,2001,567 U.S. 460,1,5,4,.43749264,.25395679,.077361941,.0087306499,2012,.35155356,.21291918,-.91373575,-.17049977,.35853767,-.24189928
a7347,"American Tradition Partnership, Inc. v. Bullock",1,187,301,567 U.S. 516,3,5,4,.36618683,.30276069,.31029236,.030775487,2012,.36873114,.33383137,-.96723115,.20116983,.49109811,-.091654405
a7348,National Federation of Independent Business v. Sebelius,1,18485,19833,567 U.S. 519,10,5,4,.32420298,.1100201,.019524399,.002438426,2012,.10121405,.00023651123,-.99872845,-1.2666601,-1.5733471,-1.2795786
a7348,National Federation of Independent Business v. Sebelius,2,18485,210,567 U.S. 519,10,5,4,2.2642038,.40808344,.2471714,.033227563,2012,.41260839,.98096424,.45670867,1.0032629,.82970136,.7632243
a7349,United States v. Alvarez,1,5334,5152,567 U.S. 709,3,6,3,1.1083118,.1162311,.038846429,.0027256012,2012,.21699286,.079407275,-.41047043,-1.2193598,-.6798752,-.76990181
a7352,Lozman v. City of Riviera Beach,1,4390,3949,568 U.S. 115,4,7,2,.53606147,.1548169,.040841099,.0041865706,2013,.2145232,.14277828,-.83978695,-.92550689,-.69893372,-.82140917
a7355,Bailey v. United States,1,4342,2503,568 U.S. 186,1,6,3,.47110435,.17947599,.054044701,.0091367364,2013,.19715846,.16363204,-.88851941,-.73771369,-.83293843,-.81972384
a7356,Henderson v. United States,1,3848,3075,568 U.S. 266,1,6,3,.86587423,.24187849,.037672158,.0050726533,2013,.20653868,.18683559,-.59235317,-.26248294,-.76055074,-.53846228
a7358,Evans v. Michigan,1,5347,3539,568 U.S. 313,1,8,1,1.5007782,.15142991,.0337766,.0046465397,2013,.16968113,.11962986,-.11603231,-.95130074,-1.0449826,-.7041052
a7359,Chaidez v. United States,1,4953,3740,568 U.S. 342,1,7,2,1.082844,.14011291,.048601501,.0054044724,2013,.15082335,.13371515,-.42957699,-1.0374862,-1.1905092,-.88585746
a736,Federal Trade Commission v. Broch,1,3815,4439,363 U.S. 166,8,5,4,.2037544,.10205,.034833431,.0054621696,1960,.14037561,.082756162,-1.089092,-1.3273571,-1.271135,-1.2291946
a7360,Marx v. General Revenue Corp.,1,5001,3042,568 U.S. 371,8,7,2,.62419677,.1092475,.06679064,.0076557994,2013,.12813663,.094728112,-.77366561,-1.2725439,-1.3655839,-1.1372645
a7361,Clapper v. Amnesty International USA,1,6804,5929,568 U.S. 398,9,5,4,.65714049,.22165111,.0524645,.0057356954,2013,.20753127,.14305294,-.74895042,-.41652608,-.75289083,-.6394558
a7362,Amgen Inc. v. Connecticut Retirement Plans & Trust Funds,1,7700,1029,568 U.S. 455,8,6,3,.34716341,.1948764,.0725905,.011016726,2013,.23175931,.25465977,-.98150295,-.62043077,-.5659216,-.72261846
a7362,Amgen Inc. v. Connecticut Retirement Plans & Trust Funds,2,7700,5739,568 U.S. 455,8,6,3,.30286571,.073663831,.031621799,.0037899017,2013,.17445958,.10032976,-1.0147362,-1.5435339,-1.0081071,-1.1887923
a7363,"Kirtsaeng v. John Wiley & Sons, Inc.",1,9831,10631,568 U.S. 519,8,6,3,.22429302,.10927516,.038244799,.0032404065,2013,.14656985,.00018119812,-1.0736834,-1.2723333,-1.2233337,-1.1897835
a7365,Wos v. E. M. A. ex rel. Johnson,1,4495,3210,568 U.S. 627,10,6,3,1.2842228,.1977632,.05256176,.012018204,2013,.2223466,.15107489,-.27849755,-.59844613,-.63856,-.5051679
a7366,Haynes v. Thaler,1,379,751,568 U.S. 970,,,,.65514082,.31105226,.13107574,.020146847,2012,.26743895,.21742767,-.75045061,.26431489,-.29057974,-.25890514
a737,Clay v. Sun Insurance Office,1,1547,5143,363 U.S. 207,9,6,3,1.6307061,.25884819,.078947797,.011264384,1960,.22443557,.17010552,-.018557167,-.133249,-.62243938,-.25808185
a737,Clay v. Sun Insurance Office,2,1547,294,363 U.S. 207,9,6,3,6.9199171,.56692195,.35477626,.033238471,1960,.64906579,.5584445,3.9495413,2.212909,2.6544571,2.9389691
a7370,Missouri v. McNeely,1,5471,2451,569 U.S. 141,1,5,4,.30761874,.12361646,.04290146,.004971683,2013,.16090804,.11162102,-1.0111704,-1.1631161,-1.112685,-1.0956571
a7371,Moncrieffe v. Holder,1,6786,1119,569 U.S. 184,2,7,2,1.077022,.2318884,.083292253,.0070214868,2013,.27657014,.19420761,-.43394485,-.33856323,-.22011378,-.33087397
a7371,Moncrieffe v. Holder,2,6786,3645,569 U.S. 184,2,7,2,.45000038,.1576075,.037772499,.0033507347,2013,.19421017,.10929084,-.90435213,-.90425485,-.85569054,-.88809919
a7375,"Ariz. v. Inter Tribal Council of Ariz., Inc.",1,6258,4944,570 U.S. 1,2,7,2,1.1892817,.18484277,.049315151,.0029778481,2013,.12065709,.091264188,-.34972477,-.69684267,-1.4233041,-.82329053
a7375,"Ariz. v. Inter Tribal Council of Ariz., Inc.",2,6258,3140,570 U.S. 1,2,7,2,1.1185415,.2217734,.031538501,.0030681491,2013,.13225448,.10298413,-.40279585,-.41559476,-1.3338063,-.71739894
a7376,Alleyne v. United States,1,10050,1216,570 U.S. 99,1,5,4,.88108891,.23789009,.13169689,.012951136,2013,.29859561,.84559095,-.5809387,-.2928569,-.050141957,-.3079792
a7378,Descamps v. United States,1,7134,5144,570 U.S. 254,1,8,1,.45304859,.18615779,.047150999,.0053767562,2013,.10972798,.10238606,-.90206528,-.68682802,-1.5076447,-1.0321794
a7379,Fisher v. Univ. of Tex. At Austin,1,3946,1174,570 U.S. 297,2,7,1,.19055325,.19172305,.060514331,.0097357035,2013,.21890384,.15599787,-1.0989958,-.64444536,-.66512805,-.80285639
a738,United States v. Brosnan,1,5054,3381,363 U.S. 237,12,5,4,.54436773,.16211444,.036324602,.0072956681,1960,.20270801,.12847811,-.83355534,-.86993188,-.79011226,-.83119982
a7380,United States v. Kebodeaux,1,5706,4969,570 U.S. 387,1,7,2,.96645719,.19306886,.040121,.0056399107,2013,.17317879,.11901474,-.51689327,-.63419622,-1.0179909,-.72302681
a7383,Adoptive Couple v. Baby Girl,1,5119,8700,570 U.S. 637,2,5,4,.26127598,.1441033,.028796701,.0046961904,2013,.13803118,.072549582,-1.0459379,-1.007097,-1.2892271,-1.1140873
a7384,United States v. Windsor,1,8023,14728,570 U.S. 744,4,5,4,1.9587686,.19188,.043384969,.0066086054,2013,.19234896,.86542463,.22756355,-.64325011,-.87005365,-.42858008
a7390,Snyder v. Buck,1,2060,3910,340 U.S. 15,9,5,4,1.3935403,.16948277,.050068501,.0058405399,1950,.20449829,.14552122,-.19648489,-.81381786,-.7762965,-.59553307
a7392,Standard Oil Co. v. United States,1,2241,2768,340 U.S. 54,8,6,3,.74934441,.1817631,.0492495,.01331377,1950,.1628046,.14414907,-.67977673,-.72029608,-1.0980492,-.83270735
a7392,Standard Oil Co. v. United States,2,2241,182,340 U.S. 54,8,6,3,.78725046,.3265166,.17745745,.014713526,1950,.29255724,.32528514,-.65133864,.38208467,-.096740395,-.12199812
a7393,"Libby, McNeill & Libby v. United States",1,219,907,340 U.S. 71,8,6,3,2.810972,.3563548,.29049191,.040142775,1950,.29161954,.23723567,.86690784,.60931969,-.10397669,.45741695
a7394,Harris v. Commissioner,1,2153,2864,340 U.S. 106,12,5,4,.32393357,.1606169,.054662298,.0079712868,1950,.22341508,.16190249,-.99893057,-.88133645,-.63031453,-.83686054
a7398,Alabama Great Southern Railroad v. United States,1,3733,370,340 U.S. 216,9,8,1,.68046987,.29135349,.36165047,.010141373,1951,.33679771,.29184568,-.73144811,.1142975,.24466595,-.12416156
a7399,Standard Oil Co. v. Federal Trade Commission,1,6183,5626,340 U.S. 231,8,5,3,1.1402514,.13002837,.042376459,.0051817298,1951,.19549811,.13946474,-.38650852,-1.1142857,-.84575146,-.78218192
a74,Murr v. Wisconsin,1,10481,241,137 S. Ct. 1933,4,5,3,1.6877528,.33794737,.1693733,.029079676,2017,.5225082,.94617194,.024240747,.46913654,1.6778048,.72372735
a740,United States v. Kaiser,1,1711,2096,363 U.S. 299,12,6,3,1.7485698,.25888026,.091625452,.0088895559,1960,.28457606,.16421705,.069867186,-.13300478,-.15833165,-.073823079
a7401,Kunz v. New York,1,1542,6612,340 U.S. 290,3,8,1,3.4618583,.26960284,.1401982,.018561482,1951,.26763487,.21506238,1.355219,-.05134622,-.2890678,.33826834
a7402,Feiner v. New York,1,1845,3142,340 U.S. 315,3,6,3,1.5158192,.1418554,.053448699,.0080032349,1951,.22749323,.173715,-.10474817,-1.0242161,-.59884322,-.57593584
a7403,Blau v. United States,1,572,288,340 U.S. 332,1,6,2,1.5641216,.27977103,.15801179,.021575809,1951,.29996979,.29160351,-.068510503,.026090406,-.039537292,-.02731913
a7404,Niagara Hudson Power Corp. v. Leventritt,1,3474,48,340 U.S. 336,8,6,2,2.9214416,.6249271,.49724656,.13173473,1951,.64740598,.60847646,.94978487,2.6546514,2.6416483,2.0820282
a7407,"Amalgamated Ass'n of Street, Electric Railway & Motor Coach Employees of America, Division 998 v. Wisconsin Employment Relations Board",1,5318,3669,340 U.S. 383,10,6,3,.50612849,.12671161,.047484461,.0066928864,1951,.2064783,.15610772,-.86224341,-1.1395447,-.76101667,-.92093492
a7409,"O'Leary v. Brown-Pacific-Maxon, Inc.",1,1249,472,340 U.S. 504,8,6,3,3.3584929,.2914412,.15510321,.018304706,1951,.34944195,.31441259,1.2776717,.11496545,.34224224,.57829314
a741,Hoffman v. Blaski,1,3267,1852,363 U.S. 335,9,6,3,.6488359,.35566461,.069396503,.018165171,1960,.33871436,.24014008,-.75518072,.60406345,.25945684,.036113191
a741,Hoffman v. Blaski,2,3267,6488,363 U.S. 335,9,6,3,1.9968697,.264734,.052955031,.0094149113,1960,.27303284,.20164144,.25614792,-.088425189,-.24741131,-.02656286
a7410,Warren v. United States,1,2114,141,340 U.S. 523,8,6,3,3.8668065,.43097365,.1660701,.029876232,1951,.46554011,.40798283,1.6590213,1.1775849,1.2381786,1.3582616
a7410,Warren v. United States,2,2114,731,340 U.S. 523,8,6,3,1.8171531,.291486,.27301747,.022291541,1951,.25440007,.25762486,.12132005,.11530657,-.3912015,-.051524956
a7411,Norton Co. v. Department of Revenue,1,1249,332,340 U.S. 534,8,5,4,2.223402,.21764016,.12457955,.018701673,1951,.26544547,.30035996,.42609817,-.44707173,-.30596352,-.10897902
a7413,United States v. Lewis,1,616,155,340 U.S. 590,12,8,1,2.8917501,.30770326,.24134505,.040753841,1951,.3531875,.29521137,.92750961,.2388103,.37114692,.51248896
a7415,"Spector Motor Service, Inc. v. O'Connor",1,2594,1351,340 U.S. 602,8,6,3,2.7534468,.31974751,.06126726,.018486738,1951,.35332781,.23771125,.82375103,.33053416,.3722297,.5088383
a7417,Shub v. Simpson,1,319,257,340 U.S. 861,,,,1.9680507,.40078074,.24679589,.039913833,1950,.40727466,.33690745,.23452723,.94764858,.78854072,.65690553
a742,Parr v. United States,1,7609,3462,363 U.S. 370,1,6,3,1.7978642,.18658185,.063076258,.013970137,1960,.19787604,.14739275,.10684904,-.68359858,-.82740086,-.46805012
a743,Kimm v. Rosenberg,1,973,1518,363 U.S. 405,2,5,4,.53313363,.30900061,.1349695,.024151087,1960,.25262117,.23780787,-.84198344,.2486904,-.40492937,-.33274081
a745,Aquilino v. United States,1,2235,2105,363 U.S. 509,12,7,2,1.2702637,.26734537,.0607353,.0065738559,1960,.25565231,.22943616,-.28897008,-.068538114,-.38153794,-.24634871
a747,United Steelworkers v. Warrior & Gulf Navigation Co.,1,3287,2277,363 U.S. 574,7,7,1,.49694398,.1939196,.088800251,.014827728,1960,.29200935,.20908087,-.86913383,-.62771738,-.10096847,-.53260654
a748,United Steelworkers v. Enterprise Wheel & Car Corp.,1,1669,767,363 U.S. 593,7,7,1,1.6464142,.36379784,.2148976,.021277487,1960,.30845928,.32640415,-.0067725657,.66600269,.025976602,.22840224
a749,Flemming v. Nestor,1,5765,2355,363 U.S. 603,3,5,4,1.6468366,.40957206,.1378147,.016537666,1960,.31065899,.24404442,-.0064556119,1.0145996,.042951889,.35036528
a749,Flemming v. Nestor,2,5765,1885,363 U.S. 603,3,5,4,1.8188974,.41636974,.14463294,.018506229,1960,.34801793,.18033677,.12262865,1.0663677,.33125302,.50674981
a749,Flemming v. Nestor,3,5765,1908,363 U.S. 603,3,5,4,1.9942622,.20671916,.061281301,.0087317824,1960,.26114374,.16508245,.25419176,-.53024143,-.3391602,-.20506996
a75,Hernandez v. Mesa,1,1908,1943,137 S. Ct. 2003,1,5,3,3.6611078,.3452436,.21686155,.018796444,2017,.26158768,.19427001,1.504701,.52470154,-.33573431,.56455606
a750,Miner v. Atlass,1,3581,5201,363 U.S. 641,9,6,3,1.6204801,.16673119,.035362661,.0067943335,1960,.20694268,.10796118,-.026228976,-.83477265,-.75743306,-.53947824
a751,Schilling v. Rogers,1,3691,2677,363 U.S. 666,8,5,4,.71976471,.24684811,.10169744,.011415482,1960,.2649228,.14484924,-.70196813,-.22463651,-.30999702,-.41220057
a752,United States v. American-Foreign Steamship Corp.,1,2001,1974,363 U.S. 685,9,6,3,1.3925679,.28022295,.064637303,.010092318,1960,.31137711,.21357167,-.19721439,.029532053,.048493639,-.039729569
a753,Hudson v. North Carolina,1,2110,1415,363 U.S. 697,1,7,2,1.0100091,.3012242,.072406203,.014279783,1960,.27082032,.18598688,-.48421961,.18946859,-.26448548,-.18641217
a754,Cory Corp. v. Sauber,1,910,671,363 U.S. 709,12,5,4,3.9495654,.48280379,.27040151,.026511014,1960,.58092171,.46537852,1.7211092,1.5723011,2.1285853,1.8073319
a754,Cory Corp. v. Sauber,2,910,1199,363 U.S. 709,12,5,4,1.2598836,.31766191,.082782798,.011777878,1960,.19210184,.1774435,-.29675743,.31465116,-.8719607,-.28468898
a755,Continental Grain Co. v. Barge FBL-585,1,2432,4331,364 U.S. 19,9,7,2,1.1159565,.21680389,.0567034,.0074947476,1960,.17083877,.14009607,-.40473515,-.4534404,-1.036049,-.63140821
a756,Armstrong v. United States,1,2639,306,364 U.S. 40,4,6,3,2.6004796,.23121417,.1072829,.016354203,1960,.27980113,.23764086,.70899117,-.34369791,-.19518004,.056704406
a757,United States v. Dege,1,1171,1245,364 U.S. 51,1,6,3,2.7645104,.2313478,.069931999,.0075624585,1960,.26536632,.26439577,.83205122,-.34268022,-.30657437,.060932208
a758,Gonzales v. United States,1,2159,2813,364 U.S. 59,3,5,4,.65399772,.2372236,.076155402,.01047802,1960,.25004011,.18499672,-.7513082,-.29793265,-.42484757,-.49136281
a761,Sunray Mid-Continent Oil Co. v. Federal Power Commission,1,7169,3195,364 U.S. 137,8,5,4,.32760352,.1206273,.047231901,.0041359663,1960,.1722343,.13644469,-.99617732,-1.1858802,-1.0252796,-1.0691124
a762,Wolfe v. North Carolina,1,6896,3016,364 U.S. 177,2,5,4,1.9466704,.21834341,.04809767,.0067864656,1960,.28026205,.17649883,.21848719,-.4417161,-.19162308,-.138284
a763,Elkins v. United States,1,8037,6221,364 U.S. 206,1,5,4,1.6571342,.21706927,.073537096,.020890474,1960,.23979717,.1836279,.0012698576,-.45141941,-.50389296,-.31801417
a764,United States v. Hougham,1,2266,2045,364 U.S. 310,12,7,2,1.6092709,.36077654,.08766824,.018256903,1960,.37379289,.34220648,-.034638345,.64299375,.53015989,.3795051
a765,"Michalic v. Cleveland Tankers, Inc.",1,2470,869,364 U.S. 325,8,5,4,.86643887,.25941724,.13512325,.012842774,1960,.34248209,.2358259,-.59192955,-.12891538,.28853261,-.14410411
a767,Chaunt v. United States,1,1699,1374,364 U.S. 350,2,6,3,1.5182022,.30233991,.064432502,.01083976,1960,.22252357,.16301173,-.10296039,.19796535,-.63719434,-.18072979
a768,Knetsch v. United States,1,2676,483,364 U.S. 361,12,6,3,.71168703,.34297779,.13132811,.025349617,1960,.25616926,.25155693,-.70802826,.50744611,-.37754858,-.19271024
a769,McPhaul v. United States,1,3045,1405,364 U.S. 372,3,5,4,1.4985034,.34668255,.083692499,.012968659,1960,.39190477,.32074732,-.11773888,.53565991,.6699304,.36261714
a770,Uphaus v. Wyman,1,276,4128,364 U.S. 388,3,6,3,3.1519845,.43436635,.2473001,.032320499,1960,.47510082,.27912343,1.122744,1.2034222,1.3119591,1.2127085
a770,Uphaus v. Wyman,2,276,2410,364 U.S. 388,3,6,3,1.4295175,.39579329,.18743753,.022212863,1960,.43004233,.25493705,-.16949385,.90966636,.96424013,.56813753
a771,Meyer v. United States,1,1821,1645,364 U.S. 410,12,6,3,.18365172,.1443084,.076232299,.0057138801,1960,.22995389,.16923809,-1.1041735,-1.005535,-.57985419,-.89652091
a772,Polites v. United States,1,3408,1011,364 U.S. 426,2,5,4,5.2047272,.4907735,.13890034,.015523195,1960,.40908253,.29037559,2.6627629,1.632995,.80249214,1.6994166
a773,Boynton v. Virginia,1,2902,2416,364 U.S. 454,2,7,2,1.4837891,.20675351,.056274701,.0051320195,1960,.23645216,.12872493,-.12877797,-.52997983,-.5297066,-.39615479
a775,Shelton v. Tucker,1,3320,2150,364 U.S. 479,3,5,4,2.5069788,.28111476,.0712699,.010004878,1960,.24509317,.14616215,.63884449,.036323655,-.46302345,.070714898
a775,Shelton v. Tucker,2,3320,958,364 U.S. 479,3,5,4,2.3228459,.30260229,.091237001,.01483798,1960,.26268989,.16228575,.50070345,.19996352,-.32722852,.12447949
a776,Reina v. United States,1,2232,579,364 U.S. 507,1,7,2,5.7002087,.6169526,.2054002,.017976284,1960,.5759843,.58608407,3.0344856,2.5939212,2.090483,2.5729632
a777,United States v. Mississippi Valley Generating Co.,1,14164,1872,364 U.S. 520,8,6,3,2.1498892,.27613795,.1094221,.014523566,1961,.34056038,.88879579,.37094703,-.0015775936,.27370265,.21435736
a778,Callanan v. United States,1,3481,1620,364 U.S. 587,1,5,4,.61042702,.218104,.045309659,.0055649281,1961,.20165348,.13478321,-.78399605,-.44353929,-.79825008,-.6752618
a779,Carbo v. United States,1,3656,1214,364 U.S. 611,1,7,2,2.0019162,.33294225,.088747799,.0095510483,1961,.28175515,.15301973,.25993392,.43101966,-.18010077,.17028427
a780,Travis v. United States,1,1928,1521,364 U.S. 631,3,6,3,1.3918656,.1904545,.065755367,.006495297,1961,.18103099,.11837196,-.19774126,-.65410614,-.95739508,-.60308081
a781,System Federation No. 91 v. Wright,1,3178,625,364 U.S. 642,7,5,3,1.4480824,.29201221,.1078999,.011454344,1961,.26362109,.23396808,-.15556598,.11931404,-.32004237,-.11876477
a783,Times Film Corp. v. City of Chicago,1,2260,8796,365 U.S. 43,3,5,4,1.9750582,.21607864,.090162747,.0057867765,1961,.26540869,.18250895,.2397844,-.4589636,-.30624732,-.17514217
a783,Times Film Corp. v. City of Chicago,2,2260,2277,365 U.S. 43,3,5,4,4.8876033,.50610656,.27878159,.027908325,1961,.40621293,.30652499,2.4248486,1.749765,.78034723,1.6516536
a786,United States v. Fruehauf,1,3998,248,365 U.S. 146,9,8,1,2.3676913,.48022011,.24639094,.032185793,1961,.37539732,.25369042,.53434759,1.5526249,.54254144,.87650466
a787,Maynard v. Durham & Southern Railway Co.,1,987,270,365 U.S. 160,8,6,3,6.8995757,.63813573,.2181845,.045173109,1961,.514911,.45657432,3.9342806,2.7552428,1.6191766,2.7695668
a787,Maynard v. Durham & Southern Railway Co.,2,987,758,365 U.S. 160,8,6,3,.50748312,.34424701,.1236702,.011440456,1961,.21981001,.22627169,-.8612271,.51711196,-.65813506,-.33408341
a788,Monroe v. Pape,1,7609,20909,365 U.S. 167,2,8,1,.42693126,.16702425,.025945799,.0070349574,1961,.14991331,.88253582,-.92165911,-.83254081,-1.1975321,-.98391068
a789,Costello v. United States,1,7033,347,365 U.S. 265,2,6,2,4.0674701,.44911295,.33403385,.021496058,1961,.44491673,.35809869,1.8095641,1.315726,1.0790267,1.401439
a79,Collins v. Virginia,1,4433,1804,138 S. Ct. 1663,1,8,1,.40933037,.13513841,.046126071,.0058271289,2018,.22657895,.13922656,-.93486375,-1.0753698,-.60589874,-.87204409
a790,Green v. United States,1,1511,1518,365 U.S. 301,1,5,4,2.5134039,.23747396,.1368935,.012923241,1961,.35819459,.26577693,.64366484,-.29602596,.40978691,.25247526
a791,Clancy v. United States,1,1291,809,365 U.S. 312,1,6,3,5.6678901,.30820286,.1492994,.022314429,1961,.31255102,.30444449,3.0102394,.24261509,.0575528,1.1034691
a792,Aro Manufacturing Co. v. Convertible Top Replacement Co.,1,2990,3964,365 U.S. 336,8,6,3,.22530767,.15047,.067009799,.0078259706,1961,.15787172,.14712882,-1.0729222,-.95861095,-1.1361165,-1.0558832
a793,Wilson v. Schnettler,1,2037,3354,365 U.S. 381,1,6,3,2.1517913,.27784991,.074529201,.0058196187,1961,.29664081,.21537966,.37237403,.011459997,-.065227218,.10620227
a794,Wilkinson v. United States,1,4598,2647,365 U.S. 399,3,5,4,.79730004,.28502521,.071877241,.0099870563,1961,.28933185,.20847511,-.64379925,.066103987,-.12163089,-.23310871
a794,Wilkinson v. United States,2,4598,2050,365 U.S. 399,3,5,4,.38272163,.2284018,.0820719,.0083709359,1961,.259031,.1687181,-.9548263,-.36511573,-.3554644,-.55846882
a794,Wilkinson v. United States,3,4598,383,365 U.S. 399,3,5,4,.86908418,.31393769,.26169431,.017367601,1961,.38366485,.3516857,-.58994496,.28628913,.60634238,.10089552
a795,Braden v. United States,1,2060,2718,365 U.S. 431,3,5,4,2.0771904,.49409485,.1417495,.023083448,1961,.38522881,.253214,.31640655,1.658289,.6184116,.86436903
a795,Braden v. United States,2,2060,3413,365 U.S. 431,3,5,4,1.7208577,.26218474,.098525003,.014760733,1961,.30695087,.17990732,.04907687,-.10783927,.014336076,-.014808775
a797,Michigan National Bank v. Michigan,1,5226,6984,365 U.S. 467,10,6,2,.068700217,.077164099,.026082899,.0030453205,1961,.11997151,.097380698,-1.190413,-1.5168774,-1.4285946,-1.3786284
a799,Rogers v. Richmond,1,4716,447,365 U.S. 534,1,7,2,1.3861456,.27096441,.095731497,.019717216,1961,.27673149,.19339538,-.20203255,-.04097702,-.21886863,-.15395939
a8,Scialabba v. De Osorio,1,8900,9896,134 S. Ct. 2191,2,5,4,.18654245,.063125402,.028543949,.0031870604,2014,.13124943,.86164445,-1.1020049,-1.6237901,-1.3415623,-1.3557857
a800,Milanovich v. United States,1,1463,2078,365 U.S. 551,1,5,4,.76528692,.2732234,.1065575,.0079324245,1961,.21188128,.20117563,-.66781628,-.023773545,-.71932155,-.4703038
a800,Milanovich v. United States,2,1463,982,365 U.S. 551,1,5,4,2.2614167,.35792461,.14210695,.017791271,1961,.31330377,.29409903,.45461771,.62127465,.063361794,.37975138
a802,Newsom v. Smyth,1,149,671,365 U.S. 604,9,6,3,.26891336,.4366852,.2045505,.031909525,1961,.35137564,.33418196,-1.0402081,1.2210817,.35716468,.1793461
a803,Chapman v. United States,1,2326,1141,365 U.S. 610,1,8,1,.47342208,.19745681,.10367894,.0096167922,1961,.234698,.20285493,-.88678056,-.60077953,-.54324359,-.67693454
a804,United States v. Virginia Electric & Power Co.,1,3811,2368,365 U.S. 624,4,6,3,.66578841,.1913159,.054312199,.0098912716,1961,.22609895,.19258666,-.74246252,-.64754599,-.60960293,-.66653717
a805,"Local 60, United Brotherhood of Carpenters & Joiners v. National Labor Relations Board",1,1446,2044,365 U.S. 651,7,7,1,.89691544,.23018265,.062424399,.012305737,1961,.215608,.19644254,-.56906527,-.35155353,-.69056219,-.53706032
a806,"Local 357, International Brotherhood of Teamsters, Chauffeurs, Warehousemen & Helpers v. National Labor Relations Board",1,2892,2778,365 U.S. 667,7,6,2,.3175742,.1318402,.065206498,.0092884302,1961,.21643728,.13118285,-1.0037016,-1.1004876,-.68416262,-.92945057
a807,National Labor Relations Board v. News Syndicate Co.,1,2509,80,365 U.S. 695,7,6,2,1.0183216,.43237025,.35927239,.069567859,1961,.45715773,.50346136,-.4779833,1.1882209,1.1734914,.62790966
a808,International Typographical Union v. National Labor Relations Board,1,408,81,365 U.S. 705,7,6,2,6.8616495,.34089315,.35500926,.046229959,1961,.54444164,.46963209,3.9058275,.49157035,1.8470664,2.0814881
a809,Burton v. Wilmington Parking Authority,1,3246,490,365 U.S. 715,2,6,3,4.4292631,.63886112,.2286111,.03875035,1961,.44613069,.38675475,2.0809903,2.760767,1.088395,1.9767175
a809,Burton v. Wilmington Parking Authority,2,3246,534,365 U.S. 715,2,6,3,2.908906,.46682301,.21099409,.015411973,1961,.39181691,.29907799,.94038039,1.4505984,.6692524,1.020077
a81,Sveen v. Melin,1,4557,3291,138 S. Ct. 1815,8,8,1,1.7337146,.1677056,.065930702,.0059963465,2018,.19056052,.13720995,.058722392,-.82735205,-.8838551,-.55082828
a810,Kossick v. United Fruit Co.,1,3652,246,365 U.S. 731,8,6,3,5.4976506,.54818475,.20467645,.028571784,1961,.56237727,.40885746,2.8825214,2.0702145,1.9854767,2.3127375
a810,Kossick v. United Fruit Co.,2,3652,50,365 U.S. 731,8,6,3,3.6805151,.39588371,.48068699,.055529535,1961,.51446664,.40525311,1.5192608,.91035491,1.6157476,1.3484545
a811,Bulova Watch Co. v. United States,1,2951,4,365 U.S. 753,12,8,1,4.4835672,.65859032,.83634442,.34656978,1961,.88052744,.8879258,2.1217306,2.9110162,4.4406605,3.1578023
a813,Stewart v. United States,1,3080,3429,366 U.S. 1,1,5,4,1.4614221,.37662601,.1262147,.011890888,1961,.3034842,.25066,-.14555825,.76369655,-.012416388,.20190731
a813,Stewart v. United States,2,3080,1866,366 U.S. 1,1,5,4,1.3377445,.25165856,.12716186,.012688994,1961,.26806468,.2655372,-.23834428,-.18800215,-.28575096,-.2373658
a814,"Goldberg v. Whitaker House Cooperative, Inc.",1,1456,561,366 U.S. 28,7,6,3,2.3741527,.36640596,.15388227,.017427564,1961,.37868392,.27591997,.53919506,.68586504,.56790429,.59765482
a815,Konigsberg v. State Bar,1,6272,7937,366 U.S. 36,3,5,4,1.8593965,.2761302,.084290802,.0082421303,1961,.16899371,.14847058,.15301208,-.0016366036,-1.0502875,-.29963735
a815,Konigsberg v. State Bar,2,6272,469,366 U.S. 36,3,5,4,1.0860744,.29922941,.087112397,.015487909,1961,.26683497,.20548362,-.4271535,.17427714,-.29524064,-.18270567
a816,In re Anastaplo,1,4663,6307,366 U.S. 82,3,5,4,.67674166,.2072022,.080382697,.0072256923,1961,.23394877,.17628336,-.73424512,-.52656281,-.54902542,-.6032778
a816,In re Anastaplo,2,4663,56,366 U.S. 82,3,5,4,2.8420868,.53935492,.5406363,.11995214,1961,.72437227,.60520506,.89025092,2.0029705,3.2356017,2.0429411
a817,Cohen v. Hurley,1,4388,6576,366 U.S. 117,1,5,4,2.2720251,.29487741,.063109763,.0059417486,1961,.2526952,.14810532,.46257642,.14113414,-.40435809,.066450827
a817,Cohen v. Hurley,2,4388,1194,366 U.S. 117,1,5,4,2.4453921,.43043581,.14808476,.011938095,1961,.4204343,.29866886,.5926407,1.173489,.8900944,.88540804
a817,Cohen v. Hurley,3,4388,2220,366 U.S. 117,1,5,4,2.6769404,.52376562,.1029316,.012401283,1961,.67288888,.4183374,.76635402,1.884249,2.8383012,1.8296347
a819,Brotherhood of Maintenance of Way Employes v. United States,1,3246,2144,366 U.S. 169,8,8,1,2.6822004,.3317821,.1368552,.012039185,1961,.43628234,.28844112,.77030021,.4221845,1.0123947,.73495978
a82,Lozman v. City of Riviera Beach,1,3911,2127,138 S. Ct. 1945,3,8,1,1.7534696,.25757039,.10660595,.013624907,2018,.23329329,.21856743,.073543094,-.1429802,-.55408376,-.20784029
a820,Alaska v. Arctic Maid,1,1864,441,366 U.S. 199,8,8,1,1.450169,.2487893,.1255544,.015222371,1961,.32801551,.25449806,-.15400063,-.20985325,.17689314,-.062320244
a822,"Eli Lilly & Co. v. Sav-On-Drugs, Inc.",1,2331,1257,366 U.S. 276,8,5,4,.76245993,.34051079,.11150646,.009747386,1961,.33038348,.27557558,-.66993713,.48865843,.19516693,.0046294085
a825,United States v. E. I. du Pont de Nemours & Co.,1,5968,13785,366 U.S. 316,8,4,3,1.1962882,.10008526,.026110301,.0063714981,1961,.15899068,.89615089,-.3444683,-1.3423196,-1.1274815,-.93808979
a827,McGowan v. Maryland,1,44481,6735,366 U.S. 420,3,8,1,2.286674,.16303051,.084194243,.0078511238,1961,.29222727,.8541683,.47356638,-.86295551,-.09928681,-.16289198
a828,Braunfeld v. Brown,1,3121,96,366 U.S. 599,3,5,4,1.8876311,.3820658,.2933315,.040904105,1961,.35838455,.37870461,.17419438,.80512369,.41125283,.46352363
a829,United States v. Oregon,1,1973,2137,366 U.S. 643,2,7,2,3.6198204,.23207261,.082946241,.010754049,1961,.2109434,.18008912,1.4737262,-.33716041,-.72655922,.13666885
a83,Pereira v. Sessions,1,6033,5135,138 S. Ct. 2105,2,8,1,.18419866,.1054101,.039526459,.0058694482,2018,.17905456,.12146086,-1.1037632,-1.3017679,-.97264731,-1.1260595
a833,"Chicago, Milwaukee, St. Paul & Pacific Railroad v. United States",1,3359,1443,366 U.S. 745,8,6,2,1.0465318,.12916259,.042066701,.0056503415,1961,.17384875,.13397539,-.45681933,-1.1208791,-1.0128208,-.86350644
a834,Communist Party v. Subversive Activities Control Board,1,35309,7157,367 U.S. 1,3,5,4,1.6778467,.1734558,.089050397,.010708332,1961,.31185347,.85453093,.01680889,-.78356093,.05216974,-.23819411
a834,Communist Party v. Subversive Activities Control Board,2,35309,10927,367 U.S. 1,3,5,4,1.6768271,.5502075,.14291143,.013001621,1961,.32157683,.85223496,.016043963,2.085619,.12720552,.74295616
a834,Communist Party v. Subversive Activities Control Board,3,35309,6865,367 U.S. 1,3,5,4,1.2057434,.5038017,.121761,.01008743,1961,.32134783,.84178907,-.33737478,1.7322123,.1254383,.50675863
a835,Scales v. United States,1,17932,1151,367 U.S. 203,3,5,4,1.5881211,.48736021,.22191779,.016815901,1961,.44070697,.88166213,-.050505511,1.6070008,1.0465398,.86767834
a835,Scales v. United States,2,17932,5225,367 U.S. 203,3,5,4,1.4757324,.55107576,.16136396,.015935183,1961,.38992465,.84743822,-.13482226,2.0922313,.65464962,.87068623
a835,Scales v. United States,3,17932,3285,367 U.S. 203,3,5,4,.65467566,.27240705,.092633702,.0074325204,1961,.33700651,.90940911,-.7507996,-.029990481,.24627724,-.17817095
a837,"Civil Aeronautics Board v. Delta Air Lines, Inc.",1,5984,4497,367 U.S. 316,8,6,3,1.6240711,.15704066,.05365527,.010011852,1961,.20507431,.1314339,-.023534872,-.90857166,-.7718513,-.56798595
a838,Horton v. Liberty Mutual Insurance,1,2177,2568,367 U.S. 348,9,5,4,1.3363677,.1890424,.0634389,.0077757835,1961,.21893698,.2163102,-.23937716,-.66486001,-.66487229,-.52303648
a839,Gori v. United States,1,1766,1163,367 U.S. 364,1,5,4,1.8590834,.359631,.092528403,.022389233,1961,.30906343,.31967181,.15277722,.63426983,.030638883,.27256197
a840,"Power Reactor Development Co. v. International Union of Electrical, Radio & Machine Workers",1,5646,1332,367 U.S. 396,8,7,2,.9068864,.1314813,.1191894,.0072140694,1961,.30634701,.24335748,-.56158477,-1.1032207,.0096760942,-.55170977
a841,Lott v. United States,1,2003,1605,367 U.S. 421,1,5,4,.71863395,.15227839,.051794901,.012238145,1961,.21869075,.14909071,-.70281649,-.944839,-.66677243,-.77147597
a842,Reck v. Pate,1,3504,2668,367 U.S. 433,1,7,2,.65096724,.2288705,.06496197,.0090823174,1961,.31767279,.19440001,-.75358176,-.36154631,.097077779,-.3393501
a843,Deutch v. United States,1,5048,889,367 U.S. 456,3,5,4,.39269823,.26466906,.093128443,.013444483,1961,.24459642,.17587888,-.94734162,-.088919736,-.46685687,-.50103939
a843,Deutch v. United States,2,5048,3220,367 U.S. 456,3,5,4,.38205865,.1334641,.0333554,.0048856735,1961,.17744827,.10518926,-.9553237,-1.0881207,-.98504311,-1.0094959
a845,Poe v. Ullman,1,3627,4362,367 U.S. 497,9,5,4,3.0272205,.33941543,.088919759,.014780045,1961,.26000088,.15309334,1.0291429,.48031667,-.34797972,.38715994
a845,Poe v. Ullman,2,3627,10859,367 U.S. 497,9,5,4,1.8522766,.22722137,.040909469,.0082134604,1961,.23182952,.10902792,.14767055,-.37410533,-.56537974,-.26393819
a845,Poe v. Ullman,3,3627,79,367 U.S. 497,9,5,4,5.9649439,.63715017,.42464289,.099173009,1961,.73603296,.59878397,3.2330964,2.7477372,3.325588,3.1021404
a846,Piemonte v. United States,1,2731,798,367 U.S. 556,1,6,3,1.0932405,.3697024,.1148553,.018529594,1961,.32403636,.19054019,-.42177728,.71096927,.14618583,.14512594
a847,Culombe v. Connecticut,1,24692,224,367 U.S. 568,1,6,3,1.5068387,.40621805,.1760875,.032669663,1961,.43445587,.87724227,-.11148559,.98905689,.99829972,.62529033
a848,Mapp v. Ohio,1,5615,4692,367 U.S. 643,1,6,3,1.311962,.23920155,.053505801,.0082019567,1961,.28983611,.17785257,-.25768694,-.28286946,-.11773953,-.21943198
a849,American Automobile Ass'n v. United States,1,3138,6427,367 U.S. 687,12,5,4,.6810503,.2393405,.065980263,.0091834068,1961,.20315289,.13483047,-.7310127,-.28181124,-.78667903,-.59983432
a85,Carpenter v. United States,1,13850,15271,138 S. Ct. 2206,1,5,4,1.0438392,.1706387,.087002039,.0058127642,2018,.17603093,.00069731474,-.45883936,-.80501479,-.9959808,-.75327832
a85,Carpenter v. United States,2,13850,6989,138 S. Ct. 2206,1,5,4,1.0125779,.19647761,.10332847,.0099035501,2018,.27847505,.88426226,-.48229238,-.60823667,-.20541352,-.43198085
a851,International Ass'n of Machinists v. Street,1,11288,5304,367 U.S. 740,7,7,2,.82780671,.22668725,.078226797,.0066275597,1961,.18347335,.93297654,-.62091237,-.37817296,-.93854725,-.64587754
a851,International Ass'n of Machinists v. Street,2,11288,7173,367 U.S. 740,7,7,2,.65851808,.23606056,.034898899,.0049090385,1961,.14891207,.92533165,-.74791694,-.30678985,-1.2052586,-.75332177
a852,Lathrop v. Donohue,1,14994,4061,367 U.S. 820,3,7,2,1.3353332,.20593511,.093549848,.00979352,1961,.27642041,.84577876,-.24015327,-.53621244,-.22126924,-.33254498
a852,Lathrop v. Donohue,2,14994,2391,367 U.S. 820,3,7,2,1.5124668,.27687061,.10410655,.010585487,1961,.30152053,.87476748,-.10726324,.0040020342,-.027570184,-.043610461
a853,"Cafeteria & Restaurant Workers Union, Local 473 v. McElroy",1,3705,870,367 U.S. 886,3,5,4,4.0494456,.39921471,.16299504,.020101547,1961,.37220579,.23376292,1.7960417,.93572247,.51791221,1.0832255
a854,Roper v. United States,1,1309,64,368 U.S. 20,8,6,3,2.6881938,.3573004,.34693959,.05549705,1961,.48984039,.49000418,.77479655,.61652094,1.4257053,.93900758
a855,Martin v. Walton,1,186,1069,368 U.S. 25,8,6,2,3.1260419,.50219095,.23002005,.04243803,1961,.54436398,.40506697,1.1032811,1.7199454,1.846467,1.5565646
a856,Still v. Norfolk & Western Railway Co.,1,4045,1202,368 U.S. 35,8,8,1,1.8733814,.28101176,.0800642,.011836529,1961,.26078659,.21289325,.16350392,.035539277,-.34191635,-.047624387
a858,Interstate Commerce Commission v. J-T Transport Co.,1,3385,11824,368 U.S. 81,8,6,3,.51020253,.10340893,.035636839,.0040237904,1961,.16023481,.87775713,-.85918695,-1.3170079,-1.1178805,-1.0980251
a859,Hodges v. United States,1,213,770,368 U.S. 139,1,6,3,.79659557,.42682904,.27156407,.02676028,1961,.49988818,.39564788,-.6443277,1.1460214,1.5032448,.66831279
a86,"Janus v. Am. Fed'n of State, Cnty., & Mun. Emps., Council 31",1,15361,8922,138 S. Ct. 2448,7,5,4,.75836802,.1258712,.0333043,.0044949055,2018,.19953185,.00036066771,-.67300701,-1.145945,-.81462282,-.87785828
a861,St. Regis Paper Co. v. United States,1,5741,928,368 U.S. 208,5,6,3,2.8816764,.37837219,.1241535,.011585593,1961,.33141083,.30621284,.91995209,.77699471,.20309502,.63334727
a862,Killian v. United States,1,8490,692,368 U.S. 231,3,5,4,2.0562167,.6466583,.26453733,.02494669,1961,.50899613,.51429415,.30067155,2.820147,1.5735313,1.5647833
a862,Killian v. United States,2,8490,1970,368 U.S. 231,3,5,4,1.5587065,.43064269,.15976781,.020177722,1961,.33393109,.26900291,-.072573029,1.1750646,.22254403,.44167852
a862,Killian v. United States,3,8490,3144,368 U.S. 231,3,5,4,1.0319903,.28571117,.096768498,.013960004,1961,.35072535,.19065416,-.46772873,.071327969,.35214636,-.014751469
a863,Campbell v. Hussey,1,1561,4751,368 U.S. 297,10,6,3,2.1887927,.21367717,.084639199,.010091424,1961,.275653,.13324487,.40013337,-.47725219,-.22719137,-.10143673
a864,"A. L. Mechling Barge Lines, Inc. v. United States",1,2123,1499,368 U.S. 324,9,5,4,1.3977931,.28274009,.055915602,.0062345862,1961,.22798991,.1845327,-.19329433,.048701469,-.59501028,-.24653438
a865,Federal Trade Commission v. Henry Broch & Co.,1,2801,216,368 U.S. 360,8,6,3,2.6492674,.40475261,.2479676,.026909471,1962,.37307948,.36720932,.74559307,.97789669,.52465445,.74938142
a866,United States v. Drum,1,4950,4245,368 U.S. 370,8,7,2,1.2781579,.19941014,.049313799,.0058077574,1962,.18625164,.13473284,-.28304759,-.58590376,-.91710699,-.59535277
a867,Blau v. Lehman,1,3461,2861,368 U.S. 403,8,6,2,2.4634175,.22802401,.092403203,.01047194,1962,.31687969,.2352584,.6061638,-.36799282,.090957388,.10970946
a868,Hill v. United States,1,2028,1707,368 U.S. 424,1,5,4,1.4563173,.25134003,.1032059,.0086870193,1962,.25658095,.24368447,-.14938799,-.19042793,-.37437156,-.23806249
a87,North Carolina v. Covington,1,2858,35,138 S. Ct. 2548,2,8,0,5.3958311,.61317277,.56184387,.11850429,2018,.84879684,.90083855,2.8061337,2.5651355,4.1957936,3.1890209
a871,Oyler v. Boles,1,2533,1090,368 U.S. 448,4,5,4,1.337876,.26620907,.095144451,.0099387169,1962,.3465845,.22116125,-.23824564,-.077191718,.32019114,.0015845969
a872,"Poller v. Columbia Broadcasting System, Inc.",1,3060,4102,368 U.S. 464,8,5,4,.99472922,.11138344,.077014148,.0041033626,1962,.1603536,.12314409,-.4956829,-1.2562776,-1.1169636,-.95630801
a873,Machibroda v. United States,1,2955,1736,368 U.S. 487,1,6,3,.84721738,.34013879,.082179703,.012356281,1962,.27812988,.21333164,-.60635,.48582548,-.20807722,-.10953391
a874,Lynum v. Illinois,1,105,1158,368 U.S. 908,,,,.5617891,.35170719,.21833231,.034950256,1961,.41687375,.45729005,-.82048541,.57392544,.86261749,.2053525
a877,Simonson v. Granquist,1,1304,587,369 U.S. 38,8,7,2,2.3775613,.39298475,.098944373,.013345778,1962,.34324002,.31882685,.54175234,.88827771,.29438162,.57480389
a878,Organized Village of Kake v. Egan,1,4925,2762,369 U.S. 60,8,8,1,1.4155844,.35270894,.20595133,.016669154,1962,.49513745,.33631831,-.1799468,.58155429,1.466583,.6227302
a879,Griggs v. Allegheny County,1,1934,1426,369 U.S. 84,4,7,2,1.5703973,.31536615,.072630763,.010399103,1962,.24215859,.1948275,-.063802347,.29716763,-.48566973,-.084101483
a880,"Local 174, Teamsters, Chauffeurs, Warehousemen & Helpers v. Lucas Flour Co.",1,3664,1438,369 U.S. 95,7,8,1,2.212234,.37929845,.17045295,.026860952,1962,.41778725,.36147213,.41771963,.78404868,.86966699,.69047844
a881,"Public Affairs Associates, Inc. v. Rickover",1,746,201,369 U.S. 111,8,6,3,2.5442038,.4818401,.27267075,.028963268,1962,.40308148,.41772693,.66677165,1.5649621,.75618166,.9959718
a881,"Public Affairs Associates, Inc. v. Rickover",2,746,349,369 U.S. 111,8,6,3,2.1628008,.38761765,.2181913,.022806168,1962,.36027676,.35118002,.38063359,.84740412,.42585513,.55129761
a882,United Gas Pipe Line Co. v. Ideal Cement Co.,1,1712,214,369 U.S. 134,9,6,2,1.8611467,.49555296,.18785715,.025124967,1962,.37934929,.29044175,.15432514,1.6693933,.573039,.79891914
a883,Fong Foo v. United States,1,639,791,369 U.S. 141,1,7,1,1.4488287,.41040841,.1568947,.022243857,1962,.36258858,.33060879,-.15500613,1.0209688,.44369563,.43655276
a884,Kesler v. Department of Public Safety,1,7025,2696,369 U.S. 153,8,5,3,3.2967615,.26690769,.12639844,.014445305,1962,.25322014,.16009998,1.2313592,-.071871281,-.40030712,.25306028
a884,Kesler v. Department of Public Safety,2,7025,841,369 U.S. 153,8,5,3,3.2409511,.35315701,.1279351,.021053195,1962,.2913239,.2014122,1.1894889,.58496666,-.10625815,.5560658
a885,Baker v. Carr,1,17843,20427,369 U.S. 186,2,6,2,.54725593,.1664983,.046241459,.0043624043,1962,.13554323,.00072985888,-.83138853,-.83654624,-1.3084269,-.99212056
a885,Baker v. Carr,2,17843,2977,369 U.S. 186,2,6,2,1.0995998,.25880489,.064787567,.01180923,1962,.26678759,.89752388,-.41700634,-.13357878,-.29560632,-.28206381
a885,Baker v. Carr,3,17843,2751,369 U.S. 186,2,6,2,1.3183281,.3705098,.22734225,.023460388,1962,.41634011,.86323595,-.25291091,.71711814,.85849935,.4409022
a886,"Atlantic & Gulf Stevedores, Inc. v. Ellerman Lines, Ltd.",1,2807,581,369 U.S. 355,8,6,2,1.0124521,.23182124,.065376163,.011795878,1962,.1866045,.18334955,-.48238674,-.3390747,-.91438395,-.57861513
a887,Rusk v. Cort,1,4072,5938,369 U.S. 367,2,5,3,.50340545,.1033368,.0329777,.0068131685,1962,.24970877,.17278177,-.8642863,-1.3175572,-.42740455,-.86974937
a888,National Labor Relations Board v. Walton Manufacturing Co.,1,1185,3733,369 U.S. 404,7,6,2,.47558519,.20332921,.038166761,.0054120421,1962,.17016649,.17802447,-.88515776,-.55605787,-1.041237,-.82748419
a890,Coppedge v. United States,1,5339,1300,369 U.S. 438,2,5,2,2.1197698,.30903351,.083652601,.01494509,1962,.40502733,.24225658,.34835067,.24894097,.77119792,.4561632
a891,"Goldlawr, Inc. v. Heiman",1,1201,338,369 U.S. 463,9,5,2,2.9538639,.31352469,.37692094,.01645565,1962,.388506,.3535316,.97410887,.28314388,.64370179,.63365149
a893,California v. Federal Power Commission,1,2643,2195,369 U.S. 482,8,5,2,1.3465792,.26217139,.1089684,.018596113,1962,.28679967,.18124557,-.23171626,-.10794095,-.1411719,-.16027637
a895,Vaughan v. Atkinson,1,2031,2251,369 U.S. 527,8,5,2,1.4854544,.2714116,.042601801,.0092786551,1962,.19452506,.20459169,-.12752858,-.037571456,-.85326052,-.33945352
a896,Beck v. Washington,1,5356,6878,369 U.S. 541,1,4,3,.59562117,.24835545,.046261299,.0048550367,1962,.26240462,.14209872,-.79510373,-.21315724,-.32942992,-.44589695
a896,Beck v. Washington,2,5356,3222,369 U.S. 541,1,4,3,.66902703,.23893446,.037534948,.0059100389,1962,.2228896,.12841272,-.74003285,-.28490347,-.63436967,-.55310202
a897,Hutcheson v. United States,1,7540,3413,369 U.S. 599,1,4,2,1.189387,.3181597,.091596499,.0097808838,1962,.34807217,.1696021,-.34964579,.31844211,.3316716,.10015597
a897,Hutcheson v. United States,2,7540,1407,369 U.S. 599,1,4,2,2.3774476,.42737925,.14851861,.016832829,1962,.34956026,.2554329,.54166698,1.1502116,.34315529,.67834461
a898,Malone v. Bowdoin,1,1769,1557,369 U.S. 643,9,5,2,3.0099685,.42392546,.083774596,.01743567,1962,.33662361,.26282096,1.0162001,1.1239089,.24332237,.79447711
a9,"Republic Argentina v. NML Capital, Ltd.",1,2954,911,134 S. Ct. 2250,5,7,1,.69306856,.1789533,.077661604,.0066573024,2014,.21006465,.13972718,-.72199625,-.74169427,-.73334056,-.73234367
a900,Guzman v. Pichirilo,1,1624,223,369 U.S. 698,8,6,1,5.3792648,.71029049,.28804049,.034713209,1962,.67700285,.66730249,2.7937055,3.3047426,2.870049,2.9894991
a901,Lynch v. Overholser,1,4856,5197,369 U.S. 705,1,6,1,1.027209,.16603111,.02953404,.0084334612,1962,.16232163,.10813475,-.47131574,-.84010422,-1.1017764,-.80439878
a902,Russell v. United States,1,7468,578,369 U.S. 749,3,5,2,1.4199951,.41656759,.12681806,.025642872,1962,.32351023,.25482041,-.17663783,1.0678746,.14212565,.34445411
a902,Russell v. United States,2,7468,4580,369 U.S. 749,3,5,2,.6681,.1963392,.034798499,.0034205914,1962,.20483863,.10812473,-.74072832,-.60929072,-.77367008,-.70789635
a905,Beard v. Stahr,1,184,909,370 U.S. 41,2,5,3,3.2416892,.57645595,.2698358,.037959158,1962,.6454885,.48173672,1.1900426,2.285516,2.6268511,2.0341365
a906,Gallegos v. Colorado,1,1774,2860,370 U.S. 49,1,4,3,1.3635902,.20491,.060663339,.0094980597,1962,.19881088,.13064051,-.21895415,-.54401922,-.82018661,-.52771997
a907,Lehigh Valley Cooperative Farmers Inc. v. United States,1,7614,4551,370 U.S. 76,9,6,1,1.1346842,.1434152,.056372169,.0055366755,1962,.27763641,.12707222,-.39068517,-1.0123373,-.21188533,-.5383026
a908,Calbeck v. Travelers Insurance Co.,1,5669,2046,370 U.S. 114,8,6,2,1.0756016,.15894693,.035278261,.003832221,1962,.15930414,.15261751,-.43501043,-.89405429,-1.1250625,-.8180424
a91,Jam v. Int'l Fin. Corp.,1,4503,4969,139 S. Ct. 759,9,7,1,.92212176,.21122789,.080797598,.0047921538,2019,.33036637,.20169669,-.55015486,-.49590483,.19503492,-.28367493
a910,Morales v. City of Galveston,1,1795,391,370 U.S. 165,8,5,3,1.8185985,.26979151,.13831365,.022641659,1962,.26013321,.19607973,.12240444,-.049909323,-.34695858,-.091487817
a911,Marine Engineers Beneficial Ass'n v. Interlake Steamship Co.,1,4040,1558,370 U.S. 173,10,7,1,1.1441114,.2877816,.090019457,.010209799,1962,.36590928,.24720675,-.38361266,.087095454,.46932161,.057601467
a912,"W. M. C. A., Inc. v. Simon",1,323,719,370 U.S. 190,2,7,1,1.5896569,.29372999,.1235068,.016341925,1962,.28344715,.22103667,-.049353246,.13239588,-.16704352,-.028000297
a913,Sinclair Refining Co. v. Atkinson,1,6706,4171,370 U.S. 195,7,5,3,.57847673,.23347545,.037683502,.0073866844,1962,.2405737,.14941323,-.80796593,-.32647696,-.4979004,-.54411441
a914,In re McConnell,1,1996,307,370 U.S. 230,1,5,2,1.8526073,.4964506,.13703364,.018293262,1962,.52136064,.38019419,.14791864,1.6762294,1.6689489,1.1643656
a915,"Drake Bakeries Inc. v. Local 50, American Bakery & Confectionery Workers International",1,4263,236,370 U.S. 254,7,7,1,2.4450943,.36969849,.15344191,.017577529,1962,.36511678,.40239948,.5924173,.71093953,.46320581,.58885419
a916,Rudolph v. United States,1,2699,2779,370 U.S. 269,12,5,2,1.4996837,.30166787,.1071174,.017731071,1962,.21519274,.19230425,-.1168534,.19284737,-.69376683,-.20592429
a918,Wood v. Georgia,1,6534,3072,370 U.S. 375,3,5,2,.73540115,.13605684,.043692298,.0049501061,1962,.21627051,.12984788,-.69023728,-1.0683755,-.6854496,-.81468743
a920,Engel v. Vitale,1,5045,2109,370 U.S. 421,3,6,1,1.5885329,.2787782,.13333833,.0117715,1962,.3019737,.19796151,-.050196517,.018529402,-.024073012,-.018580042
a921,State Board of Insurance v. Todd Shipyards Corp.,1,2030,493,370 U.S. 451,8,6,1,.66722804,.42024887,.20409787,.029322803,1962,.36554086,.32008642,-.74138248,1.0959096,.46647853,.27366856
a922,United States v. Borden Co.,1,3565,346,370 U.S. 460,8,7,1,2.6745448,.38967609,.21013319,.026568055,1962,.420515,.38190216,.76455677,.86308038,.89071721,.83945143
a923,"Manual Enterprises, Inc. v. Day",1,5293,2977,370 U.S. 478,3,6,1,1.2369499,.23438764,.095682003,.0063338876,1962,.26697117,.14396203,-.31396288,-.31953013,-.2941896,-.30922753
a924,Glidden Co. v. Zdanok,1,17434,5657,370 U.S. 530,9,5,2,2.8299088,.20231104,.044564702,.0070033073,1962,.2821666,.7816031,.88111472,-.56381178,-.17692557,.046792459
a925,Central Railroad v. Pennsylvania,1,3347,963,370 U.S. 607,8,7,0,1.0433898,.1622819,.054767251,.0070604086,1962,.28604579,.17917591,-.45917651,-.86865658,-.14698964,-.49160758
a926,Link v. Wabash Railroad,1,3243,4814,370 U.S. 626,9,4,3,1.4053301,.2371676,.0763468,.014513373,1962,.20359397,.17548573,-.18763989,-.29835913,-.78327519,-.42309141
a927,Robinson v. California,1,2560,1868,370 U.S. 660,1,6,2,2.2924495,.40328369,.073815763,.011375904,1962,.29774529,.24987537,.47789928,.96670997,-.056703925,.4626351
a927,Robinson v. California,2,2560,1705,370 U.S. 660,1,6,2,2.1554768,.30127054,.045623399,.0079184175,1962,.30074996,.20661771,.37513897,.18982151,-.033516709,.17714792
a933,United States v. Sampson,1,1943,503,371 U.S. 75,1,8,1,1.5396196,.27039981,.16094659,.018155813,1962,.33048344,.29283017,-.086892545,-.045276809,.1959383,.021256316
a934,"Hewitt-Robins Inc. v. Eastern Freight-Ways, Inc.",1,1639,1265,371 U.S. 84,8,6,3,.40720198,.1841788,.090070903,.0080776215,1962,.18855268,.18877292,-.93646055,-.70189917,-.89934975,-.84590316
a935,Los Angeles Meat & Provision Drivers Union v. United States,1,2757,1403,371 U.S. 94,7,8,1,2.2642994,.413517,.095926642,.015582144,1962,.35795003,.20494044,.4567804,1.0446426,.40789965,.63644087
a938,Smith v. Evening News Ass'n,1,1868,1282,371 U.S. 195,10,8,1,.29593599,.32304251,.075780898,.013662815,1962,.26700944,.26892829,-1.019935,.35562751,-.29389429,-.31940061
a939,"Harris Truck Lines, Inc. v. Cherry Meat Packers, Inc.",1,661,78,371 U.S. 215,9,8,1,1.5559568,.47891259,.42051923,.069838524,1962,.62888592,.68070239,-.074635908,1.5426674,2.498728,1.3222532
a94,Frank v. Gaos,1,1889,678,139 S. Ct. 1041,9,8,1,1.553914,.25968409,.15121675,.013198018,2019,.21187228,.21579593,-.076168537,-.12688318,-.71939099,-.3074809
a941,Paul v. United States,1,7322,4275,371 U.S. 245,9,6,3,2.2566764,.18507886,.052058902,.0052236915,1963,.24180412,.15230143,.45106146,-.6950447,-.4884052,-.24412948
a942,United States v. Georgia Public Service Commission,1,2077,565,371 U.S. 285,9,6,3,1.5737153,.2893534,.1189833,.0095955133,1963,.39358234,.30645108,-.061313048,.099065647,.68287629,.24020962
a947,Mercantile National Bank v. Langdeau,1,5404,1266,371 U.S. 555,9,6,2,2.2009544,.5682646,.1867784,.024523497,1963,.65204144,.40247148,.40925741,2.223134,2.6774204,1.7699373
a95,Republic of Sudan v. Harrison,1,5198,2462,139 S. Ct. 1048,8,8,1,.80038929,.17406,.053260401,.0062705874,2019,.21816701,.14226466,-.64148158,-.77895957,-.67081422,-.69708514
a950,United States v. National Dairy Products Corp.,1,2439,257,372 U.S. 29,8,6,3,2.9664319,.51502824,.13259387,.016197205,1963,.30931538,.34383237,.98353773,1.8177087,.032583188,.94460988
a951,"Bantam Books, Inc. v. Sullivan",1,4327,2092,372 U.S. 58,3,8,1,1.5716165,.23067699,.040303469,.0080986023,1963,.26424879,.17642981,-.062887616,-.34778878,-.31519839,-.24195826
a952,Northern Natural Gas Co. v. State Corp. Commission,1,4227,2929,372 U.S. 84,10,5,3,.35858154,.12866354,.042704642,.003752768,1963,.20772386,.098470926,-.97293681,-1.1246797,-.75140464,-.94967371
a953,Gallick v. Baltimore & Ohio Railroad,1,4408,387,372 U.S. 108,8,6,3,3.7179999,.49987066,.21099776,.031422257,1963,.48549438,.45302492,1.547383,1.702275,1.3921669,1.5472749
a953,Gallick v. Baltimore & Ohio Railroad,2,4408,1430,372 U.S. 108,8,6,3,2.9541554,.21265763,.1073237,.017762005,1963,.27077901,.22923875,.97432768,-.48501655,-.26480424,.074835628
a954,Schlude v. Commissioner,1,2732,1806,372 U.S. 128,12,5,4,1.0167861,.15983725,.092117898,.0085787773,1963,.27509815,.22849011,-.47913527,-.88727403,-.23147327,-.53262752
a955,Kennedy v. Mendoza-Martinez,1,13727,1486,372 U.S. 144,2,5,4,1.828108,.29156911,.13498497,.013571143,1963,.38545227,.8516745,.12953866,.11593957,.62013602,.28853807
a955,Kennedy v. Mendoza-Martinez,2,13727,6185,372 U.S. 144,2,5,4,1.3416266,.11570203,.0238948,.0022559166,1963,.20716995,.85540426,-.23543179,-1.2233889,-.75567913,-.73816663
a956,Edwards v. South Carolina,1,2843,2116,372 U.S. 229,3,8,1,1.1579545,.17750496,.059268061,.0061118603,1963,.23320103,.1465314,-.37322727,-.75272429,-.5547958,-.56024909
a957,White Motor Co. v. United States,1,3101,2466,372 U.S. 253,8,5,3,1.2044595,.19025373,.070067354,.0066438913,1963,.28992778,.19478685,-.33833796,-.65563506,-.11703209,-.37033504
a958,Townsend v. Sain,1,8897,2983,372 U.S. 293,1,5,4,.44632921,.1607613,.0366285,.0041252375,1963,.14612401,.083562553,-.90710634,-.88023686,-1.2267743,-1.0047059
a96,Bucklew v. Precythe,1,9857,1425,139 S. Ct. 1112,1,5,4,2.9292209,.32067779,.10744864,.010097384,2019,.32985902,.85238504,.95562112,.33761877,.19111963,.4947865
a960,Douglas v. California,1,1537,823,372 U.S. 353,2,6,3,1.2045187,.24900043,.090583302,.013026536,1963,.37287378,.28462875,-.33829361,-.20824534,.52306712,-.0078239441
a960,Douglas v. California,2,1537,2214,372 U.S. 353,2,6,3,.31256974,.22683656,.0769936,.0089125633,1963,.29195231,.22761506,-1.0074561,-.37703589,-.10140866,-.4953002
a961,Gray v. Sanders,1,3950,2576,372 U.S. 368,2,8,1,.44547355,.2697351,.065623343,.010712028,1963,.25390828,.14255571,-.90774822,-.050338965,-.39499673,-.45102796
a962,Fay v. Noia,1,17878,1008,372 U.S. 391,1,6,3,1.0131736,.37423149,.087784499,.016451597,1963,.39087343,.79730701,-.4818455,.74546087,.66197145,.30852893
a962,Fay v. Noia,2,17878,9514,372 U.S. 391,1,6,3,.48747042,.141495,.0314239,.0041932464,1963,.20664161,.83443934,-.87624115,-1.0269607,-.75975633,-.88765275
a964,Draper v. Washington,1,3760,4863,372 U.S. 487,2,5,4,1.1266692,.25453174,.066586301,.01248771,1963,.26656401,.15792131,-.39669827,-.16612123,-.29733166,-.28671706
a965,Gibson v. Florida Legislative Investigation Committee,1,5858,1875,372 U.S. 539,3,5,4,1.0766686,.1477319,.048636701,.0047314763,1963,.17276847,.12182921,-.43420991,-.97946316,-1.0211574,-.81161016
a965,Gibson v. Florida Legislative Investigation Committee,2,5858,660,372 U.S. 539,3,5,4,.89495635,.36122429,.1414801,.015588701,1963,.33330858,.30562925,-.570535,.64640367,.21774009,.097869582
a968,Arrow Transportation Co. v. Southern Railway Co.,1,5186,2446,372 U.S. 658,8,6,3,2.0394959,.142269,.044340398,.0046602488,1963,.21597028,.13150352,.28812721,-1.0210663,-.68776649,-.47356853
a97,Biestek v. Berryhill,1,3280,3427,139 S. Ct. 1148,2,6,3,1.3474429,.1916237,.064052001,.0052449703,2019,.17717242,.11307335,-.23106831,-.64520198,-.98717183,-.62114739
a970,Basham v. Pennsylvania Railroad,1,634,141,372 U.S. 699,8,8,1,3.2545652,.5357601,.28545681,.04684782,1963,.51486963,.57659155,1.1997026,1.9755938,1.6188575,1.5980513
a971,Downum v. United States,1,1522,1696,372 U.S. 734,1,5,4,.24166119,.17199659,.11067456,.01134932,1963,.25370449,.18301523,-1.0606533,-.79467362,-.39656937,-.75063211
a972,Sanders v. United States,1,6856,2953,373 U.S. 1,1,7,2,.59703207,.1779723,.036576599,.0057066679,1963,.2269665,.20377225,-.79404527,-.74916518,-.60290802,-.7153728
a973,Brotherhood of Locomotive Engineers v. Louisville & Nashville Railroad,1,2858,2073,373 U.S. 33,7,6,3,1.6818897,.27882111,.072738647,.012999713,1963,.35436964,.19794649,.019842036,.018856227,.38026956,.13965595
a974,Halliburton Oil Well Cementing Co. v. Reily,1,3359,1415,373 U.S. 64,8,7,2,1.8955116,.22281945,.052262601,.0067057014,1963,.28755021,.20487547,.18010658,-.40762851,-.13537994,-.12096729
a975,Brady v. Maryland,1,2822,842,373 U.S. 83,1,7,2,2.3777301,.25242949,.082621038,.01611197,1963,.31409991,.22745824,.54187894,-.18213111,.069505647,.1430845
a976,Willner v. Committee on Character & Fitness,1,2771,897,373 U.S. 96,4,7,2,.89970738,.3738685,.1110281,.016061842,1963,.35386592,.23629689,-.56697065,.74269646,.37638232,.18403605
a978,"Florida Lime & Avocado Growers, Inc. v. Paul",1,8083,6595,373 U.S. 132,8,5,4,.96803623,.084073357,.01296717,.0021333694,1963,.15635288,.10086554,-.51570863,-1.4642594,-1.1478375,-1.0426018
a979,Namet v. United States,1,3566,432,373 U.S. 179,1,7,2,.91854942,.29055643,.19647831,.025934219,1963,.32558095,.31930995,-.55283493,.10822741,.15810557,-.095500648
a98,"Lamps Plus, Inc. v. Varela",1,4064,2663,139 S. Ct. 1407,7,5,4,1.0954176,.25352603,.1018896,.016330183,2019,.34566325,.25024241,-.42014396,-.17378028,.3130818,-.093614146
a98,"Lamps Plus, Inc. v. Varela",2,4064,5212,139 S. Ct. 1407,7,5,4,.42378587,.1986246,.0269532,.0077027082,2019,.23088378,.13481706,-.92401892,-.59188616,-.57267815,-.69619441
a980,Gutierrez v. Waterman Steamship Corp.,1,3078,1469,373 U.S. 206,8,8,1,1.7209551,.18549997,.089198701,.0096817017,1963,.38683826,.2643612,.049149938,-.69183773,.63083178,-.003952004
a984,Wisconsin v. Federal Power Commission,1,6544,6163,373 U.S. 294,8,5,4,1.3791254,.10209787,.035531402,.0053374767,1963,.24101901,.13681161,-.20729931,-1.3269924,-.49446395,-.67625189
a985,Silver v. New York Stock Exchange,1,8422,1646,373 U.S. 341,8,7,2,1.86981,.1782677,.05562526,.0057220459,1963,.18617892,.16871512,.16082457,-.74691552,-.91766816,-.50125301
a986,Reed v. The Yaka,1,1741,1318,373 U.S. 410,8,7,2,.5427559,.22641915,.066023797,.010994732,1963,.26415354,.20099038,-.8347646,-.38021469,-.31593344,-.51030421
a987,Norvell v. Illinois,1,1268,621,373 U.S. 420,2,7,2,3.717679,.35812473,.096188247,.015792131,1963,.38484269,.31654876,1.5471421,.62279874,.6154319,.92845762
a988,Lopez v. United States,1,4208,1529,373 U.S. 427,1,6,3,3.1394794,.41833216,.12954199,.01478827,1963,.46654975,.33371818,1.1133623,1.0813128,1.2459701,1.1468817
a989,Campbell v. United States,1,3266,1628,373 U.S. 487,1,6,3,2.9160526,.2142365,.089775003,.016538322,1963,.25234103,.19277334,.94574195,-.47299257,-.40709126,.021886041
a99,"Mission Prod. Holdings, Inc. v. Tempnology, LLC",1,5016,556,139 S. Ct. 1652,8,8,1,5.2138805,.39792335,.21212083,.021348,2019,.45830584,.46754926,2.6696301,.92588794,1.1823514,1.5926231
a990,Haynes v. Washington,1,5021,1909,373 U.S. 503,1,5,4,2.6990051,.23593223,.054222461,.0098695755,1963,.30580324,.15816885,.78290749,-.30776715,.0054797642,.16020671
a991,Arizona v. California,1,16177,7726,373 U.S. 546,8,5,3,.44807374,.0773509,.031399552,.0047677159,1963,.22537547,.91196609,-.90579754,-1.5154548,-.61518604,-1.0121461
a991,Arizona v. California,2,16177,6226,373 U.S. 546,8,5,3,.089371637,.088289201,.033914,.005022645,1963,.28276753,.91500521,-1.1749048,-1.4321533,-.17228813,-.92644876
a992,Wheeldin v. Wheeler,1,1735,5049,373 U.S. 647,3,6,3,.96362621,.29318881,.069146752,.0076888204,1963,.21171319,.13696742,-.51901716,.12827449,-.72061867,-.37045377
a993,McNeese v. Board of Education for Community Unit School District 187 Cahokia,1,2282,1948,373 U.S. 668,2,8,1,1.8774034,.33141029,.091504,.014624357,1963,.27499986,.22558713,.16652133,.41935292,-.23223175,.11788083
a994,"Local 100, United Ass'n of Journeymen & Apprentices v. Borden",1,2407,573,373 U.S. 690,10,6,2,1.3332683,.44209677,.1117197,.016356349,1963,.4513464,.33589214,-.24170244,1.2622938,1.1286449,.71641213
a995,United States v. Carlo Bianchi & Co.,1,2995,1028,373 U.S. 709,9,7,2,1.6485749,.2817269,.083649501,.0089427829,1963,.3094101,.2525357,-.0051514888,.04098545,.033314083,.023049347
a996,Rideau v. Louisiana,1,1319,1851,373 U.S. 723,1,7,2,2.7121935,.30279315,.1103091,.012202144,1963,.2200287,.14046991,.79280174,.201417,-.65644741,.11259044
a998,Shenker v. Baltimore & Ohio Railroad,1,3028,1335,374 U.S. 1,8,6,3,3.3849244,.23400354,.085459001,.0084173083,1963,.33287174,.23952943,1.2975013,-.3224552,.21436894,.39647168
a999,Fitzgerald v. United States Lines Co.,1,1871,278,374 U.S. 16,8,8,1,3.0267189,.45336455,.2667954,.035946727,1963,.58477652,.39843917,1.0287665,1.3481045,2.1583331,1.5117347
