case_key,majority_opinion_label,dissent_opinion_label,cosine_similarity
a4,majority,dissent1,0.960706353187561
a6,majority,dissent1,0.9635757803916931
a7,majority,dissent1,0.9690449833869934
a8,majority,dissent1,0.9714560508728027
a9,majority,dissent1,0.9223384261131287
a11,majority,dissent1,0.9504972696304321
a12,majority,dissent1,0.8074204325675964
a13,majority,dissent1,0.7138378620147705
a18,majority,dissent1,0.9413032531738281
a20,majority,dissent1,0.8828139901161194
a21,majority,dissent1,0.9551395177841187
a21,majority,dissent2,0.9384183883666992
a22,majority,dissent1,0.898669958114624
a22,majority,dissent2,0.8636825680732727
a23,majority,dissent1,0.9260586500167847
a26,majority,dissent1,0.8994890451431274
a28,majority,dissent1,0.9537612199783325
a29,majority,dissent1,0.8196461796760559
a30,majority,dissent1,0.9759336113929749
a31,majority,dissent1,0.9548660516738892
a33,majority,dissent1,0.9538065195083618
a34,majority,dissent1,0.919941246509552
a35,majority,dissent1,0.9541492462158203
a36,majority,dissent1,0.9093282222747803
a37,majority,dissent1,0.8428236842155457
a38,majority,dissent1,0.9483011960983276
a39,majority,dissent1,0.909940779209137
a41,majority,dissent1,0.9403611421585083
a42,majority,dissent1,0.9616599082946777
a44,majority,dissent1,0.9403959512710571
a48,majority,dissent1,0.9751381278038025
a49,majority,dissent1,0.9698700904846191
a51,majority,dissent1,0.9502159953117371
a52,majority,dissent1,0.9394693970680237
a54,majority,dissent1,0.9531161189079285
a55,majority,dissent1,0.8778032660484314
a56,majority,dissent1,0.9735618233680725
a59,majority,dissent1,0.9738128781318665
a61,majority,dissent1,0.9588599801063538
a63,majority,dissent1,0.9474343061447144
a66,majority,dissent1,0.9185038805007935
a67,majority,dissent1,0.7768970727920532
a73,majority,dissent1,0.9552158117294312
a74,majority,dissent1,0.8306267261505127
a75,majority,dissent1,0.7831384539604187
a79,majority,dissent1,0.9538739323616028
a81,majority,dissent1,0.9340692758560181
a82,majority,dissent1,0.8933940529823303
a83,majority,dissent1,0.9604735374450684
a85,majority,dissent1,0.9129979610443115
a85,majority,dissent2,0.8966715335845947
a86,majority,dissent1,0.9666957259178162
a87,majority,dissent1,0.4381561279296875
a91,majority,dissent1,0.9192023873329163
a94,majority,dissent1,0.8487832546234131
a95,majority,dissent1,0.9467396140098572
a96,majority,dissent1,0.8925513625144958
a97,majority,dissent1,0.9359480142593384
a98,majority,dissent1,0.8981103897094727
a98,majority,dissent2,0.9730467796325684
a99,majority,dissent1,0.7878791689872742
a101,majority,dissent1,0.9377281069755554
a103,majority,dissent1,0.9654383659362793
a105,majority,dissent1,0.9241929054260254
a105,majority,dissent2,0.9574207663536072
a110,majority,dissent1,0.7626059651374817
a115,majority,dissent1,0.9154840707778931
a116,majority,dissent1,0.953392744064331
a117,majority,dissent1,0.8606870174407959
a119,majority,dissent1,0.9713709354400635
a123,majority,dissent1,0.9436713457107544
a124,majority,dissent1,0.9484249353408813
a126,majority,dissent1,0.868914008140564
a126,majority,dissent2,0.8810720443725586
a128,majority,dissent1,0.9716975688934326
a128,majority,dissent2,0.9513568878173828
a128,majority,dissent3,0.9292649626731873
a129,majority,dissent1,0.9664032459259033
a130,majority,dissent1,0.9603171944618225
a131,majority,dissent1,0.9203504323959351
a131,majority,dissent2,0.9697853922843933
a132,majority,dissent1,0.7809289693832397
a133,majority,dissent1,0.9161689281463623
a136,majority,dissent1,0.942609965801239
a137,majority,dissent1,0.4540081024169922
a138,majority,dissent1,0.8759440779685974
a139,majority,dissent1,0.9525774121284485
a140,majority,dissent1,0.9342535138130188
a141,majority,dissent1,0.9369924068450928
a142,majority,dissent1,0.7359449863433838
a143,majority,dissent1,0.9434465169906616
a144,majority,dissent1,0.7598374485969543
a144,majority,dissent2,0.8755948543548584
a145,majority,dissent1,0.9254225492477417
a147,majority,dissent1,0.842146635055542
a148,majority,dissent1,0.9588468074798584
a149,majority,dissent1,0.8090997934341431
a149,majority,dissent2,0.7571946382522583
a151,majority,dissent1,0.8810964822769165
a151,majority,dissent2,0.9211677312850952
a152,majority,dissent1,0.7554627060890198
a152,majority,dissent2,0.7657999992370605
a153,majority,dissent1,0.9456641674041748
a154,majority,dissent1,0.914782702922821
a154,majority,dissent2,0.8049015998840332
a155,majority,dissent1,0.8291206359863281
a156,majority,dissent1,0.8478763103485107
a157,majority,dissent1,0.7550082206726074
a157,majority,dissent2,0.911737322807312
a158,majority,dissent1,0.8215124607086182
a160,majority,dissent1,0.832743763923645
a161,majority,dissent1,0.9519913196563721
a162,majority,dissent1,0.7061732411384583
a162,majority,dissent2,0.7928147315979004
a163,majority,dissent1,0.8876011371612549
a163,majority,dissent2,0.4748760461807251
a164,majority,dissent1,0.7912843823432922
a165,majority,dissent1,0.9271671772003174
a166,majority,dissent1,0.929970383644104
a168,majority,dissent1,0.8407856225967407
a169,majority,dissent1,0.8852514028549194
a170,majority,dissent1,0.6391724348068237
a171,majority,dissent1,0.8503991961479187
a173,majority,dissent1,0.943301796913147
a175,majority,dissent1,0.869373083114624
a177,majority,dissent1,0.8686023354530334
a178,majority,dissent1,0.6309471726417542
a178,majority,dissent2,0.6307010054588318
a180,majority,dissent1,0.8510445356369019
a181,majority,dissent1,0.8250561952590942
a182,majority,dissent1,0.7277271747589111
a183,majority,dissent1,0.9208118319511414
a184,majority,dissent1,0.6361128091812134
a184,majority,dissent2,0.9213635325431824
a184,majority,dissent3,0.7385517358779907
a185,majority,dissent1,0.9348610639572144
a185,majority,dissent2,0.9568289518356323
a185,majority,dissent3,0.7835065722465515
a185,majority,dissent4,0.67397141456604
a186,majority,dissent1,0.8531076908111572
a187,majority,dissent1,0.8676436543464661
a191,majority,dissent1,0.9098218083381653
a191,majority,dissent2,0.8847196102142334
a191,majority,dissent3,0.7771137356758118
a192,majority,dissent1,0.9415034651756287
a193,majority,dissent1,0.797360897064209
a194,majority,dissent1,0.8554487824440002
a195,majority,dissent1,0.7364178895950317
a196,majority,dissent1,0.9032928943634033
a197,majority,dissent1,0.7884347438812256
a197,majority,dissent2,0.8889257907867432
a198,majority,dissent1,0.9020964503288269
a198,majority,dissent2,0.8282210826873779
a199,majority,dissent1,0.8860506415367126
a200,majority,dissent1,0.9192725419998169
a201,majority,dissent1,0.9249008893966675
a201,majority,dissent2,0.9172053933143616
a201,majority,dissent3,0.7919605374336243
a201,majority,dissent4,0.940822958946228
a202,majority,dissent1,0.9044510126113892
a202,majority,dissent2,0.9106495380401611
a202,majority,dissent3,0.8697236776351929
a203,majority,dissent1,0.7070626020431519
a204,majority,dissent1,0.8706272840499878
a204,majority,dissent2,0.7976341247558594
a205,majority,dissent1,0.9198561906814575
a206,majority,dissent1,0.905046820640564
a207,majority,dissent1,0.9515886306762695
a208,majority,dissent1,0.7786772847175598
a209,majority,dissent1,0.8822240829467773
a212,majority,dissent1,0.943157434463501
a213,majority,dissent1,0.8747468590736389
a214,majority,dissent1,0.794018030166626
a214,majority,dissent2,0.8298639059066772
a214,majority,dissent3,0.9245644211769104
a215,majority,dissent1,0.9204704761505127
a216,majority,dissent1,0.9201900959014893
a223,majority,dissent1,0.6870428323745728
a223,majority,dissent2,0.8265055418014526
a224,majority,dissent1,0.8234583735466003
a225,majority,dissent1,0.8617295622825623
a225,majority,dissent2,0.8360995054244995
a226,majority,dissent1,0.9233655333518982
a226,majority,dissent2,0.663943886756897
a227,majority,dissent1,0.8380564451217651
a228,majority,dissent1,0.697952926158905
a229,majority,dissent1,0.8805644512176514
a230,majority,dissent1,0.9033331871032715
a232,majority,dissent1,0.8574548959732056
a234,majority,dissent1,0.89708411693573
a237,majority,dissent1,0.7456125617027283
a238,majority,dissent1,0.9109011888504028
a238,majority,dissent2,0.6216063499450684
a239,majority,dissent1,0.8463337421417236
a241,majority,dissent1,0.9074711203575134
a242,majority,dissent1,0.9399590492248535
a243,majority,dissent1,0.8586727380752563
a245,majority,dissent1,0.8254703283309937
a246,majority,dissent1,0.810454249382019
a246,majority,dissent2,0.911889910697937
a248,majority,dissent1,0.8093788623809814
a249,majority,dissent1,0.9187561869621277
a250,majority,dissent1,0.7770723700523376
a251,majority,dissent1,0.9415731430053711
a251,majority,dissent2,0.7459138035774231
a252,majority,dissent1,0.9515918493270874
a253,majority,dissent1,0.8783707022666931
a254,majority,dissent1,0.9012379050254822
a255,majority,dissent1,0.8784776926040649
a256,majority,dissent1,0.8554268479347229
a259,majority,dissent1,0.8777351379394531
a263,majority,dissent1,0.9055463671684265
a264,majority,dissent1,0.8318840265274048
a264,majority,dissent2,0.896064043045044
a265,majority,dissent1,0.867904543876648
a265,majority,dissent2,0.7362112998962402
a270,majority,dissent1,0.9127061367034912
a271,majority,dissent1,0.875638484954834
a272,majority,dissent1,0.8891850113868713
a273,majority,dissent1,0.8149323463439941
a274,majority,dissent1,0.87336266040802
a277,majority,dissent1,0.9388290047645569
a278,majority,dissent1,0.8635470867156982
a279,majority,dissent1,0.8036218881607056
a280,majority,dissent1,0.9480295181274414
a281,majority,dissent1,0.8918817639350891
a283,majority,dissent1,0.9298659563064575
a284,majority,dissent1,0.9281250238418579
a285,majority,dissent1,0.9426867961883545
a285,majority,dissent2,0.811796247959137
a286,majority,dissent1,0.9269300699234009
a288,majority,dissent1,0.41424912214279175
a289,majority,dissent1,0.8981823921203613
a293,majority,dissent1,0.8450403809547424
a293,majority,dissent2,0.6475020051002502
a294,majority,dissent1,0.9456133842468262
a295,majority,dissent1,0.9293515086174011
a296,majority,dissent1,0.8253157138824463
a297,majority,dissent1,0.8674505352973938
a298,majority,dissent1,0.8997229337692261
a298,majority,dissent2,0.8808282613754272
a298,majority,dissent3,0.8731350302696228
a299,majority,dissent1,0.936566948890686
a300,majority,dissent1,0.9438538551330566
a301,majority,dissent1,0.9058972597122192
a301,majority,dissent2,0.9236167669296265
a301,majority,dissent3,0.8669118285179138
a302,majority,dissent1,0.9433480501174927
a303,majority,dissent1,0.7867448329925537
a305,majority,dissent1,0.8819800615310669
a306,majority,dissent1,0.9150720834732056
a307,majority,dissent1,0.8390390872955322
a309,majority,dissent1,0.9240906238555908
a310,majority,dissent1,0.875337541103363
a311,majority,dissent1,0.9499638080596924
a312,majority,dissent1,0.8933261632919312
a313,majority,dissent1,0.9380532503128052
a314,majority,dissent1,0.5705379843711853
a315,majority,dissent1,0.916243314743042
a316,majority,dissent1,0.8530431389808655
a317,majority,dissent1,0.7509117126464844
a317,majority,dissent2,0.8784965872764587
a321,majority,dissent1,0.9510554075241089
a322,majority,dissent1,0.9257641434669495
a323,majority,dissent1,0.7524840831756592
a323,majority,dissent2,0.8871791362762451
a324,majority,dissent1,0.8314367532730103
a324,majority,dissent2,0.8264178037643433
a324,majority,dissent3,0.8842612504959106
a326,majority,dissent1,0.8755617737770081
a328,majority,dissent1,0.8791999816894531
a329,majority,dissent1,0.8610829710960388
a330,majority,dissent1,0.817069411277771
a331,majority,dissent1,0.7362130880355835
a331,majority,dissent2,0.7090945839881897
a332,majority,dissent1,0.9339177012443542
a333,majority,dissent1,0.8669887781143188
a334,majority,dissent1,0.7904691696166992
a335,majority,dissent1,0.8880816102027893
a336,majority,dissent1,0.9064923524856567
a337,majority,dissent1,0.8558576107025146
a338,majority,dissent1,0.8911116719245911
a341,majority,dissent1,0.9375052452087402
a343,majority,dissent1,0.9260076284408569
a343,majority,dissent2,0.9002277255058289
a343,majority,dissent3,0.8299249410629272
a344,majority,dissent1,0.7993111610412598
a344,majority,dissent2,0.6777253150939941
a345,majority,dissent1,0.6643931269645691
a346,majority,dissent1,0.5841478705406189
a346,majority,dissent2,0.9288352131843567
a347,majority,dissent1,0.6496313810348511
a348,majority,dissent1,0.9069517254829407
a348,majority,dissent2,0.8611379861831665
a349,majority,dissent1,0.8042870759963989
a350,majority,dissent1,0.86651611328125
a351,majority,dissent1,0.9113143086433411
a351,majority,dissent2,0.9523540735244751
a352,majority,dissent1,0.6983318328857422
a353,majority,dissent1,0.8393669128417969
a356,majority,dissent1,0.8481467962265015
a357,majority,dissent1,0.8411096334457397
a358,majority,dissent1,0.9656018018722534
a359,majority,dissent1,0.829589307308197
a359,majority,dissent2,0.8721945285797119
a360,majority,dissent1,0.9318580031394958
a361,majority,dissent1,0.944980263710022
a362,majority,dissent1,0.8866161704063416
a363,majority,dissent1,0.9460827112197876
a366,majority,dissent1,0.7681105136871338
a366,majority,dissent2,0.8952910900115967
a367,majority,dissent1,0.6162324547767639
a368,majority,dissent1,0.736357569694519
a368,majority,dissent2,0.6336594820022583
a369,majority,dissent1,0.8427700400352478
a369,majority,dissent2,0.610948920249939
a370,majority,dissent1,0.8745825290679932
a371,majority,dissent1,0.8705996870994568
a371,majority,dissent2,0.9445780515670776
a372,majority,dissent1,0.9444340467453003
a373,majority,dissent1,0.927154541015625
a374,majority,dissent1,0.4774305820465088
a375,majority,dissent1,0.9037909507751465
a376,majority,dissent1,0.8405120372772217
a377,majority,dissent1,0.7775947451591492
a378,majority,dissent1,0.7288533449172974
a379,majority,dissent1,0.9683883786201477
a380,majority,dissent1,0.7012161016464233
a381,majority,dissent1,0.7378291487693787
a382,majority,dissent1,0.9336473345756531
a383,majority,dissent1,0.9614145159721375
a384,majority,dissent1,0.9398348927497864
a385,majority,dissent1,0.8618766069412231
a385,majority,dissent2,0.780647337436676
a386,majority,dissent1,0.9192875027656555
a388,majority,dissent1,0.9129688739776611
a389,majority,dissent1,0.9150048494338989
a389,majority,dissent2,0.7657870650291443
a390,majority,dissent1,0.9629417657852173
a391,majority,dissent1,0.9496002197265625
a391,majority,dissent2,0.9342899918556213
a392,majority,dissent1,0.9455152750015259
a393,majority,dissent1,0.8579671382904053
a394,majority,dissent1,0.9080312252044678
a395,majority,dissent1,0.9572086334228516
a395,majority,dissent2,0.8336052894592285
a396,majority,dissent1,0.9271805286407471
a397,majority,dissent1,0.8594013452529907
a397,majority,dissent2,0.8950956463813782
a398,majority,dissent1,0.9582048654556274
a399,majority,dissent1,0.9245815277099609
a401,majority,dissent1,0.7594254016876221
a402,majority,dissent1,0.8929295539855957
a403,majority,dissent1,0.9427791833877563
a404,majority,dissent1,0.9536731839179993
a405,majority,dissent1,0.9605291485786438
a409,majority,dissent1,0.6328513622283936
a410,majority,dissent1,0.6792846322059631
a411,majority,dissent1,0.8916049599647522
a412,majority,dissent1,0.9018527269363403
a413,majority,dissent1,0.9483578205108643
a414,majority,dissent1,0.908854603767395
a415,majority,dissent1,0.9491280913352966
a415,majority,dissent2,0.8706809282302856
a418,majority,dissent1,0.674943745136261
a420,majority,dissent1,0.9009274244308472
a421,majority,dissent1,0.7750422954559326
a422,majority,dissent1,0.8299317359924316
a423,majority,dissent1,0.8886615037918091
a424,majority,dissent1,0.9423595666885376
a425,majority,dissent1,0.8973182439804077
a426,majority,dissent1,0.8988065719604492
a428,majority,dissent1,0.9150716066360474
a429,majority,dissent1,0.8800439834594727
a430,majority,dissent1,0.7293968200683594
a431,majority,dissent1,0.7407673001289368
a434,majority,dissent1,0.8440896272659302
a435,majority,dissent1,0.808876633644104
a436,majority,dissent1,0.9392338991165161
a437,majority,dissent1,0.8984484672546387
a438,majority,dissent1,0.9185682535171509
a439,majority,dissent1,0.9618217945098877
a439,majority,dissent2,0.6747454404830933
a440,majority,dissent1,0.6138782501220703
a440,majority,dissent2,0.8711789846420288
a440,majority,dissent3,0.8394525647163391
a440,majority,dissent4,0.5835025310516357
a441,majority,dissent1,0.9485573172569275
a443,majority,dissent1,0.8751677870750427
a444,majority,dissent1,0.6482561230659485
a445,majority,dissent1,0.894949734210968
a446,majority,dissent1,0.9046334028244019
a448,majority,dissent1,0.9148816466331482
a450,majority,dissent1,0.9641371369361877
a451,majority,dissent1,0.8244565725326538
a452,majority,dissent1,0.9621593952178955
a453,majority,dissent1,0.5417072772979736
a454,majority,dissent1,0.65908282995224
a455,majority,dissent1,0.9627386331558228
a456,majority,dissent1,0.9290944337844849
a456,majority,dissent2,0.8151590824127197
a457,majority,dissent1,0.9481786489486694
a459,majority,dissent1,0.9058040380477905
a460,majority,dissent1,0.891495943069458
a461,majority,dissent1,0.8645139932632446
a462,majority,dissent1,0.8497149348258972
a463,majority,dissent1,0.9057171940803528
a467,majority,dissent1,0.6907138824462891
a468,majority,dissent1,0.8783671855926514
a469,majority,dissent1,0.9173305034637451
a470,majority,dissent1,0.9141107201576233
a471,majority,dissent1,0.903408944606781
a472,majority,dissent1,0.8007310628890991
a473,majority,dissent1,0.7547709941864014
a473,majority,dissent2,0.6708104610443115
a474,majority,dissent1,0.6827291250228882
a474,majority,dissent2,0.7223647832870483
a475,majority,dissent1,0.8981946706771851
a477,majority,dissent1,0.8134388327598572
a478,majority,dissent1,0.8791860938072205
a482,majority,dissent1,0.7536546587944031
a483,majority,dissent1,0.9723596572875977
a485,majority,dissent1,0.9058380722999573
a486,majority,dissent1,0.8316438794136047
a487,majority,dissent1,0.47260522842407227
a488,majority,dissent1,0.8752142190933228
a489,majority,dissent1,0.9616157412528992
a490,majority,dissent1,0.9133658409118652
a491,majority,dissent1,0.9431430101394653
a492,majority,dissent1,0.9288820028305054
a493,majority,dissent1,0.9303833246231079
a495,majority,dissent1,0.743654727935791
a495,majority,dissent2,0.9214218854904175
a497,majority,dissent1,0.9587870836257935
a498,majority,dissent1,0.6986925601959229
a499,majority,dissent1,0.5841485261917114
a499,majority,dissent2,0.7464837431907654
a500,majority,dissent1,0.8127845525741577
a502,majority,dissent1,0.8281219005584717
a503,majority,dissent1,0.9441709518432617
a504,majority,dissent1,0.9434007406234741
a505,majority,dissent1,0.8661705255508423
a506,majority,dissent1,0.9731554985046387
a507,majority,dissent1,0.9008365869522095
a508,majority,dissent1,0.9328922033309937
a509,majority,dissent1,0.9589216709136963
a510,majority,dissent1,0.9163461923599243
a511,majority,dissent1,0.7848706841468811
a512,majority,dissent1,0.6572479009628296
a512,majority,dissent2,0.9057043790817261
a513,majority,dissent1,0.9759195446968079
a514,majority,dissent1,0.9332114458084106
a515,majority,dissent1,0.5713849067687988
a516,majority,dissent1,0.926964521408081
a517,majority,dissent1,0.9094992876052856
a518,majority,dissent1,0.9183555841445923
a520,majority,dissent1,0.9007120728492737
a520,majority,dissent2,0.8661395311355591
a521,majority,dissent1,0.806572437286377
a521,majority,dissent2,0.8805375099182129
a522,majority,dissent1,0.7974892854690552
a522,majority,dissent2,0.9101252555847168
a523,majority,dissent1,0.893743097782135
a525,majority,dissent1,0.7426891326904297
a525,majority,dissent2,0.7164729237556458
a526,majority,dissent1,0.6459534764289856
a527,majority,dissent1,0.9331110715866089
a528,majority,dissent1,0.6763774752616882
a529,majority,dissent1,0.9023877382278442
a530,majority,dissent1,0.9258692860603333
a531,majority,dissent1,0.8756372928619385
a532,majority,dissent1,0.7903718948364258
a533,majority,dissent1,0.9337671995162964
a534,majority,dissent1,0.8075571060180664
a535,majority,dissent1,0.8873450756072998
a536,majority,dissent1,0.8956574201583862
a537,majority,dissent1,0.9290480017662048
a539,majority,dissent1,0.9226336479187012
a540,majority,dissent1,0.9148417711257935
a543,majority,dissent1,0.9494086503982544
a544,majority,dissent1,0.9552531838417053
a545,majority,dissent1,0.7734467387199402
a546,majority,dissent1,0.9047407507896423
a547,majority,dissent1,0.8907430171966553
a548,majority,dissent1,0.8985413908958435
a551,majority,dissent1,0.9332630634307861
a553,majority,dissent1,0.9616873264312744
a553,majority,dissent2,0.9213353395462036
a554,majority,dissent1,0.9602800607681274
a555,majority,dissent1,0.9406833648681641
a556,majority,dissent1,0.8929583430290222
a556,majority,dissent2,0.8889097571372986
a557,majority,dissent1,0.9329268932342529
a557,majority,dissent2,0.8902071714401245
a558,majority,dissent1,0.9467394351959229
a558,majority,dissent2,0.8109385371208191
a559,majority,dissent1,0.713312029838562
a560,majority,dissent1,0.8018659949302673
a561,majority,dissent1,0.829159677028656
a562,majority,dissent1,0.8849310874938965
a562,majority,dissent2,0.9497419595718384
a563,majority,dissent1,0.8863849639892578
a564,majority,dissent1,0.941034197807312
a565,majority,dissent1,0.572622537612915
a567,majority,dissent1,0.7867662310600281
a568,majority,dissent1,0.7973822951316833
a569,majority,dissent1,0.9599813222885132
a570,majority,dissent1,0.8872379064559937
a570,majority,dissent2,0.9061798453330994
a571,majority,dissent1,0.9753844738006592
a571,majority,dissent2,0.6622474789619446
a572,majority,dissent1,0.9530203342437744
a572,majority,dissent2,0.7958205938339233
a573,majority,dissent1,0.7574392557144165
a577,majority,dissent1,0.936066746711731
a578,majority,dissent1,0.9419716596603394
a579,majority,dissent1,0.9299426078796387
a580,majority,dissent1,0.6230800151824951
a581,majority,dissent1,0.9348881244659424
a582,majority,dissent1,0.9230273962020874
a585,majority,dissent1,0.905559778213501
a587,majority,dissent1,0.9228240251541138
a588,majority,dissent1,0.885955274105072
a589,majority,dissent1,0.9510366916656494
a590,majority,dissent1,0.6937610507011414
a591,majority,dissent1,0.9238704442977905
a591,majority,dissent2,0.9160573482513428
a592,majority,dissent1,0.8381503820419312
a593,majority,dissent1,0.9162731170654297
a594,majority,dissent1,0.9690796136856079
a594,majority,dissent2,0.9079363346099854
a595,majority,dissent1,0.9467333555221558
a598,majority,dissent1,0.8285602331161499
a598,majority,dissent2,0.8640475869178772
a599,majority,dissent1,0.6940635442733765
a599,majority,dissent2,0.8378371596336365
a599,majority,dissent3,0.853073000907898
a600,majority,dissent1,0.8696497678756714
a600,majority,dissent2,0.7229821681976318
a600,majority,dissent3,0.8841475248336792
a601,majority,dissent1,0.7110313773155212
a602,majority,dissent1,0.911253809928894
a603,majority,dissent1,0.9358068108558655
a604,majority,dissent1,0.9382945895195007
a605,majority,dissent1,0.8229576945304871
a606,majority,dissent1,0.9475290775299072
a607,majority,dissent1,0.7041466236114502
a611,majority,dissent1,0.6432585716247559
a614,majority,dissent1,0.8205106258392334
a616,majority,dissent1,0.8211348056793213
a616,majority,dissent2,0.9261206984519958
a617,majority,dissent1,0.9194256067276001
a618,majority,dissent1,0.8255153894424438
a619,majority,dissent1,0.8661876320838928
a620,majority,dissent1,0.9264904260635376
a621,majority,dissent1,0.8618056774139404
a621,majority,dissent2,0.518150806427002
a622,majority,dissent1,0.893061637878418
a623,majority,dissent1,0.8137694001197815
a623,majority,dissent2,0.9266575574874878
a624,majority,dissent1,0.8201731443405151
a625,majority,dissent1,0.8864092826843262
a626,majority,dissent1,0.8659029006958008
a628,majority,dissent1,0.9140625
a629,majority,dissent1,0.8499064445495605
a630,majority,dissent1,0.9328932762145996
a630,majority,dissent2,0.9769636392593384
a633,majority,dissent1,0.9651380777359009
a635,majority,dissent1,0.91716468334198
a636,majority,dissent1,0.8939535021781921
a637,majority,dissent1,0.9560660123825073
a638,majority,dissent1,0.9480390548706055
a639,majority,dissent1,0.8601319789886475
a640,majority,dissent1,0.917278528213501
a640,majority,dissent2,0.8865610361099243
a641,majority,dissent1,0.8608500361442566
a642,majority,dissent1,0.8857751488685608
a644,majority,dissent1,0.9397774934768677
a645,majority,dissent1,0.95637047290802
a647,majority,dissent1,0.8700907230377197
a648,majority,dissent1,0.9418071508407593
a649,majority,dissent1,0.890857458114624
a649,majority,dissent2,0.9389601349830627
a650,majority,dissent1,0.9300491809844971
a651,majority,dissent1,0.7620450258255005
a652,majority,dissent1,0.9698891639709473
a653,majority,dissent1,0.9450539350509644
a656,majority,dissent1,0.6782993674278259
a658,majority,dissent1,0.9498999714851379
a659,majority,dissent1,0.9423540234565735
a660,majority,dissent1,0.9451775550842285
a660,majority,dissent2,0.7263249158859253
a662,majority,dissent1,0.8784865140914917
a663,majority,dissent1,0.8771131038665771
a665,majority,dissent1,0.8355201482772827
a666,majority,dissent1,0.8928046226501465
a666,majority,dissent2,0.8124500513076782
a667,majority,dissent1,0.8669317960739136
a670,majority,dissent1,0.8959475755691528
a672,majority,dissent1,0.9422653913497925
a674,majority,dissent1,0.9316856861114502
a675,majority,dissent1,0.946605920791626
a676,majority,dissent1,0.9404906034469604
a677,majority,dissent1,0.9076002836227417
a677,majority,dissent2,0.9250426292419434
a677,majority,dissent3,0.7098437547683716
a678,majority,dissent1,0.798046886920929
a679,majority,dissent1,0.8926016092300415
a680,majority,dissent1,0.8925098776817322
a683,majority,dissent1,0.7055745124816895
a684,majority,dissent1,0.9302809238433838
a685,majority,dissent1,0.8824977874755859
a686,majority,dissent1,0.8691424131393433
a687,majority,dissent1,0.7615374326705933
a691,majority,dissent1,0.9591096639633179
a692,majority,dissent1,0.9547795057296753
a693,majority,dissent1,0.49342167377471924
a694,majority,dissent1,0.9441826939582825
a695,majority,dissent1,0.9006231427192688
a695,majority,dissent2,0.8943688869476318
a695,majority,dissent3,0.9343693852424622
a696,majority,dissent1,0.8605574369430542
a697,majority,dissent1,0.7087516188621521
a698,majority,dissent1,0.8440793752670288
a701,majority,dissent1,0.8094905018806458
a701,majority,dissent2,0.7792086601257324
a702,majority,dissent1,0.9082822799682617
a706,majority,dissent1,0.8179219961166382
a707,majority,dissent1,0.758368730545044
a707,majority,dissent2,0.9059506058692932
a709,majority,dissent1,0.9499439001083374
a710,majority,dissent1,0.9116655588150024
a711,majority,dissent1,0.9550330638885498
a712,majority,dissent1,0.9363068342208862
a713,majority,dissent1,0.9800435304641724
a714,majority,dissent1,0.9118920564651489
a714,majority,dissent2,0.8811459541320801
a715,majority,dissent1,0.9227473735809326
a716,majority,dissent1,0.9332330226898193
a717,majority,dissent1,0.8426456451416016
a717,majority,dissent2,0.964457631111145
a718,majority,dissent1,0.6424311399459839
a719,majority,dissent1,0.938616156578064
a720,majority,dissent1,0.5770014524459839
a721,majority,dissent1,0.7882024645805359
a722,majority,dissent1,0.6315791010856628
a723,majority,dissent1,0.8978348970413208
a723,majority,dissent2,0.9468881487846375
a724,majority,dissent1,0.9346086978912354
a725,majority,dissent1,0.8534027338027954
a726,majority,dissent1,0.6876701712608337
a726,majority,dissent2,0.941146969795227
a727,majority,dissent1,0.940051257610321
a728,majority,dissent1,0.9346998929977417
a729,majority,dissent1,0.9672951698303223
a729,majority,dissent2,0.9208582639694214
a730,majority,dissent1,0.9222169518470764
a730,majority,dissent2,0.8391953706741333
a731,majority,dissent1,0.9370745420455933
a731,majority,dissent2,0.8466368913650513
a733,majority,dissent1,0.9586068391799927
a734,majority,dissent1,0.9584413766860962
a736,majority,dissent1,0.9651665687561035
a737,majority,dissent1,0.9210522174835205
a737,majority,dissent2,0.6452237367630005
a738,majority,dissent1,0.9636753797531128
a740,majority,dissent1,0.908374547958374
a741,majority,dissent1,0.9306035041809082
a741,majority,dissent2,0.9470449686050415
a742,majority,dissent1,0.9369237422943115
a743,majority,dissent1,0.8650305271148682
a745,majority,dissent1,0.939264714717865
a747,majority,dissent1,0.9111997485160828
a748,majority,dissent1,0.7851024270057678
a749,majority,dissent1,0.8621852993965149
a749,majority,dissent2,0.8553670644760132
a749,majority,dissent3,0.9387186765670776
a750,majority,dissent1,0.9646373391151428
a751,majority,dissent1,0.8983025550842285
a752,majority,dissent1,0.935362696647644
a753,majority,dissent1,0.9275938272476196
a754,majority,dissent1,0.7295985221862793
a754,majority,dissent2,0.9172171950340271
a755,majority,dissent1,0.9432966113090515
a756,majority,dissent1,0.8927171230316162
a757,majority,dissent1,0.9300680160522461
a758,majority,dissent1,0.923844575881958
a761,majority,dissent1,0.952768087387085
a762,majority,dissent1,0.9519023299217224
a763,majority,dissent1,0.9264628887176514
a764,majority,dissent1,0.912331759929657
a765,majority,dissent1,0.8648767471313477
a767,majority,dissent1,0.9355674982070923
a768,majority,dissent1,0.8686718940734863
a769,majority,dissent1,0.9163075089454651
a770,majority,dissent1,0.7526999115943909
a770,majority,dissent2,0.8125624656677246
a771,majority,dissent1,0.9237676858901978
a772,majority,dissent1,0.8610996603965759
a773,majority,dissent1,0.9437252879142761
a775,majority,dissent1,0.9287300705909729
a775,majority,dissent2,0.9087629914283752
a776,majority,dissent1,0.7945997714996338
a777,majority,dissent1,0.8905779123306274
a778,majority,dissent1,0.9546903371810913
a779,majority,dissent1,0.9112522006034851
a780,majority,dissent1,0.9342446327209473
a781,majority,dissent1,0.8921000957489014
a783,majority,dissent1,0.9098372459411621
a783,majority,dissent2,0.7212184071540833
a786,majority,dissent1,0.7536090612411499
a787,majority,dissent1,0.7818155288696289
a787,majority,dissent2,0.876329779624939
a788,majority,dissent1,0.974054217338562
a789,majority,dissent1,0.6659661531448364
a790,majority,dissent1,0.8631064891815186
a791,majority,dissent1,0.8507006168365479
a792,majority,dissent1,0.9329901933670044
a793,majority,dissent1,0.9254708290100098
a794,majority,dissent1,0.9281227588653564
a794,majority,dissent2,0.9179280996322632
a794,majority,dissent3,0.7383056879043579
a795,majority,dissent1,0.8582504987716675
a795,majority,dissent2,0.9014750123023987
a797,majority,dissent1,0.9739171266555786
a799,majority,dissent1,0.9042685031890869
a800,majority,dissent1,0.8934425115585327
a800,majority,dissent2,0.8578930497169495
a802,majority,dissent1,0.7954494953155518
a803,majority,dissent1,0.8963210582733154
a804,majority,dissent1,0.9456877708435059
a805,majority,dissent1,0.9375755786895752
a806,majority,dissent1,0.9347934722900391
a807,majority,dissent1,0.6407275795936584
a808,majority,dissent1,0.6449907422065735
a809,majority,dissent1,0.7713888883590698
a809,majority,dissent2,0.7890058755874634
a810,majority,dissent1,0.7953235507011414
a810,majority,dissent2,0.5193129777908325
a811,majority,dissent1,0.1636555790901184
a813,majority,dissent1,0.8737853169441223
a813,majority,dissent2,0.8728381395339966
a814,majority,dissent1,0.8461177349090576
a815,majority,dissent1,0.9157091975212097
a815,majority,dissent2,0.9128875732421875
a816,majority,dissent1,0.9196172952651978
a816,majority,dissent2,0.4593636989593506
a817,majority,dissent1,0.9368902444839478
a817,majority,dissent2,0.8519152402877808
a817,majority,dissent3,0.8970683813095093
a819,majority,dissent1,0.8631448149681091
a820,majority,dissent1,0.8744456171989441
a822,majority,dissent1,0.888493537902832
a825,majority,dissent1,0.9738897085189819
a827,majority,dissent1,0.9158057570457458
a828,majority,dissent1,0.706668496131897
a829,majority,dissent1,0.917053759098053
a833,majority,dissent1,0.9579333066940308
a834,majority,dissent1,0.9109495878219604
a834,majority,dissent2,0.857088565826416
a834,majority,dissent3,0.8782389760017395
a835,majority,dissent1,0.7780821919441223
a835,majority,dissent2,0.838636040687561
a835,majority,dissent3,0.9073662757873535
a837,majority,dissent1,0.9463447332382202
a838,majority,dissent1,0.936561107635498
a839,majority,dissent1,0.9074715971946716
a840,majority,dissent1,0.8808106184005737
a841,majority,dissent1,0.9482051134109497
a842,majority,dissent1,0.9350380301475525
a843,majority,dissent1,0.9068715572357178
a843,majority,dissent2,0.9666445851325989
a845,majority,dissent1,0.9110802412033081
a845,majority,dissent2,0.959090530872345
a845,majority,dissent3,0.5753570795059204
a846,majority,dissent1,0.8851447105407715
a847,majority,dissent1,0.823912501335144
a848,majority,dissent1,0.9464942216873169
a849,majority,dissent1,0.9340197443962097
a851,majority,dissent1,0.9217731952667236
a851,majority,dissent2,0.9651011228561401
a852,majority,dissent1,0.9064501523971558
a852,majority,dissent2,0.8958934545516968
a853,majority,dissent1,0.8370049595832825
a854,majority,dissent1,0.6530603766441345
a855,majority,dissent1,0.7699799537658691
a856,majority,dissent1,0.9199358224868774
a858,majority,dissent1,0.964363157749176
a859,majority,dissent1,0.7284359335899353
a861,majority,dissent1,0.8758465051651001
a862,majority,dissent1,0.7354626655578613
a862,majority,dissent2,0.8402321934700012
a862,majority,dissent3,0.9032315015792847
a863,majority,dissent1,0.9153608083724976
a864,majority,dissent1,0.9440844058990479
a865,majority,dissent1,0.7520323991775513
a866,majority,dissent1,0.9506862163543701
a867,majority,dissent1,0.9075968265533447
a868,majority,dissent1,0.8967940807342529
a871,majority,dissent1,0.9048555493354797
a872,majority,dissent1,0.922985851764679
a873,majority,dissent1,0.9178202748298645
a874,majority,dissent1,0.7816677093505859
a877,majority,dissent1,0.901055634021759
a878,majority,dissent1,0.7940486669540405
a879,majority,dissent1,0.927369236946106
a880,majority,dissent1,0.8295470476150513
a881,majority,dissent1,0.7273292541503906
a881,majority,dissent2,0.7818086743354797
a882,majority,dissent1,0.8121428489685059
a883,majority,dissent1,0.8431053161621094
a884,majority,dissent1,0.8736015558242798
a884,majority,dissent2,0.8720648884773254
a885,majority,dissent1,0.9537585377693176
a885,majority,dissent2,0.9352124333381653
a885,majority,dissent3,0.7726577520370483
a886,majority,dissent1,0.9346238374710083
a887,majority,dissent1,0.9670222997665405
a888,majority,dissent1,0.9618332386016846
a890,majority,dissent1,0.9163473844528198
a891,majority,dissent1,0.6230790615081787
a893,majority,dissent1,0.8910316228866577
a895,majority,dissent1,0.9573981761932373
a896,majority,dissent1,0.9537386894226074
a896,majority,dissent2,0.9624650478363037
a897,majority,dissent1,0.9084035158157349
a897,majority,dissent2,0.8514813780784607
a898,majority,dissent1,0.9162253737449646
a900,majority,dissent1,0.7119594812393188
a901,majority,dissent1,0.9704659581184387
a902,majority,dissent1,0.873181939125061
a902,majority,dissent2,0.9652014970779419
a905,majority,dissent1,0.7301641702651978
a906,majority,dissent1,0.9393366575241089
a907,majority,dissent1,0.9436278343200684
a908,majority,dissent1,0.9647217392921448
a910,majority,dissent1,0.8616863489151001
a911,majority,dissent1,0.9099805355072021
a912,majority,dissent1,0.8764932155609131
a913,majority,dissent1,0.9623165130615234
a914,majority,dissent1,0.8629663586616516
a915,majority,dissent1,0.8465580940246582
a916,majority,dissent1,0.8928825855255127
a918,majority,dissent1,0.9563077092170715
a920,majority,dissent1,0.8666616678237915
a921,majority,dissent1,0.7959021329879761
a922,majority,dissent1,0.7898668050765991
a923,majority,dissent1,0.9043179750442505
a924,majority,dissent1,0.9554352760314941
a925,majority,dissent1,0.9452327489852905
a926,majority,dissent1,0.9236531853675842
a927,majority,dissent1,0.9261842370033264
a927,majority,dissent2,0.9543765783309937
a933,majority,dissent1,0.8390533924102783
a934,majority,dissent1,0.909929096698761
a935,majority,dissent1,0.9040733575820923
a938,majority,dissent1,0.9242190718650818
a939,majority,dissent1,0.579480767250061
a941,majority,dissent1,0.9479411244392395
a942,majority,dissent1,0.8810166716575623
a947,majority,dissent1,0.8132215738296509
a950,majority,dissent1,0.8674061298370361
a951,majority,dissent1,0.9596965312957764
a952,majority,dissent1,0.9572953581809998
a953,majority,dissent1,0.7890022397041321
a953,majority,dissent2,0.8926762938499451
a954,majority,dissent1,0.9078820943832397
a955,majority,dissent1,0.8650150299072266
a955,majority,dissent2,0.9761052131652832
a956,majority,dissent1,0.940731942653656
a957,majority,dissent1,0.9299326539039612
a958,majority,dissent1,0.9633715152740479
a960,majority,dissent1,0.909416675567627
a960,majority,dissent2,0.9230064153671265
a961,majority,dissent1,0.9343766570091248
a962,majority,dissent1,0.9122154712677002
a962,majority,dissent2,0.9685760736465454
a964,majority,dissent1,0.9334136843681335
a965,majority,dissent1,0.9513633251190186
a965,majority,dissent2,0.8585199117660522
a968,majority,dissent1,0.9556596279144287
a970,majority,dissent1,0.7145432233810425
a971,majority,dissent1,0.8893254399299622
a972,majority,dissent1,0.9634233713150024
a973,majority,dissent1,0.9272613525390625
a974,majority,dissent1,0.9477373957633972
a975,majority,dissent1,0.9173789620399475
a976,majority,dissent1,0.8889719247817993
a978,majority,dissent1,0.9870328307151794
a979,majority,dissent1,0.8035216927528381
a980,majority,dissent1,0.9108012914657593
a984,majority,dissent1,0.9644685983657837
a985,majority,dissent1,0.9443747401237488
a986,majority,dissent1,0.9339761734008789
a987,majority,dissent1,0.9038117527961731
a988,majority,dissent1,0.8704580068588257
a989,majority,dissent1,0.910224974155426
a990,majority,dissent1,0.9457775354385376
a991,majority,dissent1,0.9686004519462585
a991,majority,dissent2,0.9660859704017639
a992,majority,dissent1,0.9308532476425171
a993,majority,dissent1,0.9084960222244263
a994,majority,dissent1,0.8882802724838257
a995,majority,dissent1,0.9163504838943481
a996,majority,dissent1,0.8896908760070801
a998,majority,dissent1,0.9145410060882568
a999,majority,dissent1,0.7332046031951904
a1001,majority,dissent1,0.9536824822425842
a1003,majority,dissent1,0.8307380676269531
a1004,majority,dissent1,0.9611096382141113
a1005,majority,dissent1,0.9634045362472534
a1006,majority,dissent1,0.9496268630027771
a1008,majority,dissent1,0.9393758773803711
a1009,majority,dissent1,0.9623989462852478
a1012,majority,dissent1,0.788693904876709
a1013,majority,dissent1,0.8152782917022705
a1014,majority,dissent1,0.8150520324707031
a1015,majority,dissent1,0.8770163059234619
a1019,majority,dissent1,0.9425894021987915
a1020,majority,dissent1,0.9552352428436279
a1021,majority,dissent1,0.8611589670181274
a1021,majority,dissent2,0.7986735105514526
a1023,majority,dissent1,0.9342252612113953
a1025,majority,dissent1,0.916309118270874
a1026,majority,dissent1,0.8937878608703613
a1027,majority,dissent1,0.9025331735610962
a1027,majority,dissent2,0.8198340535163879
a1029,majority,dissent1,0.9126981496810913
a1036,majority,dissent1,0.9692032337188721
a1037,majority,dissent1,0.8464089632034302
a1037,majority,dissent2,0.9523451328277588
a1038,majority,dissent1,0.974230170249939
a1039,majority,dissent1,0.976660966873169
a1040,majority,dissent1,0.9071476459503174
a1045,majority,dissent1,0.9018822908401489
a1046,majority,dissent1,0.9114835262298584
a1048,majority,dissent1,0.9783867001533508
a1050,majority,dissent1,0.48371732234954834
a1051,majority,dissent1,0.8979191184043884
a1052,majority,dissent1,0.9259185194969177
a1053,majority,dissent1,0.9374918341636658
a1053,majority,dissent2,0.7906301021575928
a1055,majority,dissent1,0.9218440055847168
a1056,majority,dissent1,0.8775652050971985
a1056,majority,dissent2,0.9515998363494873
a1057,majority,dissent1,0.9240221977233887
a1058,majority,dissent1,0.9104942679405212
a1059,majority,dissent1,0.691717803478241
a1060,majority,dissent1,0.9675325155258179
a1061,majority,dissent1,0.9511411190032959
a1061,majority,dissent2,0.8345137238502502
a1062,majority,dissent1,0.8976397514343262
a1063,majority,dissent1,0.8840521574020386
a1065,majority,dissent1,0.9513479471206665
a1066,majority,dissent1,0.957897424697876
a1067,majority,dissent1,0.8938882350921631
a1069,majority,dissent1,0.9205430746078491
a1070,majority,dissent1,0.7488664388656616
a1070,majority,dissent2,0.7514547109603882
a1071,majority,dissent1,0.9400482177734375
a1072,majority,dissent1,0.9347203969955444
a1073,majority,dissent1,0.9075683355331421
a1074,majority,dissent1,0.8467776775360107
a1078,majority,dissent1,0.8951826691627502
a1079,majority,dissent1,0.883057713508606
a1079,majority,dissent2,0.9445340633392334
a1080,majority,dissent1,0.933836042881012
a1081,majority,dissent1,0.951744556427002
a1082,majority,dissent1,0.9464285373687744
a1083,majority,dissent1,0.9199404120445251
a1083,majority,dissent2,0.9229380488395691
a1088,majority,dissent1,0.9673189520835876
a1091,majority,dissent1,0.9493523836135864
a1092,majority,dissent1,0.8197620511054993
a1094,majority,dissent1,0.9558467864990234
a1095,majority,dissent1,0.9085761308670044
a1096,majority,dissent1,0.925102710723877
a1098,majority,dissent1,0.9578955173492432
a1100,majority,dissent1,0.9466931223869324
a1101,majority,dissent1,0.9416837692260742
a1101,majority,dissent2,0.43849557638168335
a1106,majority,dissent1,0.8802108764648438
a1107,majority,dissent1,0.8269502520561218
a1109,majority,dissent1,0.882597029209137
a1109,majority,dissent2,0.8910412192344666
a1110,majority,dissent1,0.8818793296813965
a1110,majority,dissent2,0.819359540939331
a1112,majority,dissent1,0.9018248915672302
a1112,majority,dissent2,0.8661091327667236
a1115,majority,dissent1,0.7350777983665466
a1117,majority,dissent1,0.9066622257232666
a1117,majority,dissent2,0.8871649503707886
a1117,majority,dissent3,0.7890520095825195
a1117,majority,dissent4,0.7747021913528442
a1119,majority,dissent1,0.8572945594787598
a1120,majority,dissent1,0.9046574831008911
a1121,majority,dissent1,0.9662750959396362
a1122,majority,dissent1,0.9566503763198853
a1122,majority,dissent2,0.8347311019897461
a1123,majority,dissent1,0.8879862427711487
a1124,majority,dissent1,0.9000365734100342
a1124,majority,dissent2,0.9569905400276184
a1125,majority,dissent1,0.7894916534423828
a1126,majority,dissent1,0.7714288234710693
a1127,majority,dissent1,0.9409183263778687
a1129,majority,dissent1,0.8295765519142151
a1130,majority,dissent1,0.931047797203064
a1132,majority,dissent1,0.8558676242828369
a1137,majority,dissent1,0.9222739934921265
a1139,majority,dissent1,0.8504241108894348
a1139,majority,dissent2,0.9329630136489868
a1140,majority,dissent1,0.8630625009536743
a1141,majority,dissent1,0.9241143465042114
a1143,majority,dissent1,0.9668501615524292
a1144,majority,dissent1,0.9530084133148193
a1146,majority,dissent1,0.9276540279388428
a1147,majority,dissent1,0.8816493153572083
a1151,majority,dissent1,0.6403492093086243
a1153,majority,dissent1,0.9152807593345642
a1154,majority,dissent1,0.8617573380470276
a1154,majority,dissent2,0.6862065196037292
a1155,majority,dissent1,0.805607259273529
a1156,majority,dissent1,0.9406590461730957
a1158,majority,dissent1,0.9409739375114441
a1159,majority,dissent1,0.9610145092010498
a1160,majority,dissent1,0.9199709296226501
a1162,majority,dissent1,0.8725829124450684
a1162,majority,dissent2,0.8836411833763123
a1162,majority,dissent3,0.9422320127487183
a1163,majority,dissent1,0.8295434713363647
a1163,majority,dissent2,0.811936616897583
a1164,majority,dissent1,0.9548258185386658
a1165,majority,dissent1,0.7386549711227417
a1166,majority,dissent1,0.9662724733352661
a1169,majority,dissent1,0.9190673828125
a1169,majority,dissent2,0.7756701707839966
a1172,majority,dissent1,0.9326844811439514
a1172,majority,dissent2,0.9426733255386353
a1173,majority,dissent1,0.7157716155052185
a1178,majority,dissent1,0.9479912519454956
a1179,majority,dissent1,0.8576098680496216
a1179,majority,dissent2,0.8526881337165833
a1180,majority,dissent1,0.9598034620285034
a1180,majority,dissent2,0.875248908996582
a1180,majority,dissent3,0.7199499607086182
a1181,majority,dissent1,0.9225072860717773
a1183,majority,dissent1,0.9035621285438538
a1183,majority,dissent2,0.8997683525085449
a1183,majority,dissent3,0.9203745722770691
a1184,majority,dissent1,0.7815569639205933
a1184,majority,dissent2,0.7758880853652954
a1187,majority,dissent1,0.882686197757721
a1188,majority,dissent1,0.8952528238296509
a1195,majority,dissent1,0.9189126491546631
a1196,majority,dissent1,0.8033998012542725
a1199,majority,dissent1,0.8517616987228394
a1199,majority,dissent2,0.9224298000335693
a1200,majority,dissent1,0.8855883479118347
a1201,majority,dissent1,0.6385747194290161
a1203,majority,dissent1,0.42457911372184753
a1204,majority,dissent1,0.9382363557815552
a1206,majority,dissent1,0.6523425579071045
a1207,majority,dissent1,0.8558132648468018
a1207,majority,dissent2,0.9428714513778687
a1208,majority,dissent1,0.7134093046188354
a1209,majority,dissent1,0.9118691086769104
a1210,majority,dissent1,0.9568324089050293
a1214,majority,dissent1,0.972507119178772
a1217,majority,dissent1,0.942693829536438
a1218,majority,dissent1,0.9123618602752686
a1219,majority,dissent1,0.8654588460922241
a1219,majority,dissent2,0.8463569283485413
a1219,majority,dissent3,0.7938635945320129
a1220,majority,dissent1,0.873917818069458
a1220,majority,dissent2,0.9133738279342651
a1220,majority,dissent3,0.9301799535751343
a1220,majority,dissent4,0.9073965549468994
a1221,majority,dissent1,0.720592200756073
a1221,majority,dissent2,0.7775788903236389
a1223,majority,dissent1,0.7207285165786743
a1224,majority,dissent1,0.8537431359291077
a1225,majority,dissent1,0.9672012329101562
a1226,majority,dissent1,0.929574191570282
a1226,majority,dissent2,0.9274871349334717
a1227,majority,dissent1,0.9312307834625244
a1230,majority,dissent1,0.8392103314399719
a1231,majority,dissent1,0.9303805232048035
a1236,majority,dissent1,0.9417710304260254
a1237,majority,dissent1,0.9249684810638428
a1239,majority,dissent1,0.9525554776191711
a1240,majority,dissent1,0.8726980686187744
a1242,majority,dissent1,0.8514930605888367
a1243,majority,dissent1,0.921809196472168
a1244,majority,dissent1,0.9690731763839722
a1246,majority,dissent1,0.8019990921020508
a1246,majority,dissent2,0.8984614610671997
a1247,majority,dissent1,0.9750529527664185
a1248,majority,dissent1,0.9614315032958984
a1249,majority,dissent1,0.8176536560058594
a1251,majority,dissent1,0.9422410726547241
a1252,majority,dissent1,0.45979762077331543
a1252,majority,dissent2,0.9377251863479614
a1252,majority,dissent3,0.6651609539985657
a1252,majority,dissent4,0.6638910174369812
a1254,majority,dissent1,0.9572482109069824
a1259,majority,dissent1,0.9234713315963745
a1260,majority,dissent1,0.7887914776802063
a1261,majority,dissent1,0.8622629642486572
a1262,majority,dissent1,0.6167943477630615
a1263,majority,dissent1,0.817828893661499
a1264,majority,dissent1,0.8693519830703735
a1265,majority,dissent1,0.9305528998374939
a1266,majority,dissent1,0.9650188088417053
a1267,majority,dissent1,0.81414794921875
a1268,majority,dissent1,0.8650525808334351
a1270,majority,dissent1,0.9486610293388367
a1271,majority,dissent1,0.9278117418289185
a1271,majority,dissent2,0.8803398609161377
a1272,majority,dissent1,0.9406397938728333
a1273,majority,dissent1,0.9434399604797363
a1274,majority,dissent1,0.9504745006561279
a1275,majority,dissent1,0.794153094291687
a1276,majority,dissent1,0.9270662665367126
a1277,majority,dissent1,0.9474504590034485
a1278,majority,dissent1,0.8658201694488525
a1279,majority,dissent1,0.8856449723243713
a1280,majority,dissent1,0.9296897649765015
a1280,majority,dissent2,0.8015329837799072
a1281,majority,dissent1,0.97347491979599
a1281,majority,dissent2,0.5817433595657349
a1282,majority,dissent1,0.9436160326004028
a1283,majority,dissent1,0.8402059078216553
a1292,majority,dissent1,0.8137592077255249
a1293,majority,dissent1,0.9104914665222168
a1294,majority,dissent1,0.9514044523239136
a1296,majority,dissent1,0.8798749446868896
a1297,majority,dissent1,0.9608033299446106
a1300,majority,dissent1,0.943431556224823
a1301,majority,dissent1,0.9114560484886169
a1302,majority,dissent1,0.8957453966140747
a1303,majority,dissent1,0.95391845703125
a1305,majority,dissent1,0.9349215030670166
a1305,majority,dissent2,0.9359269738197327
a1306,majority,dissent1,0.9036325812339783
a1307,majority,dissent1,0.8067405223846436
a1309,majority,dissent1,0.9447540044784546
a1310,majority,dissent1,0.776696503162384
a1311,majority,dissent1,0.8262890577316284
a1312,majority,dissent1,0.8305197954177856
a1313,majority,dissent1,0.8880431652069092
a1314,majority,dissent1,0.823470950126648
a1315,majority,dissent1,0.9290622472763062
a1316,majority,dissent1,0.9421842098236084
a1317,majority,dissent1,0.8624024391174316
a1325,majority,dissent1,0.9386628866195679
a1326,majority,dissent1,0.7548697590827942
a1327,majority,dissent1,0.8670083284378052
a1328,majority,dissent1,0.7090352773666382
a1329,majority,dissent1,0.9509520530700684
a1330,majority,dissent1,0.9569084048271179
a1331,majority,dissent1,0.9152236580848694
a1332,majority,dissent1,0.9465194344520569
a1333,majority,dissent1,0.9062716960906982
a1334,majority,dissent1,0.9364102482795715
a1334,majority,dissent2,0.9432279467582703
a1334,majority,dissent3,0.8191362619400024
a1335,majority,dissent1,0.9647982120513916
a1336,majority,dissent1,0.8899848461151123
a1337,majority,dissent1,0.9574201107025146
a1340,majority,dissent1,0.9362032413482666
a1341,majority,dissent1,0.9404154419898987
a1341,majority,dissent2,0.9144136905670166
a1341,majority,dissent3,0.9328290820121765
a1343,majority,dissent1,0.976588249206543
a1346,majority,dissent1,0.857807993888855
a1347,majority,dissent1,0.9485933780670166
a1347,majority,dissent2,0.9287810325622559
a1347,majority,dissent3,0.9657410979270935
a1348,majority,dissent1,0.9561638236045837
a1350,majority,dissent1,0.9401689171791077
a1357,majority,dissent1,0.8157109022140503
a1360,majority,dissent1,0.829565703868866
a1364,majority,dissent1,0.7503029108047485
a1367,majority,dissent1,0.9437967538833618
a1370,majority,dissent1,0.9492775201797485
a1372,majority,dissent1,0.9439371824264526
a1374,majority,dissent1,0.7769966125488281
a1375,majority,dissent1,0.7447701096534729
a1377,majority,dissent1,0.9151420593261719
a1380,majority,dissent1,0.8678359985351562
a1382,majority,dissent1,0.6117199659347534
a1383,majority,dissent1,0.9481545686721802
a1383,majority,dissent2,0.9059955477714539
a1384,majority,dissent1,0.7998775839805603
a1398,majority,dissent1,0.916429877281189
a1401,majority,dissent1,0.8782806396484375
a1402,majority,dissent1,0.34884917736053467
a1403,majority,dissent1,0.8351328372955322
a1404,majority,dissent1,0.9209955334663391
a1404,majority,dissent2,0.8601987361907959
a1409,majority,dissent1,0.9107606410980225
a1410,majority,dissent1,0.9198254346847534
a1412,majority,dissent1,0.8870792388916016
a1412,majority,dissent2,0.8526918888092041
a1415,majority,dissent1,0.6802024245262146
a1416,majority,dissent1,0.9362064003944397
a1416,majority,dissent2,0.9535722136497498
a1416,majority,dissent3,0.74470055103302
a1417,majority,dissent1,0.8550319671630859
a1418,majority,dissent1,0.8155901432037354
a1419,majority,dissent1,0.926010012626648
a1422,majority,dissent1,0.9144949913024902
a1423,majority,dissent1,0.8053600192070007
a1424,majority,dissent1,0.9266130924224854
a1425,majority,dissent1,0.8036231398582458
a1425,majority,dissent2,0.9212504625320435
a1428,majority,dissent1,0.8567012548446655
a1430,majority,dissent1,0.9561252593994141
a1431,majority,dissent1,0.8567299842834473
a1432,majority,dissent1,0.904474675655365
a1433,majority,dissent1,0.9107798337936401
a1434,majority,dissent1,0.9557103514671326
a1435,majority,dissent1,0.9421753287315369
a1436,majority,dissent1,0.6651604175567627
a1437,majority,dissent1,0.6879110336303711
a1438,majority,dissent1,0.9241194725036621
a1440,majority,dissent1,0.9615718126296997
a1441,majority,dissent1,0.94970703125
a1441,majority,dissent2,0.7953689098358154
a1441,majority,dissent3,0.9056861400604248
a1442,majority,dissent1,0.8454195261001587
a1446,majority,dissent1,0.8110289573669434
a1447,majority,dissent1,0.95491623878479
a1448,majority,dissent1,0.4206830859184265
a1450,majority,dissent1,0.9253033995628357
a1451,majority,dissent1,0.9418911933898926
a1451,majority,dissent2,0.9084583520889282
a1452,majority,dissent1,0.9077109098434448
a1452,majority,dissent2,0.7878768444061279
a1455,majority,dissent1,0.6695442795753479
a1457,majority,dissent1,0.6600444316864014
a1460,majority,dissent1,0.893558919429779
a1462,majority,dissent1,0.9565899968147278
a1465,majority,dissent1,0.9100513458251953
a1466,majority,dissent1,0.7577013373374939
a1467,majority,dissent1,0.6353047490119934
a1467,majority,dissent2,0.8597555160522461
a1467,majority,dissent3,0.9408726692199707
a1468,majority,dissent1,0.8383989930152893
a1468,majority,dissent2,0.8627968430519104
a1468,majority,dissent3,0.8907506465911865
a1470,majority,dissent1,0.8445287942886353
a1472,majority,dissent1,0.9500198364257812
a1473,majority,dissent1,0.9417202472686768
a1473,majority,dissent2,0.552359938621521
a1474,majority,dissent1,0.7355225086212158
a1474,majority,dissent2,0.7545886039733887
a1475,majority,dissent1,0.906475305557251
a1476,majority,dissent1,0.9811800718307495
a1477,majority,dissent1,0.9162876605987549
a1478,majority,dissent1,0.9669062495231628
a1479,majority,dissent1,0.3501417934894562
a1482,majority,dissent1,0.6822065114974976
a1483,majority,dissent1,0.7513698935508728
a1485,majority,dissent1,0.9518069624900818
a1485,majority,dissent2,0.8464229106903076
a1485,majority,dissent3,0.9102387428283691
a1486,majority,dissent1,0.5506368279457092
a1486,majority,dissent2,0.5969915390014648
a1488,majority,dissent1,0.7938317060470581
a1489,majority,dissent1,0.8685271739959717
a1490,majority,dissent1,0.740091860294342
a1490,majority,dissent2,0.8614320755004883
a1491,majority,dissent1,0.9067080616950989
a1492,majority,dissent1,0.5321923494338989
a1494,majority,dissent1,0.9259559512138367
a1495,majority,dissent1,0.761359691619873
a1496,majority,dissent1,0.916559100151062
a1501,majority,dissent1,0.8826701641082764
a1502,majority,dissent1,0.8583749532699585
a1503,majority,dissent1,0.9272013902664185
a1505,majority,dissent1,0.8707567453384399
a1509,majority,dissent1,0.9169971942901611
a1509,majority,dissent2,0.876095175743103
a1509,majority,dissent3,0.5630431175231934
a1512,majority,dissent1,0.8385437726974487
a1513,majority,dissent1,0.9346154928207397
a1513,majority,dissent2,0.8397918939590454
a1515,majority,dissent1,0.7495659589767456
a1527,majority,dissent1,0.927510142326355
a1528,majority,dissent1,0.9266237020492554
a1530,majority,dissent1,0.8542617559432983
a1533,majority,dissent1,0.9561296701431274
a1533,majority,dissent2,0.8607199192047119
a1534,majority,dissent1,0.779741644859314
a1534,majority,dissent2,0.8690454959869385
a1534,majority,dissent3,0.9533506631851196
a1535,majority,dissent1,0.376010924577713
a1535,majority,dissent2,0.8595937490463257
a1536,majority,dissent1,0.8229238390922546
a1536,majority,dissent2,0.9298310875892639
a1536,majority,dissent3,0.8761276006698608
a1538,majority,dissent1,0.8386878967285156
a1539,majority,dissent1,0.9362919330596924
a1540,majority,dissent1,0.8314536809921265
a1541,majority,dissent1,0.9319296479225159
a1542,majority,dissent1,0.8140918612480164
a1543,majority,dissent1,0.7597736716270447
a1544,majority,dissent1,0.8500220775604248
a1547,majority,dissent1,0.9467864036560059
a1547,majority,dissent2,0.9208790063858032
a1549,majority,dissent1,0.8237441182136536
a1549,majority,dissent2,0.8049629330635071
a1551,majority,dissent1,0.9563198089599609
a1551,majority,dissent2,0.7859537601470947
a1551,majority,dissent3,0.8926640748977661
a1551,majority,dissent4,0.8116554617881775
a1552,majority,dissent1,0.9169304370880127
a1552,majority,dissent2,0.9228345155715942
a1553,majority,dissent1,0.8300658464431763
a1553,majority,dissent2,0.9553105235099792
a1554,majority,dissent1,0.5981101989746094
a1555,majority,dissent1,0.7803479433059692
a1555,majority,dissent2,0.7866272926330566
a1556,majority,dissent1,0.8661230802536011
a1556,majority,dissent2,0.9085620641708374
a1557,majority,dissent1,0.9372352957725525
a1558,majority,dissent1,0.7493915557861328
a1569,majority,dissent1,0.954388439655304
a1570,majority,dissent1,0.8559157848358154
a1572,majority,dissent1,0.8939369916915894
a1572,majority,dissent2,0.8105587959289551
a1573,majority,dissent1,0.864626407623291
a1575,majority,dissent1,0.9234919548034668
a1576,majority,dissent1,0.9040302634239197
a1577,majority,dissent1,0.8834866285324097
a1578,majority,dissent1,0.9665431976318359
a1579,majority,dissent1,0.902486264705658
a1580,majority,dissent1,0.8742774128913879
a1582,majority,dissent1,0.8683245182037354
a1584,majority,dissent1,0.9407631158828735
a1586,majority,dissent1,0.9488261938095093
a1587,majority,dissent1,0.8778600692749023
a1588,majority,dissent1,0.926307201385498
a1591,majority,dissent1,0.7831739187240601
a1592,majority,dissent1,0.9340063333511353
a1593,majority,dissent1,0.9577982425689697
a1594,majority,dissent1,0.9696348905563354
a1596,majority,dissent1,0.7555555701255798
a1598,majority,dissent1,0.8397990465164185
a1598,majority,dissent2,0.8429365754127502
a1599,majority,dissent1,0.7279020547866821
a1599,majority,dissent2,0.92405104637146
a1603,majority,dissent1,0.8706009387969971
a1603,majority,dissent2,0.7444616556167603
a1605,majority,dissent1,0.9409162998199463
a1606,majority,dissent1,0.8860860466957092
a1607,majority,dissent1,0.9355323314666748
a1608,majority,dissent1,0.8588001728057861
a1609,majority,dissent1,0.8855430483818054
a1612,majority,dissent1,0.8878287076950073
a1616,majority,dissent1,0.7738324403762817
a1617,majority,dissent1,0.9141921997070312
a1617,majority,dissent2,0.9291205406188965
a1619,majority,dissent1,0.869066059589386
a1620,majority,dissent1,0.8072344660758972
a1620,majority,dissent2,0.8990678787231445
a1622,majority,dissent1,0.9437363743782043
a1625,majority,dissent1,0.4173208475112915
a1629,majority,dissent1,0.8845920562744141
a1630,majority,dissent1,0.774910569190979
a1632,majority,dissent1,0.9325722455978394
a1632,majority,dissent2,0.8651663064956665
a1633,majority,dissent1,0.8995148539543152
a1633,majority,dissent2,0.8390100002288818
a1634,majority,dissent1,0.817229151725769
a1635,majority,dissent1,0.9554272890090942
a1638,majority,dissent1,0.9382128715515137
a1642,majority,dissent1,0.8805662393569946
a1643,majority,dissent1,0.7026899456977844
a1643,majority,dissent2,0.5225450992584229
a1644,majority,dissent1,0.9198611378669739
a1645,majority,dissent1,0.8826643228530884
a1649,majority,dissent1,0.6748769879341125
a1649,majority,dissent2,0.7458630800247192
a1651,majority,dissent1,0.9148963689804077
a1652,majority,dissent1,0.938048243522644
a1653,majority,dissent1,0.9431644678115845
a1653,majority,dissent2,0.9603846073150635
a1654,majority,dissent1,0.9051392078399658
a1655,majority,dissent1,0.7291049957275391
a1655,majority,dissent2,0.4131183922290802
a1658,majority,dissent1,0.9688087701797485
a1659,majority,dissent1,0.9494116306304932
a1661,majority,dissent1,0.9469358921051025
a1662,majority,dissent1,0.8801462650299072
a1663,majority,dissent1,0.3602447211742401
a1667,majority,dissent1,0.6080358028411865
a1668,majority,dissent1,0.931476354598999
a1668,majority,dissent2,0.7921352386474609
a1669,majority,dissent1,0.8769531846046448
a1670,majority,dissent1,0.8395271301269531
a1671,majority,dissent1,0.4689890146255493
a1673,majority,dissent1,0.799751341342926
a1675,majority,dissent1,0.9570269584655762
a1676,majority,dissent1,0.903952956199646
a1677,majority,dissent1,0.6735460758209229
a1678,majority,dissent1,0.8137609958648682
a1679,majority,dissent1,0.792052686214447
a1685,majority,dissent1,0.9135035276412964
a1686,majority,dissent1,0.9240660071372986
a1688,majority,dissent1,0.8405278325080872
a1689,majority,dissent1,0.8514310717582703
a1690,majority,dissent1,0.9516467452049255
a1691,majority,dissent1,0.8948652744293213
a1692,majority,dissent1,0.9316625595092773
a1694,majority,dissent1,0.9745177626609802
a1697,majority,dissent1,0.9064295887947083
a1699,majority,dissent1,0.879557728767395
a1703,majority,dissent1,0.9419888257980347
a1704,majority,dissent1,0.776564359664917
a1705,majority,dissent1,0.89362633228302
a1706,majority,dissent1,0.9623987674713135
a1707,majority,dissent1,0.9587461948394775
a1708,majority,dissent1,0.9241148233413696
a1709,majority,dissent1,0.8990797996520996
a1709,majority,dissent2,0.9171130061149597
a1710,majority,dissent1,0.9134995937347412
a1711,majority,dissent1,0.9300574064254761
a1712,majority,dissent1,0.8963630199432373
a1713,majority,dissent1,0.8716688752174377
a1713,majority,dissent2,0.8338193893432617
a1715,majority,dissent1,0.9496737718582153
a1716,majority,dissent1,0.9076656103134155
a1717,majority,dissent1,0.9379080533981323
a1720,majority,dissent1,0.7026114463806152
a1720,majority,dissent2,0.7431879043579102
a1724,majority,dissent1,0.5807555913925171
a1726,majority,dissent1,0.5028318166732788
a1732,majority,dissent1,0.7459725141525269
a1732,majority,dissent2,0.9106777906417847
a1733,majority,dissent1,0.8847320675849915
a1734,majority,dissent1,0.9524611234664917
a1736,majority,dissent1,0.8945125341415405
a1737,majority,dissent1,0.8880232572555542
a1737,majority,dissent2,0.9052220582962036
a1738,majority,dissent1,0.8755574226379395
a1739,majority,dissent1,0.8573484420776367
a1740,majority,dissent1,0.9321792721748352
a1741,majority,dissent1,0.9313516020774841
a1742,majority,dissent1,0.8090612888336182
a1744,majority,dissent1,0.8571414947509766
a1746,majority,dissent1,0.9475078582763672
a1748,majority,dissent1,0.8600085973739624
a1751,majority,dissent1,0.8821413516998291
a1751,majority,dissent2,0.800787627696991
a1752,majority,dissent1,0.810437798500061
a1753,majority,dissent1,0.8598161339759827
a1754,majority,dissent1,0.7440882921218872
a1756,majority,dissent1,0.9647915959358215
a1757,majority,dissent1,0.9473452568054199
a1760,majority,dissent1,0.7480884194374084
a1760,majority,dissent2,0.9391255378723145
a1762,majority,dissent1,0.7712184190750122
a1763,majority,dissent1,0.8591806888580322
a1764,majority,dissent1,0.8726971745491028
a1764,majority,dissent2,0.93854820728302
a1764,majority,dissent3,0.7655316591262817
a1766,majority,dissent1,0.9113898873329163
a1766,majority,dissent2,0.8690350651741028
a1772,majority,dissent1,0.9043934345245361
a1773,majority,dissent1,0.8936427235603333
a1773,majority,dissent2,0.8545111417770386
a1773,majority,dissent3,0.9109996557235718
a1774,majority,dissent1,0.7966030836105347
a1774,majority,dissent2,0.8953568935394287
a1776,majority,dissent1,0.8675585985183716
a1777,majority,dissent1,0.8583014011383057
a1778,majority,dissent1,0.9581824541091919
a1779,majority,dissent1,0.9346387386322021
a1779,majority,dissent2,0.9508981704711914
a1781,majority,dissent1,0.9198307991027832
a1782,majority,dissent1,0.8885381817817688
a1783,majority,dissent1,0.7694103717803955
a1784,majority,dissent1,0.9288689494132996
a1784,majority,dissent2,0.956650972366333
a1785,majority,dissent1,0.9196957349777222
a1788,majority,dissent1,0.9391312599182129
a1789,majority,dissent1,0.9574674963951111
a1790,majority,dissent1,0.7801686525344849
a1791,majority,dissent1,0.8919420838356018
a1792,majority,dissent1,0.8883569240570068
a1792,majority,dissent2,0.7356230616569519
a1794,majority,dissent1,0.9374966621398926
a1795,majority,dissent1,0.8881349563598633
a1803,majority,dissent1,0.8356216549873352
a1804,majority,dissent1,0.9261379241943359
a1804,majority,dissent2,0.9221483469009399
a1808,majority,dissent1,0.8565292358398438
a1810,majority,dissent1,0.9238659143447876
a1810,majority,dissent2,0.971609890460968
a1810,majority,dissent3,0.937713086605072
a1811,majority,dissent1,0.9320290088653564
a1811,majority,dissent2,0.9623837471008301
a1812,majority,dissent1,0.899095892906189
a1812,majority,dissent2,0.8893870115280151
a1813,majority,dissent1,0.9189304113388062
a1814,majority,dissent1,0.7551693916320801
a1814,majority,dissent2,0.8316376209259033
a1814,majority,dissent3,0.729564905166626
a1816,majority,dissent1,0.939467191696167
a1817,majority,dissent1,0.9601193070411682
a1821,majority,dissent1,0.8240798711776733
a1821,majority,dissent2,0.7804747819900513
a1823,majority,dissent1,0.8464136123657227
a1825,majority,dissent1,0.8928045630455017
a1826,majority,dissent1,0.6982113122940063
a1826,majority,dissent2,0.7996897101402283
a1829,majority,dissent1,0.9047446250915527
a1829,majority,dissent2,0.9385639429092407
a1830,majority,dissent1,0.9650164842605591
a1832,majority,dissent1,0.9409567713737488
a1833,majority,dissent1,0.8985552787780762
a1834,majority,dissent1,0.7039114236831665
a1836,majority,dissent1,0.899410605430603
a1838,majority,dissent1,0.9626364707946777
a1840,majority,dissent1,0.9512110352516174
a1841,majority,dissent1,0.9542291164398193
a1841,majority,dissent2,0.9204809665679932
a1842,majority,dissent1,0.8369922637939453
a1843,majority,dissent1,0.8526776432991028
a1844,majority,dissent1,0.9675335884094238
a1845,majority,dissent1,0.8557255268096924
a1846,majority,dissent1,0.9148228168487549
a1847,majority,dissent1,0.9067466259002686
a1849,majority,dissent1,0.8850598335266113
a1850,majority,dissent1,0.9320975542068481
a1854,majority,dissent1,0.8157528638839722
a1854,majority,dissent2,0.8865731358528137
a1855,majority,dissent1,0.9228368401527405
a1856,majority,dissent1,0.908892810344696
a1858,majority,dissent1,0.9592257142066956
a1858,majority,dissent2,0.904645562171936
a1859,majority,dissent1,0.849554181098938
a1862,majority,dissent1,0.8915121555328369
a1863,majority,dissent1,0.8526512384414673
a1863,majority,dissent2,0.8935359120368958
a1864,majority,dissent1,0.8404979705810547
a1865,majority,dissent1,0.9164177775382996
a1865,majority,dissent2,0.9582142233848572
a1866,majority,dissent1,0.941041886806488
a1868,majority,dissent1,0.8247063159942627
a1869,majority,dissent1,0.7855464220046997
a1870,majority,dissent1,0.9302984476089478
a1870,majority,dissent2,0.8981623649597168
a1871,majority,dissent1,0.9353511333465576
a1871,majority,dissent2,0.9399360418319702
a1872,majority,dissent1,0.9298060536384583
a1873,majority,dissent1,0.936150074005127
a1874,majority,dissent1,0.9246522188186646
a1874,majority,dissent2,0.8077411651611328
a1874,majority,dissent3,0.8963748216629028
a1875,majority,dissent1,0.9246333241462708
a1875,majority,dissent2,0.9146919250488281
a1876,majority,dissent1,0.8760871887207031
a1878,majority,dissent1,0.9546263217926025
a1880,majority,dissent1,0.9589377641677856
a1881,majority,dissent1,0.9250044822692871
a1881,majority,dissent2,0.9414333701133728
a1882,majority,dissent1,0.8692288398742676
a1883,majority,dissent1,0.8571350574493408
a1883,majority,dissent2,0.5734049081802368
a1883,majority,dissent3,0.8187975883483887
a1899,majority,dissent1,0.9477478861808777
a1899,majority,dissent2,0.9150531888008118
a1901,majority,dissent1,0.8426668047904968
a1902,majority,dissent1,0.8802685737609863
a1903,majority,dissent1,0.9093908071517944
a1904,majority,dissent1,0.9308183193206787
a1906,majority,dissent1,0.8010239005088806
a1907,majority,dissent1,0.9482638239860535
a1909,majority,dissent1,0.9262630939483643
a1910,majority,dissent1,0.9254215359687805
a1910,majority,dissent2,0.8778929710388184
a1910,majority,dissent3,0.895492434501648
a1910,majority,dissent4,0.9034416079521179
a1911,majority,dissent1,0.838190495967865
a1912,majority,dissent1,0.9247687458992004
a1913,majority,dissent1,0.9504430294036865
a1913,majority,dissent2,0.8995969891548157
a1914,majority,dissent1,0.9307465553283691
a1915,majority,dissent1,0.9440191984176636
a1916,majority,dissent1,0.8873835206031799
a1917,majority,dissent1,0.7397167682647705
a1919,majority,dissent1,0.9454029202461243
a1920,majority,dissent1,0.9639319777488708
a1920,majority,dissent2,0.5310962200164795
a1921,majority,dissent1,0.9511829614639282
a1922,majority,dissent1,0.9315354824066162
a1928,majority,dissent1,0.9181303381919861
a1930,majority,dissent1,0.943016529083252
a1931,majority,dissent1,0.7660439014434814
a1931,majority,dissent2,0.9286874532699585
a1932,majority,dissent1,0.7398836612701416
a1932,majority,dissent2,0.8986080884933472
a1932,majority,dissent3,0.9269504547119141
a1933,majority,dissent1,0.937056839466095
a1934,majority,dissent1,0.7557733058929443
a1935,majority,dissent1,0.9165153503417969
a1936,majority,dissent1,0.9337992668151855
a1939,majority,dissent1,0.9563208222389221
a1941,majority,dissent1,0.8253990411758423
a1943,majority,dissent1,0.8745772838592529
a1944,majority,dissent1,0.9433412551879883
a1945,majority,dissent1,0.9788488149642944
a1947,majority,dissent1,0.9532840251922607
a1949,majority,dissent1,0.8752925395965576
a1950,majority,dissent1,0.9710644483566284
a1953,majority,dissent1,0.8792119026184082
a1953,majority,dissent2,0.8701344132423401
a1954,majority,dissent1,0.9625757932662964
a1956,majority,dissent1,0.9027259349822998
a1957,majority,dissent1,0.9644535183906555
a1959,majority,dissent1,0.9383424520492554
a1961,majority,dissent1,0.7885301113128662
a1961,majority,dissent2,0.8102945685386658
a1961,majority,dissent3,0.7904871106147766
a1961,majority,dissent4,0.5760953426361084
a1962,majority,dissent1,0.9514414668083191
a1963,majority,dissent1,0.9734687805175781
a1963,majority,dissent2,0.9511675834655762
a1964,majority,dissent1,0.9267036318778992
a1964,majority,dissent2,0.9063740968704224
a1965,majority,dissent1,0.6785156726837158
a1965,majority,dissent2,0.728098452091217
a1966,majority,dissent1,0.9012619256973267
a1966,majority,dissent2,0.8825411796569824
a1966,majority,dissent3,0.9228384494781494
a1967,majority,dissent1,0.9444416165351868
a1967,majority,dissent2,0.9744424819946289
a1968,majority,dissent1,0.8974850177764893
a1968,majority,dissent2,0.9651620388031006
a1970,majority,dissent1,0.6036335229873657
a1970,majority,dissent2,0.5933041572570801
a1973,majority,dissent1,0.740978479385376
a1973,majority,dissent2,0.879676878452301
a1974,majority,dissent1,0.4789596199989319
a1976,majority,dissent1,0.8085856437683105
a1978,majority,dissent1,0.9433724284172058
a1979,majority,dissent1,0.7915887236595154
a1980,majority,dissent1,0.8648865818977356
a1981,majority,dissent1,0.8321568369865417
a1981,majority,dissent2,0.844778835773468
a1981,majority,dissent3,0.9468401670455933
a1982,majority,dissent1,0.9482178688049316
a1983,majority,dissent1,0.8800101280212402
a1983,majority,dissent2,0.9705400466918945
a1986,majority,dissent1,0.9571146965026855
a1987,majority,dissent1,0.7670930027961731
a1987,majority,dissent2,0.9080753922462463
a1988,majority,dissent1,0.9073520302772522
a1988,majority,dissent2,0.9517150521278381
a1989,majority,dissent1,0.9608359336853027
a1990,majority,dissent1,0.948793351650238
a1990,majority,dissent2,0.5476709604263306
a1990,majority,dissent3,0.9059984683990479
a1991,majority,dissent1,0.9507758021354675
a1992,majority,dissent1,0.9504727125167847
a1994,majority,dissent1,0.864478349685669
a1995,majority,dissent1,0.7726854085922241
a2024,majority,dissent1,0.902934193611145
a2024,majority,dissent2,0.8986465930938721
a2025,majority,dissent1,0.9008017778396606
a2026,majority,dissent1,0.9424169063568115
a2027,majority,dissent1,0.8634903430938721
a2028,majority,dissent1,0.8813332915306091
a2028,majority,dissent2,0.6530258655548096
a2029,majority,dissent1,0.9189866781234741
a2030,majority,dissent1,0.9367561340332031
a2031,majority,dissent1,0.8315564393997192
a2031,majority,dissent2,0.822323739528656
a2033,majority,dissent1,0.7656341791152954
a2035,majority,dissent1,0.9389501810073853
a2037,majority,dissent1,0.8695045709609985
a2038,majority,dissent1,0.9635884165763855
a2038,majority,dissent2,0.9247725009918213
a2039,majority,dissent1,0.9666712284088135
a2040,majority,dissent1,0.8947628736495972
a2041,majority,dissent1,0.8608664870262146
a2042,majority,dissent1,0.9020732641220093
a2043,majority,dissent1,0.7449473142623901
a2044,majority,dissent1,0.8553494811058044
a2044,majority,dissent2,0.8882800340652466
a2045,majority,dissent1,0.9293801784515381
a2045,majority,dissent2,0.8916921615600586
a2046,majority,dissent1,0.9607803821563721
a2047,majority,dissent1,0.5841760635375977
a2047,majority,dissent2,0.8965326547622681
a2047,majority,dissent3,0.547691822052002
a2047,majority,dissent4,0.8341163992881775
a2048,majority,dissent1,0.790852963924408
a2048,majority,dissent2,0.9211307764053345
a2049,majority,dissent1,0.8963242173194885
a2050,majority,dissent1,0.7689651846885681
a2051,majority,dissent1,0.932582676410675
a2052,majority,dissent1,0.9213699698448181
a2053,majority,dissent1,0.9617774486541748
a2054,majority,dissent1,0.909666895866394
a2055,majority,dissent1,0.9328674077987671
a2059,majority,dissent1,0.8511011600494385
a2059,majority,dissent2,0.9283021688461304
a2059,majority,dissent3,0.9851455688476562
a2061,majority,dissent1,0.8171460032463074
a2062,majority,dissent1,0.9086580276489258
a2063,majority,dissent1,0.9605085253715515
a2064,majority,dissent1,0.9421582818031311
a2065,majority,dissent1,0.9365746974945068
a2066,majority,dissent1,0.8793498277664185
a2067,majority,dissent1,0.8697032332420349
a2068,majority,dissent1,0.8922808170318604
a2069,majority,dissent1,0.924835205078125
a2069,majority,dissent2,0.9691036939620972
a2070,majority,dissent1,0.9729598164558411
a2071,majority,dissent1,0.9271245002746582
a2071,majority,dissent2,0.8562662601470947
a2072,majority,dissent1,0.9493646621704102
a2074,majority,dissent1,0.9664213061332703
a2075,majority,dissent1,0.8459509611129761
a2076,majority,dissent1,0.9602503180503845
a2077,majority,dissent1,0.6493728756904602
a2079,majority,dissent1,0.9027616381645203
a2080,majority,dissent1,0.9624955654144287
a2081,majority,dissent1,0.5810399651527405
a2087,majority,dissent1,0.5980805158615112
a2088,majority,dissent1,0.726454496383667
a2088,majority,dissent2,0.9233495593070984
a2088,majority,dissent3,0.9608920812606812
a2089,majority,dissent1,0.7761180400848389
a2089,majority,dissent2,0.9630921483039856
a2090,majority,dissent1,0.8433729410171509
a2090,majority,dissent2,0.9564740657806396
a2092,majority,dissent1,0.9838443994522095
a2093,majority,dissent1,0.9150382280349731
a2094,majority,dissent1,0.8115631341934204
a2094,majority,dissent2,0.8175984621047974
a2094,majority,dissent3,0.9573853611946106
a2095,majority,dissent1,0.9220075607299805
a2095,majority,dissent2,0.8109155297279358
a2096,majority,dissent1,0.9255515933036804
a2097,majority,dissent1,0.9510607123374939
a2098,majority,dissent1,0.6997525691986084
a2098,majority,dissent2,0.974478542804718
a2099,majority,dissent1,0.87857985496521
a2099,majority,dissent2,0.9336045980453491
a2101,majority,dissent1,0.7610222101211548
a2101,majority,dissent2,0.710573136806488
a2102,majority,dissent1,0.9231418371200562
a2105,majority,dissent1,0.8252549767494202
a2105,majority,dissent2,0.8656113147735596
a2109,majority,dissent1,0.8896270990371704
a2109,majority,dissent2,0.8530630469322205
a2114,majority,dissent1,0.9435703158378601
a2114,majority,dissent2,0.8531607389450073
a2115,majority,dissent1,0.8359861969947815
a2115,majority,dissent2,0.9590911269187927
a2116,majority,dissent1,0.46572554111480713
a2117,majority,dissent1,0.7828679084777832
a2117,majority,dissent2,0.9153001308441162
a2118,majority,dissent1,0.8300323486328125
a2118,majority,dissent2,0.9132494330406189
a2119,majority,dissent1,0.8220388889312744
a2119,majority,dissent2,0.9729589819908142
a2119,majority,dissent3,0.6269890666007996
a2120,majority,dissent1,0.9589249491691589
a2121,majority,dissent1,0.960827648639679
a2122,majority,dissent1,0.9600122570991516
a2123,majority,dissent1,0.9090842604637146
a2123,majority,dissent2,0.9051385521888733
a2124,majority,dissent1,0.9180654287338257
a2124,majority,dissent2,0.7999231815338135
a2124,majority,dissent3,0.9028229713439941
a2124,majority,dissent4,0.47429874539375305
a2125,majority,dissent1,0.9577780961990356
a2126,majority,dissent1,0.9282422065734863
a2127,majority,dissent1,0.5364124178886414
a2127,majority,dissent2,0.8460633754730225
a2129,majority,dissent1,0.8679341673851013
a2129,majority,dissent2,0.8690050840377808
a2130,majority,dissent1,0.8992611765861511
a2131,majority,dissent1,0.9211278557777405
a2132,majority,dissent1,0.7606720924377441
a2132,majority,dissent2,0.958166241645813
a2133,majority,dissent1,0.9347584247589111
a2134,majority,dissent1,0.8356803059577942
a2134,majority,dissent2,0.9658182859420776
a2135,majority,dissent1,0.8496211767196655
a2136,majority,dissent1,0.9604576230049133
a2137,majority,dissent1,0.9581007957458496
a2137,majority,dissent2,0.9431989192962646
a2138,majority,dissent1,0.6422408819198608
a2141,majority,dissent1,0.8051037788391113
a2142,majority,dissent1,0.5626180171966553
a2142,majority,dissent2,0.7471271753311157
a2143,majority,dissent1,0.9313809871673584
a2144,majority,dissent1,0.950101375579834
a2146,majority,dissent1,0.9212602972984314
a2146,majority,dissent2,0.8832281827926636
a2147,majority,dissent1,0.9217893481254578
a2148,majority,dissent1,0.8544157147407532
a2149,majority,dissent1,0.8157598972320557
a2150,majority,dissent1,0.5189695358276367
a2151,majority,dissent1,0.9417155981063843
a2153,majority,dissent1,0.9677726030349731
a2154,majority,dissent1,0.9234683513641357
a2155,majority,dissent1,0.9695004224777222
a2156,majority,dissent1,0.9514432549476624
a2157,majority,dissent1,0.9386924505233765
a2158,majority,dissent1,0.9377084970474243
a2159,majority,dissent1,0.936679482460022
a2160,majority,dissent1,0.8507514595985413
a2160,majority,dissent2,0.9310474395751953
a2161,majority,dissent1,0.9695732593536377
a2163,majority,dissent1,0.9610354900360107
a2164,majority,dissent1,0.8933247327804565
a2165,majority,dissent1,0.9473717212677002
a2166,majority,dissent1,0.8561300039291382
a2169,majority,dissent1,0.9625860452651978
a2170,majority,dissent1,0.834476113319397
a2198,majority,dissent1,0.7997252345085144
a2199,majority,dissent1,0.7750420570373535
a2200,majority,dissent1,0.778194785118103
a2201,majority,dissent1,0.7385218143463135
a2202,majority,dissent1,0.8112839460372925
a2203,majority,dissent1,0.6695390343666077
a2206,majority,dissent1,0.7564319372177124
a2207,majority,dissent1,0.8107859492301941
a2210,majority,dissent1,0.7743581533432007
a2220,majority,dissent1,0.6956211924552917
a2221,majority,dissent1,0.7920985221862793
a2222,majority,dissent1,0.7288075089454651
a2224,majority,dissent1,0.841580867767334
a2226,majority,dissent1,0.6481211185455322
a2227,majority,dissent1,0.9679195880889893
a2228,majority,dissent1,0.8817943334579468
a2228,majority,dissent2,0.9357089996337891
a2229,majority,dissent1,0.9721548557281494
a2230,majority,dissent1,0.9577773809432983
a2231,majority,dissent1,0.9269444942474365
a2232,majority,dissent1,0.8129774928092957
a2232,majority,dissent2,0.69327312707901
a2233,majority,dissent1,0.8906874060630798
a2233,majority,dissent2,0.9012435674667358
a2234,majority,dissent1,0.952756941318512
a2235,majority,dissent1,0.9362396001815796
a2239,majority,dissent1,0.896759033203125
a2240,majority,dissent1,0.9443646669387817
a2242,majority,dissent1,0.744266152381897
a2244,majority,dissent1,0.9676327109336853
a2245,majority,dissent1,0.8821710348129272
a2245,majority,dissent2,0.9563210010528564
a2246,majority,dissent1,0.8481618165969849
a2246,majority,dissent2,0.8947774171829224
a2247,majority,dissent1,0.9607118964195251
a2248,majority,dissent1,0.9612046480178833
a2248,majority,dissent2,0.8276841044425964
a2248,majority,dissent3,0.9483284950256348
a2249,majority,dissent1,0.9275127053260803
a2251,majority,dissent1,0.9469853043556213
a2252,majority,dissent1,0.9311054944992065
a2253,majority,dissent1,0.9248723983764648
a2254,majority,dissent1,0.7773544788360596
a2259,majority,dissent1,0.8164007663726807
a2259,majority,dissent2,0.9393385648727417
a2260,majority,dissent1,0.9564090967178345
a2260,majority,dissent2,0.9126826524734497
a2260,majority,dissent3,0.9008458852767944
a2261,majority,dissent1,0.938489556312561
a2262,majority,dissent1,0.7867584824562073
a2262,majority,dissent2,0.9393618106842041
a2263,majority,dissent1,0.966529905796051
a2264,majority,dissent1,0.8036953210830688
a2265,majority,dissent1,0.9272327423095703
a2265,majority,dissent2,0.8007751703262329
a2268,majority,dissent1,0.9109319448471069
a2269,majority,dissent1,0.9335559606552124
a2273,majority,dissent1,0.9433536529541016
a2274,majority,dissent1,0.9173499345779419
a2276,majority,dissent1,0.9550271034240723
a2277,majority,dissent1,0.9481450915336609
a2285,majority,dissent1,0.9542936086654663
a2286,majority,dissent1,0.8978968262672424
a2287,majority,dissent1,0.9324844479560852
a2288,majority,dissent1,0.8664337396621704
a2289,majority,dissent1,0.9207165241241455
a2290,majority,dissent1,0.9327278137207031
a2291,majority,dissent1,0.9642061591148376
a2292,majority,dissent1,0.9363514184951782
a2294,majority,dissent1,0.8275048136711121
a2295,majority,dissent1,0.9479236006736755
a2296,majority,dissent1,0.9174192547798157
a2297,majority,dissent1,0.9385364651679993
a2298,majority,dissent1,0.9577550292015076
a2300,majority,dissent1,0.9253844022750854
a2301,majority,dissent1,0.9014872312545776
a2302,majority,dissent1,0.8751400709152222
a2303,majority,dissent1,0.9679838418960571
a2304,majority,dissent1,0.9469026327133179
a2305,majority,dissent1,0.9608168601989746
a2306,majority,dissent1,0.9759808778762817
a2307,majority,dissent1,0.9270294904708862
a2308,majority,dissent1,0.9449569582939148
a2309,majority,dissent1,0.9383065700531006
a2316,majority,dissent1,0.8828878402709961
a2317,majority,dissent1,0.9577769637107849
a2317,majority,dissent2,0.5623367428779602
a2318,majority,dissent1,0.5425012111663818
a2318,majority,dissent2,0.9255096912384033
a2320,majority,dissent1,0.8464891314506531
a2320,majority,dissent2,0.943727433681488
a2321,majority,dissent1,0.8987170457839966
a2321,majority,dissent2,0.8889748454093933
a2321,majority,dissent3,0.717689573764801
a2323,majority,dissent1,0.9234501123428345
a2324,majority,dissent1,0.944736123085022
a2325,majority,dissent1,0.9392527341842651
a2325,majority,dissent2,0.8427287340164185
a2325,majority,dissent3,0.868644654750824
a2325,majority,dissent4,0.9094002842903137
a2325,majority,dissent5,0.908982515335083
a2326,majority,dissent1,0.6140085458755493
a2326,majority,dissent2,0.945162296295166
a2328,majority,dissent1,0.9402329325675964
a2329,majority,dissent1,0.7758972644805908
a2330,majority,dissent1,0.8605387806892395
a2330,majority,dissent2,0.9655505418777466
a2332,majority,dissent1,0.9610034823417664
a2334,majority,dissent1,0.587992787361145
a2334,majority,dissent2,0.7805421352386475
a2335,majority,dissent1,0.9087663888931274
a2335,majority,dissent2,0.9729443192481995
a2335,majority,dissent3,0.9795933365821838
a2351,majority,dissent1,0.890544593334198
a2352,majority,dissent1,0.8919731378555298
a2353,majority,dissent1,0.8795498609542847
a2354,majority,dissent1,0.9466183185577393
a2355,majority,dissent1,0.9713755249977112
a2356,majority,dissent1,0.9556998610496521
a2357,majority,dissent1,0.6937857866287231
a2357,majority,dissent2,0.9580685496330261
a2358,majority,dissent1,0.6842290163040161
a2359,majority,dissent1,0.9536044597625732
a2360,majority,dissent1,0.9327155351638794
a2361,majority,dissent1,0.9124765396118164
a2362,majority,dissent1,0.9357062578201294
a2362,majority,dissent2,0.8461875915527344
a2362,majority,dissent3,0.9332774877548218
a2364,majority,dissent1,0.8984675407409668
a2364,majority,dissent2,0.9452492594718933
a2367,majority,dissent1,0.9520113468170166
a2367,majority,dissent2,0.28647738695144653
a2368,majority,dissent1,0.9171758890151978
a2369,majority,dissent1,0.9390543699264526
a2370,majority,dissent1,0.7984428405761719
a2405,majority,dissent1,0.7740151882171631
a2414,majority,dissent1,0.7283276319503784
a2415,majority,dissent1,0.9436555504798889
a2416,majority,dissent1,0.8699644804000854
a2418,majority,dissent1,0.8730934858322144
a2419,majority,dissent1,0.9604568481445312
a2421,majority,dissent1,0.9447314739227295
a2422,majority,dissent1,0.925459623336792
a2423,majority,dissent1,0.8298928737640381
a2423,majority,dissent2,0.9425427317619324
a2424,majority,dissent1,0.9479242563247681
a2424,majority,dissent2,0.8192529678344727
a2426,majority,dissent1,0.8843300342559814
a2428,majority,dissent1,0.8871783018112183
a2429,majority,dissent1,0.9502900838851929
a2430,majority,dissent1,0.9007943868637085
a2431,majority,dissent1,0.9323399066925049
a2432,majority,dissent1,0.7159316539764404
a2432,majority,dissent2,0.8117538094520569
a2432,majority,dissent3,0.9214386940002441
a2433,majority,dissent1,0.9467700719833374
a2434,majority,dissent1,0.9086583852767944
a2435,majority,dissent1,0.9560831785202026
a2437,majority,dissent1,0.8518778085708618
a2438,majority,dissent1,0.9421616792678833
a2439,majority,dissent1,0.8217315673828125
a2439,majority,dissent2,0.8334063291549683
a2441,majority,dissent1,0.9351824522018433
a2441,majority,dissent2,0.6684600114822388
a2442,majority,dissent1,0.8139225840568542
a2449,majority,dissent1,0.8837831020355225
a2451,majority,dissent1,0.8532673716545105
a2452,majority,dissent1,0.9462591409683228
a2453,majority,dissent1,0.8220207691192627
a2453,majority,dissent2,0.9590355753898621
a2454,majority,dissent1,0.9525246620178223
a2455,majority,dissent1,0.9756256937980652
a2456,majority,dissent1,0.6577656269073486
a2458,majority,dissent1,0.9576880931854248
a2460,majority,dissent1,0.7247723937034607
a2461,majority,dissent1,0.8815014362335205
a2463,majority,dissent1,0.8707684874534607
a2463,majority,dissent2,0.9458044767379761
a2465,majority,dissent1,0.8799855709075928
a2467,majority,dissent1,0.9624112844467163
a2468,majority,dissent1,0.888975977897644
a2469,majority,dissent1,0.9410823583602905
a2470,majority,dissent1,0.9602090716362
a2482,majority,dissent1,0.777829647064209
a2483,majority,dissent1,0.9611793756484985
a2484,majority,dissent1,0.9035746455192566
a2486,majority,dissent1,0.9589850902557373
a2486,majority,dissent2,0.8435074687004089
a2489,majority,dissent1,0.7912728786468506
a2489,majority,dissent2,0.8521868586540222
a2490,majority,dissent1,0.874660313129425
a2491,majority,dissent1,0.8686704635620117
a2492,majority,dissent1,0.9609395265579224
a2495,majority,dissent1,0.9270309209823608
a2495,majority,dissent2,0.9525610208511353
a2496,majority,dissent1,0.7780029773712158
a2496,majority,dissent2,0.9643301963806152
a2497,majority,dissent1,0.8252570629119873
a2497,majority,dissent2,0.9598278999328613
a2500,majority,dissent1,0.9467815160751343
a2502,majority,dissent1,0.8713678121566772
a2503,majority,dissent1,0.6884595155715942
a2503,majority,dissent2,0.9408015608787537
a2504,majority,dissent1,0.9421893954277039
a2504,majority,dissent2,0.9506925344467163
a2505,majority,dissent1,0.9202015995979309
a2518,majority,dissent1,0.6052869558334351
a2520,majority,dissent1,0.9356493353843689
a2521,majority,dissent1,0.9546224474906921
a2521,majority,dissent2,0.8184467554092407
a2523,majority,dissent1,0.7862766981124878
a2525,majority,dissent1,0.956182599067688
a2526,majority,dissent1,0.9773515462875366
a2527,majority,dissent1,0.917180061340332
a2530,majority,dissent1,0.9315040111541748
a2531,majority,dissent1,0.9613935947418213
a2532,majority,dissent1,0.9577410817146301
a2534,majority,dissent1,0.6574544310569763
a2535,majority,dissent1,0.7376928329467773
a2549,majority,dissent1,0.9364354610443115
a2552,majority,dissent1,0.9273303747177124
a2552,majority,dissent2,0.9339907765388489
a2552,majority,dissent3,0.9178431034088135
a2554,majority,dissent1,0.9555927515029907
a2556,majority,dissent1,0.904609203338623
a2557,majority,dissent1,0.7264548540115356
a2559,majority,dissent1,0.7826719284057617
a2561,majority,dissent1,0.5535407662391663
a2566,majority,dissent1,0.8763394355773926
a2567,majority,dissent1,0.7553331851959229
a2573,majority,dissent1,0.8641774654388428
a2574,majority,dissent1,0.6329619884490967
a2574,majority,dissent2,0.9777200818061829
a2577,majority,dissent1,0.9183647632598877
a2577,majority,dissent2,0.9621734023094177
a2578,majority,dissent1,0.9208764433860779
a2579,majority,dissent1,0.9275829792022705
a2580,majority,dissent1,0.9131263494491577
a2581,majority,dissent1,0.814626932144165
a2585,majority,dissent1,0.8976320028305054
a2586,majority,dissent1,0.8698145151138306
a2586,majority,dissent2,0.9022979736328125
a2586,majority,dissent3,0.799053966999054
a2588,majority,dissent1,0.9516768455505371
a2588,majority,dissent2,0.8616981506347656
a2590,majority,dissent1,0.9137272834777832
a2591,majority,dissent1,0.9331954121589661
a2592,majority,dissent1,0.9478258490562439
a2594,majority,dissent1,0.9028972387313843
a2598,majority,dissent1,0.7566409111022949
a2599,majority,dissent1,0.9717862606048584
a2600,majority,dissent1,0.9708242416381836
a2602,majority,dissent1,0.9148862361907959
a2609,majority,dissent1,0.9344048500061035
a2610,majority,dissent1,0.9554729461669922
a2611,majority,dissent1,0.9438709020614624
a2613,majority,dissent1,0.9033896923065186
a2613,majority,dissent2,0.94455486536026
a2614,majority,dissent1,0.9073176383972168
a2614,majority,dissent2,0.931102991104126
a2614,majority,dissent3,0.8611377477645874
a2615,majority,dissent1,0.7608124017715454
a2616,majority,dissent1,0.9568685293197632
a2618,majority,dissent1,0.9330427050590515
a2619,majority,dissent1,0.9206830263137817
a2621,majority,dissent1,0.9531855583190918
a2622,majority,dissent1,0.9219228029251099
a2624,majority,dissent1,0.6226356625556946
a2624,majority,dissent2,0.9508663415908813
a2625,majority,dissent1,0.9003868103027344
a2626,majority,dissent1,0.9194762706756592
a2626,majority,dissent2,0.9227237701416016
a2626,majority,dissent3,0.6342329382896423
a2627,majority,dissent1,0.9157823324203491
a2628,majority,dissent1,0.9579707980155945
a2628,majority,dissent2,0.7346118688583374
a2631,majority,dissent1,0.9394280314445496
a2632,majority,dissent1,0.8894780874252319
a2633,majority,dissent1,0.9582045078277588
a2633,majority,dissent2,0.9225379824638367
a2634,majority,dissent1,0.9496346712112427
a2635,majority,dissent1,0.4934768080711365
a2636,majority,dissent1,0.919076681137085
a2637,majority,dissent1,0.8872219920158386
a2638,majority,dissent1,0.8152351379394531
a2639,majority,dissent1,0.8264082670211792
a2641,majority,dissent1,0.9281719923019409
a2642,majority,dissent1,0.8898802995681763
a2643,majority,dissent1,0.8140734434127808
a2643,majority,dissent2,0.927562952041626
a2645,majority,dissent1,0.9416823983192444
a2647,majority,dissent1,0.9394254684448242
a2647,majority,dissent2,0.7446318864822388
a2648,majority,dissent1,0.9340410232543945
a2649,majority,dissent1,0.9353412985801697
a2651,majority,dissent1,0.9229812026023865
a2656,majority,dissent1,0.9183135032653809
a2656,majority,dissent2,0.8876683712005615
a2659,majority,dissent1,0.8333464860916138
a2659,majority,dissent2,0.3945808410644531
a2659,majority,dissent3,0.9475001096725464
a2660,majority,dissent1,0.3901408910751343
a2660,majority,dissent2,0.9518489241600037
a2660,majority,dissent3,0.3611553907394409
a2661,majority,dissent1,0.9632421731948853
a2662,majority,dissent1,0.9605469107627869
a2663,majority,dissent1,0.7752084732055664
a2663,majority,dissent2,0.8087666034698486
a2664,majority,dissent1,0.9546076655387878
a2664,majority,dissent2,0.9202662706375122
a2665,majority,dissent1,0.94565349817276
a2666,majority,dissent1,0.9702246189117432
a2672,majority,dissent1,0.9247025847434998
a2674,majority,dissent1,0.9388818740844727
a2675,majority,dissent1,0.9412438869476318
a2677,majority,dissent1,0.7028111219406128
a2678,majority,dissent1,0.9626510143280029
a2678,majority,dissent2,0.9162629246711731
a2681,majority,dissent1,0.8275483846664429
a2681,majority,dissent2,0.9468805193901062
a2682,majority,dissent1,0.8335703611373901
a2683,majority,dissent1,0.8960130214691162
a2685,majority,dissent1,0.4936649203300476
a2685,majority,dissent2,0.9599741697311401
a2686,majority,dissent1,0.7484365701675415
a2687,majority,dissent1,0.930092453956604
a2688,majority,dissent1,0.9639497995376587
a2689,majority,dissent1,0.8814232349395752
a2689,majority,dissent2,0.8051649928092957
a2690,majority,dissent1,0.866645336151123
a2691,majority,dissent1,0.9677437543869019
a2691,majority,dissent2,0.6486701369285583
a2692,majority,dissent1,0.956041693687439
a2693,majority,dissent1,0.9290727376937866
a2696,majority,dissent1,0.8596153855323792
a2696,majority,dissent2,0.5330102443695068
a2696,majority,dissent3,0.9295146465301514
a2697,majority,dissent1,0.9452285766601562
a2715,majority,dissent1,0.7308931946754456
a2715,majority,dissent2,0.6724284887313843
a2715,majority,dissent3,0.5909590721130371
a2722,majority,dissent1,0.9126564264297485
a2723,majority,dissent1,0.9639714956283569
a2725,majority,dissent1,0.7853032350540161
a2726,majority,dissent1,0.9537038207054138
a2728,majority,dissent1,0.9677172303199768
a2729,majority,dissent1,0.9155343770980835
a2731,majority,dissent1,0.8916401267051697
a2731,majority,dissent2,0.8075969815254211
a2732,majority,dissent1,0.9243186712265015
a2732,majority,dissent2,0.6886464953422546
a2734,majority,dissent1,0.9112497568130493
a2734,majority,dissent2,0.9395838379859924
a2734,majority,dissent3,0.9231366515159607
a2736,majority,dissent1,0.9411108493804932
a2736,majority,dissent2,0.6294293403625488
a2736,majority,dissent3,0.957916259765625
a2739,majority,dissent1,0.8978369832038879
a2740,majority,dissent1,0.9763795137405396
a2741,majority,dissent1,0.9658264517784119
a2741,majority,dissent2,0.7981288433074951
a2743,majority,dissent1,0.7679382562637329
a2743,majority,dissent2,0.860619843006134
a2744,majority,dissent1,0.9602727890014648
a2745,majority,dissent1,0.862568736076355
a2746,majority,dissent1,0.9726113080978394
a2747,majority,dissent1,0.9032275080680847
a2747,majority,dissent2,0.8312612175941467
a2747,majority,dissent3,0.9098920226097107
a2751,majority,dissent1,0.9693869352340698
a2753,majority,dissent1,0.7212051153182983
a2755,majority,dissent1,0.9336247444152832
a2758,majority,dissent1,0.9032555222511292
a2759,majority,dissent1,0.9348792433738708
a2762,majority,dissent1,0.6565077304840088
a2762,majority,dissent2,0.9232358932495117
a2764,majority,dissent1,0.9486690759658813
a2765,majority,dissent1,0.9615881443023682
a2765,majority,dissent2,0.938051700592041
a2766,majority,dissent1,0.7948923110961914
a2766,majority,dissent2,0.9326924085617065
a2766,majority,dissent3,0.9039099812507629
a2767,majority,dissent1,0.908932089805603
a2768,majority,dissent1,0.8862971067428589
a2769,majority,dissent1,0.8025599122047424
a2769,majority,dissent2,0.5347651243209839
a2769,majority,dissent3,0.8992694616317749
a2770,majority,dissent1,0.928695559501648
a2771,majority,dissent1,0.5280921459197998
a2771,majority,dissent2,0.9256768822669983
a2771,majority,dissent3,0.885817289352417
a2772,majority,dissent1,0.9432637095451355
a2773,majority,dissent1,0.88236004114151
a2774,majority,dissent1,0.9597541093826294
a2774,majority,dissent2,0.7754392623901367
a2775,majority,dissent1,0.7718759775161743
a2775,majority,dissent2,0.9457536339759827
a2776,majority,dissent1,0.9379673004150391
a2777,majority,dissent1,0.909314751625061
a2779,majority,dissent1,0.8637899160385132
a2782,majority,dissent1,0.8635960221290588
a2782,majority,dissent2,0.9236568808555603
a2782,majority,dissent3,0.9243340492248535
a2783,majority,dissent1,0.8643425107002258
a2784,majority,dissent1,0.7581217288970947
a2785,majority,dissent1,0.9332641959190369
a2786,majority,dissent1,0.9609832763671875
a2787,majority,dissent1,0.9612754583358765
a2789,majority,dissent1,0.8613896369934082
a2790,majority,dissent1,0.8201146125793457
a2791,majority,dissent1,0.9572752118110657
a2792,majority,dissent1,0.9527885317802429
a2794,majority,dissent1,0.5236902236938477
a2794,majority,dissent2,0.9154210090637207
a2795,majority,dissent1,0.9638204574584961
a2796,majority,dissent1,0.9297316074371338
a2797,majority,dissent1,0.9425035715103149
a2798,majority,dissent1,0.9078764319419861
a2799,majority,dissent1,0.9466677904129028
a2799,majority,dissent2,0.888096809387207
a2799,majority,dissent3,0.7785896062850952
a2800,majority,dissent1,0.9722638130187988
a2801,majority,dissent1,0.9695008993148804
a2801,majority,dissent2,0.6836673617362976
a2802,majority,dissent1,0.8118172287940979
a2805,majority,dissent1,0.9517589807510376
a2807,majority,dissent1,0.5154616832733154
a2808,majority,dissent1,0.9449310302734375
a2809,majority,dissent1,0.9504574537277222
a2811,majority,dissent1,0.9583290815353394
a2815,majority,dissent1,0.9265923500061035
a2817,majority,dissent1,0.7627003788948059
a2819,majority,dissent1,0.9576314687728882
a2819,majority,dissent2,0.9311169385910034
a2820,majority,dissent1,0.8800466060638428
a2820,majority,dissent2,0.7946903705596924
a2821,majority,dissent1,0.9354808330535889
a2822,majority,dissent1,0.9668750762939453
a2823,majority,dissent1,0.9154801964759827
a2823,majority,dissent2,0.43893808126449585
a2824,majority,dissent1,0.893998384475708
a2825,majority,dissent1,0.8612080216407776
a2828,majority,dissent1,0.7423034310340881
a2829,majority,dissent1,0.852620005607605
a2830,majority,dissent1,0.9383376240730286
a2832,majority,dissent1,0.8370137214660645
a2833,majority,dissent1,0.7940508127212524
a2833,majority,dissent2,0.6765034198760986
a2834,majority,dissent1,0.9122677445411682
a2834,majority,dissent2,0.9389582276344299
a2835,majority,dissent1,0.49188750982284546
a2837,majority,dissent1,0.9211408495903015
a2838,majority,dissent1,0.9584136605262756
a2840,majority,dissent1,0.8171190619468689
a2842,majority,dissent1,0.8830069303512573
a2842,majority,dissent2,0.9584545493125916
a2843,majority,dissent1,0.9393774271011353
a2843,majority,dissent2,0.9028957486152649
a2845,majority,dissent1,0.952446699142456
a2846,majority,dissent1,0.9467697739601135
a2846,majority,dissent2,0.8945644497871399
a2847,majority,dissent1,0.8756211400032043
a2849,majority,dissent1,0.9604794383049011
a2850,majority,dissent1,0.6910445094108582
a2850,majority,dissent2,0.9644474983215332
a2851,majority,dissent1,0.8576200604438782
a2852,majority,dissent1,0.8626909852027893
a2852,majority,dissent2,0.932074248790741
a2853,majority,dissent1,0.9089974164962769
a2866,majority,dissent1,0.8039364814758301
a2866,majority,dissent2,0.46738195419311523
a2869,majority,dissent1,0.797406792640686
a2880,majority,dissent1,0.9052227735519409
a2882,majority,dissent1,0.9730913043022156
a2884,majority,dissent1,0.960732638835907
a2886,majority,dissent1,0.6578609347343445
a2889,majority,dissent1,0.8735641241073608
a2889,majority,dissent2,0.8900882005691528
a2890,majority,dissent1,0.9255545139312744
a2891,majority,dissent1,0.9437276124954224
a2891,majority,dissent2,0.8034259676933289
a2892,majority,dissent1,0.8931595087051392
a2893,majority,dissent1,0.9277095794677734
a2894,majority,dissent1,0.9688441753387451
a2895,majority,dissent1,0.8648395538330078
a2895,majority,dissent2,0.8399533033370972
a2896,majority,dissent1,0.8542152643203735
a2897,majority,dissent1,0.8274478912353516
a2897,majority,dissent2,0.9518494009971619
a2899,majority,dissent1,0.968403697013855
a2903,majority,dissent1,0.9572268128395081
a2903,majority,dissent2,0.9545367360115051
a2921,majority,dissent1,0.9558142423629761
a2922,majority,dissent1,0.9342232942581177
a2923,majority,dissent1,0.9662466049194336
a2924,majority,dissent1,0.8531239032745361
a2926,majority,dissent1,0.9129031896591187
a2927,majority,dissent1,0.9275233745574951
a2927,majority,dissent2,0.9488751888275146
a2928,majority,dissent1,0.968915581703186
a2929,majority,dissent1,0.905920147895813
a2930,majority,dissent1,0.96732097864151
a2931,majority,dissent1,0.5378445982933044
a2932,majority,dissent1,0.9514594674110413
a2934,majority,dissent1,0.9560012221336365
a2935,majority,dissent1,0.6980817317962646
a2936,majority,dissent1,0.952159583568573
a2938,majority,dissent1,0.9313489198684692
a2939,majority,dissent1,0.90912926197052
a2940,majority,dissent1,0.9693043231964111
a2941,majority,dissent1,0.9037505388259888
a2941,majority,dissent2,0.9284219145774841
a2942,majority,dissent1,0.9608558416366577
a2943,majority,dissent1,0.9389734268188477
a2944,majority,dissent1,0.9470993280410767
a2945,majority,dissent1,0.9713104963302612
a2946,majority,dissent1,0.9373025894165039
a2955,majority,dissent1,0.7310664057731628
a2955,majority,dissent2,0.9657579660415649
a2956,majority,dissent1,0.7583456039428711
a2957,majority,dissent1,0.969882071018219
a2959,majority,dissent1,0.9601165056228638
a2959,majority,dissent2,0.7689327597618103
a2962,majority,dissent1,0.8644098043441772
a2962,majority,dissent2,0.8429515361785889
a2962,majority,dissent3,0.9393584132194519
a2963,majority,dissent1,0.9073169231414795
a2965,majority,dissent1,0.973084032535553
a2967,majority,dissent1,0.911742091178894
a2969,majority,dissent1,0.9661468863487244
a2970,majority,dissent1,0.9120118618011475
a2971,majority,dissent1,0.8677201867103577
a2973,majority,dissent1,0.9192593097686768
a2974,majority,dissent1,0.7191402912139893
a2974,majority,dissent2,0.9504083395004272
a2975,majority,dissent1,0.9563544988632202
a2977,majority,dissent1,0.9791960716247559
a2978,majority,dissent1,0.9154092669487
a2980,majority,dissent1,0.9634461998939514
a2981,majority,dissent1,0.9001984000205994
a2982,majority,dissent1,0.7500392198562622
a2983,majority,dissent1,0.9491608142852783
a2984,majority,dissent1,0.9533769488334656
a2985,majority,dissent1,0.9593981504440308
a2988,majority,dissent1,0.9463664293289185
a2991,majority,dissent1,0.3920426666736603
a2992,majority,dissent1,0.9519844055175781
a2993,majority,dissent1,0.9532896280288696
a2994,majority,dissent1,0.936087965965271
a2994,majority,dissent2,0.8847767114639282
a2995,majority,dissent1,0.7706654071807861
a2998,majority,dissent1,0.8449734449386597
a2999,majority,dissent1,0.9397112131118774
a3000,majority,dissent1,0.9332751035690308
a3001,majority,dissent1,0.9695805311203003
a3002,majority,dissent1,0.9641752243041992
a3003,majority,dissent1,0.9694983959197998
a3004,majority,dissent1,0.9668198823928833
a3006,majority,dissent1,0.9633009433746338
a3007,majority,dissent1,0.9307835102081299
a3008,majority,dissent1,0.945182204246521
a3009,majority,dissent1,0.891174852848053
a3011,majority,dissent1,0.5831255912780762
a3012,majority,dissent1,0.8883665800094604
a3013,majority,dissent1,0.9195641875267029
a3014,majority,dissent1,0.949974536895752
a3016,majority,dissent1,0.956768274307251
a3018,majority,dissent1,0.9624062776565552
a3020,majority,dissent1,0.944272518157959
a3051,majority,dissent1,0.9553989171981812
a3052,majority,dissent1,0.961017370223999
a3053,majority,dissent1,0.9142429828643799
a3055,majority,dissent1,0.9755773544311523
a3057,majority,dissent1,0.9265023469924927
a3057,majority,dissent2,0.966484546661377
a3058,majority,dissent1,0.9551212787628174
a3060,majority,dissent1,0.9584550857543945
a3060,majority,dissent2,0.8525457382202148
a3061,majority,dissent1,0.48991766571998596
a3061,majority,dissent2,0.8592978715896606
a3061,majority,dissent3,0.7916571497917175
a3062,majority,dissent1,0.9591970443725586
a3062,majority,dissent2,0.9138489365577698
a3063,majority,dissent1,0.9240978360176086
a3064,majority,dissent1,0.6116300821304321
a3065,majority,dissent1,0.9702163934707642
a3066,majority,dissent1,0.4670289158821106
a3066,majority,dissent2,0.9612904787063599
a3067,majority,dissent1,0.8929730653762817
a3068,majority,dissent1,0.83834308385849
a3068,majority,dissent2,0.9498550891876221
a3069,majority,dissent1,0.9189345836639404
a3070,majority,dissent1,0.9683248996734619
a3071,majority,dissent1,0.9323877096176147
a3080,majority,dissent1,0.9784516096115112
a3081,majority,dissent1,0.9406380653381348
a3082,majority,dissent1,0.9658859372138977
a3085,majority,dissent1,0.9174549579620361
a3085,majority,dissent2,0.9138302803039551
a3085,majority,dissent3,0.948253333568573
a3086,majority,dissent1,0.8959473371505737
a3087,majority,dissent1,0.9612299799919128
a3089,majority,dissent1,0.9659048318862915
a3090,majority,dissent1,0.9525750279426575
a3091,majority,dissent1,0.8856182098388672
a3092,majority,dissent1,0.9495289325714111
a3092,majority,dissent2,0.9573384523391724
a3093,majority,dissent1,0.8180623054504395
a3097,majority,dissent1,0.9755748510360718
a3097,majority,dissent2,0.9679903388023376
a3098,majority,dissent1,0.9382003545761108
a3099,majority,dissent1,0.9734069108963013
a3099,majority,dissent2,0.9251724481582642
a3101,majority,dissent1,0.8163895606994629
a3110,majority,dissent1,0.9730189442634583
a3112,majority,dissent1,0.9583674669265747
a3113,majority,dissent1,0.48291438817977905
a3114,majority,dissent1,0.6993207335472107
a3115,majority,dissent1,0.9577876329421997
a3116,majority,dissent1,0.9556336402893066
a3117,majority,dissent1,0.6317936182022095
a3117,majority,dissent2,0.7711949348449707
a3117,majority,dissent3,0.8770362138748169
a3118,majority,dissent1,0.9633219242095947
a3121,majority,dissent1,0.922122597694397
a3122,majority,dissent1,0.9616488218307495
a3124,majority,dissent1,0.7240917682647705
a3125,majority,dissent1,0.8007524013519287
a3127,majority,dissent1,0.9115890264511108
a3131,majority,dissent1,0.9482150077819824
a3131,majority,dissent2,0.9132253527641296
a3132,majority,dissent1,0.8646758198738098
a3132,majority,dissent2,0.9285755157470703
a3133,majority,dissent1,0.9357399344444275
a3140,majority,dissent1,0.9532493352890015
a3141,majority,dissent1,0.9361439943313599
a3145,majority,dissent1,0.7269033193588257
a3146,majority,dissent1,0.7512614130973816
a3146,majority,dissent2,0.8715813159942627
a3147,majority,dissent1,0.8391236066818237
a3148,majority,dissent1,0.9283488988876343
a3149,majority,dissent1,0.832089900970459
a3149,majority,dissent2,0.9673727750778198
a3150,majority,dissent1,0.9657009840011597
a3151,majority,dissent1,0.9524056911468506
a3153,majority,dissent1,0.9231332540512085
a3155,majority,dissent1,0.9143266677856445
a3155,majority,dissent2,0.9807928800582886
a3156,majority,dissent1,0.9159709215164185
a3157,majority,dissent1,0.942947268486023
a3157,majority,dissent2,0.6290571689605713
a3158,majority,dissent1,0.9611158967018127
a3159,majority,dissent1,0.840900182723999
a3160,majority,dissent1,0.9710042476654053
a3161,majority,dissent1,0.7631767392158508
a3165,majority,dissent1,0.9383345246315002
a3166,majority,dissent1,0.9606600999832153
a3167,majority,dissent1,0.8682411909103394
a3167,majority,dissent2,0.9421824812889099
a3168,majority,dissent1,0.9408559799194336
a3169,majority,dissent1,0.9652467966079712
a3170,majority,dissent1,0.9639551639556885
a3171,majority,dissent1,0.8815013766288757
a3172,majority,dissent1,0.906877875328064
a3173,majority,dissent1,0.8854658603668213
a3174,majority,dissent1,0.9570218324661255
a3174,majority,dissent2,0.9442895650863647
a3174,majority,dissent3,0.8625339865684509
a3175,majority,dissent1,0.8592956066131592
a3176,majority,dissent1,0.9649612307548523
a3177,majority,dissent1,0.9229321479797363
a3177,majority,dissent2,0.9196890592575073
a3177,majority,dissent3,0.718708872795105
a3178,majority,dissent1,0.8979673981666565
a3180,majority,dissent1,0.8935534954071045
a3181,majority,dissent1,0.9173973798751831
a3182,majority,dissent1,0.9342921376228333
a3183,majority,dissent1,0.9608356952667236
a3184,majority,dissent1,0.9537289142608643
a3186,majority,dissent1,0.957466721534729
a3187,majority,dissent1,0.9332708120346069
a3188,majority,dissent1,0.9631072878837585
a3188,majority,dissent2,0.8206652998924255
a3189,majority,dissent1,0.9716091752052307
a3190,majority,dissent1,0.8145451545715332
a3190,majority,dissent2,0.7481265068054199
a3209,majority,dissent1,0.7169442176818848
a3209,majority,dissent2,0.33157849311828613
a3218,majority,dissent1,0.6949277520179749
a3220,majority,dissent1,0.9205200672149658
a3223,majority,dissent1,0.9616817831993103
a3225,majority,dissent1,0.9207756519317627
a3225,majority,dissent2,0.9450997114181519
a3227,majority,dissent1,0.40442025661468506
a3228,majority,dissent1,0.9771199226379395
a3229,majority,dissent1,0.9523921012878418
a3231,majority,dissent1,0.9072450995445251
a3232,majority,dissent1,0.8357954025268555
a3232,majority,dissent2,0.8976441621780396
a3233,majority,dissent1,0.9330679774284363
a3234,majority,dissent1,0.9634774327278137
a3235,majority,dissent1,0.9784767031669617
a3235,majority,dissent2,0.7986934185028076
a3236,majority,dissent1,0.9773712158203125
a3237,majority,dissent1,0.9552191495895386
a3238,majority,dissent1,0.6565560102462769
a3246,majority,dissent1,0.884852409362793
a3246,majority,dissent2,0.9472066164016724
a3247,majority,dissent1,0.6346923112869263
a3247,majority,dissent2,0.9624478816986084
a3247,majority,dissent3,0.973390519618988
a3249,majority,dissent1,0.9458905458450317
a3249,majority,dissent2,0.9457778334617615
a3250,majority,dissent1,0.8462422490119934
a3254,majority,dissent1,0.909457266330719
a3254,majority,dissent2,0.9518232345581055
a3256,majority,dissent1,0.9668937921524048
a3256,majority,dissent2,0.8840732574462891
a3257,majority,dissent1,0.9438612461090088
a3257,majority,dissent2,0.8905725479125977
a3258,majority,dissent1,0.7623524069786072
a3258,majority,dissent2,0.9659412503242493
a3259,majority,dissent1,0.9472102522850037
a3260,majority,dissent1,0.9299349784851074
a3261,majority,dissent1,0.9758849143981934
a3263,majority,dissent1,0.9523311257362366
a3264,majority,dissent1,0.9267959594726562
a3264,majority,dissent2,0.9143456816673279
a3265,majority,dissent1,0.9145385026931763
a3266,majority,dissent1,0.8157339692115784
a3267,majority,dissent1,0.9610321521759033
a3269,majority,dissent1,0.888049840927124
a3283,majority,dissent1,0.9522647857666016
a3284,majority,dissent1,0.9146815538406372
a3284,majority,dissent2,0.9123799800872803
a3285,majority,dissent1,0.9333537220954895
a3286,majority,dissent1,0.9127609729766846
a3287,majority,dissent1,0.9198675751686096
a3288,majority,dissent1,0.8446558713912964
a3289,majority,dissent1,0.9557793140411377
a3290,majority,dissent1,0.9538054466247559
a3291,majority,dissent1,0.963927149772644
a3292,majority,dissent1,0.9298892021179199
a3293,majority,dissent1,0.8984662890434265
a3294,majority,dissent1,0.9636527299880981
a3295,majority,dissent1,0.9104509353637695
a3296,majority,dissent1,0.7874393463134766
a3297,majority,dissent1,0.9434403777122498
a3298,majority,dissent1,0.9670971035957336
a3300,majority,dissent1,0.8738672137260437
a3301,majority,dissent1,0.9060697555541992
a3302,majority,dissent1,0.9625064730644226
a3306,majority,dissent1,0.9401227235794067
a3306,majority,dissent2,0.6526329517364502
a3307,majority,dissent1,0.9463255405426025
a3308,majority,dissent1,0.910051703453064
a3309,majority,dissent1,0.9220365881919861
a3310,majority,dissent1,0.8840120434761047
a3312,majority,dissent1,0.9071878790855408
a3313,majority,dissent1,0.942023754119873
a3313,majority,dissent2,0.940406858921051
a3314,majority,dissent1,0.9777923822402954
a3314,majority,dissent2,0.8923035860061646
a3315,majority,dissent1,0.8722056150436401
a3316,majority,dissent1,0.9290289878845215
a3317,majority,dissent1,0.9625775814056396
a3317,majority,dissent2,0.9539878368377686
a3317,majority,dissent3,0.832011342048645
a3317,majority,dissent4,0.9386336803436279
a3318,majority,dissent1,0.9360560178756714
a3319,majority,dissent1,0.5381667613983154
a3321,majority,dissent1,0.8640154004096985
a3321,majority,dissent2,0.8843055963516235
a3322,majority,dissent1,0.7905675768852234
a3323,majority,dissent1,0.9321669340133667
a3324,majority,dissent1,0.851399302482605
a3324,majority,dissent2,0.6285864114761353
a3326,majority,dissent1,0.9125757217407227
a3327,majority,dissent1,0.8331034779548645
a3328,majority,dissent1,0.910149335861206
a3329,majority,dissent1,0.9055167436599731
a3330,majority,dissent1,0.6015726923942566
a3331,majority,dissent1,0.9521480202674866
a3332,majority,dissent1,0.9691148400306702
a3332,majority,dissent2,0.8652705550193787
a3333,majority,dissent1,0.9268515110015869
a3335,majority,dissent1,0.927345871925354
a3335,majority,dissent2,0.8846856951713562
a3336,majority,dissent1,0.976499080657959
a3337,majority,dissent1,0.9613851308822632
a3338,majority,dissent1,0.9620603919029236
a3341,majority,dissent1,0.736207127571106
a3344,majority,dissent1,0.8731878995895386
a3345,majority,dissent1,0.9074437618255615
a3346,majority,dissent1,0.9194964170455933
a3346,majority,dissent2,0.938210666179657
a3347,majority,dissent1,0.9417414665222168
a3349,majority,dissent1,0.8703186511993408
a3377,majority,dissent1,0.742612361907959
a3386,majority,dissent1,0.9621961712837219
a3388,majority,dissent1,0.8526162505149841
a3389,majority,dissent1,0.9313045740127563
a3390,majority,dissent1,0.582835853099823
a3391,majority,dissent1,0.9216086864471436
a3392,majority,dissent1,0.9478917121887207
a3393,majority,dissent1,0.9562135934829712
a3394,majority,dissent1,0.8720556497573853
a3396,majority,dissent1,0.9590843915939331
a3398,majority,dissent1,0.976219654083252
a3400,majority,dissent1,0.9583183526992798
a3400,majority,dissent2,0.9127260446548462
a3401,majority,dissent1,0.9681766033172607
a3402,majority,dissent1,0.961860716342926
a3403,majority,dissent1,0.9825685024261475
a3404,majority,dissent1,0.9397868514060974
a3405,majority,dissent1,0.9618836045265198
a3406,majority,dissent1,0.8794571757316589
a3407,majority,dissent1,0.9092693328857422
a3408,majority,dissent1,0.9018974304199219
a3426,majority,dissent1,0.9798064231872559
a3428,majority,dissent1,0.972319483757019
a3430,majority,dissent1,0.9319000244140625
a3431,majority,dissent1,0.9510109424591064
a3432,majority,dissent1,0.9517786502838135
a3433,majority,dissent1,0.9503829479217529
a3435,majority,dissent1,0.9803652763366699
a3436,majority,dissent1,0.9539840221405029
a3438,majority,dissent1,0.9102722406387329
a3439,majority,dissent1,0.9451236724853516
a3442,majority,dissent1,0.8815284967422485
a3444,majority,dissent1,0.9279701709747314
a3445,majority,dissent1,0.9424580335617065
a3446,majority,dissent1,0.8619805574417114
a3448,majority,dissent1,0.9156131148338318
a3449,majority,dissent1,0.8183601498603821
a3449,majority,dissent2,0.9384804964065552
a3451,majority,dissent1,0.8719537258148193
a3472,majority,dissent1,0.966332733631134
a3472,majority,dissent2,0.784641683101654
a3473,majority,dissent1,0.8869940042495728
a3474,majority,dissent1,0.7797009944915771
a3475,majority,dissent1,0.71132493019104
a3476,majority,dissent1,0.9746683239936829
a3477,majority,dissent1,0.9421762824058533
a3478,majority,dissent1,0.42282605171203613
a3480,majority,dissent1,0.9570255279541016
a3481,majority,dissent1,0.9056978225708008
a3483,majority,dissent1,0.9317107796669006
a3484,majority,dissent1,0.5783485174179077
a3485,majority,dissent1,0.849819540977478
a3485,majority,dissent2,0.8212336301803589
a3486,majority,dissent1,0.9772341251373291
a3487,majority,dissent1,0.9518319964408875
a3488,majority,dissent1,0.9257944822311401
a3488,majority,dissent2,0.9220006465911865
a3490,majority,dissent1,0.9359890818595886
a3491,majority,dissent1,0.9641744494438171
a3492,majority,dissent1,0.951702892780304
a3503,majority,dissent1,0.9405498504638672
a3504,majority,dissent1,0.9033657908439636
a3504,majority,dissent2,0.9532346725463867
a3505,majority,dissent1,0.9604426622390747
a3505,majority,dissent2,0.9016395211219788
a3506,majority,dissent1,0.9812124967575073
a3507,majority,dissent1,0.8705778121948242
a3508,majority,dissent1,0.9381792545318604
a3509,majority,dissent1,0.8869686126708984
a3510,majority,dissent1,0.9581006765365601
a3511,majority,dissent1,0.9593489170074463
a3512,majority,dissent1,0.9295234680175781
a3513,majority,dissent1,0.9839516878128052
a3513,majority,dissent2,0.7142826318740845
a3514,majority,dissent1,0.8321636915206909
a3514,majority,dissent2,0.8981790542602539
a3514,majority,dissent3,0.9355847239494324
a3515,majority,dissent1,0.9597924947738647
a3515,majority,dissent2,0.8769122362136841
a3517,majority,dissent1,0.9757455587387085
a3517,majority,dissent2,0.9583940505981445
a3517,majority,dissent3,0.8127997517585754
a3518,majority,dissent1,0.8999624848365784
a3518,majority,dissent2,0.9662438631057739
a3519,majority,dissent1,0.9814012050628662
a3525,majority,dissent1,0.7153635025024414
a3526,majority,dissent1,0.7954017519950867
a3526,majority,dissent2,0.8876744508743286
a3527,majority,dissent1,0.9360744953155518
a3529,majority,dissent1,0.9285855293273926
a3529,majority,dissent2,0.9618563055992126
a3530,majority,dissent1,0.8651833534240723
a3531,majority,dissent1,0.7712585926055908
a3531,majority,dissent2,0.900971531867981
a3535,majority,dissent1,0.9544230699539185
a3536,majority,dissent1,0.8148138523101807
a3537,majority,dissent1,0.9570971727371216
a3538,majority,dissent1,0.9463275671005249
a3539,majority,dissent1,0.9706252217292786
a3540,majority,dissent1,0.6513487100601196
a3541,majority,dissent1,0.9237248301506042
a3542,majority,dissent1,0.8804644346237183
a3543,majority,dissent1,0.9489911794662476
a3546,majority,dissent1,0.9601977467536926
a3546,majority,dissent2,0.9066885113716125
a3547,majority,dissent1,0.9658288955688477
a3548,majority,dissent1,0.953955888748169
a3548,majority,dissent2,0.8816852569580078
a3549,majority,dissent1,0.9739676713943481
a3553,majority,dissent1,0.9432921409606934
a3564,majority,dissent1,0.652607798576355
a3564,majority,dissent2,0.6334713697433472
a3578,majority,dissent1,0.8122559189796448
a3592,majority,dissent1,0.9023036956787109
a3593,majority,dissent1,0.9354735612869263
a3594,majority,dissent1,0.9089546203613281
a3595,majority,dissent1,0.9113140106201172
a3596,majority,dissent1,0.9640076160430908
a3597,majority,dissent1,0.9707638025283813
a3598,majority,dissent1,0.9394296407699585
a3599,majority,dissent1,0.9224561452865601
a3601,majority,dissent1,0.9194316267967224
a3603,majority,dissent1,0.9346219301223755
a3607,majority,dissent1,0.8107652068138123
a3611,majority,dissent1,0.9141280651092529
a3613,majority,dissent1,0.9136608839035034
a3614,majority,dissent1,0.9130446910858154
a3615,majority,dissent1,0.8916015625
a3615,majority,dissent2,0.810875415802002
a3616,majority,dissent1,0.9357912540435791
a3617,majority,dissent1,0.9413290023803711
a3618,majority,dissent1,0.9609775543212891
a3620,majority,dissent1,0.9668097496032715
a3630,majority,dissent1,0.8805434107780457
a3633,majority,dissent1,0.9670045375823975
a3635,majority,dissent1,0.9711236953735352
a3635,majority,dissent2,0.9276964664459229
a3637,majority,dissent1,0.9503663778305054
a3638,majority,dissent1,0.9110485911369324
a3639,majority,dissent1,0.9386218786239624
a3639,majority,dissent2,0.9373955726623535
a3640,majority,dissent1,0.9713730812072754
a3641,majority,dissent1,0.9544214010238647
a3642,majority,dissent1,0.9269416332244873
a3643,majority,dissent1,0.9529857635498047
a3643,majority,dissent2,0.6915925145149231
a3645,majority,dissent1,0.9408770203590393
a3646,majority,dissent1,0.9718257784843445
a3646,majority,dissent2,0.8888527154922485
a3647,majority,dissent1,0.9744983911514282
a3648,majority,dissent1,0.9407198429107666
a3650,majority,dissent1,0.8880560994148254
a3650,majority,dissent2,0.9356967806816101
a3654,majority,dissent1,0.43391600251197815
a3654,majority,dissent2,0.9649087190628052
a3671,majority,dissent1,0.9453172087669373
a3672,majority,dissent1,0.7534700036048889
a3673,majority,dissent1,0.8848434686660767
a3674,majority,dissent1,0.9109894037246704
a3675,majority,dissent1,0.9213887453079224
a3677,majority,dissent1,0.8993988633155823
a3678,majority,dissent1,0.8624222278594971
a3679,majority,dissent1,0.9688543081283569
a3680,majority,dissent1,0.7048525810241699
a3683,majority,dissent1,0.9523517489433289
a3684,majority,dissent1,0.9406942129135132
a3685,majority,dissent1,0.9293117523193359
a3687,majority,dissent1,0.9428591728210449
a3688,majority,dissent1,0.960425853729248
a3688,majority,dissent2,0.8772095441818237
a3689,majority,dissent1,0.9150568246841431
a3690,majority,dissent1,0.9433412551879883
a3691,majority,dissent1,0.9725713729858398
a3692,majority,dissent1,0.8035063743591309
a3693,majority,dissent1,0.9432277083396912
a3694,majority,dissent1,0.9497859477996826
a3695,majority,dissent1,0.9637632369995117
a3696,majority,dissent1,0.944685697555542
a3697,majority,dissent1,0.8965601921081543
a3698,majority,dissent1,0.924471378326416
a3699,majority,dissent1,0.9489985704421997
a3700,majority,dissent1,0.9731961488723755
a3701,majority,dissent1,0.9618978500366211
a3702,majority,dissent1,0.9562104344367981
a3703,majority,dissent1,0.9662870168685913
a3704,majority,dissent1,0.8698499202728271
a3704,majority,dissent2,0.972447395324707
a3705,majority,dissent1,0.9037445783615112
a3706,majority,dissent1,0.9475921392440796
a3707,majority,dissent1,0.9659410119056702
a3708,majority,dissent1,0.9576277732849121
a3709,majority,dissent1,0.942913830280304
a3710,majority,dissent1,0.8426961898803711
a3710,majority,dissent2,0.9491954445838928
a3711,majority,dissent1,0.9586876630783081
a3712,majority,dissent1,0.7512662410736084
a3713,majority,dissent1,0.9589933156967163
a3714,majority,dissent1,0.9595646858215332
a3715,majority,dissent1,0.9683117866516113
a3716,majority,dissent1,0.960671067237854
a3717,majority,dissent1,0.9728529453277588
a3718,majority,dissent1,0.9673730731010437
a3720,majority,dissent1,0.918501615524292
a3720,majority,dissent2,0.9451220631599426
a3723,majority,dissent1,0.7036219239234924
a3723,majority,dissent2,0.8713687658309937
a3723,majority,dissent3,0.9479756951332092
a3725,majority,dissent1,0.9802485108375549
a3726,majority,dissent1,0.9625353813171387
a3727,majority,dissent1,0.9539926052093506
a3728,majority,dissent1,0.9636334180831909
a3729,majority,dissent1,0.7738968133926392
a3733,majority,dissent1,0.940005898475647
a3734,majority,dissent1,0.7005572319030762
a3736,majority,dissent1,0.9347413182258606
a3737,majority,dissent1,0.9437105655670166
a3740,majority,dissent1,0.9028216004371643
a3741,majority,dissent1,0.918673038482666
a3742,majority,dissent1,0.9398535490036011
a3744,majority,dissent1,0.8214994668960571
a3745,majority,dissent1,0.94852614402771
a3746,majority,dissent1,0.9655352830886841
a3747,majority,dissent1,0.9308141469955444
a3748,majority,dissent1,0.9218417406082153
a3750,majority,dissent1,0.9537091851234436
a3750,majority,dissent2,0.9465075731277466
a3751,majority,dissent1,0.9685311913490295
a3752,majority,dissent1,0.8774119019508362
a3753,majority,dissent1,0.9533741474151611
a3754,majority,dissent1,0.8013574481010437
a3766,majority,dissent1,0.8992215394973755
a3784,majority,dissent1,0.8249211311340332
a3787,majority,dissent1,0.47420042753219604
a3788,majority,dissent1,0.7850414514541626
a3808,majority,dissent1,0.9409002065658569
a3809,majority,dissent1,0.9545142650604248
a3810,majority,dissent1,0.5750546455383301
a3810,majority,dissent2,0.958621084690094
a3811,majority,dissent1,0.8944563865661621
a3813,majority,dissent1,0.8623069524765015
a3813,majority,dissent2,0.9833623170852661
a3814,majority,dissent1,0.9432361125946045
a3816,majority,dissent1,0.9168057441711426
a3819,majority,dissent1,0.8018173575401306
a3819,majority,dissent2,0.9702440500259399
a3819,majority,dissent3,0.7256668210029602
a3820,majority,dissent1,0.8881905674934387
a3821,majority,dissent1,0.9010605812072754
a3822,majority,dissent1,0.9556287527084351
a3822,majority,dissent2,0.9469110369682312
a3823,majority,dissent1,0.9733831882476807
a3825,majority,dissent1,0.9672232866287231
a3827,majority,dissent1,0.9313199520111084
a3830,majority,dissent1,0.9269440770149231
a3832,majority,dissent1,0.9762142896652222
a3846,majority,dissent1,0.9709662199020386
a3846,majority,dissent2,0.8215089440345764
a3847,majority,dissent1,0.9746673107147217
a3848,majority,dissent1,0.9516708850860596
a3849,majority,dissent1,0.91119384765625
a3851,majority,dissent1,0.8079918622970581
a3852,majority,dissent1,0.9616586565971375
a3853,majority,dissent1,0.926703929901123
a3855,majority,dissent1,0.9722265601158142
a3856,majority,dissent1,0.9176439046859741
a3857,majority,dissent1,0.9515302181243896
a3862,majority,dissent1,0.7235016822814941
a3863,majority,dissent1,0.9361324906349182
a3864,majority,dissent1,0.9459478855133057
a3878,majority,dissent1,0.9761696457862854
a3878,majority,dissent2,0.739492654800415
a3879,majority,dissent1,0.6920526027679443
a3879,majority,dissent2,0.7280182838439941
a3880,majority,dissent1,0.9497586488723755
a3881,majority,dissent1,0.864142656326294
a3881,majority,dissent2,0.8649765253067017
a3882,majority,dissent1,0.9659973978996277
a3882,majority,dissent2,0.9391623139381409
a3884,majority,dissent1,0.9040862321853638
a3887,majority,dissent1,0.9756849408149719
a3889,majority,dissent1,0.9296266436576843
a3890,majority,dissent1,0.9197981953620911
a3894,majority,dissent1,0.956202507019043
a3895,majority,dissent1,0.9571552276611328
a3897,majority,dissent1,0.9629693627357483
a3897,majority,dissent2,0.9223129749298096
a3898,majority,dissent1,0.931799054145813
a3899,majority,dissent1,0.9678506255149841
a3900,majority,dissent1,0.9781756401062012
a3901,majority,dissent1,0.9371427297592163
a3901,majority,dissent2,0.8765925168991089
a3902,majority,dissent1,0.9437693357467651
a3903,majority,dissent1,0.932289719581604
a3914,majority,dissent1,0.9000405073165894
a3915,majority,dissent1,0.9514992237091064
a3917,majority,dissent1,0.9510071873664856
a3918,majority,dissent1,0.9262134432792664
a3919,majority,dissent1,0.9716966152191162
a3920,majority,dissent1,0.9603712558746338
a3920,majority,dissent2,0.7902066707611084
a3921,majority,dissent1,0.9720942974090576
a3922,majority,dissent1,0.981478214263916
a3923,majority,dissent1,0.8855335712432861
a3924,majority,dissent1,0.965276300907135
a3925,majority,dissent1,0.9011014699935913
a3925,majority,dissent2,0.9637594223022461
a3926,majority,dissent1,0.9631493091583252
a3926,majority,dissent2,0.9507962465286255
a3927,majority,dissent1,0.9739912748336792
a3928,majority,dissent1,0.9645649790763855
a3929,majority,dissent1,0.9642735719680786
a3930,majority,dissent1,0.8969322443008423
a3931,majority,dissent1,0.9076060056686401
a3931,majority,dissent2,0.7267213463783264
a3932,majority,dissent1,0.9346729516983032
a3932,majority,dissent2,0.7512600421905518
a3933,majority,dissent1,0.9439976215362549
a3934,majority,dissent1,0.9520231485366821
a3935,majority,dissent1,0.9060549736022949
a3935,majority,dissent2,0.9108195900917053
a3936,majority,dissent1,0.9777126312255859
a3936,majority,dissent2,0.8026468753814697
a3937,majority,dissent1,0.9655044078826904
a3937,majority,dissent2,0.8262626528739929
a3937,majority,dissent3,0.7752090096473694
a3940,majority,dissent1,0.6697542667388916
a3941,majority,dissent1,0.8013940453529358
a3943,majority,dissent1,0.47563645243644714
a3949,majority,dissent1,0.4617950916290283
a3949,majority,dissent2,0.8569276332855225
a3950,majority,dissent1,0.6125766634941101
a3951,majority,dissent1,0.9382972717285156
a3951,majority,dissent2,0.7574847936630249
a3952,majority,dissent1,0.6879584193229675
a3952,majority,dissent2,0.9108108282089233
a3953,majority,dissent1,0.763985276222229
a3954,majority,dissent1,0.8534989953041077
a3955,majority,dissent1,0.9542911052703857
a3955,majority,dissent2,0.887518584728241
a3957,majority,dissent1,0.9651699066162109
a3957,majority,dissent2,0.9604061245918274
a3958,majority,dissent1,0.9420448541641235
a3959,majority,dissent1,0.9762621521949768
a3960,majority,dissent1,0.781981348991394
a3960,majority,dissent2,0.6474671959877014
a3960,majority,dissent3,0.7842395305633545
a3961,majority,dissent1,0.9549205899238586
a3962,majority,dissent1,0.9696736931800842
a4010,majority,dissent1,0.9288080930709839
a4011,majority,dissent1,0.9422948360443115
a4013,majority,dissent1,0.8842252492904663
a4013,majority,dissent2,0.9811344146728516
a4014,majority,dissent1,0.9552813768386841
a4015,majority,dissent1,0.5330909490585327
a4016,majority,dissent1,0.946010947227478
a4017,majority,dissent1,0.9147342443466187
a4017,majority,dissent2,0.97141432762146
a4019,majority,dissent1,0.94724440574646
a4021,majority,dissent1,0.9741102457046509
a4022,majority,dissent1,0.953406810760498
a4026,majority,dissent1,0.9621815085411072
a4027,majority,dissent1,0.9700155258178711
a4027,majority,dissent2,0.8050761222839355
a4030,majority,dissent1,0.9567623734474182
a4031,majority,dissent1,0.915062665939331
a4038,majority,dissent1,0.8936327695846558
a4042,majority,dissent1,0.7173589468002319
a4055,majority,dissent1,0.8172916173934937
a4057,majority,dissent1,0.9324745535850525
a4058,majority,dissent1,0.9411724805831909
a4059,majority,dissent1,0.9597327709197998
a4061,majority,dissent1,0.9042098522186279
a4063,majority,dissent1,0.8923747539520264
a4064,majority,dissent1,0.9488167762756348
a4066,majority,dissent1,0.6349729895591736
a4066,majority,dissent2,0.914562463760376
a4067,majority,dissent1,0.9761244654655457
a4068,majority,dissent1,0.945661187171936
a4070,majority,dissent1,0.938372015953064
a4072,majority,dissent1,0.9587416648864746
a4073,majority,dissent1,0.9408519268035889
a4101,majority,dissent1,0.9058568477630615
a4102,majority,dissent1,0.9661220908164978
a4103,majority,dissent1,0.9605358839035034
a4104,majority,dissent1,0.9118751287460327
a4105,majority,dissent1,0.9343453645706177
a4106,majority,dissent1,0.3951787054538727
a4107,majority,dissent1,0.5784603953361511
a4108,majority,dissent1,0.9714475870132446
a4109,majority,dissent1,0.9450154304504395
a4110,majority,dissent1,0.9404997229576111
a4111,majority,dissent1,0.9450971484184265
a4112,majority,dissent1,0.880871057510376
a4114,majority,dissent1,0.8714022636413574
a4115,majority,dissent1,0.960973858833313
a4116,majority,dissent1,0.9666864275932312
a4117,majority,dissent1,0.9334919452667236
a4118,majority,dissent1,0.9523823261260986
a4119,majority,dissent1,0.9722236394882202
a4122,majority,dissent1,0.9650951623916626
a4123,majority,dissent1,0.9575220346450806
a4125,majority,dissent1,0.97173011302948
a4142,majority,dissent1,0.9558713436126709
a4143,majority,dissent1,0.9065486192703247
a4143,majority,dissent2,0.8234909772872925
a4145,majority,dissent1,0.9331377744674683
a4146,majority,dissent1,0.972187876701355
a4147,majority,dissent1,0.9764769673347473
a4149,majority,dissent1,0.9061781167984009
a4149,majority,dissent2,0.7953370213508606
a4150,majority,dissent1,0.9627941846847534
a4151,majority,dissent1,0.9299885034561157
a4152,majority,dissent1,0.9589430093765259
a4153,majority,dissent1,0.956518828868866
a4153,majority,dissent2,0.7803105711936951
a4154,majority,dissent1,0.4953063726425171
a4154,majority,dissent2,0.9491427540779114
a4154,majority,dissent3,0.9584921598434448
a4157,majority,dissent1,0.9206582307815552
a4160,majority,dissent1,0.9613401889801025
a4164,majority,dissent1,0.9828765392303467
a4164,majority,dissent2,0.966861367225647
a4165,majority,dissent1,0.9613794088363647
a4166,majority,dissent1,0.6765690445899963
a4166,majority,dissent2,0.9528908729553223
a4168,majority,dissent1,0.9722205996513367
a4169,majority,dissent1,0.95718914270401
a4170,majority,dissent1,0.8800848126411438
a4170,majority,dissent2,0.9735957384109497
a4170,majority,dissent3,0.8068360090255737
a4170,majority,dissent4,0.47835952043533325
a4181,majority,dissent1,0.8617097735404968
a4182,majority,dissent1,0.6725656986236572
a4185,majority,dissent1,0.9041855335235596
a4186,majority,dissent1,0.9372698068618774
a4187,majority,dissent1,0.946574866771698
a4188,majority,dissent1,0.9734142422676086
a4189,majority,dissent1,0.958238959312439
a4192,majority,dissent1,0.9169285297393799
a4195,majority,dissent1,0.4474777579307556
a4195,majority,dissent2,0.9572248458862305
a4196,majority,dissent1,0.9583739042282104
a4197,majority,dissent1,0.8746629953384399
a4198,majority,dissent1,0.9139431715011597
a4199,majority,dissent1,0.9440169334411621
a4200,majority,dissent1,0.943158745765686
a4200,majority,dissent2,0.700139045715332
a4200,majority,dissent3,0.9107494354248047
a4203,majority,dissent1,0.19532668590545654
a4273,majority,dissent1,0.9120792150497437
a4274,majority,dissent1,0.8875466585159302
a4274,majority,dissent2,0.8342528343200684
a4275,majority,dissent1,0.9151741862297058
a4276,majority,dissent1,0.9608519673347473
a4276,majority,dissent2,0.4802495241165161
a4278,majority,dissent1,0.9472976922988892
a4279,majority,dissent1,0.9467436075210571
a4280,majority,dissent1,0.9728219509124756
a4280,majority,dissent2,0.9539811015129089
a4282,majority,dissent1,0.4250790476799011
a4283,majority,dissent1,0.9554481506347656
a4284,majority,dissent1,0.962677001953125
a4284,majority,dissent2,0.8580670356750488
a4285,majority,dissent1,0.7054071426391602
a4286,majority,dissent1,0.8690502643585205
a4288,majority,dissent1,0.8792886734008789
a4289,majority,dissent1,0.9328188300132751
a4290,majority,dissent1,0.9599171876907349
a4290,majority,dissent2,0.815062403678894
a4291,majority,dissent1,0.9502682685852051
a4293,majority,dissent1,0.9375812411308289
a4297,majority,dissent1,0.9641832113265991
a4320,majority,dissent1,0.9510448575019836
a4321,majority,dissent1,0.9596133232116699
a4322,majority,dissent1,0.9597260355949402
a4322,majority,dissent2,0.9586576223373413
a4323,majority,dissent1,0.8062377572059631
a4326,majority,dissent1,0.9372402429580688
a4327,majority,dissent1,0.96486496925354
a4328,majority,dissent1,0.9456065893173218
a4328,majority,dissent2,0.9653853178024292
a4329,majority,dissent1,0.9490883946418762
a4330,majority,dissent1,0.8795839548110962
a4331,majority,dissent1,0.9321103096008301
a4332,majority,dissent1,0.7336369156837463
a4333,majority,dissent1,0.9102636575698853
a4334,majority,dissent1,0.9514932632446289
a4335,majority,dissent1,0.9656836986541748
a4338,majority,dissent1,0.906854510307312
a4339,majority,dissent1,0.9241675734519958
a4340,majority,dissent1,0.9340469241142273
a4341,majority,dissent1,0.9205454587936401
a4368,majority,dissent1,0.7142044305801392
a4371,majority,dissent1,0.9683361053466797
a4372,majority,dissent1,0.9554271697998047
a4372,majority,dissent2,0.7730539441108704
a4372,majority,dissent3,0.9048641324043274
a4373,majority,dissent1,0.9734160900115967
a4373,majority,dissent2,0.6835572719573975
a4376,majority,dissent1,0.9770021438598633
a4377,majority,dissent1,0.9154901504516602
a4378,majority,dissent1,0.6665987968444824
a4378,majority,dissent2,0.9243983030319214
a4379,majority,dissent1,0.922879159450531
a4381,majority,dissent1,0.9100289344787598
a4383,majority,dissent1,0.7784959673881531
a4386,majority,dissent1,0.9603983163833618
a4387,majority,dissent1,0.9289200305938721
a4388,majority,dissent1,0.9522631168365479
a4390,majority,dissent1,0.9855704307556152
a4391,majority,dissent1,0.9729366898536682
a4393,majority,dissent1,0.9464980363845825
a4400,majority,dissent1,0.9663295745849609
a4400,majority,dissent2,0.6404279470443726
a4402,majority,dissent1,0.9629121422767639
a4403,majority,dissent1,0.9616751670837402
a4403,majority,dissent2,0.6430000066757202
a4406,majority,dissent1,0.9330466985702515
a4407,majority,dissent1,0.9162750840187073
a4407,majority,dissent2,0.9412554502487183
a4407,majority,dissent3,0.749690055847168
a4408,majority,dissent1,0.8923282027244568
a4408,majority,dissent2,0.9333208203315735
a4409,majority,dissent1,0.8007677793502808
a4409,majority,dissent2,0.8696309328079224
a4410,majority,dissent1,0.8790936470031738
a4410,majority,dissent2,0.7169443964958191
a4410,majority,dissent3,0.9580523371696472
a4412,majority,dissent1,0.9616239070892334
a4412,majority,dissent2,0.9200178384780884
a4413,majority,dissent1,0.9354423880577087
a4415,majority,dissent1,0.9791923761367798
a4416,majority,dissent1,0.9591314196586609
a4416,majority,dissent2,0.9493441581726074
a4417,majority,dissent1,0.966378390789032
a4418,majority,dissent1,0.9761123657226562
a4419,majority,dissent1,0.9461748003959656
a4431,majority,dissent1,0.8763234615325928
a4434,majority,dissent1,0.8206842541694641
a4435,majority,dissent1,0.8503893613815308
a4437,majority,dissent1,0.9523937702178955
a4437,majority,dissent2,0.8856847286224365
a4437,majority,dissent3,0.8098893165588379
a4438,majority,dissent1,0.7521082758903503
a4438,majority,dissent2,0.9653941988945007
a4439,majority,dissent1,0.7711037993431091
a4440,majority,dissent1,0.8625077605247498
a4440,majority,dissent2,0.867300271987915
a4441,majority,dissent1,0.9479042887687683
a4442,majority,dissent1,0.9115358591079712
a4446,majority,dissent1,0.9683387279510498
a4448,majority,dissent1,0.9481794834136963
a4450,majority,dissent1,0.7771821618080139
a4450,majority,dissent2,0.9321086406707764
a4451,majority,dissent1,0.5531344413757324
a4451,majority,dissent2,0.9586466550827026
a4451,majority,dissent3,0.8372616171836853
a4452,majority,dissent1,0.968816339969635
a4455,majority,dissent1,0.9199637174606323
a4496,majority,dissent1,0.71958327293396
a4524,majority,dissent1,0.9349756836891174
a4524,majority,dissent2,0.9077467918395996
a4525,majority,dissent1,0.9753810167312622
a4526,majority,dissent1,0.9413275718688965
a4527,majority,dissent1,0.8296471238136292
a4528,majority,dissent1,0.9529609680175781
a4532,majority,dissent1,0.8915175199508667
a4532,majority,dissent2,0.8570966720581055
a4533,majority,dissent1,0.9617188572883606
a4535,majority,dissent1,0.9650689959526062
a4537,majority,dissent1,0.9572003483772278
a4538,majority,dissent1,0.9548324942588806
a4539,majority,dissent1,0.9710382223129272
a4540,majority,dissent1,0.9393707513809204
a4541,majority,dissent1,0.9379203915596008
a4541,majority,dissent2,0.9092184901237488
a4541,majority,dissent3,0.9036864638328552
a4542,majority,dissent1,0.8530441522598267
a4542,majority,dissent2,0.7391469478607178
a4544,majority,dissent1,0.9390952587127686
a4545,majority,dissent1,0.8882066607475281
a4546,majority,dissent1,0.9317924976348877
a4548,majority,dissent1,0.9249736070632935
a4548,majority,dissent2,0.8148950338363647
a4549,majority,dissent1,0.9389252662658691
a4550,majority,dissent1,0.9498580098152161
a4551,majority,dissent1,0.9637205004692078
a4553,majority,dissent1,0.6168215274810791
a4553,majority,dissent2,0.8755189180374146
a4554,majority,dissent1,0.5386664271354675
a4557,majority,dissent1,0.8624650239944458
a4558,majority,dissent1,0.890593945980072
a4604,majority,dissent1,0.37271547317504883
a4604,majority,dissent2,0.8652911186218262
a4605,majority,dissent1,0.9776134490966797
a4607,majority,dissent1,0.9452114701271057
a4607,majority,dissent2,0.9495539665222168
a4608,majority,dissent1,0.948897123336792
a4609,majority,dissent1,0.9688764214515686
a4610,majority,dissent1,0.9406300783157349
a4612,majority,dissent1,0.9664857387542725
a4612,majority,dissent2,0.9544999599456787
a4613,majority,dissent1,0.9484124183654785
a4614,majority,dissent1,0.8796982765197754
a4614,majority,dissent2,0.8093301653862
a4616,majority,dissent1,0.5401708483695984
a4617,majority,dissent1,0.9422118067741394
a4619,majority,dissent1,0.9712163805961609
a4620,majority,dissent1,0.9573742151260376
a4621,majority,dissent1,0.9534479379653931
a4622,majority,dissent1,0.9024996757507324
a4623,majority,dissent1,0.9584759473800659
a4623,majority,dissent2,0.781657338142395
a4624,majority,dissent1,0.4285205006599426
a4625,majority,dissent1,0.872979462146759
a4625,majority,dissent2,0.9329657554626465
a4625,majority,dissent3,0.9236761331558228
a4626,majority,dissent1,0.9587824940681458
a4627,majority,dissent1,0.8011773824691772
a4627,majority,dissent2,0.9649307727813721
a4628,majority,dissent1,0.9755250811576843
a4629,majority,dissent1,0.8970165848731995
a4658,majority,dissent1,0.881194531917572
a4659,majority,dissent1,0.9520813226699829
a4661,majority,dissent1,0.8700809478759766
a4661,majority,dissent2,0.9462172985076904
a4662,majority,dissent1,0.9505876898765564
a4663,majority,dissent1,0.8863905668258667
a4664,majority,dissent1,0.5088094472885132
a4664,majority,dissent2,0.9642049074172974
a4666,majority,dissent1,0.9474924802780151
a4666,majority,dissent2,0.9153546094894409
a4667,majority,dissent1,0.908642590045929
a4667,majority,dissent2,0.8288601636886597
a4669,majority,dissent1,0.9445260167121887
a4669,majority,dissent2,0.8860549926757812
a4670,majority,dissent1,0.9757744669914246
a4670,majority,dissent2,0.7517022490501404
a4672,majority,dissent1,0.9267019629478455
a4673,majority,dissent1,0.9757883548736572
a4673,majority,dissent2,0.7677497267723083
a4674,majority,dissent1,0.9508141875267029
a4675,majority,dissent1,0.9296839237213135
a4676,majority,dissent1,0.8200362920761108
a4676,majority,dissent2,0.94642174243927
a4677,majority,dissent1,0.9456619620323181
a4679,majority,dissent1,0.4280860722064972
a4679,majority,dissent2,0.38172900676727295
a4679,majority,dissent3,0.9387739896774292
a4683,majority,dissent1,0.9699540138244629
a4686,majority,dissent1,0.9161968231201172
a4686,majority,dissent2,0.9089375734329224
a4687,majority,dissent1,0.96553635597229
a4688,majority,dissent1,0.5954064130783081
a4689,majority,dissent1,0.9171526432037354
a4691,majority,dissent1,0.9273953437805176
a4692,majority,dissent1,0.9604266881942749
a4692,majority,dissent2,0.9254757165908813
a4693,majority,dissent1,0.9508864879608154
a4694,majority,dissent1,0.8532073497772217
a4695,majority,dissent1,0.8926411867141724
a4695,majority,dissent2,0.7948102951049805
a4696,majority,dissent1,0.915710985660553
a4696,majority,dissent2,0.9659364223480225
a4698,majority,dissent1,0.9438081979751587
a4699,majority,dissent1,0.9299227595329285
a4700,majority,dissent1,0.9420945644378662
a4701,majority,dissent1,0.9012563824653625
a4702,majority,dissent1,0.78199303150177
a4702,majority,dissent2,0.9539557695388794
a4703,majority,dissent1,0.9400134086608887
a4704,majority,dissent1,0.965660572052002
a4704,majority,dissent2,0.9700686931610107
a4706,majority,dissent1,0.9743326902389526
a4707,majority,dissent1,0.9227659106254578
a4722,majority,dissent1,0.45703962445259094
a4723,majority,dissent1,0.9388242959976196
a4724,majority,dissent1,0.9637128114700317
a4726,majority,dissent1,0.4331496059894562
a4727,majority,dissent1,0.4461459815502167
a4727,majority,dissent2,0.8989077806472778
a4728,majority,dissent1,0.9183244705200195
a4729,majority,dissent1,0.9743267297744751
a4730,majority,dissent1,0.9585382342338562
a4731,majority,dissent1,0.8560622930526733
a4731,majority,dissent2,0.8818888664245605
a4732,majority,dissent1,0.5546551942825317
a4733,majority,dissent1,0.9545563459396362
a4734,majority,dissent1,0.7723758220672607
a4734,majority,dissent2,0.9024527072906494
a4735,majority,dissent1,0.8776121139526367
a4736,majority,dissent1,0.8482393026351929
a4737,majority,dissent1,0.9550909399986267
a4738,majority,dissent1,0.9459646344184875
a4739,majority,dissent1,0.9393528699874878
a4740,majority,dissent1,0.9450977444648743
a4742,majority,dissent1,0.8629169464111328
a4743,majority,dissent1,0.9178181886672974
a4743,majority,dissent2,0.8458322286605835
a4744,majority,dissent1,0.9572831392288208
a4747,majority,dissent1,0.22234365344047546
a4808,majority,dissent1,0.8714912533760071
a4809,majority,dissent1,0.9013392925262451
a4809,majority,dissent2,0.9102014303207397
a4810,majority,dissent1,0.9658076167106628
a4813,majority,dissent1,0.51451575756073
a4814,majority,dissent1,0.5373804569244385
a4814,majority,dissent2,0.937996506690979
a4815,majority,dissent1,0.9626024961471558
a4816,majority,dissent1,0.9262031316757202
a4818,majority,dissent1,0.8883311748504639
a4820,majority,dissent1,0.9379563331604004
a4821,majority,dissent1,0.8198210000991821
a4821,majority,dissent2,0.848320484161377
a4821,majority,dissent3,0.927939236164093
a4821,majority,dissent4,0.9458876848220825
a4822,majority,dissent1,0.5112124681472778
a4822,majority,dissent2,0.9368879795074463
a4824,majority,dissent1,0.9532091617584229
a4825,majority,dissent1,0.9481921792030334
a4826,majority,dissent1,0.9687008857727051
a4829,majority,dissent1,0.9430027008056641
a4830,majority,dissent1,0.7343226671218872
a4830,majority,dissent2,0.9621052145957947
a4831,majority,dissent1,0.9585360884666443
a4842,majority,dissent1,0.9138681292533875
a4843,majority,dissent1,0.9652916789054871
a4844,majority,dissent1,0.9742159843444824
a4845,majority,dissent1,0.9290961027145386
a4846,majority,dissent1,0.9612800478935242
a4847,majority,dissent1,0.8152885437011719
a4848,majority,dissent1,0.9106950759887695
a4849,majority,dissent1,0.9282285571098328
a4850,majority,dissent1,0.9651622772216797
a4850,majority,dissent2,0.9673490524291992
a4850,majority,dissent3,0.930454432964325
a4851,majority,dissent1,0.9730172157287598
a4852,majority,dissent1,0.6031243801116943
a4852,majority,dissent2,0.7766920328140259
a4854,majority,dissent1,0.9715651273727417
a4855,majority,dissent1,0.6881833076477051
a4855,majority,dissent2,0.9247443079948425
a4856,majority,dissent1,0.9472514390945435
a4857,majority,dissent1,0.9178259968757629
a4857,majority,dissent2,0.820796549320221
a4858,majority,dissent1,0.9665354490280151
a4860,majority,dissent1,0.9371647834777832
a4861,majority,dissent1,0.960610568523407
a4862,majority,dissent1,0.9490699768066406
a4864,majority,dissent1,0.9620845913887024
a4864,majority,dissent2,0.9090582132339478
a4865,majority,dissent1,0.9147446751594543
a4866,majority,dissent1,0.7183623909950256
a4867,majority,dissent1,0.9238829016685486
a4867,majority,dissent2,0.9484859704971313
a4885,majority,dissent1,0.9451411366462708
a4886,majority,dissent1,0.9576172828674316
a4890,majority,dissent1,0.9746350049972534
a4891,majority,dissent1,0.9480520486831665
a4894,majority,dissent1,0.9586449861526489
a4895,majority,dissent1,0.9576379060745239
a4896,majority,dissent1,0.9451134204864502
a4897,majority,dissent1,0.9534181952476501
a4898,majority,dissent1,0.9500817656517029
a4899,majority,dissent1,0.5265054702758789
a4900,majority,dissent1,0.881758451461792
a4901,majority,dissent1,0.8802947998046875
a4904,majority,dissent1,0.9574565887451172
a4905,majority,dissent1,0.8341593742370605
a4907,majority,dissent1,0.9504939317703247
a4908,majority,dissent1,0.9470384120941162
a4909,majority,dissent1,0.8908770084381104
a4922,majority,dissent1,0.9010105133056641
a4923,majority,dissent1,0.9240279197692871
a4924,majority,dissent1,0.9406484365463257
a4925,majority,dissent1,0.9144774675369263
a4926,majority,dissent1,0.7767143249511719
a4929,majority,dissent1,0.9470371007919312
a4930,majority,dissent1,0.6231342554092407
a4930,majority,dissent2,0.9480260610580444
a4933,majority,dissent1,0.9332109689712524
a4933,majority,dissent2,0.8566596508026123
a4934,majority,dissent1,0.9332045912742615
a4936,majority,dissent1,0.946296215057373
a4937,majority,dissent1,0.9488000869750977
a4938,majority,dissent1,0.963294506072998
a4939,majority,dissent1,0.9725641012191772
a4940,majority,dissent1,0.9717099666595459
a4941,majority,dissent1,0.9779658913612366
a4942,majority,dissent1,0.9358928203582764
a4943,majority,dissent1,0.9162076711654663
a4943,majority,dissent2,0.3214285671710968
a4944,majority,dissent1,0.9601695537567139
a4946,majority,dissent1,0.9637778997421265
a4947,majority,dissent1,0.9521768093109131
a4948,majority,dissent1,0.9596844911575317
a4948,majority,dissent2,0.8941022753715515
a4949,majority,dissent1,0.9617568254470825
a4949,majority,dissent2,0.866771936416626
a4949,majority,dissent3,0.7505941390991211
a4950,majority,dissent1,0.9620171785354614
a4950,majority,dissent2,0.6305760741233826
a4975,majority,dissent1,0.6160800457000732
a4980,majority,dissent1,0.962399959564209
a4983,majority,dissent1,0.9439091682434082
a4984,majority,dissent1,0.9566802978515625
a4985,majority,dissent1,0.8090524077415466
a4986,majority,dissent1,0.9518789649009705
a4988,majority,dissent1,0.9663065671920776
a4988,majority,dissent2,0.5795984864234924
a4989,majority,dissent1,0.9543489217758179
a4990,majority,dissent1,0.9726126194000244
a4991,majority,dissent1,0.9443512558937073
a4992,majority,dissent1,0.9530138373374939
a4997,majority,dissent1,0.3535158336162567
a5046,majority,dissent1,0.961444616317749
a5048,majority,dissent1,0.9367333650588989
a5049,majority,dissent1,0.9181517362594604
a5050,majority,dissent1,0.9385731816291809
a5052,majority,dissent1,0.7870728969573975
a5055,majority,dissent1,0.9537549614906311
a5057,majority,dissent1,0.9628978371620178
a5058,majority,dissent1,0.8960326313972473
a5059,majority,dissent1,0.9341495037078857
a5061,majority,dissent1,0.9615539908409119
a5062,majority,dissent1,0.8363955020904541
a5062,majority,dissent2,0.8304126858711243
a5063,majority,dissent1,0.9457061290740967
a5064,majority,dissent1,0.8821346759796143
a5065,majority,dissent1,0.8564968705177307
a5066,majority,dissent1,0.9702125191688538
a5067,majority,dissent1,0.9583901166915894
a5109,majority,dissent1,0.9443169236183167
a5110,majority,dissent1,0.9202361702919006
a5112,majority,dissent1,0.8720430135726929
a5113,majority,dissent1,0.9159810543060303
a5115,majority,dissent1,0.9498782157897949
a5115,majority,dissent2,0.8559455871582031
a5116,majority,dissent1,0.9375011920928955
a5121,majority,dissent1,0.9633727073669434
a5122,majority,dissent1,0.9439687728881836
a5123,majority,dissent1,0.8763102889060974
a5124,majority,dissent1,0.9133572578430176
a5125,majority,dissent1,0.5745263695716858
a5128,majority,dissent1,0.9293323755264282
a5129,majority,dissent1,0.9401897192001343
a5130,majority,dissent1,0.9486136436462402
a5133,majority,dissent1,0.9522701501846313
a5135,majority,dissent1,0.9604116678237915
a5136,majority,dissent1,0.898474395275116
a5136,majority,dissent2,0.7488628625869751
a5137,majority,dissent1,0.8703187704086304
a5154,majority,dissent1,0.959331214427948
a5156,majority,dissent1,0.6169784069061279
a5157,majority,dissent1,0.44275563955307007
a5158,majority,dissent1,0.952594518661499
a5159,majority,dissent1,0.9488810300827026
a5160,majority,dissent1,0.9533084034919739
a5161,majority,dissent1,0.9658417701721191
a5162,majority,dissent1,0.9349854588508606
a5163,majority,dissent1,0.896247148513794
a5164,majority,dissent1,0.8700927495956421
a5165,majority,dissent1,0.915286660194397
a5166,majority,dissent1,0.8244730830192566
a5166,majority,dissent2,0.9468293786048889
a5167,majority,dissent1,0.9638394117355347
a5168,majority,dissent1,0.9682435989379883
a5169,majority,dissent1,0.9130261540412903
a5170,majority,dissent1,0.9248653650283813
a5171,majority,dissent1,0.9701025485992432
a5172,majority,dissent1,0.9164764285087585
a5172,majority,dissent2,0.7790625691413879
a5173,majority,dissent1,0.9608519077301025
a5173,majority,dissent2,0.9349876046180725
a5174,majority,dissent1,0.9537985324859619
a5174,majority,dissent2,0.7325551509857178
a5175,majority,dissent1,0.9476026892662048
a5175,majority,dissent2,0.7788291573524475
a5177,majority,dissent1,0.9775824546813965
a5178,majority,dissent1,0.9511241912841797
a5180,majority,dissent1,0.9753934144973755
a5181,majority,dissent1,0.9040040969848633
a5182,majority,dissent1,0.9543050527572632
a5185,majority,dissent1,0.9427628517150879
a5200,majority,dissent1,0.6710101962089539
a5200,majority,dissent2,0.8357834815979004
a5201,majority,dissent1,0.5520313382148743
a5201,majority,dissent2,0.8014214038848877
a5202,majority,dissent1,0.9379013776779175
a5203,majority,dissent1,0.9446512460708618
a5204,majority,dissent1,0.9371063709259033
a5205,majority,dissent1,0.9607334136962891
a5207,majority,dissent1,0.9413124322891235
a5209,majority,dissent1,0.590130090713501
a5211,majority,dissent1,0.9618204832077026
a5212,majority,dissent1,0.6968443393707275
a5213,majority,dissent1,0.8499630689620972
a5215,majority,dissent1,0.9453859925270081
a5217,majority,dissent1,0.870230495929718
a5217,majority,dissent2,0.8003346920013428
a5218,majority,dissent1,0.9741700887680054
a5218,majority,dissent2,0.775171160697937
a5219,majority,dissent1,0.9328871369361877
a5225,majority,dissent1,0.3552131652832031
a5277,majority,dissent1,0.9512262344360352
a5282,majority,dissent1,0.7739119529724121
a5283,majority,dissent1,0.9319794178009033
a5283,majority,dissent2,0.7970277667045593
a5285,majority,dissent1,0.9473463296890259
a5286,majority,dissent1,0.9687269926071167
a5287,majority,dissent1,0.9458060264587402
a5290,majority,dissent1,0.9756990671157837
a5291,majority,dissent1,0.933789074420929
a5291,majority,dissent2,0.9656628370285034
a5292,majority,dissent1,0.938255250453949
a5293,majority,dissent1,0.8148051500320435
a5296,majority,dissent1,0.9498095512390137
a5297,majority,dissent1,0.6342346668243408
a5297,majority,dissent2,0.9570352435112
a5299,majority,dissent1,0.8461374640464783
a5300,majority,dissent1,0.9117205142974854
a5302,majority,dissent1,0.9521864652633667
a5327,majority,dissent1,0.9379009008407593
a5329,majority,dissent1,0.9631112813949585
a5331,majority,dissent1,0.5634989738464355
a5333,majority,dissent1,0.9707927107810974
a5334,majority,dissent1,0.7072880268096924
a5335,majority,dissent1,0.9514091610908508
a5336,majority,dissent1,0.9700534343719482
a5341,majority,dissent1,0.9543149471282959
a5342,majority,dissent1,0.8524646759033203
a5345,majority,dissent1,0.9755339622497559
a5346,majority,dissent1,0.9696849584579468
a5348,majority,dissent1,0.4485926032066345
a5348,majority,dissent2,0.7057929635047913
a5350,majority,dissent1,0.9599989652633667
a5351,majority,dissent1,0.9052067399024963
a5352,majority,dissent1,0.9548139572143555
a5353,majority,dissent1,0.7836718559265137
a5354,majority,dissent1,0.9036852121353149
a5354,majority,dissent2,0.7520116567611694
a5355,majority,dissent1,0.9337173700332642
a5356,majority,dissent1,0.7847710847854614
a5357,majority,dissent1,0.9265480637550354
a5358,majority,dissent1,0.9420334100723267
a5383,majority,dissent1,0.7960711121559143
a5384,majority,dissent1,0.9325371980667114
a5384,majority,dissent2,0.9251067638397217
a5385,majority,dissent1,0.9541760087013245
a5387,majority,dissent1,0.9693437814712524
a5387,majority,dissent2,0.7517917156219482
a5387,majority,dissent3,0.7173386216163635
a5388,majority,dissent1,0.8893844485282898
a5390,majority,dissent1,0.8802139163017273
a5391,majority,dissent1,0.8628071546554565
a5392,majority,dissent1,0.9459090232849121
a5394,majority,dissent1,0.7832691669464111
a5394,majority,dissent2,0.9589524269104004
a5395,majority,dissent1,0.9298133254051208
a5395,majority,dissent2,0.907724142074585
a5398,majority,dissent1,0.9697133302688599
a5399,majority,dissent1,0.929071307182312
a5400,majority,dissent1,0.9586124420166016
a5402,majority,dissent1,0.9482449293136597
a5402,majority,dissent2,0.5534061789512634
a5403,majority,dissent1,0.9626975059509277
a5404,majority,dissent1,0.9508347511291504
a5410,majority,dissent1,0.9712904691696167
a5411,majority,dissent1,0.9739624261856079
a5411,majority,dissent2,0.9455975294113159
a5412,majority,dissent1,0.9346972703933716
a5412,majority,dissent2,0.9397663474082947
a5414,majority,dissent1,0.822641134262085
a5415,majority,dissent1,0.9619920253753662
a5416,majority,dissent1,0.922510027885437
a5420,majority,dissent1,0.9614284038543701
a5422,majority,dissent1,0.9053914546966553
a5438,majority,dissent1,0.7723718881607056
a5439,majority,dissent1,0.9325448274612427
a5440,majority,dissent1,0.9301184415817261
a5443,majority,dissent1,0.9267420768737793
a5444,majority,dissent1,0.9213106036186218
a5445,majority,dissent1,0.9321697950363159
a5446,majority,dissent1,0.9132038354873657
a5448,majority,dissent1,0.969839334487915
a5449,majority,dissent1,0.9416998624801636
a5450,majority,dissent1,0.9159061908721924
a5453,majority,dissent1,0.9712488651275635
a5453,majority,dissent2,0.972355306148529
a5454,majority,dissent1,0.9610852599143982
a5455,majority,dissent1,0.9403188228607178
a5469,majority,dissent1,0.6093608140945435
a5498,majority,dissent1,0.9569177627563477
a5500,majority,dissent1,0.950719952583313
a5502,majority,dissent1,0.9425776600837708
a5504,majority,dissent1,0.9577480554580688
a5506,majority,dissent1,0.9643023014068604
a5506,majority,dissent2,0.8472305536270142
a5507,majority,dissent1,0.9749487638473511
a5508,majority,dissent1,0.9579238295555115
a5509,majority,dissent1,0.9461212158203125
a5510,majority,dissent1,0.9534640312194824
a5511,majority,dissent1,0.9080467224121094
a5512,majority,dissent1,0.9544740319252014
a5513,majority,dissent1,0.5836501121520996
a5514,majority,dissent1,0.9418954849243164
a5516,majority,dissent1,0.9384387731552124
a5519,majority,dissent1,0.9683757424354553
a5521,majority,dissent1,0.792343258857727
a5533,majority,dissent1,0.9562346339225769
a5536,majority,dissent1,0.9509342908859253
a5537,majority,dissent1,0.9205949902534485
a5538,majority,dissent1,0.9496859312057495
a5539,majority,dissent1,0.9654867649078369
a5540,majority,dissent1,0.9397985339164734
a5543,majority,dissent1,0.9345190525054932
a5543,majority,dissent2,0.6387693881988525
a5544,majority,dissent1,0.9700669050216675
a5545,majority,dissent1,0.9635756611824036
a5548,majority,dissent1,0.8598271012306213
a5548,majority,dissent2,0.9482730627059937
a5549,majority,dissent1,0.9607422351837158
a5553,majority,dissent1,0.6739683747291565
a5554,majority,dissent1,0.9712522625923157
a5555,majority,dissent1,0.9309039115905762
a5556,majority,dissent1,0.9462301135063171
a5580,majority,dissent1,0.7930216789245605
a5580,majority,dissent2,0.9687868356704712
a5581,majority,dissent1,0.9181839823722839
a5582,majority,dissent1,0.9764186143875122
a5583,majority,dissent1,0.9416818618774414
a5584,majority,dissent1,0.936714768409729
a5585,majority,dissent1,0.8698084354400635
a5586,majority,dissent1,0.8492909073829651
a5588,majority,dissent1,0.9543465375900269
a5589,majority,dissent1,0.8954589366912842
a5589,majority,dissent2,0.9617600440979004
a5590,majority,dissent1,0.9581127166748047
a5590,majority,dissent2,0.8655306100845337
a5591,majority,dissent1,0.9363047480583191
a5595,majority,dissent1,0.9100052118301392
a5596,majority,dissent1,0.9048779010772705
a5605,majority,dissent1,0.9502056837081909
a5607,majority,dissent1,0.9335665702819824
a5608,majority,dissent1,0.9653754234313965
a5610,majority,dissent1,0.9661473631858826
a5611,majority,dissent1,0.9553182125091553
a5612,majority,dissent1,0.9604276418685913
a5613,majority,dissent1,0.9740421772003174
a5613,majority,dissent2,0.9424566030502319
a5615,majority,dissent1,0.9190757870674133
a5615,majority,dissent2,0.7972911596298218
a5615,majority,dissent3,0.5473100543022156
a5615,majority,dissent4,0.9405239820480347
a5616,majority,dissent1,0.925617516040802
a5617,majority,dissent1,0.9704995155334473
a5618,majority,dissent1,0.8309993147850037
a5619,majority,dissent1,0.9096899032592773
a5619,majority,dissent2,0.8492945432662964
a5620,majority,dissent1,0.834054708480835
a5620,majority,dissent2,0.9778771996498108
a5620,majority,dissent3,0.921627402305603
a5621,majority,dissent1,0.9664713144302368
a5622,majority,dissent1,0.9712666273117065
a5623,majority,dissent1,0.9579113125801086
a5624,majority,dissent1,0.9521304965019226
a5625,majority,dissent1,0.9589818716049194
a5632,majority,dissent1,0.19579511880874634
a5648,majority,dissent1,0.6224371194839478
a5649,majority,dissent1,0.9488760232925415
a5652,majority,dissent1,0.8886504173278809
a5653,majority,dissent1,0.9417668581008911
a5654,majority,dissent1,0.7534126043319702
a5654,majority,dissent2,0.7981648445129395
a5655,majority,dissent1,0.8479487895965576
a5656,majority,dissent1,0.9507063627243042
a5659,majority,dissent1,0.9544254541397095
a5660,majority,dissent1,0.961327314376831
a5661,majority,dissent1,0.9698976278305054
a5664,majority,dissent1,0.9612984657287598
a5666,majority,dissent1,0.1857037991285324
a5708,majority,dissent1,0.9609849452972412
a5709,majority,dissent1,0.931081235408783
a5710,majority,dissent1,0.9561980366706848
a5712,majority,dissent1,0.9190778136253357
a5713,majority,dissent1,0.9589380025863647
a5714,majority,dissent1,0.965660035610199
a5716,majority,dissent1,0.9654452800750732
a5717,majority,dissent1,0.9637309908866882
a5718,majority,dissent1,0.9687230587005615
a5720,majority,dissent1,0.9063384532928467
a5721,majority,dissent1,0.9405741691589355
a5731,majority,dissent1,0.5905901193618774
a5731,majority,dissent2,0.5972868204116821
a5732,majority,dissent1,0.7703506946563721
a5733,majority,dissent1,0.9365209341049194
a5734,majority,dissent1,0.8093549013137817
a5734,majority,dissent2,0.9132499694824219
a5735,majority,dissent1,0.9499919414520264
a5736,majority,dissent1,0.9361453056335449
a5738,majority,dissent1,0.9550027847290039
a5738,majority,dissent2,0.8839893341064453
a5738,majority,dissent3,0.8518911600112915
a5739,majority,dissent1,0.9285825490951538
a5740,majority,dissent1,0.8452889919281006
a5741,majority,dissent1,0.964553713798523
a5743,majority,dissent1,0.9596848487854004
a5744,majority,dissent1,0.9610824584960938
a5745,majority,dissent1,0.46669211983680725
a5745,majority,dissent2,0.9364583492279053
a5747,majority,dissent1,0.9456443786621094
a5747,majority,dissent2,0.921746015548706
a5748,majority,dissent1,0.9585887789726257
a5749,majority,dissent1,0.9619430303573608
a5751,majority,dissent1,0.33726346492767334
a5751,majority,dissent2,0.9563488960266113
a5752,majority,dissent1,0.9509700536727905
a5752,majority,dissent2,0.8691622614860535
a5766,majority,dissent1,0.4425373375415802
a5768,majority,dissent1,0.9170520901679993
a5768,majority,dissent2,0.9676849246025085
a5769,majority,dissent1,0.9489102363586426
a5770,majority,dissent1,0.9145781397819519
a5771,majority,dissent1,0.9381004571914673
a5772,majority,dissent1,0.9481285810470581
a5772,majority,dissent2,0.825933575630188
a5774,majority,dissent1,0.9594744443893433
a5776,majority,dissent1,0.9268653392791748
a5776,majority,dissent2,0.9489715099334717
a5777,majority,dissent1,0.9237316250801086
a5777,majority,dissent2,0.8556220531463623
a5777,majority,dissent3,0.9439706802368164
a5778,majority,dissent1,0.9475347399711609
a5778,majority,dissent2,0.6243263483047485
a5779,majority,dissent1,0.6741784811019897
a5780,majority,dissent1,0.9448875784873962
a5781,majority,dissent1,0.8790858387947083
a5783,majority,dissent1,0.9081861972808838
a5784,majority,dissent1,0.9372013807296753
a5786,majority,dissent1,0.9594284892082214
a5787,majority,dissent1,0.8878819942474365
a5787,majority,dissent2,0.8428000211715698
a5788,majority,dissent1,0.973766565322876
a5789,majority,dissent1,0.9625669717788696
a5790,majority,dissent1,0.962125301361084
a5791,majority,dissent1,0.3617258071899414
a5792,majority,dissent1,0.9360654354095459
a5792,majority,dissent2,0.9458125829696655
a5794,majority,dissent1,0.953751802444458
a5794,majority,dissent2,0.9436444044113159
a5795,majority,dissent1,0.9416117072105408
a5795,majority,dissent2,0.7744311094284058
a5795,majority,dissent3,0.8081824779510498
a5797,majority,dissent1,0.9107298851013184
a5811,majority,dissent1,0.35819947719573975
a5823,majority,dissent1,0.854385495185852
a5823,majority,dissent2,0.6020938754081726
a5824,majority,dissent1,0.8244357705116272
a5828,majority,dissent1,0.9629663825035095
a5831,majority,dissent1,0.9178057909011841
a5832,majority,dissent1,0.8445408344268799
a5832,majority,dissent2,0.7434313297271729
a5836,majority,dissent1,0.9305185079574585
a5839,majority,dissent1,0.97837233543396
a5840,majority,dissent1,0.967258870601654
a5841,majority,dissent1,0.9271789789199829
a5841,majority,dissent2,0.8651251792907715
a5842,majority,dissent1,0.8876197338104248
a5843,majority,dissent1,0.9569088220596313
a5844,majority,dissent1,0.9125391244888306
a5844,majority,dissent2,0.6898530125617981
a5858,majority,dissent1,0.6458503603935242
a5863,majority,dissent1,0.7813595533370972
a5864,majority,dissent1,0.9551345109939575
a5865,majority,dissent1,0.9206015467643738
a5868,majority,dissent1,0.9502086639404297
a5869,majority,dissent1,0.9755334854125977
a5870,majority,dissent1,0.9578478336334229
a5873,majority,dissent1,0.940025806427002
a5874,majority,dissent1,0.9440866708755493
a5875,majority,dissent1,0.9262705445289612
a5877,majority,dissent1,0.9167951941490173
a5878,majority,dissent1,0.9497839212417603
a5881,majority,dissent1,0.934389054775238
a5884,majority,dissent1,0.9112669229507446
a5885,majority,dissent1,0.7646932005882263
a5893,majority,dissent1,0.9657282829284668
a5893,majority,dissent2,0.7945111989974976
a5894,majority,dissent1,0.7085921764373779
a5895,majority,dissent1,0.9742074012756348
a5896,majority,dissent1,0.9487695693969727
a5896,majority,dissent2,0.9724541902542114
a5897,majority,dissent1,0.955695390701294
a5898,majority,dissent1,0.9357719421386719
a5899,majority,dissent1,0.7963638305664062
a5900,majority,dissent1,0.9594990015029907
a5901,majority,dissent1,0.9409318566322327
a5902,majority,dissent1,0.9727874994277954
a5904,majority,dissent1,0.9271813631057739
a5905,majority,dissent1,0.9442183375358582
a5906,majority,dissent1,0.8848590850830078
a5907,majority,dissent1,0.9602832794189453
a5908,majority,dissent1,0.936022162437439
a5909,majority,dissent1,0.9243761301040649
a5909,majority,dissent2,0.8113283514976501
a5911,majority,dissent1,0.9764786958694458
a5912,majority,dissent1,0.945467472076416
a5912,majority,dissent2,0.8228858709335327
a5913,majority,dissent1,0.9619655609130859
a5915,majority,dissent1,0.8828203678131104
a5915,majority,dissent2,0.9652438759803772
a5917,majority,dissent1,0.9522510766983032
a5926,majority,dissent1,0.6703755259513855
a5928,majority,dissent1,0.9539297223091125
a5929,majority,dissent1,0.9460738897323608
a5929,majority,dissent2,0.7306064367294312
a5930,majority,dissent1,0.9110201597213745
a5931,majority,dissent1,0.9349709749221802
a5932,majority,dissent1,0.9390381574630737
a5935,majority,dissent1,0.9712671041488647
a5937,majority,dissent1,0.9355416297912598
a5940,majority,dissent1,0.9714694023132324
a5941,majority,dissent1,0.9592609405517578
a5943,majority,dissent1,0.9628158211708069
a5943,majority,dissent2,0.9255744218826294
a5944,majority,dissent1,0.9582614302635193
a5945,majority,dissent1,0.7762776017189026
a5945,majority,dissent2,0.9261820316314697
a5952,majority,dissent1,0.9754041433334351
a5952,majority,dissent2,0.9608644247055054
a5953,majority,dissent1,0.6995543241500854
a5954,majority,dissent1,0.7796339988708496
a5956,majority,dissent1,0.5753292441368103
a5957,majority,dissent1,0.6875150203704834
a5958,majority,dissent1,0.7187662720680237
a5961,majority,dissent1,0.8587179183959961
a5964,majority,dissent1,0.9179493188858032
a5965,majority,dissent1,0.9287078380584717
a5966,majority,dissent1,0.9270433187484741
a5967,majority,dissent1,0.9609264135360718
a5969,majority,dissent1,0.9744488596916199
a5969,majority,dissent2,0.9613810777664185
a5971,majority,dissent1,0.9630252122879028
a5972,majority,dissent1,0.9423048496246338
a5973,majority,dissent1,0.9804933071136475
a5991,majority,dissent1,0.9341992735862732
a5992,majority,dissent1,0.9425197243690491
a5993,majority,dissent1,0.9081957340240479
a5994,majority,dissent1,0.913485586643219
a5995,majority,dissent1,0.934095025062561
a5996,majority,dissent1,0.9441883563995361
a5997,majority,dissent1,0.9550240635871887
a5998,majority,dissent1,0.7086543440818787
a5999,majority,dissent1,0.9762526750564575
a6000,majority,dissent1,0.9112187027931213
a6000,majority,dissent2,0.9040738344192505
a6001,majority,dissent1,0.9561181664466858
a6002,majority,dissent1,0.9760096073150635
a6003,majority,dissent1,0.9764660000801086
a6004,majority,dissent1,0.9539953470230103
a6005,majority,dissent1,0.434482216835022
a6007,majority,dissent1,0.9383382797241211
a6008,majority,dissent1,0.9534562826156616
a6010,majority,dissent1,0.9439716935157776
a6010,majority,dissent2,0.432344526052475
a6010,majority,dissent3,0.9274755716323853
a6010,majority,dissent4,0.41163474321365356
a6013,majority,dissent1,0.9297260046005249
a6014,majority,dissent1,0.9252538681030273
a6025,majority,dissent1,0.9332281947135925
a6026,majority,dissent1,0.9093931317329407
a6027,majority,dissent1,0.9329130053520203
a6028,majority,dissent1,0.9287072420120239
a6029,majority,dissent1,0.9656559228897095
a6031,majority,dissent1,0.9549306631088257
a6037,majority,dissent1,0.9353327751159668
a6038,majority,dissent1,0.971084475517273
a6042,majority,dissent1,0.9056985974311829
a6043,majority,dissent1,0.9645861387252808
a6044,majority,dissent1,0.9675081968307495
a6044,majority,dissent2,0.5962278246879578
a6045,majority,dissent1,0.7875864505767822
a6046,majority,dissent1,0.9188903570175171
a6047,majority,dissent1,0.968600869178772
a6048,majority,dissent1,0.9777772426605225
a6049,majority,dissent1,0.971342146396637
a6052,majority,dissent1,0.669916033744812
a6052,majority,dissent2,0.9510382413864136
a6053,majority,dissent1,0.9709305763244629
a6054,majority,dissent1,0.9413731098175049
a6055,majority,dissent1,0.9231997728347778
a6056,majority,dissent1,0.9428982734680176
a6057,majority,dissent1,0.9796873331069946
a6058,majority,dissent1,0.9490200281143188
a6061,majority,dissent1,0.9862375259399414
a6061,majority,dissent2,0.8398112058639526
a6061,majority,dissent3,0.9454764127731323
a6061,majority,dissent4,0.9471473097801208
a6062,majority,dissent1,0.9704601764678955
a6063,majority,dissent1,0.9482864141464233
a6064,majority,dissent1,0.8603177070617676
a6067,majority,dissent1,0.6801217794418335
a6069,majority,dissent1,0.9542151093482971
a6071,majority,dissent1,0.9693806767463684
a6072,majority,dissent1,0.9600030779838562
a6075,majority,dissent1,0.8442369699478149
a6075,majority,dissent2,0.9708237648010254
a6077,majority,dissent1,0.9750875234603882
a6079,majority,dissent1,0.9549468159675598
a6080,majority,dissent1,0.9323644042015076
a6081,majority,dissent1,0.888595461845398
a6082,majority,dissent1,0.9799091815948486
a6083,majority,dissent1,0.9671047925949097
a6105,majority,dissent1,0.9418889880180359
a6106,majority,dissent1,0.9390138983726501
a6107,majority,dissent1,0.9538236856460571
a6108,majority,dissent1,0.9273977875709534
a6109,majority,dissent1,0.9654519557952881
a6110,majority,dissent1,0.9504045248031616
a6112,majority,dissent1,0.926295280456543
a6113,majority,dissent1,0.9293595552444458
a6115,majority,dissent1,0.9567666053771973
a6117,majority,dissent1,0.7056005001068115
a6118,majority,dissent1,0.893728494644165
a6119,majority,dissent1,0.9243102073669434
a6119,majority,dissent2,0.9454588890075684
a6121,majority,dissent1,0.9487215876579285
a6123,majority,dissent1,0.9756940603256226
a6124,majority,dissent1,0.9468551874160767
a6125,majority,dissent1,0.9655536413192749
a6126,majority,dissent1,0.9406309723854065
a6127,majority,dissent1,0.9425327777862549
a6128,majority,dissent1,0.962004542350769
a6128,majority,dissent2,0.8333605527877808
a6129,majority,dissent1,0.9611372947692871
a6129,majority,dissent2,0.9688000082969666
a6129,majority,dissent3,0.8187211155891418
a6130,majority,dissent1,0.929241418838501
a6166,majority,dissent1,0.7327726483345032
a6166,majority,dissent2,0.954546332359314
a6171,majority,dissent1,0.9594053030014038
a6173,majority,dissent1,0.9275415539741516
a6177,majority,dissent1,0.9699444770812988
a6178,majority,dissent1,0.923002302646637
a6181,majority,dissent1,0.9600507616996765
a6184,majority,dissent1,0.9369414448738098
a6185,majority,dissent1,0.9497888088226318
a6185,majority,dissent2,0.8740075826644897
a6186,majority,dissent1,0.9415982365608215
a6203,majority,dissent1,0.6135695576667786
a6206,majority,dissent1,0.9403938055038452
a6208,majority,dissent1,0.8400723934173584
a6210,majority,dissent1,0.906132161617279
a6212,majority,dissent1,0.880233883857727
a6213,majority,dissent1,0.9117333889007568
a6215,majority,dissent1,0.9159516096115112
a6219,majority,dissent1,0.9483006596565247
a6219,majority,dissent2,0.9479594826698303
a6220,majority,dissent1,0.9612034559249878
a6221,majority,dissent1,0.9739958643913269
a6223,majority,dissent1,0.9456002712249756
a6224,majority,dissent1,0.43138229846954346
a6225,majority,dissent1,0.9758154153823853
a6227,majority,dissent1,0.9644210338592529
a6228,majority,dissent1,0.937589704990387
a6229,majority,dissent1,0.9536663889884949
a6230,majority,dissent1,0.9690836071968079
a6232,majority,dissent1,0.9642895460128784
a6233,majority,dissent1,0.9672825336456299
a6234,majority,dissent1,0.8327562808990479
a6234,majority,dissent2,0.9246864318847656
a6234,majority,dissent3,0.829700231552124
a6235,majority,dissent1,0.8877956867218018
a6236,majority,dissent1,0.9598782062530518
a6238,majority,dissent1,0.9461150169372559
a6239,majority,dissent1,0.9851350784301758
a6242,majority,dissent1,0.9118874073028564
a6243,majority,dissent1,0.9364666938781738
a6244,majority,dissent1,0.9854730367660522
a6244,majority,dissent2,0.8966156244277954
a6245,majority,dissent1,0.9604970216751099
a6245,majority,dissent2,0.9360164403915405
a6245,majority,dissent3,0.9136494398117065
a6246,majority,dissent1,0.8171356320381165
a6247,majority,dissent1,0.9646422266960144
a6250,majority,dissent1,0.9649982452392578
a6252,majority,dissent1,0.9359608888626099
a6252,majority,dissent2,0.9630379676818848
a6254,majority,dissent1,0.9639973044395447
a6257,majority,dissent1,0.9684351682662964
a6258,majority,dissent1,0.9326009750366211
a6259,majority,dissent1,0.972108006477356
a6261,majority,dissent1,0.9556798934936523
a6261,majority,dissent2,0.889946460723877
a6262,majority,dissent1,0.9460293650627136
a6263,majority,dissent1,0.9297765493392944
a6263,majority,dissent2,0.9755837917327881
a6264,majority,dissent1,0.8120101690292358
a6268,majority,dissent1,0.8766404390335083
a6269,majority,dissent1,0.9246294498443604
a6270,majority,dissent1,0.9522411823272705
a6272,majority,dissent1,0.951631486415863
a6273,majority,dissent1,0.8087649941444397
a6273,majority,dissent2,0.9669375419616699
a6275,majority,dissent1,0.5713924765586853
a6276,majority,dissent1,0.9426928758621216
a6278,majority,dissent1,0.876456081867218
a6279,majority,dissent1,0.515143871307373
a6281,majority,dissent1,0.953647255897522
a6282,majority,dissent1,0.9517700672149658
a6282,majority,dissent2,0.8837149143218994
a6283,majority,dissent1,0.9614718556404114
a6286,majority,dissent1,0.9424765110015869
a6286,majority,dissent2,0.9137059450149536
a6287,majority,dissent1,0.9170934557914734
a6287,majority,dissent2,0.9427297711372375
a6287,majority,dissent3,0.973569929599762
a6289,majority,dissent1,0.5165046453475952
a6290,majority,dissent1,0.7800346612930298
a6292,majority,dissent1,0.9625769853591919
a6293,majority,dissent1,0.8695657849311829
a6295,majority,dissent1,0.9224321842193604
a6295,majority,dissent2,0.9440345764160156
a6296,majority,dissent1,0.9391278028488159
a6297,majority,dissent1,0.9162715673446655
a6298,majority,dissent1,0.5498175621032715
a6299,majority,dissent1,0.9344809055328369
a6302,majority,dissent1,0.945744514465332
a6304,majority,dissent1,0.9806236624717712
a6304,majority,dissent2,0.41515177488327026
a6305,majority,dissent1,0.9865080118179321
a6305,majority,dissent2,0.9386483430862427
a6306,majority,dissent1,0.8999024629592896
a6307,majority,dissent1,0.5399940609931946
a6309,majority,dissent1,0.950366735458374
a6310,majority,dissent1,0.967122495174408
a6310,majority,dissent2,0.925230860710144
a6310,majority,dissent3,0.8765733242034912
a6313,majority,dissent1,0.8178791403770447
a6314,majority,dissent1,0.7618414163589478
a6314,majority,dissent2,0.9423133730888367
a6315,majority,dissent1,0.9312254190444946
a6317,majority,dissent1,0.9485517740249634
a6319,majority,dissent1,0.898560643196106
a6320,majority,dissent1,0.9628133773803711
a6321,majority,dissent1,0.9522939920425415
a6321,majority,dissent2,0.9590657949447632
a6323,majority,dissent1,0.9701688289642334
a6324,majority,dissent1,0.9096033573150635
a6326,majority,dissent1,0.9568493366241455
a6328,majority,dissent1,0.9198422431945801
a6329,majority,dissent1,0.8935798406600952
a6332,majority,dissent1,0.9660969376564026
a6333,majority,dissent1,0.355150043964386
a6334,majority,dissent1,0.964563250541687
a6335,majority,dissent1,0.6100830435752869
a6335,majority,dissent2,0.9589329957962036
a6336,majority,dissent1,0.9597117900848389
a6336,majority,dissent2,0.808312177658081
a6337,majority,dissent1,0.9512927532196045
a6339,majority,dissent1,0.8771489858627319
a6341,majority,dissent1,0.8666494488716125
a6344,majority,dissent1,0.9156689643859863
a6344,majority,dissent2,0.8202354907989502
a6347,majority,dissent1,0.9345059990882874
a6353,majority,dissent1,0.9144953489303589
a6353,majority,dissent2,0.9063906669616699
a6355,majority,dissent1,0.9670293927192688
a6355,majority,dissent2,0.954378604888916
a6356,majority,dissent1,0.9786511063575745
a6358,majority,dissent1,0.2979854941368103
a6359,majority,dissent1,0.9572938680648804
a6361,majority,dissent1,0.9737710952758789
a6361,majority,dissent2,0.866862952709198
a6362,majority,dissent1,0.9547255039215088
a6362,majority,dissent2,0.8960975408554077
a6364,majority,dissent1,0.9556829333305359
a6364,majority,dissent2,0.7708508968353271
a6365,majority,dissent1,0.9384864568710327
a6366,majority,dissent1,0.9688348770141602
a6366,majority,dissent2,0.8619649410247803
a6371,majority,dissent1,0.9413719773292542
a6372,majority,dissent1,0.9794363975524902
a6373,majority,dissent1,0.9105371236801147
a6374,majority,dissent1,0.9700140953063965
a6375,majority,dissent1,0.32094860076904297
a6375,majority,dissent2,0.9448953866958618
a6376,majority,dissent1,0.8546125888824463
a6377,majority,dissent1,0.4235866665840149
a6378,majority,dissent1,0.8902368545532227
a6379,majority,dissent1,0.9453513026237488
a6383,majority,dissent1,0.9707653522491455
a6384,majority,dissent1,0.9475098848342896
a6385,majority,dissent1,0.9717409610748291
a6387,majority,dissent1,0.9610182046890259
a6387,majority,dissent2,0.851105809211731
a6388,majority,dissent1,0.9677742719650269
a6389,majority,dissent1,0.9502976536750793
a6390,majority,dissent1,0.9713385701179504
a6391,majority,dissent1,0.9513112902641296
a6393,majority,dissent1,0.9608917236328125
a6393,majority,dissent2,0.862216591835022
a6394,majority,dissent1,0.8447641730308533
a6394,majority,dissent2,0.7329599261283875
a6394,majority,dissent3,0.6271683573722839
a6395,majority,dissent1,0.9525032639503479
a6400,majority,dissent1,0.9228907227516174
a6400,majority,dissent2,0.8938651084899902
a6402,majority,dissent1,0.9795023798942566
a6402,majority,dissent2,0.9039521217346191
a6402,majority,dissent3,0.8759720325469971
a6403,majority,dissent1,0.8948423862457275
a6404,majority,dissent1,0.370130717754364
a6405,majority,dissent1,0.9376834034919739
a6405,majority,dissent2,0.9353085160255432
a6406,majority,dissent1,0.8954241871833801
a6410,majority,dissent1,0.9588841795921326
a6412,majority,dissent1,0.8737319111824036
a6413,majority,dissent1,0.9590544104576111
a6414,majority,dissent1,0.9740352630615234
a6416,majority,dissent1,0.8806769847869873
a6417,majority,dissent1,0.7831129431724548
a6417,majority,dissent2,0.8679153919219971
a6418,majority,dissent1,0.39904695749282837
a6419,majority,dissent1,0.94865882396698
a6420,majority,dissent1,0.9585206508636475
a6421,majority,dissent1,0.9095216989517212
a6425,majority,dissent1,0.8803846836090088
a6426,majority,dissent1,0.9444870352745056
a6427,majority,dissent1,0.4147462248802185
a6428,majority,dissent1,0.96820467710495
a6430,majority,dissent1,0.9649006724357605
a6432,majority,dissent1,0.7360625267028809
a6432,majority,dissent2,0.5862975120544434
a6432,majority,dissent3,0.6172937750816345
a6434,majority,dissent1,0.9007341265678406
a6434,majority,dissent2,0.9518445134162903
a6437,majority,dissent1,0.876289963722229
a6438,majority,dissent1,0.939572811126709
a6438,majority,dissent2,0.8789927363395691
a6439,majority,dissent1,0.9422907829284668
a6440,majority,dissent1,0.7836845517158508
a6440,majority,dissent2,0.9366260766983032
a6442,majority,dissent1,0.9560577869415283
a6445,majority,dissent1,0.9693706035614014
a6446,majority,dissent1,0.9456406831741333
a6446,majority,dissent2,0.9043787121772766
a6448,majority,dissent1,0.9483239650726318
a6450,majority,dissent1,0.8648676872253418
a6452,majority,dissent1,0.9020474553108215
a6453,majority,dissent1,0.9678367376327515
a6454,majority,dissent1,0.9010868072509766
a6454,majority,dissent2,0.8792029619216919
a6455,majority,dissent1,0.9367810487747192
a6456,majority,dissent1,0.9063664674758911
a6457,majority,dissent1,0.934381902217865
a6458,majority,dissent1,0.9741382598876953
a6458,majority,dissent2,0.8853237628936768
a6459,majority,dissent1,0.9361088275909424
a6460,majority,dissent1,0.9508988857269287
a6461,majority,dissent1,0.8499130606651306
a6461,majority,dissent2,0.9630409479141235
a6463,majority,dissent1,0.9615573287010193
a6464,majority,dissent1,0.9209991097450256
a6465,majority,dissent1,0.90785813331604
a6465,majority,dissent2,0.9727602601051331
a6466,majority,dissent1,0.9594912528991699
a6468,majority,dissent1,0.8714854717254639
a6468,majority,dissent2,0.9729644656181335
a6469,majority,dissent1,0.8945876955986023
a6469,majority,dissent2,0.9257166385650635
a6470,majority,dissent1,0.9589245915412903
a6471,majority,dissent1,0.8651827573776245
a6473,majority,dissent1,0.9217272400856018
a6474,majority,dissent1,0.9423191547393799
a6475,majority,dissent1,0.4859095811843872
a6476,majority,dissent1,0.9431071281433105
a6477,majority,dissent1,0.9335387945175171
a6479,majority,dissent1,0.9403930306434631
a6480,majority,dissent1,0.9554652571678162
a6480,majority,dissent2,0.6274361610412598
a6482,majority,dissent1,0.9612863063812256
a6488,majority,dissent1,0.6608431935310364
a6491,majority,dissent1,0.9246424436569214
a6491,majority,dissent2,0.8185398578643799
a6494,majority,dissent1,0.9286938905715942
a6495,majority,dissent1,0.9527202248573303
a6496,majority,dissent1,0.7906384468078613
a6497,majority,dissent1,0.552510142326355
a6498,majority,dissent1,0.4282004237174988
a6499,majority,dissent1,0.9597733616828918
a6500,majority,dissent1,0.4005485773086548
a6503,majority,dissent1,0.9563133716583252
a6503,majority,dissent2,0.9191142320632935
a6504,majority,dissent1,0.9596121311187744
a6505,majority,dissent1,0.43116459250450134
a6506,majority,dissent1,0.9130739569664001
a6508,majority,dissent1,0.9667519330978394
a6509,majority,dissent1,0.9106900691986084
a6509,majority,dissent2,0.7769292593002319
a6510,majority,dissent1,0.8076982498168945
a6512,majority,dissent1,0.9471312761306763
a6513,majority,dissent1,0.950640082359314
a6513,majority,dissent2,0.7795145511627197
a6515,majority,dissent1,0.9496236443519592
a6517,majority,dissent1,0.9675877094268799
a6521,majority,dissent1,0.527441143989563
a6522,majority,dissent1,0.942626953125
a6523,majority,dissent1,0.9446198344230652
a6523,majority,dissent2,0.8312175273895264
a6524,majority,dissent1,0.715154230594635
a6528,majority,dissent1,0.9461420774459839
a6528,majority,dissent2,0.9584251642227173
a6530,majority,dissent1,0.804049015045166
a6533,majority,dissent1,0.9087545275688171
a6534,majority,dissent1,0.9618483185768127
a6537,majority,dissent1,0.9539029002189636
a6539,majority,dissent1,0.7010284066200256
a6540,majority,dissent1,0.4712497293949127
a6541,majority,dissent1,0.9423168897628784
a6541,majority,dissent2,0.8255913257598877
a6542,majority,dissent1,0.7766953110694885
a6545,majority,dissent1,0.9498096704483032
a6546,majority,dissent1,0.9702520370483398
a6547,majority,dissent1,0.9018163084983826
a6547,majority,dissent2,0.964227557182312
a6548,majority,dissent1,0.9725449085235596
a6549,majority,dissent1,0.9681073427200317
a6550,majority,dissent1,0.4779532849788666
a6553,majority,dissent1,0.4257010817527771
a6554,majority,dissent1,0.41839224100112915
a6555,majority,dissent1,0.44148194789886475
a6556,majority,dissent1,0.44558194279670715
a6557,majority,dissent1,0.3998561203479767
a6558,majority,dissent1,0.39912325143814087
a6559,majority,dissent1,0.9223921298980713
a6563,majority,dissent1,0.9707103967666626
a6564,majority,dissent1,0.9596543312072754
a6565,majority,dissent1,0.9405872821807861
a6565,majority,dissent2,0.9642617702484131
a6567,majority,dissent1,0.7319096922874451
a6567,majority,dissent2,0.9040343761444092
a6568,majority,dissent1,0.8506468534469604
a6568,majority,dissent2,0.9410282969474792
a6570,majority,dissent1,0.9690315127372742
a6570,majority,dissent2,0.771891713142395
a6575,majority,dissent1,0.8818867206573486
a6575,majority,dissent2,0.7355659604072571
a6575,majority,dissent3,0.9584611058235168
a6576,majority,dissent1,0.9661107659339905
a6577,majority,dissent1,0.9738848209381104
a6579,majority,dissent1,0.9521276950836182
a6581,majority,dissent1,0.9614399671554565
a6582,majority,dissent1,0.881641149520874
a6583,majority,dissent1,0.9013551473617554
a6588,majority,dissent1,0.950312077999115
a6588,majority,dissent2,0.6554552316665649
a6589,majority,dissent1,0.9446765184402466
a6589,majority,dissent2,0.9525468349456787
a6590,majority,dissent1,0.9523394107818604
a6591,majority,dissent1,0.9482278823852539
a6593,majority,dissent1,0.9135278463363647
a6594,majority,dissent1,0.9341139793395996
a6595,majority,dissent1,0.8287650942802429
a6595,majority,dissent2,0.959505558013916
a6597,majority,dissent1,0.9784398674964905
a6602,majority,dissent1,0.9423514604568481
a6602,majority,dissent2,0.8179337978363037
a6602,majority,dissent3,0.939014196395874
a6603,majority,dissent1,0.9187420010566711
a6605,majority,dissent1,0.9487311840057373
a6606,majority,dissent1,0.9307839274406433
a6607,majority,dissent1,0.9366205930709839
a6608,majority,dissent1,0.9311206340789795
a6611,majority,dissent1,0.9783282279968262
a6612,majority,dissent1,0.9596834182739258
a6612,majority,dissent2,0.884345531463623
a6613,majority,dissent1,0.9647251963615417
a6614,majority,dissent1,0.9512028098106384
a6615,majority,dissent1,0.9511160254478455
a6615,majority,dissent2,0.8747328519821167
a6616,majority,dissent1,0.9687599539756775
a6616,majority,dissent2,0.9699357151985168
a6617,majority,dissent1,0.9697126150131226
a6618,majority,dissent1,0.48460379242897034
a6618,majority,dissent2,0.812458872795105
a6618,majority,dissent3,0.9429454207420349
a6618,majority,dissent4,0.9673554301261902
a6622,majority,dissent1,0.9388267993927002
a6622,majority,dissent2,0.833643913269043
a6625,majority,dissent1,0.9201741218566895
a6625,majority,dissent2,0.9570127129554749
a6625,majority,dissent3,0.842842161655426
a6625,majority,dissent4,0.9450756907463074
a6626,majority,dissent1,0.9772509932518005
a6627,majority,dissent1,0.8790108561515808
a6628,majority,dissent1,0.930895209312439
a6629,majority,dissent1,0.9302200078964233
a6630,majority,dissent1,0.9313344955444336
a6631,majority,dissent1,0.8820232152938843
a6633,majority,dissent1,0.8768969774246216
a6636,majority,dissent1,0.9585950374603271
a6637,majority,dissent1,0.5178461074829102
a6641,majority,dissent1,0.7797225713729858
a6641,majority,dissent2,0.9532841444015503
a6642,majority,dissent1,0.9627010822296143
a6643,majority,dissent1,0.9543270468711853
a6643,majority,dissent2,0.9288835525512695
a6644,majority,dissent1,0.9607557058334351
a6645,majority,dissent1,0.9566611647605896
a6648,majority,dissent1,0.936076283454895
a6649,majority,dissent1,0.9804832935333252
a6650,majority,dissent1,0.9395740032196045
a6651,majority,dissent1,0.9597060680389404
a6651,majority,dissent2,0.8646421432495117
a6652,majority,dissent1,0.9009226560592651
a6652,majority,dissent2,0.8470219373703003
a6653,majority,dissent1,0.9390578269958496
a6654,majority,dissent1,0.6566617488861084
a6654,majority,dissent2,0.9298164248466492
a6654,majority,dissent3,0.8921210765838623
a6656,majority,dissent1,0.8975921273231506
a6657,majority,dissent1,0.9685436487197876
a6659,majority,dissent1,0.9570804834365845
a6661,majority,dissent1,0.9480830430984497
a6666,majority,dissent1,0.8497024774551392
a6668,majority,dissent1,0.7194929718971252
a6670,majority,dissent1,0.9678549766540527
a6671,majority,dissent1,0.9066895246505737
a6672,majority,dissent1,0.9275000095367432
a6672,majority,dissent2,0.9656102657318115
a6673,majority,dissent1,0.9562801122665405
a6675,majority,dissent1,0.9505225419998169
a6676,majority,dissent1,0.956438422203064
a6677,majority,dissent1,0.6374472379684448
a6677,majority,dissent2,0.9571008086204529
a6678,majority,dissent1,0.45667117834091187
a6678,majority,dissent2,0.530320405960083
a6680,majority,dissent1,0.9504486918449402
a6681,majority,dissent1,0.9615405201911926
a6682,majority,dissent1,0.9522887468338013
a6684,majority,dissent1,0.9335793256759644
a6684,majority,dissent2,0.7890973091125488
a6685,majority,dissent1,0.9427358508110046
a6686,majority,dissent1,0.9088655710220337
a6686,majority,dissent2,0.9727760553359985
a6690,majority,dissent1,0.9666386246681213
a6691,majority,dissent1,0.9381304383277893
a6693,majority,dissent1,0.9495711326599121
a6694,majority,dissent1,0.9315787553787231
a6695,majority,dissent1,0.8283318281173706
a6695,majority,dissent2,0.9579051733016968
a6696,majority,dissent1,0.8971590995788574
a6696,majority,dissent2,0.9108178615570068
a6698,majority,dissent1,0.9803686141967773
a6700,majority,dissent1,0.9621583223342896
a6701,majority,dissent1,0.9222715497016907
a6703,majority,dissent1,0.9737384915351868
a6704,majority,dissent1,0.9716353416442871
a6705,majority,dissent1,0.9307328462600708
a6708,majority,dissent1,0.9373453855514526
a6710,majority,dissent1,0.9476675987243652
a6711,majority,dissent1,0.9436324834823608
a6711,majority,dissent2,0.957785427570343
a6711,majority,dissent3,0.8558405041694641
a6713,majority,dissent1,0.9387537240982056
a6714,majority,dissent1,0.777855634689331
a6714,majority,dissent2,0.9680851697921753
a6715,majority,dissent1,0.9597949981689453
a6715,majority,dissent2,0.8700027465820312
a6716,majority,dissent1,0.9494466781616211
a6717,majority,dissent1,0.934577465057373
a6717,majority,dissent2,0.9485963582992554
a6718,majority,dissent1,0.9423056840896606
a6720,majority,dissent1,0.9650946259498596
a6722,majority,dissent1,0.9655376672744751
a6723,majority,dissent1,0.8969675302505493
a6724,majority,dissent1,0.8115801811218262
a6724,majority,dissent2,0.9224109053611755
a6725,majority,dissent1,0.9010441899299622
a6728,majority,dissent1,0.6759524345397949
a6729,majority,dissent1,0.956153392791748
a6730,majority,dissent1,0.9622023105621338
a6732,majority,dissent1,0.906941294670105
a6734,majority,dissent1,0.9463527202606201
a6735,majority,dissent1,0.9536803960800171
a6736,majority,dissent1,0.9316088557243347
a6737,majority,dissent1,0.9775716066360474
a6738,majority,dissent1,0.9117302894592285
a6738,majority,dissent2,0.9687546491622925
a6739,majority,dissent1,0.9528599381446838
a6741,majority,dissent1,0.959292471408844
a6742,majority,dissent1,0.817715585231781
a6744,majority,dissent1,0.9657498598098755
a6745,majority,dissent1,0.8163023591041565
a6747,majority,dissent1,0.8677095174789429
a6747,majority,dissent2,0.9570513963699341
a6747,majority,dissent3,0.8589512705802917
a6748,majority,dissent1,0.9525368213653564
a6749,majority,dissent1,0.9336421489715576
a6749,majority,dissent2,0.9593328833580017
a6750,majority,dissent1,0.3986526429653168
a6750,majority,dissent2,0.9587693214416504
a6757,majority,dissent1,0.9461355209350586
a6758,majority,dissent1,0.9643068909645081
a6758,majority,dissent2,0.6279832720756531
a6759,majority,dissent1,0.9416381120681763
a6759,majority,dissent2,0.9275598526000977
a6761,majority,dissent1,0.9251226186752319
a6762,majority,dissent1,0.9460048675537109
a6763,majority,dissent1,0.908594012260437
a6765,majority,dissent1,0.9562759399414062
a6766,majority,dissent1,0.9679276943206787
a6767,majority,dissent1,0.9573023319244385
a6773,majority,dissent1,0.8216696381568909
a6773,majority,dissent2,0.9329367280006409
a6774,majority,dissent1,0.9135421514511108
a6775,majority,dissent1,0.9149997234344482
a6775,majority,dissent2,0.8956135511398315
a6778,majority,dissent1,0.8930479884147644
a6779,majority,dissent1,0.9586589336395264
a6779,majority,dissent2,0.7023415565490723
a6781,majority,dissent1,0.9341776967048645
a6782,majority,dissent1,0.9390909671783447
a6783,majority,dissent1,0.6405537128448486
a6783,majority,dissent2,0.5683751106262207
a6783,majority,dissent3,0.9557263255119324
a6784,majority,dissent1,0.9145215153694153
a6788,majority,dissent1,0.9631476402282715
a6792,majority,dissent1,0.7210873961448669
a6792,majority,dissent2,0.9542843699455261
a6794,majority,dissent1,0.923740029335022
a6795,majority,dissent1,0.9067327976226807
a6796,majority,dissent1,0.924471378326416
a6798,majority,dissent1,0.9121090173721313
a6802,majority,dissent1,0.7836037278175354
a6803,majority,dissent1,0.9211708307266235
a6804,majority,dissent1,0.9721463918685913
a6804,majority,dissent2,0.9342232942581177
a6805,majority,dissent1,0.9109647274017334
a6805,majority,dissent2,0.9458126425743103
a6805,majority,dissent3,0.8771995902061462
a6806,majority,dissent1,0.9274095296859741
a6806,majority,dissent2,0.9461166858673096
a6807,majority,dissent1,0.9701275825500488
a6808,majority,dissent1,0.9080644249916077
a6808,majority,dissent2,0.744840145111084
a6809,majority,dissent1,0.9609804153442383
a6810,majority,dissent1,0.9663509130477905
a6811,majority,dissent1,0.9554764032363892
a6811,majority,dissent2,0.7599414587020874
a6812,majority,dissent1,0.972407341003418
a6814,majority,dissent1,0.9310272932052612
a6814,majority,dissent2,0.974740207195282
a6815,majority,dissent1,0.9522152543067932
a6815,majority,dissent2,0.8305269479751587
a6819,majority,dissent1,0.9027285575866699
a6822,majority,dissent1,0.9084312915802002
a6822,majority,dissent2,0.9667999744415283
a6823,majority,dissent1,0.8339859843254089
a6823,majority,dissent2,0.9516107439994812
a6824,majority,dissent1,0.9730722904205322
a6824,majority,dissent2,0.8773656487464905
a6825,majority,dissent1,0.9318994283676147
a6827,majority,dissent1,0.9201182126998901
a6827,majority,dissent2,0.7971796989440918
a6832,majority,dissent1,0.7774766683578491
a6833,majority,dissent1,0.9445751905441284
a6835,majority,dissent1,0.9593566060066223
a6837,majority,dissent1,0.943211555480957
a6838,majority,dissent1,0.948870062828064
a6839,majority,dissent1,0.9454236626625061
a6840,majority,dissent1,0.9690091609954834
a6840,majority,dissent2,0.9493935108184814
a6840,majority,dissent3,0.9282077550888062
a6841,majority,dissent1,0.923197865486145
a6841,majority,dissent2,0.6735411882400513
a6842,majority,dissent1,0.9276347160339355
a6843,majority,dissent1,0.9387609958648682
a6844,majority,dissent1,0.9363330006599426
a6845,majority,dissent1,0.9709031581878662
a6845,majority,dissent2,0.9093552827835083
a6845,majority,dissent3,0.6933987736701965
a6846,majority,dissent1,0.9772574305534363
a6848,majority,dissent1,0.951361358165741
a6849,majority,dissent1,0.9495335221290588
a6850,majority,dissent1,0.9413958787918091
a6853,majority,dissent1,0.9193134903907776
a6856,majority,dissent1,0.9649871587753296
a6857,majority,dissent1,0.8897846937179565
a6859,majority,dissent1,0.9107168912887573
a6859,majority,dissent2,0.8541553020477295
a6861,majority,dissent1,0.8925983905792236
a6861,majority,dissent2,0.9147700071334839
a6862,majority,dissent1,0.9350169897079468
a6863,majority,dissent1,0.9481010437011719
a6863,majority,dissent2,0.8482423424720764
a6863,majority,dissent3,0.7249112129211426
a6864,majority,dissent1,0.9389336705207825
a6864,majority,dissent2,0.8222702741622925
a6864,majority,dissent3,0.9368302226066589
a6865,majority,dissent1,0.9530404806137085
a6866,majority,dissent1,0.9529713988304138
a6867,majority,dissent1,0.870112419128418
a6867,majority,dissent2,0.8978911638259888
a6868,majority,dissent1,0.9522460699081421
a6869,majority,dissent1,0.9736407995223999
a6870,majority,dissent1,0.9097379446029663
a6870,majority,dissent2,0.9277852773666382
a6871,majority,dissent1,0.944031834602356
a6872,majority,dissent1,0.916425883769989
a6872,majority,dissent2,0.633649468421936
a6873,majority,dissent1,0.7684587836265564
a6873,majority,dissent2,0.8717808723449707
a6876,majority,dissent1,0.4477652311325073
a6877,majority,dissent1,0.9125828146934509
a6879,majority,dissent1,0.9479352235794067
a6880,majority,dissent1,0.9576860666275024
a6881,majority,dissent1,0.9318252801895142
a6882,majority,dissent1,0.9692301750183105
a6882,majority,dissent2,0.9473171234130859
a6882,majority,dissent3,0.9224655628204346
a6882,majority,dissent4,0.9523435831069946
a6883,majority,dissent1,0.9641087651252747
a6884,majority,dissent1,0.9579607248306274
a6885,majority,dissent1,0.9152427315711975
a6885,majority,dissent2,0.9253551363945007
a6887,majority,dissent1,0.9671542644500732
a6888,majority,dissent1,0.9186142683029175
a6888,majority,dissent2,0.9776887893676758
a6889,majority,dissent1,0.9275134205818176
a6889,majority,dissent2,0.9237746000289917
a6893,majority,dissent1,0.9631918668746948
a6894,majority,dissent1,0.9714896082878113
a6895,majority,dissent1,0.9551253318786621
a6898,majority,dissent1,0.9583523273468018
a6899,majority,dissent1,0.9609357118606567
a6900,majority,dissent1,0.9419505596160889
a6903,majority,dissent1,0.9394468069076538
a6904,majority,dissent1,0.9511408805847168
a6905,majority,dissent1,0.9407929182052612
a6906,majority,dissent1,0.9662046432495117
a6908,majority,dissent1,0.959807276725769
a6910,majority,dissent1,0.6474531888961792
a6910,majority,dissent2,0.9586324691772461
a6911,majority,dissent1,0.9588160514831543
a6912,majority,dissent1,0.9758955240249634
a6913,majority,dissent1,0.9416545629501343
a6913,majority,dissent2,0.9064189195632935
a6915,majority,dissent1,0.8960683345794678
a6918,majority,dissent1,0.961764931678772
a6918,majority,dissent2,0.9544885158538818
a6920,majority,dissent1,0.9657073020935059
a6921,majority,dissent1,0.855090320110321
a6923,majority,dissent1,0.9837686419487
a6926,majority,dissent1,0.9327347278594971
a6926,majority,dissent2,0.9114383459091187
a6927,majority,dissent1,0.9682778716087341
a6928,majority,dissent1,0.9290519952774048
a6930,majority,dissent1,0.9618847966194153
a6930,majority,dissent2,0.9178050756454468
a6931,majority,dissent1,0.9602203369140625
a6932,majority,dissent1,0.912482738494873
a6932,majority,dissent2,0.9751383066177368
a6933,majority,dissent1,0.9727256894111633
a6934,majority,dissent1,0.9683377146720886
a6935,majority,dissent1,0.9364562630653381
a6935,majority,dissent2,0.4735308885574341
a6935,majority,dissent3,0.9504636526107788
a6936,majority,dissent1,0.9804545640945435
a6937,majority,dissent1,0.9251469373703003
a6938,majority,dissent1,0.9725313186645508
a6940,majority,dissent1,0.9554294943809509
a6941,majority,dissent1,0.9473514556884766
a6941,majority,dissent2,0.9403738975524902
a6942,majority,dissent1,0.9634425640106201
a6945,majority,dissent1,0.9723720550537109
a6947,majority,dissent1,0.9387379884719849
a6947,majority,dissent2,0.9664030075073242
a6948,majority,dissent1,0.9659557938575745
a6948,majority,dissent2,0.8974695205688477
a6950,majority,dissent1,0.9653496742248535
a6951,majority,dissent1,0.9022008180618286
a6952,majority,dissent1,0.7664783000946045
a6953,majority,dissent1,0.9103298187255859
a6954,majority,dissent1,0.9625056982040405
a6958,majority,dissent1,0.9628809690475464
a6958,majority,dissent2,0.8261377811431885
a6958,majority,dissent3,0.8760948181152344
a6959,majority,dissent1,0.7845362424850464
a6959,majority,dissent2,0.9343007802963257
a6960,majority,dissent1,0.9481140971183777
a6961,majority,dissent1,0.8865758180618286
a6966,majority,dissent1,0.8677616119384766
a6966,majority,dissent2,0.9592300057411194
a6966,majority,dissent3,0.8675910234451294
a6970,majority,dissent1,0.9697842597961426
a6972,majority,dissent1,0.9569088220596313
a6973,majority,dissent1,0.9467999339103699
a6974,majority,dissent1,0.9737777709960938
a6974,majority,dissent2,0.7382038831710815
a6976,majority,dissent1,0.9556119441986084
a6977,majority,dissent1,0.8060194849967957
a6977,majority,dissent2,0.5437581539154053
a6979,majority,dissent1,0.9344761371612549
a6982,majority,dissent1,0.8011509776115417
a6982,majority,dissent2,0.8753503561019897
a6982,majority,dissent3,0.9347882270812988
a6983,majority,dissent1,0.8777675628662109
a6984,majority,dissent1,0.9600554704666138
a6985,majority,dissent1,0.9464050531387329
a6988,majority,dissent1,0.9281734228134155
a6991,majority,dissent1,0.9759097099304199
a6992,majority,dissent1,0.9648268222808838
a6994,majority,dissent1,0.919087290763855
a6995,majority,dissent1,0.9563778638839722
a6998,majority,dissent1,0.8687034845352173
a6999,majority,dissent1,0.8357396125793457
a6999,majority,dissent2,0.962864875793457
a7000,majority,dissent1,0.9602460861206055
a7001,majority,dissent1,0.9253430366516113
a7001,majority,dissent2,0.8485159873962402
a7001,majority,dissent3,0.8776037693023682
a7002,majority,dissent1,0.9468938112258911
a7003,majority,dissent1,0.8736617565155029
a7004,majority,dissent1,0.9169415235519409
a7006,majority,dissent1,0.8973022699356079
a7006,majority,dissent2,0.9404513835906982
a7008,majority,dissent1,0.9520652294158936
a7009,majority,dissent1,0.9430066347122192
a7009,majority,dissent2,0.964123547077179
a7010,majority,dissent1,0.8882873058319092
a7010,majority,dissent2,0.4177831709384918
a7011,majority,dissent1,0.9641730785369873
a7012,majority,dissent1,0.9280206561088562
a7012,majority,dissent2,0.6937568187713623
a7013,majority,dissent1,0.9477600455284119
a7013,majority,dissent2,0.934339165687561
a7014,majority,dissent1,0.9437041282653809
a7016,majority,dissent1,0.9349099397659302
a7017,majority,dissent1,0.869752824306488
a7018,majority,dissent1,0.9502632021903992
a7020,majority,dissent1,0.9574339389801025
a7021,majority,dissent1,0.9236156940460205
a7023,majority,dissent1,0.977326512336731
a7024,majority,dissent1,0.9295670986175537
a7024,majority,dissent2,0.720030665397644
a7026,majority,dissent1,0.6189067959785461
a7029,majority,dissent1,0.8965661525726318
a7030,majority,dissent1,0.9536802172660828
a7031,majority,dissent1,0.8966935873031616
a7032,majority,dissent1,0.8525329232215881
a7034,majority,dissent1,0.883859395980835
a7035,majority,dissent1,0.9194784760475159
a7036,majority,dissent1,0.95361328125
a7037,majority,dissent1,0.9385719895362854
a7039,majority,dissent1,0.9159700870513916
a7040,majority,dissent1,0.9789403080940247
a7040,majority,dissent2,0.8496987819671631
a7041,majority,dissent1,0.9406571388244629
a7041,majority,dissent2,0.9707261919975281
a7042,majority,dissent1,0.9532737135887146
a7043,majority,dissent1,0.9732993841171265
a7044,majority,dissent1,0.8816615343093872
a7045,majority,dissent1,0.4574970602989197
a7045,majority,dissent2,0.917920708656311
a7047,majority,dissent1,0.7966679334640503
a7047,majority,dissent2,0.5788257122039795
a7049,majority,dissent1,0.9140884876251221
a7049,majority,dissent2,0.8880654573440552
a7050,majority,dissent1,0.96485435962677
a7052,majority,dissent1,0.9633408784866333
a7052,majority,dissent2,0.8859083652496338
a7054,majority,dissent1,0.9520812630653381
a7055,majority,dissent1,0.950857400894165
a7056,majority,dissent1,0.7285934686660767
a7058,majority,dissent1,0.9516578912734985
a7059,majority,dissent1,0.9323811531066895
a7060,majority,dissent1,0.927056074142456
a7061,majority,dissent1,0.9643857479095459
a7062,majority,dissent1,0.93499755859375
a7062,majority,dissent2,0.8267853260040283
a7063,majority,dissent1,0.923133373260498
a7063,majority,dissent2,0.9566795825958252
a7065,majority,dissent1,0.9614706635475159
a7066,majority,dissent1,0.922995924949646
a7068,majority,dissent1,0.9623032808303833
a7068,majority,dissent2,0.9404476881027222
a7069,majority,dissent1,0.9416025876998901
a7070,majority,dissent1,0.9348734021186829
a7071,majority,dissent1,0.9425500631332397
a7072,majority,dissent1,0.9468411207199097
a7072,majority,dissent2,0.49400243163108826
a7073,majority,dissent1,0.9247605204582214
a7073,majority,dissent2,0.9047269821166992
a7076,majority,dissent1,0.9526978731155396
a7076,majority,dissent2,0.8337662220001221
a7077,majority,dissent1,0.9504543542861938
a7078,majority,dissent1,0.9577746987342834
a7080,majority,dissent1,0.8951030969619751
a7081,majority,dissent1,0.9655246734619141
a7082,majority,dissent1,0.9396721720695496
a7083,majority,dissent1,0.953671395778656
a7084,majority,dissent1,0.9530854821205139
a7085,majority,dissent1,0.9625271558761597
a7087,majority,dissent1,0.9738319516181946
a7088,majority,dissent1,0.9603467583656311
a7090,majority,dissent1,0.9633628726005554
a7091,majority,dissent1,0.9768086671829224
a7091,majority,dissent2,0.24310092628002167
a7091,majority,dissent3,0.8699709177017212
a7093,majority,dissent1,0.7651084065437317
a7093,majority,dissent2,0.7529303431510925
a7093,majority,dissent3,0.7122971415519714
a7093,majority,dissent4,0.8019099235534668
a7094,majority,dissent1,0.9232690930366516
a7095,majority,dissent1,0.9307422637939453
a7096,majority,dissent1,0.9466198682785034
a7098,majority,dissent1,0.9651684761047363
a7098,majority,dissent2,0.8796951770782471
a7099,majority,dissent1,0.9504444003105164
a7100,majority,dissent1,0.9414162039756775
a7102,majority,dissent1,0.9156297445297241
a7105,majority,dissent1,0.9587762951850891
a7105,majority,dissent2,0.8660318851470947
a7106,majority,dissent1,0.966381311416626
a7107,majority,dissent1,0.9557428956031799
a7110,majority,dissent1,0.9543167352676392
a7111,majority,dissent1,0.944074273109436
a7112,majority,dissent1,0.9482078552246094
a7113,majority,dissent1,0.5962074995040894
a7113,majority,dissent2,0.8525960445404053
a7116,majority,dissent1,0.9733502864837646
a7117,majority,dissent1,0.9636448621749878
a7119,majority,dissent1,0.9410327076911926
a7119,majority,dissent2,0.9640223979949951
a7120,majority,dissent1,0.9386260509490967
a7120,majority,dissent2,0.8526918292045593
a7121,majority,dissent1,0.929712176322937
a7124,majority,dissent1,0.815119206905365
a7126,majority,dissent1,0.6530232429504395
a7127,majority,dissent1,0.9400571584701538
a7127,majority,dissent2,0.7675464153289795
a7128,majority,dissent1,0.7501112222671509
a7130,majority,dissent1,0.9168461561203003
a7131,majority,dissent1,0.9594151973724365
a7132,majority,dissent1,0.966654896736145
a7133,majority,dissent1,0.7929551601409912
a7135,majority,dissent1,0.9695889949798584
a7136,majority,dissent1,0.9404479265213013
a7137,majority,dissent1,0.9763456583023071
a7139,majority,dissent1,0.9624912738800049
a7140,majority,dissent1,0.962717592716217
a7145,majority,dissent1,0.8934575915336609
a7151,majority,dissent1,0.9613714218139648
a7152,majority,dissent1,0.9594922661781311
a7153,majority,dissent1,0.9293234348297119
a7154,majority,dissent1,0.8964716196060181
a7154,majority,dissent2,0.9150798916816711
a7157,majority,dissent1,0.9569398760795593
a7159,majority,dissent1,0.9627201557159424
a7161,majority,dissent1,0.9602906703948975
a7163,majority,dissent1,0.9205275774002075
a7165,majority,dissent1,0.9810901284217834
a7167,majority,dissent1,0.9812543392181396
a7170,majority,dissent1,0.8500339984893799
a7171,majority,dissent1,0.9555917978286743
a7172,majority,dissent1,0.9575941562652588
a7173,majority,dissent1,0.9510858058929443
a7175,majority,dissent1,0.974274754524231
a7177,majority,dissent1,0.9633830785751343
a7178,majority,dissent1,0.9589225053787231
a7178,majority,dissent2,0.9391608238220215
a7179,majority,dissent1,0.9764240980148315
a7180,majority,dissent1,0.9601417779922485
a7181,majority,dissent1,0.9687259197235107
a7181,majority,dissent2,0.815535843372345
a7182,majority,dissent1,0.9660244584083557
a7185,majority,dissent1,0.9496183395385742
a7187,majority,dissent1,0.9605081677436829
a7190,majority,dissent1,0.9621453285217285
a7192,majority,dissent1,0.9678423404693604
a7193,majority,dissent1,0.9540541172027588
a7194,majority,dissent1,0.969328761100769
a7198,majority,dissent1,0.9518203735351562
a7199,majority,dissent1,0.9584023952484131
a7200,majority,dissent1,0.9735161066055298
a7203,majority,dissent1,0.967499852180481
a7204,majority,dissent1,0.9557271599769592
a7205,majority,dissent1,0.9541250467300415
a7206,majority,dissent1,0.948458194732666
a7207,majority,dissent1,0.9747722148895264
a7208,majority,dissent1,0.9725544452667236
a7209,majority,dissent1,0.9720246195793152
a7212,majority,dissent1,0.9590668082237244
a7215,majority,dissent1,0.977836012840271
a7217,majority,dissent1,0.9749149680137634
a7218,majority,dissent1,0.956125020980835
a7218,majority,dissent2,0.9342125654220581
a7219,majority,dissent1,0.943679690361023
a7220,majority,dissent1,0.9250869750976562
a7227,majority,dissent1,0.9652749300003052
a7228,majority,dissent1,0.9544162750244141
a7230,majority,dissent1,0.9584477543830872
a7230,majority,dissent2,0.8906679749488831
a7232,majority,dissent1,0.9366717338562012
a7233,majority,dissent1,0.9365268349647522
a7234,majority,dissent1,0.9216541051864624
a7236,majority,dissent1,0.9408930540084839
a7244,majority,dissent1,0.9341791868209839
a7245,majority,dissent1,0.9640613794326782
a7246,majority,dissent1,0.9724549055099487
a7247,majority,dissent1,0.9858894348144531
a7248,majority,dissent1,0.9573910236358643
a7249,majority,dissent1,0.9605022072792053
a7250,majority,dissent1,0.9272768497467041
a7251,majority,dissent1,0.9664681553840637
a7252,majority,dissent1,0.9292309880256653
a7253,majority,dissent1,0.9293720722198486
a7255,majority,dissent1,0.9358510971069336
a7256,majority,dissent1,0.940737783908844
a7256,majority,dissent2,0.972864031791687
a7257,majority,dissent1,0.9594255089759827
a7257,majority,dissent2,0.9681144952774048
a7259,majority,dissent1,0.9135128259658813
a7260,majority,dissent1,0.9624682664871216
a7262,majority,dissent1,0.8848705291748047
a7263,majority,dissent1,0.95296311378479
a7264,majority,dissent1,0.8775366544723511
a7264,majority,dissent2,0.9643946290016174
a7269,majority,dissent1,0.9443058967590332
a7270,majority,dissent1,0.98365318775177
a7272,majority,dissent1,0.9589042663574219
a7273,majority,dissent1,0.9522007703781128
a7279,majority,dissent1,0.9674072265625
a7280,majority,dissent1,0.9191059470176697
a7281,majority,dissent1,0.9617711305618286
a7282,majority,dissent1,0.971562922000885
a7283,majority,dissent1,0.9550328254699707
a7284,majority,dissent1,0.9801801443099976
a7285,majority,dissent1,0.9670381546020508
a7286,majority,dissent1,0.8040453195571899
a7286,majority,dissent2,0.8346576690673828
a7287,majority,dissent1,0.9212312698364258
a7288,majority,dissent1,0.9446247816085815
a7290,majority,dissent1,0.5310654044151306
a7292,majority,dissent1,0.940116286277771
a7293,majority,dissent1,0.9000710844993591
a7294,majority,dissent1,0.9514680504798889
a7295,majority,dissent1,0.8916304111480713
a7296,majority,dissent1,0.9509475231170654
a7299,majority,dissent1,0.9533071517944336
a7300,majority,dissent1,0.9672716856002808
a7301,majority,dissent1,0.9519361853599548
a7304,majority,dissent1,0.9028772115707397
a7305,majority,dissent1,0.9526853561401367
a7307,majority,dissent1,0.9345117807388306
a7308,majority,dissent1,0.9766897559165955
a7309,majority,dissent1,0.9209855794906616
a7312,majority,dissent1,0.8974241614341736
a7314,majority,dissent1,0.9393654465675354
a7315,majority,dissent1,0.958455502986908
a7316,majority,dissent1,0.9082764387130737
a7319,majority,dissent1,0.8954179286956787
a7320,majority,dissent1,0.9680261611938477
a7320,majority,dissent2,0.8579457998275757
a7321,majority,dissent1,0.9302606582641602
a7322,majority,dissent1,0.9528757929801941
a7323,majority,dissent1,0.9450060129165649
a7324,majority,dissent1,0.9502159953117371
a7330,majority,dissent1,0.9484668374061584
a7331,majority,dissent1,0.9436905980110168
a7332,majority,dissent1,0.9264196157455444
a7333,majority,dissent1,0.9537409543991089
a7335,majority,dissent1,0.9282768368721008
a7336,majority,dissent1,0.951219379901886
a7337,majority,dissent1,0.9717022180557251
a7338,majority,dissent1,0.9349609613418579
a7339,majority,dissent1,0.9485334157943726
a7340,majority,dissent1,0.9664889574050903
a7342,majority,dissent1,0.9452912211418152
a7343,majority,dissent1,0.932476282119751
a7344,majority,dissent1,0.9654907584190369
a7346,majority,dissent1,0.947528600692749
a7346,majority,dissent2,0.9354206919670105
a7346,majority,dissent3,0.9226380586624146
a7347,majority,dissent1,0.6897076368331909
a7348,majority,dissent1,0.9804756045341492
a7348,majority,dissent2,0.7528285980224609
a7349,majority,dissent1,0.9611535668373108
a7352,majority,dissent1,0.9591588973999023
a7355,majority,dissent1,0.9459552764892578
a7356,majority,dissent1,0.9623278379440308
a7358,majority,dissent1,0.966223418712616
a7359,majority,dissent1,0.951398491859436
a7360,majority,dissent1,0.9332093596458435
a7361,majority,dissent1,0.947535514831543
a7362,majority,dissent1,0.9274095296859741
a7362,majority,dissent2,0.9683781862258911
a7363,majority,dissent1,0.9617552161216736
a7365,majority,dissent1,0.9474382400512695
a7366,majority,dissent1,0.8689242601394653
a7370,majority,dissent1,0.9570985436439514
a7371,majority,dissent1,0.9167077541351318
a7371,majority,dissent2,0.9622275233268738
a7375,majority,dissent1,0.9506848454475403
a7375,majority,dissent2,0.9684615135192871
a7376,majority,dissent1,0.868303120136261
a7378,majority,dissent1,0.9528489708900452
a7379,majority,dissent1,0.9394856691360474
a7380,majority,dissent1,0.9598789811134338
a7383,majority,dissent1,0.9712033271789551
a7384,majority,dissent1,0.9566150307655334
a7390,majority,dissent1,0.9499315023422241
a7392,majority,dissent1,0.9507505297660828
a7392,majority,dissent2,0.8225425481796265
a7393,majority,dissent1,0.7095081210136414
a7394,majority,dissent1,0.94533771276474
a7398,majority,dissent1,0.6383495330810547
a7399,majority,dissent1,0.9576235413551331
a7401,majority,dissent1,0.8598018288612366
a7402,majority,dissent1,0.9465513229370117
a7403,majority,dissent1,0.841988205909729
a7404,majority,dissent1,0.5027534365653992
a7407,majority,dissent1,0.9525155425071716
a7409,majority,dissent1,0.8448967933654785
a7410,majority,dissent1,0.8339298963546753
a7410,majority,dissent2,0.7269825339317322
a7411,majority,dissent1,0.8754204511642456
a7413,majority,dissent1,0.7586549520492554
a7415,majority,dissent1,0.9387327432632446
a7417,majority,dissent1,0.7532041072845459
